Sr#,"Vehicle ID",Date,Company,Office,Vehicle,"Vehicle Used For","Distance (Km)","Working Hours","Working Hours (In Minutes)",Latitude,Longitude,"Vehicle Status","Engine Status",Timestamp,"Last Received At",Tehsil,"Vehicle Type","Threshold Working Hour","Threshold Type","Threshold Distance",Status,"Inactive Action By","Action Date&Time","Vehicle Rejected","Vehicle Rejected Reason"
1,60625,19/08/2026,LWMC,"Tehsil Office, Wahgha Town",LD-06,Sweeping,0.021,0H1M,1.01,31.623389000,74.421557000,still,off,"19/08/2026 10:50 AM","19/08/2026 11:03 AM",LWMC-WaTo,"Front End Loader",2,Ignition,-,-,-,-,-,-
2,60379,19/08/2026,LWMC,"Tehsil Office, Data Gunj Baksh Town",D-68,"Bulk Waste Collection",0.322,0H2M,1.51,31.572967000,74.291941000,moving,on,"19/08/2026 10:44 AM","19/08/2026 11:03 AM",LWMC-DaGB,"Dumper (7CM)",3,Ignition,-,-,-,-,-,-
3,59916,19/08/2026,LWMC,"Tehsil Office, Allama Iqbal Town",LR-2631,"Door To Door Collection",23.772,1H50M,109.56,31.493539000,74.260053000,moving,on,"19/08/2026 10:55 AM","19/08/2026 11:03 AM",LWMC-AlIT,"Loader Rickshaw",2,Distance,5,-,-,-,-,-
4,60249,19/08/2026,LWMC,"Tehsil Office, Allama Iqbal Town",LR-0223,"Door To Door Collection",0.136,0H0M,0.06,31.276063000,74.252773000,still,off,"19/08/2026 10:56 AM","19/08/2026 11:03 AM",LWMC-AlIT,"Loader Rickshaw",2,Distance,5,-,-,-,-,-
5,41297,19/08/2026,LWMC,"Tehsil Office, Samnabad Town",LR-1899,"Door To Door Collection",9.538,0H35M,35.35,31.544356000,74.266984000,moving,on,"19/08/2026 10:49 AM","19/08/2026 11:03 AM",LWMC-SaTo,"Loader Rickshaw",2,Distance,5,-,-,-,-,-
6,61741,19/08/2026,LWMC,"Tehsil Office, Nishter Town",LR-1938,"Door To Door Collection",-,0H0M,-,31.455060000,74.335497000,moving,on,"19/08/2026 09:00 AM","19/08/2026 11:03 AM",LWMC-NiTo,"Loader Rickshaw",2,Distance,5,-,-,-,-,-
7,60146,19/08/2026,LWMC,"Tehsil Office, Allama Iqbal Town",LR-2975,"Door To Door Collection",0.124,0H2M,2.01,31.465088000,74.225862000,still,off,"19/08/2026 10:57 AM","19/08/2026 11:03 AM",LWMC-AlIT,"Loader Rickshaw",2,Distance,5,-,-,-,-,-
8,59445,19/08/2026,LWMC,"Tehsil Office, Samnabad Town",LR-1683,"Door To Door Collection",16.195,0H58M,58.31,31.569408000,74.278856000,still,off,"19/08/2026 10:58 AM","19/08/2026 11:03 AM",LWMC-SaTo,"Loader Rickshaw",2,Distance,5,-,-,-,-,-
9,60755,19/08/2026,LWMC,"Tehsil Office, Wahgha Town",LR-3075,"Door To Door Collection",7.346,0H45M,45.1,31.594497000,74.420938000,moving,on,"19/08/2026 09:37 AM","19/08/2026 11:03 AM",LWMC-WaTo,"Loader Rickshaw",2,Distance,5,-,-,-,-,-
10,60731,19/08/2026,LWMC,"Tehsil Office, Samnabad Town",MFL-32,"Bulk Waste Collection",0.103,2H14M,134.21,31.464062000,74.225475000,still,off,"19/08/2026 10:57 AM","19/08/2026 11:03 AM",LWMC-SaTo,Loader,3,Ignition,-,-,-,-,-,-
11,25343,19/08/2026,LWMC,"Tehsil Office, Wahgha Town",LR-0459,"Door To Door Collection",9.02,0H41M,40.96,31.599095000,74.413768000,moving,on,"19/08/2026 10:26 AM","19/08/2026 10:30 AM",LWMC-WaTo,"Loader Rickshaw",2,Distance,5,-,-,-,-,-
12,61892,19/08/2026,LWMC,"Tehsil Office, Wahgha Town",LR-2947,"Door To Door Collection",8.349,1H11M,70.91,31.597213000,74.401789000,moving,on,"19/08/2026 10:59 AM","19/08/2026 11:00 AM",LWMC-WaTo,"Loader Rickshaw",2,Distance,5,-,-,-,-,-
13,-,19/08/2026,LWMC,"Tehsil Office, Nishter Town",CH-SW250514CL3,-,21.158,2H16M,135.96,31.449218000,74.311134000,moving,on,"19/08/2026 11:00 AM","19/08/2026 11:00 AM",LWMC-NiTo,-,-,-,-,-,-,-,-,-
14,59728,19/08/2026,LWMC,"Tehsil Office, Allama Iqbal Town",LR-1448,"Door To Door Collection",1.365,0H5M,5.4,31.470685000,74.224380000,still,off,"19/08/2026 09:50 AM","19/08/2026 10:00 AM",LWMC-AlIT,"Loader Rickshaw",2,Distance,5,-,-,-,-,-
15,61552,19/08/2026,LWMC,"Tehsil Office, Shalimar Town",LR-2089,"Door To Door Collection",3.839,0H19M,19.11,31.605762000,74.358163000,moving,on,"19/08/2026 10:12 AM","19/08/2026 11:00 AM",LWMC-ShTo,"Loader Rickshaw",-,-,-,-,-,-,-,-
16,60916,19/08/2026,LWMC,"Tehsil Office, Data Gunj Baksh Town",R-22,"Bulk Waste Collection",11.039,0H45M,45.28,31.558283000,74.313399000,moving,on,"19/08/2026 10:57 AM","19/08/2026 11:00 AM",LWMC-DaGB,"Rickshaw Shower",2,Distance,5,-,-,-,-,-
17,41268,19/08/2026,LWMC,"Tehsil Office, Samnabad Town",LR-1453,"Door To Door Collection",0.292,0H6M,5.76,31.463886000,74.224929000,moving,on,"19/08/2026 08:31 AM","19/08/2026 09:00 AM",LWMC-SaTo,"Loader Rickshaw",2,Distance,5,-,-,-,-,-
18,-,19/08/2026,LWMC,"Tehsil Office, Samnabad Town",LR-453,-,10.949,0H4M,3.78,31.463658000,74.224962000,still,off,"19/08/2026 08:44 AM","19/08/2026 09:00 AM",LWMC-SaTo,-,-,-,-,-,-,-,-,-
19,61638,19/08/2026,LWMC,"Tehsil Office, Ravi Town",T-68,"Bulk Waste Collection",13.317,1H29M,88.56,31.583415000,74.290958000,moving,on,"19/08/2026 10:57 AM","19/08/2026 11:00 AM",LWMC-RaTo,"Tractor Trolley",2,Distance,10,-,-,-,-,-
20,61699,19/08/2026,LWMC,"Tehsil Office, Ravi Town",LR-2050,"Door To Door Collection",14.365,1H4M,63.73,31.639392000,74.306747000,moving,on,"19/08/2026 10:58 AM","19/08/2026 11:00 AM",LWMC-RaTo,"Loader Rickshaw",2,Distance,5,-,-,-,-,-
21,23599,19/08/2026,LWMC,"Tehsil Office, Wahgha Town",LR-0892,"Door To Door Collection",4.076,0H34M,33.64,31.598107000,74.401432000,still,off,"19/08/2026 09:18 AM","19/08/2026 09:30 AM",LWMC-WaTo,"Loader Rickshaw",2,Distance,5,-,-,-,-,-
22,60708,19/08/2026,LWMC,"Tehsil Office, Wahgha Town",LR-0945,"Door To Door Collection",12.343,2H12M,132.26,31.498254000,74.483720000,still,off,"19/08/2026 10:35 AM","19/08/2026 11:00 AM",LWMC-WaTo,"Loader Rickshaw",2,Distance,5,1,-,-,-,-
23,60715,19/08/2026,LWMC,"Tehsil Office, Aziz Bhatti Town",LR-1911,"Door To Door Collection",19.044,4H24M,263.61,31.610831000,74.382538000,moving,on,"19/08/2026 10:58 AM","19/08/2026 11:00 AM",LWMC-AzBT,"Loader Rickshaw",2,Distance,5,1,-,-,-,-
24,61733,19/08/2026,LWMC,"Tehsil Office, Nishter Town",LR-0183,"Door To Door Collection",16.849,2H56M,176.18,31.444323000,74.375909000,moving,on,"19/08/2026 10:58 AM","19/08/2026 11:00 AM",LWMC-NiTo,"Loader Rickshaw",2,Distance,5,1,-,-,-,-
25,60150,19/08/2026,LWMC,"Tehsil Office, Allama Iqbal Town",LR-2978,"Door To Door Collection",18.366,2H35M,154.59,31.477302000,74.221717000,moving,on,"19/08/2026 10:36 AM","19/08/2026 11:00 AM",LWMC-AlIT,"Loader Rickshaw",2,Distance,5,1,-,-,-,-
26,60056,19/08/2026,LWMC,"Tehsil Office, Allama Iqbal Town",LR-1374,"Door To Door Collection",28.121,2H2M,121.81,31.432078000,74.174025000,moving,on,"19/08/2026 10:45 AM","19/08/2026 11:00 AM",LWMC-AlIT,"Loader Rickshaw",2,Distance,5,1,-,-,-,-
27,60357,19/08/2026,LWMC,"Tehsil Office, Allama Iqbal Town",LR-0213,"Door To Door Collection",16.951,1H10M,70.31,31.414457000,74.222216000,moving,on,"19/08/2026 10:50 AM","19/08/2026 11:00 AM",LWMC-AlIT,"Loader Rickshaw",2,Distance,5,-,-,-,-,-
28,60295,19/08/2026,LWMC,"Tehsil Office, Allama Iqbal Town",LR-1028,"Door To Door Collection",15.706,2H8M,127.75,31.329243000,74.255977000,moving,on,"19/08/2026 09:43 AM","19/08/2026 10:00 AM",LWMC-AlIT,"Loader Rickshaw",2,Distance,5,1,-,-,-,-
29,41286,19/08/2026,LWMC,"Tehsil Office, Samnabad Town",LR-1678,"Door To Door Collection",13.581,0H58M,57.76,31.463812000,74.224923000,still,off,"19/08/2026 10:20 AM","19/08/2026 10:30 AM",LWMC-SaTo,"Loader Rickshaw",2,Distance,5,-,-,-,-,-
30,62083,19/08/2026,LWMC,"Tehsil Office, Ravi Town",LR-2128,"Door To Door Collection",13.47,0H54M,54.33,31.635710000,74.285491000,still,off,"19/08/2026 10:56 AM","19/08/2026 11:00 AM",LWMC-RaTo,"Loader Rickshaw",2,Distance,5,-,-,-,-,-
31,61146,19/08/2026,LWMC,"Tehsil Office, Ravi Town",LR-2129,"Door To Door Collection",14.172,0H53M,52.64,31.624339000,74.285060000,moving,on,"19/08/2026 10:44 AM","19/08/2026 11:00 AM",LWMC-RaTo,"Loader Rickshaw",2,Distance,5,-,-,-,-,-
32,59220,19/08/2026,LWMC,"Tehsil Office, Wahgha Town",LR-1837,"Door To Door Collection",28.436,1H52M,111.7,31.492921000,74.534093000,moving,on,"19/08/2026 10:56 AM","19/08/2026 11:00 AM",LWMC-WaTo,"Loader Rickshaw",2,Distance,5,-,-,-,-,-
33,60066,19/08/2026,LWMC,"Tehsil Office, Aziz Bhatti Town",LR-0714,"Door To Door Collection",19.824,1H59M,119.26,31.610892000,74.382457000,moving,on,"19/08/2026 10:55 AM","19/08/2026 11:00 AM",LWMC-AzBT,"Loader Rickshaw",2,Distance,5,-,-,-,-,-
34,59527,19/08/2026,LWMC,"Tehsil Office, Aziz Bhatti Town",LR-1400,"Door To Door Collection",31.338,2H50M,169.58,31.562329000,74.387489000,moving,on,"19/08/2026 10:42 AM","19/08/2026 11:00 AM",LWMC-AzBT,"Loader Rickshaw",2,Distance,5,1,-,-,-,-
35,60555,19/08/2026,LWMC,"Tehsil Office, Nishter Town",LR-3044,"Door To Door Collection",14.036,3H5M,185.43,31.435119000,74.358711000,still,off,"19/08/2026 10:57 AM","19/08/2026 11:00 AM",LWMC-NiTo,"Loader Rickshaw",2,Distance,5,1,-,-,-,-
36,18396,19/08/2026,LWMC,"Tehsil Office, Nishter Town",HA-49,"Container-Based Collection",60.156,2H49M,168.59,31.386997000,74.330344000,moving,on,"19/08/2026 10:59 AM","19/08/2026 11:00 AM",LWMC-NiTo,"Arm Roll Truck",3,Distance,10,-,-,-,-,-
37,61511,19/08/2026,LWMC,"Tehsil Office, Nishter Town",LR-1764,"Door To Door Collection",18.567,2H38M,158.36,31.455332000,74.335682000,moving,on,"19/08/2026 10:59 AM","19/08/2026 11:00 AM",LWMC-NiTo,"Loader Rickshaw",2,Distance,5,1,-,-,-,-
38,22944,19/08/2026,LWMC,"Tehsil Office, Allama Iqbal Town",LR-0875,"Door To Door Collection",14.931,3H35M,215.03,31.469952000,74.243979000,moving,on,"19/08/2026 10:57 AM","19/08/2026 11:00 AM",LWMC-AlIT,"Loader Rickshaw",2,Distance,5,1,-,-,-,-
39,22832,19/08/2026,LWMC,"Tehsil Office, Allama Iqbal Town",LR-0271,"Door To Door Collection",10.037,3H49M,229.48,31.476720000,74.223267000,moving,on,"19/08/2026 10:59 AM","19/08/2026 11:00 AM",LWMC-AlIT,"Loader Rickshaw",2,Distance,5,1,-,-,-,-
40,59752,19/08/2026,LWMC,"Tehsil Office, Allama Iqbal Town",LR-1543,"Door To Door Collection",11.714,1H2M,61.88,31.533331000,74.268064000,moving,on,"19/08/2026 10:48 AM","19/08/2026 11:00 AM",LWMC-AlIT,"Loader Rickshaw",2,Distance,5,-,-,-,-,-
41,-,19/08/2026,LWMC,"Tehsil Office, Shalimar Town",WR-0030,-,5.911,1H6M,66.38,31.598245000,74.363846000,still,off,"19/08/2026 10:12 AM","19/08/2026 11:00 AM",LWMC-ShTo,-,-,-,-,-,-,-,-,-
42,60962,19/08/2026,LWMC,"Tehsil Office, Shalimar Town",LR-2065,"Door To Door Collection",13.294,2H11M,131.15,31.587572000,74.345135000,still,off,"19/08/2026 10:46 AM","19/08/2026 11:00 AM",LWMC-ShTo,"Loader Rickshaw",-,-,-,-,-,-,-,-
43,19832,19/08/2026,LWMC,"Tehsil Office, Gulberg Town",S-160,"Bulk Waste Collection",38.349,2H27M,146.76,31.584803000,74.386041000,moving,on,"19/08/2026 11:00 AM","19/08/2026 11:00 AM",LWMC-GuTo,"Mini Dumper",2,Distance,5,1,-,-,-,-
44,60754,19/08/2026,LWMC,"Tehsil Office, Gulberg Town",LR-2573,"Door To Door Collection",3.553,0H15M,15.38,31.514498000,74.339321000,moving,on,"19/08/2026 08:48 AM","19/08/2026 10:30 AM",LWMC-GuTo,"Loader Rickshaw",2,Distance,5,-,-,-,-,-
45,22517,19/08/2026,LWMC,"Tehsil Office, Gulberg Town",LR-0799,"Door To Door Collection",15.27,1H20M,79.86,31.572635000,74.374628000,moving,on,"19/08/2026 10:59 AM","19/08/2026 11:00 AM",LWMC-GuTo,"Loader Rickshaw",2,Distance,5,-,-,-,-,-
46,61412,19/08/2026,LWMC,"Tehsil Office, Gulberg Town",LR-2566,"Door To Door Collection",8.649,2H53M,172.56,31.560456000,74.349404000,still,off,"19/08/2026 10:57 AM","19/08/2026 11:00 AM",LWMC-GuTo,"Loader Rickshaw",2,Distance,5,1,-,-,-,-
47,-,19/08/2026,LWMC,"Tehsil Office, Data Gunj Baksh Town",LR-1315,-,12.012,3H42M,221.8,31.558201000,74.285711000,moving,on,"19/08/2026 10:00 AM","19/08/2026 10:30 AM",LWMC-DaGB,-,-,-,-,-,-,-,-,-
48,19079,19/08/2026,LWMC,"Tehsil Office, Data Gunj Baksh Town",R-45,"Bulk Waste Collection",17.787,3H48M,227.9,31.537488000,74.330720000,moving,on,"19/08/2026 10:54 AM","19/08/2026 11:00 AM",LWMC-DaGB,"Rickshaw Shower",2,Distance,5,1,-,-,-,-
49,41256,19/08/2026,LWMC,"Tehsil Office, Samnabad Town",LR-1265,"Door To Door Collection",17.948,3H24M,203.94,31.518086000,74.284176000,moving,on,"19/08/2026 10:38 AM","19/08/2026 11:00 AM",LWMC-SaTo,"Loader Rickshaw",2,Distance,5,1,-,-,-,-
50,41336,19/08/2026,LWMC,"Tehsil Office, Samnabad Town",LR-2242,"Door To Door Collection",26.024,1H31M,90.71,31.541379000,74.274617000,moving,on,"19/08/2026 10:50 AM","19/08/2026 11:00 AM",LWMC-SaTo,"Loader Rickshaw",2,Distance,5,-,-,-,-,-
51,60001,19/08/2026,LWMC,"Tehsil Office, Samnabad Town",LR-2828,"Door To Door Collection",21.636,2H56M,176.25,31.558428000,74.273377000,still,off,"19/08/2026 10:57 AM","19/08/2026 11:00 AM",LWMC-SaTo,"Loader Rickshaw",2,Distance,5,1,-,-,-,-
52,61814,19/08/2026,LWMC,"Tehsil Office, Ravi Town",LR-1670,"Door To Door Collection",1.859,0H0M,-,31.625750000,74.303332000,moving,on,"19/08/2026 06:50 AM","19/08/2026 09:00 AM",LWMC-RaTo,"Loader Rickshaw",2,Distance,5,-,-,-,-,-
53,61562,19/08/2026,LWMC,"Tehsil Office, Ravi Town",LR-2119,"Door To Door Collection",10.961,0H36M,36.25,31.635914000,74.282568000,still,off,"19/08/2026 10:21 AM","19/08/2026 11:00 AM",LWMC-RaTo,"Loader Rickshaw",2,Distance,5,-,-,-,-,-
54,61797,19/08/2026,LWMC,"Tehsil Office, Ravi Town",LR-1174,"Door To Door Collection",22.849,2H5M,124.81,31.638747000,74.305046000,moving,on,"19/08/2026 10:34 AM","19/08/2026 11:00 AM",LWMC-RaTo,"Loader Rickshaw",2,Distance,5,1,-,-,-,-
55,-,19/08/2026,LWMC,"Tehsil Office, Ravi Town",LR-2051,-,15.035,3H56M,236.05,31.630558000,74.292976000,moving,on,"19/08/2026 10:29 AM","19/08/2026 11:00 AM",LWMC-RaTo,-,-,-,-,-,-,-,-,-
56,59309,19/08/2026,LWMC,"Tehsil Office, Aziz Bhatti Town",LR-0301,"Door To Door Collection",32.618,4H2M,242.15,31.563136000,74.383726000,moving,on,"19/08/2026 11:00 AM","19/08/2026 11:00 AM",LWMC-AzBT,"Loader Rickshaw",2,Distance,5,1,-,-,-,-
57,59499,19/08/2026,LWMC,"Tehsil Office, Aziz Bhatti Town",LR-1404,"Door To Door Collection",23.134,2H34M,154.48,31.610728000,74.383207000,moving,on,"19/08/2026 10:58 AM","19/08/2026 11:00 AM",LWMC-AzBT,"Loader Rickshaw",2,Distance,5,1,-,-,-,-
58,60052,19/08/2026,LWMC,"Tehsil Office, Aziz Bhatti Town",LR-1117,"Door To Door Collection",35.701,3H25M,204.61,31.609590000,74.381779000,moving,on,"19/08/2026 10:59 AM","19/08/2026 11:00 AM",LWMC-AzBT,"Loader Rickshaw",2,Distance,5,1,-,-,-,-
59,61389,19/08/2026,LWMC,"Tehsil Office, Nishter Town",LR-0882,"Door To Door Collection",24.144,3H57M,237.25,31.332379000,74.383441000,moving,on,"19/08/2026 11:00 AM","19/08/2026 11:00 AM",LWMC-NiTo,"Loader Rickshaw",2,Distance,5,1,-,-,-,-
60,60350,19/08/2026,LWMC,"Tehsil Office, Nishter Town",MFL-103,"Bulk Waste Collection",0.094,0H0M,0.46,31.354229000,74.380662000,still,off,"19/08/2026 08:39 AM","19/08/2026 09:30 AM",LWMC-NiTo,"Tractor Loader",3,Ignition,-,-,-,-,-,-
61,60369,19/08/2026,LWMC,"Tehsil Office, Allama Iqbal Town",LR-1514,"Door To Door Collection",19.843,1H25M,84.58,31.272362000,74.189483000,moving,on,"19/08/2026 10:59 AM","19/08/2026 11:00 AM",LWMC-AlIT,"Loader Rickshaw",2,Distance,5,-,-,-,-,-
62,59829,19/08/2026,LWMC,"Tehsil Office, Allama Iqbal Town",LR-1983,"Door To Door Collection",20.254,1H56M,116.04,31.491987000,74.250745000,still,off,"19/08/2026 10:51 AM","19/08/2026 11:00 AM",LWMC-AlIT,"Loader Rickshaw",2,Distance,5,-,-,-,-,-
63,19646,19/08/2026,LWMC,"Tehsil Office, Allama Iqbal Town",M-63,"Bulk Waste Collection",15.917,1H37M,97.28,31.529735000,74.264758000,moving,on,"19/08/2026 10:59 AM","19/08/2026 11:00 AM",LWMC-AlIT,"Mini Dumper",2,Distance,5,-,-,-,-,-
64,60145,19/08/2026,LWMC,"Tehsil Office, Allama Iqbal Town",LR-2971,"Door To Door Collection",17.894,2H43M,162.86,31.475018000,74.229931000,moving,on,"19/08/2026 11:00 AM","19/08/2026 11:00 AM",LWMC-AlIT,"Loader Rickshaw",2,Distance,5,1,-,-,-,-
65,18519,19/08/2026,LWMC,"Tehsil Office, Allama Iqbal Town",C-1308,"Container-Based Collection",0.272,0H5M,5.43,31.465180000,74.225086000,moving,on,"19/08/2026 06:48 AM","19/08/2026 09:00 AM",LWMC-AlIT,"Compactor (13CM)",3,Distance,10,-,-,-,-,-
66,25272,19/08/2026,LWMC,"Tehsil Office, Shalimar Town",LR-0479,"Door To Door Collection",9.808,3H59M,238.53,31.600681000,74.358741000,moving,on,"19/08/2026 10:52 AM","19/08/2026 11:00 AM",LWMC-ShTo,"Loader Rickshaw",-,-,-,-,-,-,-,-
67,25289,19/08/2026,LWMC,"Tehsil Office, Shalimar Town",LR-0569,"Door To Door Collection",16.993,3H58M,238.01,31.593711000,74.335152000,moving,on,"19/08/2026 10:55 AM","19/08/2026 11:00 AM",LWMC-ShTo,"Loader Rickshaw",-,-,-,-,-,-,-,-
68,19768,19/08/2026,LWMC,"Tehsil Office, Data Gunj Baksh Town",S-152,"Bulk Waste Collection",25.344,3H27M,206.91,31.580152000,74.265246000,moving,on,"19/08/2026 10:57 AM","19/08/2026 11:00 AM",LWMC-DaGB,"Mini Dumper",2,Distance,5,1,-,-,-,-
69,39211,19/08/2026,LWMC,"Tehsil Office, Samnabad Town",WB-07,Washing,62.85,2H9M,128.59,31.545955000,74.260202000,moving,on,"19/08/2026 10:22 AM","19/08/2026 10:30 AM",LWMC-SaTo,"Water Bowzer",2,Distance,5,1,-,-,-,-
70,61134,19/08/2026,LWMC,"Tehsil Office, Samnabad Town",LR-2824,"Door To Door Collection",24.207,4H6M,246.31,31.565608000,74.275537000,moving,on,"19/08/2026 10:46 AM","19/08/2026 11:00 AM",LWMC-SaTo,"Loader Rickshaw",2,Distance,5,1,-,-,-,-
71,19295,19/08/2026,LWMC,"Tehsil Office, Ravi Town",LR-0254,"Bulk Waste Collection",10.741,4H2M,242.25,31.588078000,74.328622000,moving,on,"19/08/2026 10:58 AM","19/08/2026 11:00 AM",LWMC-RaTo,"Loader Rickshaw",2,Distance,5,1,-,-,-,-
72,61830,19/08/2026,LWMC,"Tehsil Office, Ravi Town",LR-1684,"Door To Door Collection",15.689,2H8M,128.08,31.619706000,74.305650000,moving,on,"19/08/2026 10:59 AM","19/08/2026 11:00 AM",LWMC-RaTo,"Loader Rickshaw",2,Distance,5,1,-,-,-,-
73,61208,19/08/2026,LWMC,"Tehsil Office, Ravi Town",LR-1945,"Door To Door Collection",9.804,0H50M,50.14,31.618504000,74.269263000,moving,on,"19/08/2026 11:00 AM","19/08/2026 11:00 AM",LWMC-RaTo,"Loader Rickshaw",2,Distance,5,-,-,-,-,-
74,23558,19/08/2026,LWMC,"Tehsil Office, Wahgha Town",LR-0281,"Door To Door Collection",6.383,4H52M,291.71,31.604841000,74.488834000,still,off,"19/08/2026 10:58 AM","19/08/2026 11:00 AM",LWMC-WaTo,"Loader Rickshaw",2,Distance,5,1,-,-,-,-
75,59217,19/08/2026,LWMC,"Tehsil Office, Wahgha Town",LR-2904,"Door To Door Collection",16.421,1H44M,104.01,31.475112000,74.564615000,moving,on,"19/08/2026 10:33 AM","19/08/2026 11:00 AM",LWMC-WaTo,"Loader Rickshaw",2,Distance,5,-,-,-,-,-
76,23634,19/08/2026,LWMC,"Tehsil Office, Wahgha Town",LR-1066,"Door To Door Collection",12.512,4H58M,297.63,31.590443000,74.438078000,moving,on,"19/08/2026 11:00 AM","19/08/2026 11:00 AM",LWMC-WaTo,"Loader Rickshaw",2,Distance,5,1,-,-,-,-
77,60734,19/08/2026,LWMC,"Tehsil Office, Wahgha Town",LR-0096,"Door To Door Collection",18.778,4H2M,241.56,31.606863000,74.412324000,moving,on,"19/08/2026 10:57 AM","19/08/2026 11:00 AM",LWMC-WaTo,"Loader Rickshaw",2,Distance,5,1,-,-,-,-
78,23494,19/08/2026,LWMC,"Tehsil Office, Wahgha Town",LR-0389,"Door To Door Collection",18.009,3H11M,190.59,31.603491000,74.383367000,moving,on,"19/08/2026 10:42 AM","19/08/2026 11:00 AM",LWMC-WaTo,"Loader Rickshaw",2,Distance,5,1,-,-,-,-
79,-,19/08/2026,LWMC,"Tehsil Office, Wahgha Town",C-13-1061,-,23.824,1H49M,109.15,31.568229000,74.435562000,still,off,"19/08/2026 08:33 AM","19/08/2026 09:30 AM",LWMC-WaTo,-,-,-,-,-,-,-,-,-
80,61900,19/08/2026,LWMC,"Tehsil Office, Wahgha Town",LR-0154,"Door To Door Collection",29.408,1H35M,94.65,31.593974000,74.453251000,moving,on,"19/08/2026 10:58 AM","19/08/2026 11:00 AM",LWMC-WaTo,"Loader Rickshaw",2,Distance,5,-,-,-,-,-
81,23601,19/08/2026,LWMC,"Tehsil Office, Wahgha Town",LR-0891,"Door To Door Collection",9.264,0H31M,31.11,31.591592000,74.400941000,moving,on,"19/08/2026 08:01 AM","19/08/2026 08:30 AM",LWMC-WaTo,"Loader Rickshaw",2,Distance,5,-,-,-,-,-
82,25345,19/08/2026,LWMC,"Tehsil Office, Wahgha Town",LR-0461,"Door To Door Collection",19.641,2H17M,137.26,31.596587000,74.403357000,moving,on,"19/08/2026 10:49 AM","19/08/2026 11:00 AM",LWMC-WaTo,"Loader Rickshaw",2,Distance,5,1,-,-,-,-
83,60722,19/08/2026,LWMC,"Tehsil Office, Aziz Bhatti Town",LR-2588,"Door To Door Collection",15.877,0H59M,59.48,31.568277000,74.435163000,moving,on,"19/08/2026 10:58 AM","19/08/2026 11:00 AM",LWMC-AzBT,"Loader Rickshaw",2,Distance,5,-,-,-,-,-
84,59590,19/08/2026,LWMC,"Tehsil Office, Aziz Bhatti Town",LR-1397,"Door To Door Collection",13.657,4H58M,298.41,31.574567000,74.368339000,moving,on,"19/08/2026 10:59 AM","19/08/2026 11:00 AM",LWMC-AzBT,"Loader Rickshaw",2,Distance,5,1,-,-,-,-
85,59311,19/08/2026,LWMC,"Tehsil Office, Aziz Bhatti Town",LR-1965,"Door To Door Collection",22.128,5H28M,328.19,31.573948000,74.390649000,moving,on,"19/08/2026 10:51 AM","19/08/2026 11:00 AM",LWMC-AzBT,"Loader Rickshaw",2,Distance,5,1,-,-,-,-
86,59350,19/08/2026,LWMC,"Tehsil Office, Aziz Bhatti Town",LR-1402,"Door To Door Collection",26.224,1H43M,103.34,31.578443000,74.368325000,moving,on,"19/08/2026 11:00 AM","19/08/2026 11:00 AM",LWMC-AzBT,"Loader Rickshaw",2,Distance,5,-,-,-,-,-
87,60204,19/08/2026,LWMC,"Tehsil Office, Aziz Bhatti Town",LR-1091,"Door To Door Collection",6.544,0H2M,1.63,31.556644000,74.411034000,moving,on,"19/08/2026 06:49 AM","19/08/2026 08:30 AM",LWMC-AzBT,"Loader Rickshaw",2,Distance,5,-,-,-,-,-
88,59465,19/08/2026,LWMC,"Tehsil Office, Aziz Bhatti Town",LR-0726,"Door To Door Collection",33.139,4H50M,290.06,31.585395000,74.422669000,moving,on,"19/08/2026 10:52 AM","19/08/2026 11:00 AM",LWMC-AzBT,"Loader Rickshaw",2,Distance,5,1,-,-,-,-
89,59495,19/08/2026,LWMC,"Tehsil Office, Aziz Bhatti Town",LR-1391,"Door To Door Collection",25.262,1H60M,119.93,31.608551000,74.384853000,moving,on,"19/08/2026 10:59 AM","19/08/2026 11:00 AM",LWMC-AzBT,"Loader Rickshaw",2,Distance,5,-,-,-,-,-
90,60033,19/08/2026,LWMC,"Tehsil Office, Aziz Bhatti Town",LR-0722,"Door To Door Collection",3.554,0H27M,26.89,31.565661000,74.387716000,moving,on,"19/08/2026 08:00 AM","19/08/2026 08:30 AM",LWMC-AzBT,"Loader Rickshaw",2,Distance,5,-,-,-,-,-
91,19855,19/08/2026,LWMC,"Tehsil Office, Nishter Town",M-26,"Bulk Waste Collection",0.485,0H34M,33.7,31.478652000,74.343668000,still,off,"19/08/2026 10:13 AM","19/08/2026 10:30 AM",LWMC-NiTo,"Mini Dumper",2,Distance,5,-,-,-,-,-
92,60600,19/08/2026,LWMC,"Tehsil Office, Nishter Town",LR-3016,"Door To Door Collection",15.046,3H23M,203.38,31.444856000,74.375902000,moving,on,"19/08/2026 11:00 AM","19/08/2026 11:00 AM",LWMC-NiTo,"Loader Rickshaw",2,Distance,5,1,-,-,-,-
93,-,19/08/2026,LWMC,"Tehsil Office, Nishter Town",LR-03,-,37.783,3H4M,183.69,31.452959000,74.410366000,still,off,"19/08/2026 10:54 AM","19/08/2026 11:00 AM",LWMC-NiTo,-,-,-,-,-,-,-,-,-
94,61740,19/08/2026,LWMC,"Tehsil Office, Nishter Town",LR-2279,"Door To Door Collection",22.015,4H48M,287.6,31.447314000,74.384952000,moving,on,"19/08/2026 10:59 AM","19/08/2026 11:00 AM",LWMC-NiTo,"Loader Rickshaw",2,Distance,5,1,-,-,-,-
95,60412,19/08/2026,LWMC,"Tehsil Office, Allama Iqbal Town",LR-1020,"Door To Door Collection",0.006,1H49M,109.04,31.431988000,74.177052000,still,off,"19/08/2026 07:56 AM","19/08/2026 08:30 AM",LWMC-AlIT,"Loader Rickshaw",2,Distance,5,-,-,-,-,-
96,60157,19/08/2026,LWMC,"Tehsil Office, Allama Iqbal Town",LR-2171,"Door To Door Collection",11.266,0H58M,58.45,31.384762000,74.150971000,moving,on,"19/08/2026 10:43 AM","19/08/2026 11:00 AM",LWMC-AlIT,"Loader Rickshaw",2,Distance,5,-,-,-,-,-
97,60374,19/08/2026,LWMC,"Tehsil Office, Allama Iqbal Town",LR-0467,"Door To Door Collection",20.485,4H14M,253.69,31.243082000,74.207481000,still,off,"19/08/2026 10:57 AM","19/08/2026 11:00 AM",LWMC-AlIT,"Loader Rickshaw",2,Distance,5,1,-,-,-,-
98,60335,19/08/2026,LWMC,"Tehsil Office, Allama Iqbal Town",LR-1746,"Door To Door Collection",20.626,3H30M,209.53,31.346920000,74.206688000,moving,on,"19/08/2026 10:54 AM","19/08/2026 11:00 AM",LWMC-AlIT,"Loader Rickshaw",2,Distance,5,1,-,-,-,-
99,22913,19/08/2026,LWMC,"Tehsil Office, Allama Iqbal Town",LR-0602,"Door To Door Collection",22.493,1H50M,110.36,31.462534000,74.256709000,still,off,"19/08/2026 10:57 AM","19/08/2026 11:00 AM",LWMC-AlIT,"Loader Rickshaw",2,Distance,5,-,-,-,-,-
100,22918,19/08/2026,LWMC,"Tehsil Office, Allama Iqbal Town",LR-0607,"Door To Door Collection",15.298,2H2M,122.06,31.482199000,74.254605000,moving,on,"19/08/2026 10:54 AM","19/08/2026 11:00 AM",LWMC-AlIT,"Loader Rickshaw",2,Distance,5,1,-,-,-,-
101,60032,19/08/2026,LWMC,"Tehsil Office, Allama Iqbal Town",LR-2764,"Door To Door Collection",24.088,3H8M,188.15,31.433835000,74.234025000,still,off,"19/08/2026 10:57 AM","19/08/2026 11:00 AM",LWMC-AlIT,"Loader Rickshaw",2,Distance,5,1,-,-,-,-
102,-,19/08/2026,LWMC,"Tehsil Office, Allama Iqbal Town",LR-2977,-,26.7,2H23M,143.41,31.435306000,74.380076000,moving,on,"19/08/2026 10:54 AM","19/08/2026 11:00 AM",LWMC-AlIT,-,-,-,-,-,-,-,-,-
103,60305,19/08/2026,LWMC,"Tehsil Office, Allama Iqbal Town",LR-2372,"Door To Door Collection",34.937,3H50M,229.68,31.253324000,74.223381000,moving,on,"19/08/2026 10:49 AM","19/08/2026 11:00 AM",LWMC-AlIT,"Loader Rickshaw",2,Distance,5,1,-,-,-,-
104,22925,19/08/2026,LWMC,"Tehsil Office, Allama Iqbal Town",LR-0625,"Door To Door Collection",12.802,0H58M,57.91,31.465233000,74.225222000,moving,on,"19/08/2026 07:14 AM","19/08/2026 07:30 AM",LWMC-AlIT,"Loader Rickshaw",2,Distance,5,-,-,-,-,-
105,22885,19/08/2026,LWMC,"Tehsil Office, Allama Iqbal Town",LR-0528,"Door To Door Collection",0.203,0H2M,2.38,31.465138000,74.225278000,still,off,"19/08/2026 10:58 AM","19/08/2026 11:00 AM",LWMC-AlIT,"Loader Rickshaw",2,Distance,5,-,-,-,-,-
106,22940,19/08/2026,LWMC,"Tehsil Office, Allama Iqbal Town",LR-0845,"Door To Door Collection",30.27,2H58M,178.36,31.480021000,74.289165000,moving,on,"19/08/2026 10:58 AM","19/08/2026 11:00 AM",LWMC-AlIT,"Loader Rickshaw",2,Distance,5,1,-,-,-,-
107,59884,19/08/2026,LWMC,"Tehsil Office, Allama Iqbal Town",LR-2613,"Door To Door Collection",21.733,2H18M,138.06,31.528164000,74.282770000,moving,on,"19/08/2026 10:55 AM","19/08/2026 11:00 AM",LWMC-AlIT,"Loader Rickshaw",2,Distance,5,1,-,-,-,-
108,19028,19/08/2026,LWMC,"Tehsil Office, Allama Iqbal Town",MFL-18,"Bulk Waste Collection",9.267,2H33M,153.19,31.476138000,74.227287000,moving,on,"19/08/2026 10:38 AM","19/08/2026 11:00 AM",LWMC-AlIT,"Tractor Trolley",2,Distance,10,-,-,-,-,-
109,61994,19/08/2026,LWMC,"Tehsil Office, Shalimar Town",LR-2337,"Door To Door Collection",-,0H0M,-,31.590392000,74.355301000,still,off,"19/08/2026 10:33 AM","19/08/2026 11:00 AM",LWMC-ShTo,"Loader Rickshaw",-,-,-,-,-,-,-,-
110,61251,19/08/2026,LWMC,"Tehsil Office, Shalimar Town",LR-2336,"Door To Door Collection",15.41,2H33M,153,31.589788000,74.353546000,moving,on,"19/08/2026 10:58 AM","19/08/2026 11:00 AM",LWMC-ShTo,"Loader Rickshaw",-,-,-,-,-,-,-,-
111,61590,19/08/2026,LWMC,"Tehsil Office, Shalimar Town",LR-2776,"Door To Door Collection",18.052,1H32M,92.04,31.615609000,74.347458000,moving,on,"19/08/2026 10:54 AM","19/08/2026 11:00 AM",LWMC-ShTo,"Loader Rickshaw",-,-,-,-,-,-,-,-
112,61618,19/08/2026,LWMC,"Tehsil Office, Shalimar Town",LR-1798,"Door To Door Collection",12.378,4H39M,278.78,31.607880000,74.337029000,moving,on,"19/08/2026 10:41 AM","19/08/2026 11:00 AM",LWMC-ShTo,"Loader Rickshaw",-,-,-,-,-,-,-,-
113,61585,19/08/2026,LWMC,"Tehsil Office, Shalimar Town",S-01,"Door To Door Collection",28.007,2H58M,178.09,31.608329000,74.363966000,moving,on,"19/08/2026 10:58 AM","19/08/2026 11:00 AM",LWMC-ShTo,"Mini Dumper",-,-,-,-,-,-,-,-
114,60975,19/08/2026,LWMC,"Tehsil Office, Shalimar Town",LR-2377,"Door To Door Collection",6.544,2H22M,142.21,31.585553000,74.339415000,moving,on,"19/08/2026 10:58 AM","19/08/2026 11:00 AM",LWMC-ShTo,"Loader Rickshaw",-,-,-,-,-,-,-,-
115,61331,19/08/2026,LWMC,"Tehsil Office, Shalimar Town",LR-2067,"Door To Door Collection",12.728,0H56M,55.63,31.594696000,74.355931000,moving,on,"19/08/2026 10:36 AM","19/08/2026 11:00 AM",LWMC-ShTo,"Loader Rickshaw",-,-,-,-,-,-,-,-
116,19439,19/08/2026,LWMC,"Tehsil Office, Shalimar Town",R-32,"Door To Door Collection",8.044,0H36M,36.39,31.582997000,74.350158000,moving,on,"19/08/2026 11:00 AM","19/08/2026 11:00 AM",LWMC-ShTo,"Loader Rickshaw",-,-,-,-,-,-,-,-
117,59851,19/08/2026,LWMC,"Tehsil Office, Gulberg Town",D-18,"Bulk Waste Collection",53.532,2H33M,153.15,31.484341000,74.300194000,moving,on,"19/08/2026 10:58 AM","19/08/2026 11:00 AM",LWMC-GuTo,"Dumper (10CM)",3,Ignition,-,-,-,-,-,-
118,61117,19/08/2026,LWMC,"Tehsil Office, Gulberg Town",LR-1565,"Door To Door Collection",30.978,2H32M,151.83,31.572830000,74.367719000,moving,on,"19/08/2026 10:56 AM","19/08/2026 11:00 AM",LWMC-GuTo,"Loader Rickshaw",2,Distance,5,1,-,-,-,-
119,22539,19/08/2026,LWMC,"Tehsil Office, Gulberg Town",LR-1032,"Door To Door Collection",24.977,1H43M,103.26,31.460254000,74.339716000,moving,on,"19/08/2026 10:59 AM","19/08/2026 11:00 AM",LWMC-GuTo,"Loader Rickshaw",2,Distance,5,-,-,-,-,-
120,61794,19/08/2026,LWMC,"Tehsil Office, Data Gunj Baksh Town",LR-1336,"Door To Door Collection",-,0H0M,-,31.593044000,74.259226000,still,off,"19/08/2026 06:14 AM","19/08/2026 07:00 AM",LWMC-DaGB,"Loader Rickshaw",2,Distance,5,-,-,-,-,-
121,30803,19/08/2026,LWMC,"Tehsil Office, Data Gunj Baksh Town",LR-0758,"Door To Door Collection",34.485,3H8M,187.94,31.567127000,74.324212000,moving,on,"19/08/2026 10:58 AM","19/08/2026 11:00 AM",LWMC-DaGB,"Loader Rickshaw",2,Distance,5,1,-,-,-,-
122,62063,19/08/2026,LWMC,"Tehsil Office, Data Gunj Baksh Town",LR-0340,"Door To Door Collection",16.886,4H51M,290.6,31.564587000,74.290968000,still,off,"19/08/2026 10:58 AM","19/08/2026 11:00 AM",LWMC-DaGB,"Loader Rickshaw",2,Distance,5,1,-,-,-,-
123,41354,19/08/2026,LWMC,"Tehsil Office, Samnabad Town",LR-2255,"Door To Door Collection",32.529,5H19M,318.86,31.523754000,74.293751000,moving,on,"19/08/2026 10:58 AM","19/08/2026 11:00 AM",LWMC-SaTo,"Loader Rickshaw",2,Distance,5,1,-,-,-,-
124,41225,19/08/2026,LWMC,"Tehsil Office, Samnabad Town",LR-1054,"Door To Door Collection",23.878,4H9M,249.43,31.574728000,74.274410000,moving,on,"19/08/2026 10:41 AM","19/08/2026 11:00 AM",LWMC-SaTo,"Loader Rickshaw",2,Distance,5,1,-,-,-,-
125,59821,19/08/2026,LWMC,"Tehsil Office, Samnabad Town",LR-0494,"Door To Door Collection",41.505,3H20M,200.08,31.517141000,74.321630000,moving,on,"19/08/2026 10:50 AM","19/08/2026 11:00 AM",LWMC-SaTo,"Loader Rickshaw",2,Distance,5,1,-,-,-,-
126,41327,19/08/2026,LWMC,"Tehsil Office, Samnabad Town",LR-2177,"Door To Door Collection",22.418,1H32M,92.36,31.569167000,74.278175000,moving,on,"19/08/2026 10:19 AM","19/08/2026 10:30 AM",LWMC-SaTo,"Loader Rickshaw",2,Distance,5,-,-,-,-,-
127,61803,19/08/2026,LWMC,"Tehsil Office, Ravi Town",LR-1177,"Door To Door Collection",18.177,1H23M,82.75,31.627973000,74.301164000,moving,on,"19/08/2026 10:27 AM","19/08/2026 10:30 AM",LWMC-RaTo,"Loader Rickshaw",2,Distance,5,-,-,-,-,-
128,60180,19/08/2026,LWMC,"Tehsil Office, Ravi Town",LR-1595,"Door To Door Collection",13.202,4H53M,292.66,31.604349000,74.317093000,moving,on,"19/08/2026 10:58 AM","19/08/2026 11:00 AM",LWMC-RaTo,"Loader Rickshaw",2,Distance,5,1,-,-,-,-
129,-,19/08/2026,LWMC,"Tehsil Office, Ravi Town",LR-0898,-,13.992,2H38M,157.94,31.599935000,74.324278000,still,off,"19/08/2026 10:59 AM","19/08/2026 11:00 AM",LWMC-RaTo,-,-,-,-,-,-,-,-,-
130,18481,19/08/2026,LWMC,"Tehsil Office, Ravi Town",CA-77,"Container-Based Collection",92.825,3H58M,238.21,31.634253000,74.312763000,moving,on,"19/08/2026 10:58 AM","19/08/2026 11:00 AM",LWMC-RaTo,"Chain Arm Roll",3,Distance,10,1,-,-,-,-
131,-,19/08/2026,LWMC,"Tehsil Office, Ravi Town",LR-1284,-,17.598,4H35M,275.08,31.588994000,74.397934000,moving,on,"19/08/2026 10:39 AM","19/08/2026 11:00 AM",LWMC-RaTo,-,-,-,-,-,-,-,-,-
132,61452,19/08/2026,LWMC,"Tehsil Office, Ravi Town",LR-1240,"Door To Door Collection",17.414,2H41M,161.01,31.606345000,74.324240000,moving,on,"19/08/2026 10:59 AM","19/08/2026 11:00 AM",LWMC-RaTo,"Loader Rickshaw",2,Distance,5,1,-,-,-,-
133,61184,19/08/2026,LWMC,"Tehsil Office, Ravi Town",LR-2037,"Door To Door Collection",14.6,2H28M,147.78,31.586155000,74.325415000,moving,on,"19/08/2026 10:58 AM","19/08/2026 11:00 AM",LWMC-RaTo,"Loader Rickshaw",2,Distance,5,1,-,-,-,-
134,60942,19/08/2026,LWMC,"Tehsil Office, Ravi Town",D-60,"Bulk Waste Collection",55.257,2H47M,167.46,31.610537000,74.275862000,moving,on,"19/08/2026 10:43 AM","19/08/2026 11:00 AM",LWMC-RaTo,"Dumper (5CM)",3,Distance,10,-,-,-,-,-
135,60474,19/08/2026,LWMC,"Tehsil Office, Ravi Town",LR-1665,"Door To Door Collection",14.805,3H36M,216.46,31.619915000,74.270967000,moving,on,"19/08/2026 10:58 AM","19/08/2026 11:00 AM",LWMC-RaTo,"Loader Rickshaw",2,Distance,5,1,-,-,-,-
136,61088,19/08/2026,LWMC,"Tehsil Office, Ravi Town",LR-1821,"Door To Door Collection",9.342,1H38M,98,31.580128000,74.317663000,still,off,"19/08/2026 08:51 AM","19/08/2026 09:30 AM",LWMC-RaTo,"Loader Rickshaw",2,Distance,5,-,-,-,-,-
137,60102,19/08/2026,LWMC,"Tehsil Office, Ravi Town",LR-0068,"Door To Door Collection",10.702,1H4M,64.06,31.604648000,74.311247000,still,off,"19/08/2026 10:57 AM","19/08/2026 11:00 AM",LWMC-RaTo,"Loader Rickshaw",2,Distance,5,-,-,-,-,-
138,61455,19/08/2026,LWMC,"Tehsil Office, Ravi Town",LR-0069,"Door To Door Collection",14.736,1H31M,91.36,31.599830000,74.313492000,moving,on,"19/08/2026 10:58 AM","19/08/2026 11:00 AM",LWMC-RaTo,"Loader Rickshaw",2,Distance,5,-,-,-,-,-
139,23572,19/08/2026,LWMC,"Tehsil Office, Wahgha Town",LR-0373,"Door To Door Collection",22.364,1H15M,75.45,31.594992000,74.394333000,still,off,"19/08/2026 10:57 AM","19/08/2026 11:00 AM",LWMC-WaTo,"Loader Rickshaw",2,Distance,5,-,-,-,-,-
140,61442,19/08/2026,LWMC,"Tehsil Office, Wahgha Town",LR-2869,"Door To Door Collection",13.152,2H28M,147.8,31.599096000,74.392040000,moving,on,"19/08/2026 10:57 AM","19/08/2026 11:00 AM",LWMC-WaTo,"Loader Rickshaw",2,Distance,5,1,-,-,-,-
141,61930,19/08/2026,LWMC,"Tehsil Office, Wahgha Town",LR-2900,"Door To Door Collection",7.694,5H30M,329.89,31.622537000,74.364131000,moving,on,"19/08/2026 10:59 AM","19/08/2026 11:00 AM",LWMC-WaTo,"Loader Rickshaw",2,Distance,5,1,-,-,-,-
142,61891,19/08/2026,LWMC,"Tehsil Office, Wahgha Town",LR-2873,"Door To Door Collection",24.431,1H50M,109.96,31.602227000,74.416083000,still,off,"19/08/2026 10:58 AM","19/08/2026 11:00 AM",LWMC-WaTo,"Loader Rickshaw",2,Distance,5,-,-,-,-,-
143,60650,19/08/2026,LWMC,"Tehsil Office, Wahgha Town",LR-2956,"Door To Door Collection",5.656,1H35M,95.33,31.606484000,74.512852000,moving,on,"19/08/2026 07:12 AM","19/08/2026 09:00 AM",LWMC-WaTo,"Loader Rickshaw",2,Distance,5,-,-,-,-,-
144,61927,19/08/2026,LWMC,"Tehsil Office, Wahgha Town",LR-2449,"Door To Door Collection",46.243,2H12M,132.48,31.609376000,74.380587000,moving,on,"19/08/2026 10:59 AM","19/08/2026 11:00 AM",LWMC-WaTo,"Loader Rickshaw",2,Distance,5,1,-,-,-,-
145,61444,19/08/2026,LWMC,"Tehsil Office, Wahgha Town",LR-0930,"Door To Door Collection",15.147,1H9M,68.63,31.589774000,74.389140000,moving,on,"19/08/2026 09:12 AM","19/08/2026 09:30 AM",LWMC-WaTo,"Loader Rickshaw",2,Distance,5,-,-,-,-,-
146,23602,19/08/2026,LWMC,"Tehsil Office, Wahgha Town",LR-0889,"Door To Door Collection",20.477,1H36M,95.88,31.594122000,74.402101000,moving,on,"19/08/2026 10:59 AM","19/08/2026 11:00 AM",LWMC-WaTo,"Loader Rickshaw",2,Distance,5,-,-,-,-,-
147,23635,19/08/2026,LWMC,"Tehsil Office, Wahgha Town",LR-1067,"Door To Door Collection",12.422,5H17M,317.44,31.606231000,74.396564000,moving,on,"19/08/2026 10:48 AM","19/08/2026 11:00 AM",LWMC-WaTo,"Loader Rickshaw",2,Distance,5,1,-,-,-,-
148,23608,19/08/2026,LWMC,"Tehsil Office, Wahgha Town",LR-0890,"Door To Door Collection",22.097,4H52M,291.51,31.651854000,74.365208000,moving,on,"19/08/2026 10:46 AM","19/08/2026 11:00 AM",LWMC-WaTo,"Loader Rickshaw",2,Distance,5,1,-,-,-,-
149,23606,19/08/2026,LWMC,"Tehsil Office, Wahgha Town",LR-0888,"Door To Door Collection",10.811,1H59M,118.63,31.582562000,74.562540000,moving,on,"19/08/2026 08:47 AM","19/08/2026 09:00 AM",LWMC-WaTo,"Loader Rickshaw",2,Distance,5,-,-,-,-,-
150,61924,19/08/2026,LWMC,"Tehsil Office, Wahgha Town",LR-2456,"Door To Door Collection",61.609,4H39M,279.1,31.589549000,74.476468000,moving,on,"19/08/2026 10:57 AM","19/08/2026 11:00 AM",LWMC-WaTo,"Loader Rickshaw",2,Distance,5,1,-,-,-,-
151,23596,19/08/2026,LWMC,"Tehsil Office, Wahgha Town",LR-0825,"Door To Door Collection",19.463,1H53M,112.96,31.602171000,74.410701000,still,off,"19/08/2026 10:42 AM","19/08/2026 11:00 AM",LWMC-WaTo,"Loader Rickshaw",2,Distance,5,-,-,-,-,-
152,61909,19/08/2026,LWMC,"Tehsil Office, Wahgha Town",LR-1077,"Door To Door Collection",36.648,2H41M,160.61,31.592304000,74.466119000,still,off,"19/08/2026 10:56 AM","19/08/2026 11:00 AM",LWMC-WaTo,"Loader Rickshaw",2,Distance,5,1,-,-,-,-
153,25337,19/08/2026,LWMC,"Tehsil Office, Wahgha Town",LR-0376,"Door To Door Collection",23.039,5H6M,306.06,31.593347000,74.421733000,moving,on,"19/08/2026 10:48 AM","19/08/2026 11:00 AM",LWMC-WaTo,"Loader Rickshaw",2,Distance,5,1,-,-,-,-
154,61894,19/08/2026,LWMC,"Tehsil Office, Wahgha Town",LR-2948,"Door To Door Collection",17.283,3H49M,228.84,31.610852000,74.382723000,moving,on,"19/08/2026 10:58 AM","19/08/2026 11:00 AM",LWMC-WaTo,"Loader Rickshaw",2,Distance,5,1,-,-,-,-
155,59343,19/08/2026,LWMC,"Tehsil Office, Wahgha Town",LR-1534,"Door To Door Collection",26.8,4H31M,270.89,31.566167000,74.465940000,moving,on,"19/08/2026 10:51 AM","19/08/2026 11:00 AM",LWMC-WaTo,"Loader Rickshaw",2,Distance,5,1,-,-,-,-
156,60765,19/08/2026,LWMC,"Tehsil Office, Wahgha Town",LR-0097,"Door To Door Collection",22.869,1H24M,83.58,31.613906000,74.412783000,moving,on,"19/08/2026 11:00 AM","19/08/2026 11:00 AM",LWMC-WaTo,"Loader Rickshaw",2,Distance,5,-,-,-,-,-
157,61721,19/08/2026,LWMC,"Tehsil Office, Wahgha Town",LR-1282,"Door To Door Collection",24.214,1H23M,83.06,31.589214000,74.400512000,moving,on,"19/08/2026 10:49 AM","19/08/2026 11:00 AM",LWMC-WaTo,"Loader Rickshaw",2,Distance,5,-,-,-,-,-
158,61875,19/08/2026,LWMC,"Tehsil Office, Wahgha Town",LR-3074,"Door To Door Collection",23.155,4H42M,282.44,31.593853000,74.419645000,still,off,"19/08/2026 10:58 AM","19/08/2026 11:00 AM",LWMC-WaTo,"Loader Rickshaw",2,Distance,5,1,-,-,-,-
159,25340,19/08/2026,LWMC,"Tehsil Office, Wahgha Town",LR-0456,"Door To Door Collection",16.892,1H52M,112.23,31.609971000,74.381745000,moving,on,"19/08/2026 10:24 AM","19/08/2026 10:30 AM",LWMC-WaTo,"Loader Rickshaw",2,Distance,5,-,-,-,-,-
160,60905,19/08/2026,LWMC,"Tehsil Office, Aziz Bhatti Town",LR-1912,"Door To Door Collection",29.222,3H39M,219,31.563604000,74.397933000,moving,on,"19/08/2026 10:37 AM","19/08/2026 11:00 AM",LWMC-AzBT,"Loader Rickshaw",2,Distance,5,1,-,-,-,-
161,59491,19/08/2026,LWMC,"Tehsil Office, Aziz Bhatti Town",LR-2889,"Door To Door Collection",18.222,4H17M,257.46,31.580856000,74.406667000,still,off,"19/08/2026 10:13 AM","19/08/2026 11:00 AM",LWMC-AzBT,"Loader Rickshaw",2,Distance,5,1,-,-,-,-
162,59454,19/08/2026,LWMC,"Tehsil Office, Aziz Bhatti Town",LR-2890,"Door To Door Collection",32.128,4H59M,298.98,31.609337000,74.380544000,moving,on,"19/08/2026 10:59 AM","19/08/2026 11:00 AM",LWMC-AzBT,"Loader Rickshaw",2,Distance,5,1,-,-,-,-
163,60035,19/08/2026,LWMC,"Tehsil Office, Aziz Bhatti Town",LR-0713,"Door To Door Collection",21.378,1H52M,111.61,31.575134000,74.370531000,still,off,"19/08/2026 09:17 AM","19/08/2026 10:30 AM",LWMC-AzBT,"Loader Rickshaw",2,Distance,5,-,-,-,-,-
164,60225,19/08/2026,LWMC,"Tehsil Office, Aziz Bhatti Town",LR-2383,"Door To Door Collection",27.656,1H47M,107.41,31.608446000,74.390810000,moving,on,"19/08/2026 10:56 AM","19/08/2026 11:00 AM",LWMC-AzBT,"Loader Rickshaw",2,Distance,5,-,-,-,-,-
165,60906,19/08/2026,LWMC,"Tehsil Office, Aziz Bhatti Town",LR-1096,"Door To Door Collection",16.262,1H7M,67.31,31.552354000,74.413709000,moving,on,"19/08/2026 10:07 AM","19/08/2026 11:00 AM",LWMC-AzBT,"Loader Rickshaw",2,Distance,5,-,-,-,-,-
166,59405,19/08/2026,LWMC,"Tehsil Office, Aziz Bhatti Town",LR-0736,"Door To Door Collection",13.029,4H24M,263.68,31.582249000,74.395605000,moving,on,"19/08/2026 09:58 AM","19/08/2026 10:00 AM",LWMC-AzBT,"Loader Rickshaw",2,Distance,5,1,-,-,-,-
167,60101,19/08/2026,LWMC,"Tehsil Office, Aziz Bhatti Town",LR-1949,"Door To Door Collection",28.393,1H55M,114.84,31.585754000,74.408351000,moving,on,"19/08/2026 10:48 AM","19/08/2026 11:00 AM",LWMC-AzBT,"Loader Rickshaw",2,Distance,5,-,-,-,-,-
168,59485,19/08/2026,LWMC,"Tehsil Office, Aziz Bhatti Town",LR-1904,"Door To Door Collection",20.151,1H54M,113.65,31.564201000,74.421698000,moving,on,"19/08/2026 10:59 AM","19/08/2026 11:00 AM",LWMC-AzBT,"Loader Rickshaw",2,Distance,5,-,-,-,-,-
169,59487,19/08/2026,LWMC,"Tehsil Office, Aziz Bhatti Town",LR-1385,"Door To Door Collection",37.497,2H55M,175.26,31.572391000,74.401716000,moving,on,"19/08/2026 10:56 AM","19/08/2026 11:00 AM",LWMC-AzBT,"Loader Rickshaw",2,Distance,5,1,-,-,-,-
170,59494,19/08/2026,LWMC,"Tehsil Office, Aziz Bhatti Town",LR-1393,"Door To Door Collection",38.175,4H55M,295.18,31.547458000,74.418360000,still,off,"19/08/2026 10:57 AM","19/08/2026 11:00 AM",LWMC-AzBT,"Loader Rickshaw",2,Distance,5,1,-,-,-,-
171,59344,19/08/2026,LWMC,"Tehsil Office, Aziz Bhatti Town",LR-1962,"Door To Door Collection",20.337,1H14M,74.46,31.575267000,74.394385000,moving,on,"19/08/2026 10:31 AM","19/08/2026 11:00 AM",LWMC-AzBT,"Loader Rickshaw",2,Distance,5,-,-,-,-,-
172,59392,19/08/2026,LWMC,"Tehsil Office, Aziz Bhatti Town",LR-0330,"Door To Door Collection",8.082,0H26M,26.48,31.558409000,74.418649000,moving,on,"19/08/2026 06:00 AM","19/08/2026 07:00 AM",LWMC-AzBT,"Loader Rickshaw",2,Distance,5,-,-,-,-,-
173,60306,19/08/2026,LWMC,"Tehsil Office, Aziz Bhatti Town",LR-1643,"Door To Door Collection",15.42,1H24M,84.43,31.548973000,74.401639000,moving,on,"19/08/2026 11:00 AM","19/08/2026 11:00 AM",LWMC-AzBT,"Loader Rickshaw",2,Distance,5,-,-,-,-,-
174,60188,19/08/2026,LWMC,"Tehsil Office, Aziz Bhatti Town",LR-0728,"Door To Door Collection",34.336,2H12M,132.06,31.576166000,74.391809000,moving,on,"19/08/2026 10:44 AM","19/08/2026 11:00 AM",LWMC-AzBT,"Loader Rickshaw",2,Distance,5,1,-,-,-,-
175,59630,19/08/2026,LWMC,"Tehsil Office, Aziz Bhatti Town",LR-1957,"Door To Door Collection",21.085,1H56M,115.65,31.575682000,74.368749000,moving,on,"19/08/2026 10:53 AM","19/08/2026 11:00 AM",LWMC-AzBT,"Loader Rickshaw",2,Distance,5,-,-,-,-,-
176,59319,19/08/2026,LWMC,"Tehsil Office, Aziz Bhatti Town",LR-1921,"Door To Door Collection",34.089,2H5M,124.63,31.568693000,74.392057000,still,off,"19/08/2026 10:57 AM","19/08/2026 11:00 AM",LWMC-AzBT,"Loader Rickshaw",2,Distance,5,1,-,-,-,-
177,60193,19/08/2026,LWMC,"Tehsil Office, Aziz Bhatti Town",LR-0735,"Door To Door Collection",20.513,4H12M,251.66,31.577239000,74.394847000,moving,on,"19/08/2026 10:40 AM","19/08/2026 11:00 AM",LWMC-AzBT,"Loader Rickshaw",2,Distance,5,1,-,-,-,-
178,59367,19/08/2026,LWMC,"Tehsil Office, Aziz Bhatti Town",LR-1121,"Door To Door Collection",38.924,2H5M,124.73,31.608660000,74.380248000,moving,on,"19/08/2026 11:00 AM","19/08/2026 11:00 AM",LWMC-AzBT,"Loader Rickshaw",2,Distance,5,1,-,-,-,-
179,19867,19/08/2026,LWMC,"Tehsil Office, Nishter Town",M-95,"Bulk Waste Collection",35.419,2H27M,147.19,31.319257000,74.436049000,moving,on,"19/08/2026 10:58 AM","19/08/2026 11:00 AM",LWMC-NiTo,"Mini Dumper",2,Distance,5,1,-,-,-,-
180,60668,19/08/2026,LWMC,"Tehsil Office, Nishter Town",LR-2711,"Door To Door Collection",18.488,0H58M,58.45,31.456644000,74.337788000,moving,on,"19/08/2026 11:00 AM","19/08/2026 11:00 AM",LWMC-NiTo,"Loader Rickshaw",2,Distance,5,-,-,-,-,-
181,60713,19/08/2026,LWMC,"Tehsil Office, Nishter Town",LR-1874,"Door To Door Collection",13.622,1H12M,72.18,31.451150000,74.344740000,still,off,"19/08/2026 10:58 AM","19/08/2026 11:00 AM",LWMC-NiTo,"Loader Rickshaw",2,Distance,5,-,-,-,-,-
182,60450,19/08/2026,LWMC,"Tehsil Office, Nishter Town",LR-2846,"Door To Door Collection",13.75,2H35M,154.98,31.414679000,74.364702000,moving,on,"19/08/2026 09:53 AM","19/08/2026 11:00 AM",LWMC-NiTo,"Loader Rickshaw",2,Distance,5,1,-,-,-,-
183,-,19/08/2026,LWMC,"Tehsil Office, Nishter Town",LR-0719,-,24.987,1H52M,111.53,31.565199000,74.381978000,still,off,"19/08/2026 10:52 AM","19/08/2026 11:00 AM",LWMC-NiTo,-,-,-,-,-,-,-,-,-
184,60570,19/08/2026,LWMC,"Tehsil Office, Nishter Town",LR-3047,"Door To Door Collection",19.436,4H40M,279.6,31.448912000,74.368339000,still,off,"19/08/2026 10:57 AM","19/08/2026 11:00 AM",LWMC-NiTo,"Loader Rickshaw",2,Distance,5,1,-,-,-,-
185,-,19/08/2026,LWMC,"Tehsil Office, Nishter Town",LR-2214,-,3.709,2H25M,144.71,31.449036000,74.311298000,still,off,"19/08/2026 08:02 AM","19/08/2026 08:30 AM",LWMC-NiTo,-,-,-,-,-,-,-,-,-
186,61034,19/08/2026,LWMC,"Tehsil Office, Nishter Town",LR-0176,"Door To Door Collection",9.823,1H6M,66.25,31.366036000,74.375045000,moving,on,"19/08/2026 10:53 AM","19/08/2026 11:00 AM",LWMC-NiTo,"Loader Rickshaw",2,Distance,5,-,-,-,-,-
187,60846,19/08/2026,LWMC,"Tehsil Office, Nishter Town",LR-2215,"Door To Door Collection",19.809,3H60M,239.88,31.442003000,74.347612000,moving,on,"19/08/2026 10:57 AM","19/08/2026 11:00 AM",LWMC-NiTo,"Loader Rickshaw",2,Distance,5,1,-,-,-,-
188,19875,19/08/2026,LWMC,"Tehsil Office, Nishter Town",M-107,"Bulk Waste Collection",23.47,1H47M,106.76,31.450399000,74.347284000,still,off,"19/08/2026 10:57 AM","19/08/2026 11:00 AM",LWMC-NiTo,"Mini Dumper",2,Distance,5,-,-,-,-,-
189,18394,19/08/2026,LWMC,"Tehsil Office, Nishter Town",A-59-LEG-3704,"Container-Based Collection",60.5,3H39M,219.43,31.447852000,74.438404000,still,off,"19/08/2026 09:46 AM","19/08/2026 10:30 AM",LWMC-NiTo,"Arm Roll Truck",3,Distance,10,1,-,-,-,-
190,-,19/08/2026,LWMC,"Tehsil Office, Nishter Town",LR-101,-,8.573,2H38M,158.31,31.414661000,74.369495000,moving,on,"19/08/2026 08:28 AM","19/08/2026 08:30 AM",LWMC-NiTo,-,-,-,-,-,-,-,-,-
191,61760,19/08/2026,LWMC,"Tehsil Office, Nishter Town",LR-0104,"Door To Door Collection",16.457,4H8M,248.4,31.445454000,74.374276000,still,off,"19/08/2026 10:58 AM","19/08/2026 11:00 AM",LWMC-NiTo,"Loader Rickshaw",2,Distance,5,1,-,-,-,-
192,60063,19/08/2026,LWMC,"Tehsil Office, Allama Iqbal Town",LR-2916,"Door To Door Collection",12.797,4H4M,243.61,31.473953000,74.241241000,still,off,"19/08/2026 10:56 AM","19/08/2026 11:00 AM",LWMC-AlIT,"Loader Rickshaw",2,Distance,5,1,-,-,-,-
193,22810,19/08/2026,LWMC,"Tehsil Office, Allama Iqbal Town",LR-0232,"Door To Door Collection",5.988,0H24M,24.05,31.493405000,74.257603000,moving,on,"19/08/2026 09:21 AM","19/08/2026 09:30 AM",LWMC-AlIT,"Loader Rickshaw",2,Distance,5,-,-,-,-,-
194,59927,19/08/2026,LWMC,"Tehsil Office, Allama Iqbal Town",LR-2637,"Door To Door Collection",20.159,3H27M,207.4,31.482672000,74.285954000,moving,on,"19/08/2026 10:58 AM","19/08/2026 11:00 AM",LWMC-AlIT,"Loader Rickshaw",2,Distance,5,1,-,-,-,-
195,22912,19/08/2026,LWMC,"Tehsil Office, Allama Iqbal Town",LR-0601,"Door To Door Collection",30.767,2H7M,126.95,31.447087000,74.275509000,moving,on,"19/08/2026 10:50 AM","19/08/2026 11:00 AM",LWMC-AlIT,"Loader Rickshaw",2,Distance,5,1,-,-,-,-
196,22824,19/08/2026,LWMC,"Tehsil Office, Allama Iqbal Town",LR-0204,"Door To Door Collection",30.977,2H9M,129.48,31.461478000,74.285403000,moving,on,"19/08/2026 10:59 AM","19/08/2026 11:00 AM",LWMC-AlIT,"Loader Rickshaw",2,Distance,5,1,-,-,-,-
197,22811,19/08/2026,LWMC,"Tehsil Office, Allama Iqbal Town",LR-0233,"Door To Door Collection",26.192,2H47M,166.88,31.486960000,74.257638000,moving,on,"19/08/2026 10:45 AM","19/08/2026 11:00 AM",LWMC-AlIT,"Loader Rickshaw",2,Distance,5,1,-,-,-,-
198,-,19/08/2026,LWMC,"Tehsil Office, Allama Iqbal Town",LR-2969,-,16.472,1H45M,104.78,31.365359000,74.367106000,moving,on,"19/08/2026 10:59 AM","19/08/2026 11:00 AM",LWMC-AlIT,-,-,-,-,-,-,-,-,-
199,59898,19/08/2026,LWMC,"Tehsil Office, Allama Iqbal Town",LR-2622,"Door To Door Collection",16.044,1H15M,74.75,31.528779000,74.271298000,moving,on,"19/08/2026 09:18 AM","19/08/2026 10:00 AM",LWMC-AlIT,"Loader Rickshaw",2,Distance,5,-,-,-,-,-
200,59907,19/08/2026,LWMC,"Tehsil Office, Allama Iqbal Town",LR-2626,"Door To Door Collection",31.52,4H5M,244.58,31.479330000,74.247299000,moving,on,"19/08/2026 10:59 AM","19/08/2026 11:00 AM",LWMC-AlIT,"Loader Rickshaw",2,Distance,5,1,-,-,-,-
201,22833,19/08/2026,LWMC,"Tehsil Office, Allama Iqbal Town",LR-0272,"Door To Door Collection",20.169,5H7M,306.51,31.472003000,74.240943000,moving,on,"19/08/2026 11:00 AM","19/08/2026 11:00 AM",LWMC-AlIT,"Loader Rickshaw",2,Distance,5,1,-,-,-,-
202,59961,19/08/2026,LWMC,"Tehsil Office, Allama Iqbal Town",LR-2729,"Door To Door Collection",14.054,4H5M,244.78,31.429927000,74.274704000,moving,on,"19/08/2026 10:45 AM","19/08/2026 11:00 AM",LWMC-AlIT,"Loader Rickshaw",2,Distance,5,1,-,-,-,-
203,22812,19/08/2026,LWMC,"Tehsil Office, Allama Iqbal Town",LR-0234,"Door To Door Collection",32.601,2H32M,151.86,31.490425000,74.250975000,still,off,"19/08/2026 10:58 AM","19/08/2026 11:00 AM",LWMC-AlIT,"Loader Rickshaw",2,Distance,5,1,-,-,-,-
204,22941,19/08/2026,LWMC,"Tehsil Office, Allama Iqbal Town",LR-0846,"Door To Door Collection",16.322,3H38M,217.91,31.477235000,74.298853000,still,off,"19/08/2026 10:53 AM","19/08/2026 11:00 AM",LWMC-AlIT,"Loader Rickshaw",2,Distance,5,1,-,-,-,-
205,59930,19/08/2026,LWMC,"Tehsil Office, Allama Iqbal Town",LR-2640,"Door To Door Collection",36.669,4H15M,254.94,31.464734000,74.224952000,moving,on,"19/08/2026 10:46 AM","19/08/2026 11:00 AM",LWMC-AlIT,"Loader Rickshaw",2,Distance,5,1,-,-,-,-
206,22783,19/08/2026,LWMC,"Tehsil Office, Allama Iqbal Town",LR-0046,"Door To Door Collection",19.064,8H19M,498.83,31.528976000,74.275938000,still,off,"19/08/2026 10:44 AM","19/08/2026 11:00 AM",LWMC-AlIT,"Loader Rickshaw",2,Distance,5,1,-,-,-,-
207,59718,19/08/2026,LWMC,"Tehsil Office, Allama Iqbal Town",LR-1443,"Door To Door Collection",27.738,3H40M,220.06,31.468858000,74.253987000,moving,on,"19/08/2026 10:49 AM","19/08/2026 11:00 AM",LWMC-AlIT,"Loader Rickshaw",2,Distance,5,1,-,-,-,-
208,59747,19/08/2026,LWMC,"Tehsil Office, Allama Iqbal Town",LR-1542,"Door To Door Collection",18.107,1H4M,63.85,31.535148000,74.263844000,moving,on,"19/08/2026 10:38 AM","19/08/2026 11:00 AM",LWMC-AlIT,"Loader Rickshaw",2,Distance,5,-,-,-,-,-
209,22895,19/08/2026,LWMC,"Tehsil Office, Allama Iqbal Town",LR-0538,"Door To Door Collection",21.635,1H28M,87.5,31.472522000,74.282544000,moving,on,"19/08/2026 11:00 AM","19/08/2026 11:00 AM",LWMC-AlIT,"Loader Rickshaw",2,Distance,5,-,-,-,-,-
210,22778,19/08/2026,LWMC,"Tehsil Office, Allama Iqbal Town",LR-0041,"Door To Door Collection",20.838,4H2M,241.76,31.525289000,74.265613000,still,off,"19/08/2026 10:36 AM","19/08/2026 11:00 AM",LWMC-AlIT,"Loader Rickshaw",2,Distance,5,1,-,-,-,-
211,60245,19/08/2026,LWMC,"Tehsil Office, Allama Iqbal Town",LR-1030,"Door To Door Collection",35.693,5H13M,313.16,31.326523000,74.294914000,moving,on,"19/08/2026 10:51 AM","19/08/2026 11:00 AM",LWMC-AlIT,"Loader Rickshaw",2,Distance,5,1,-,-,-,-
212,60418,19/08/2026,LWMC,"Tehsil Office, Allama Iqbal Town",LR-1512,"Door To Door Collection",43.526,2H19M,138.65,31.334760000,74.172645000,still,off,"19/08/2026 10:50 AM","19/08/2026 11:00 AM",LWMC-AlIT,"Loader Rickshaw",2,Distance,5,1,-,-,-,-
213,61323,19/08/2026,LWMC,"Tehsil Office, Allama Iqbal Town",LR-0049,"Door To Door Collection",25.014,1H39M,98.79,31.512924000,74.265262000,moving,on,"19/08/2026 10:43 AM","19/08/2026 11:00 AM",LWMC-AlIT,"Loader Rickshaw",2,Distance,5,-,-,-,-,-
214,22826,19/08/2026,LWMC,"Tehsil Office, Allama Iqbal Town",LR-0206,"Door To Door Collection",28.634,2H11M,130.88,31.457398000,74.291745000,moving,on,"19/08/2026 10:42 AM","19/08/2026 11:00 AM",LWMC-AlIT,"Loader Rickshaw",2,Distance,5,1,-,-,-,-
215,22991,19/08/2026,LWMC,"Tehsil Office, Allama Iqbal Town",LR-1110,"Door To Door Collection",6.268,4H37M,277.36,31.258335000,74.217542000,still,off,"19/08/2026 09:29 AM","19/08/2026 11:00 AM",LWMC-AlIT,"Loader Rickshaw",2,Distance,5,1,-,-,-,-
216,59794,19/08/2026,LWMC,"Tehsil Office, Allama Iqbal Town",LR-1721,"Door To Door Collection",38.678,5H11M,311.11,31.478808000,74.216597000,still,off,"19/08/2026 10:58 AM","19/08/2026 11:00 AM",LWMC-AlIT,"Loader Rickshaw",2,Distance,5,1,-,-,-,-
217,19655,19/08/2026,LWMC,"Tehsil Office, Allama Iqbal Town",M-34,"Bulk Waste Collection",40.13,3H41M,220.68,31.442262000,74.275656000,moving,on,"19/08/2026 10:58 AM","19/08/2026 11:00 AM",LWMC-AlIT,"Mini Dumper",2,Distance,5,1,-,-,-,-
218,59949,19/08/2026,LWMC,"Tehsil Office, Allama Iqbal Town",LR-2650,"Door To Door Collection",15.372,3H28M,207.86,31.401695000,74.265728000,still,off,"19/08/2026 10:56 AM","19/08/2026 11:00 AM",LWMC-AlIT,"Loader Rickshaw",2,Distance,5,1,-,-,-,-
219,22896,19/08/2026,LWMC,"Tehsil Office, Allama Iqbal Town",LR-0539,"Door To Door Collection",16.785,1H17M,76.54,31.473896000,74.284599000,moving,on,"19/08/2026 10:57 AM","19/08/2026 11:00 AM",LWMC-AlIT,"Loader Rickshaw",2,Distance,5,-,-,-,-,-
220,60023,19/08/2026,LWMC,"Tehsil Office, Allama Iqbal Town",LR-2758,"Door To Door Collection",20.483,2H40M,160.4,31.484420000,74.237193000,moving,on,"19/08/2026 10:24 AM","19/08/2026 10:30 AM",LWMC-AlIT,"Loader Rickshaw",2,Distance,5,1,-,-,-,-
221,61522,19/08/2026,LWMC,"Tehsil Office, Shalimar Town",LR-2942,"Door To Door Collection",15.028,2H21M,141.23,31.587130000,74.365837000,still,off,"19/08/2026 10:57 AM","19/08/2026 11:00 AM",LWMC-ShTo,"Loader Rickshaw",-,-,-,-,-,-,-,-
222,19440,19/08/2026,LWMC,"Tehsil Office, Shalimar Town",R-41,"Door To Door Collection",17.135,1H39M,99.41,31.573425000,74.287517000,moving,on,"19/08/2026 10:48 AM","19/08/2026 11:00 AM",LWMC-ShTo,"Loader Rickshaw",-,-,-,-,-,-,-,-
223,61631,19/08/2026,LWMC,"Tehsil Office, Shalimar Town",LR-2791,"Door To Door Collection",12.73,4H38M,277.64,31.602303000,74.341630000,still,off,"19/08/2026 10:58 AM","19/08/2026 11:00 AM",LWMC-ShTo,"Loader Rickshaw",-,-,-,-,-,-,-,-
224,-,19/08/2026,LWMC,"Tehsil Office, Shalimar Town",LR-2085,-,20.66,4H60M,299.6,31.609690000,74.381497000,still,off,"19/08/2026 10:57 AM","19/08/2026 11:00 AM",LWMC-ShTo,-,-,-,-,-,-,-,-,-
225,23343,19/08/2026,LWMC,"Tehsil Office, Shalimar Town",LR-1203,"Door To Door Collection",10.024,2H27M,146.61,31.593005000,74.355983000,still,off,"19/08/2026 09:49 AM","19/08/2026 10:00 AM",LWMC-ShTo,"Loader Rickshaw",-,-,-,-,-,-,-,-
226,59636,19/08/2026,LWMC,"Tehsil Office, Shalimar Town",LR-2946,"Door To Door Collection",11.011,2H38M,157.53,31.591453000,74.365299000,still,off,"19/08/2026 10:31 AM","19/08/2026 11:00 AM",LWMC-ShTo,"Loader Rickshaw",-,-,-,-,-,-,-,-
227,23351,19/08/2026,LWMC,"Tehsil Office, Shalimar Town",LR-1211,"Door To Door Collection",20.1,6H5M,365.13,31.579613000,74.395408000,moving,on,"19/08/2026 10:51 AM","19/08/2026 11:00 AM",LWMC-ShTo,"Loader Rickshaw",-,-,-,-,-,-,-,-
228,23344,19/08/2026,LWMC,"Tehsil Office, Shalimar Town",LR-1204,"Door To Door Collection",15.221,2H23M,142.68,31.592543000,74.357160000,still,off,"19/08/2026 10:57 AM","19/08/2026 11:00 AM",LWMC-ShTo,"Loader Rickshaw",-,-,-,-,-,-,-,-
229,60832,19/08/2026,LWMC,"Tehsil Office, Shalimar Town",S-325,"Door To Door Collection",17.706,2H3M,123.03,31.600822000,74.357963000,still,off,"19/08/2026 10:59 AM","19/08/2026 11:00 AM",LWMC-ShTo,"Mini Dumper",-,-,-,-,-,-,-,-
230,25300,19/08/2026,LWMC,"Tehsil Office, Shalimar Town",LR-0673,"Door To Door Collection",7.732,0H37M,36.53,31.582908000,74.378034000,moving,on,"19/08/2026 06:31 AM","19/08/2026 07:00 AM",LWMC-ShTo,"Loader Rickshaw",-,-,-,-,-,-,-,-
231,22520,19/08/2026,LWMC,"Tehsil Office, Gulberg Town",LR-1143,"Door To Door Collection",28.108,3H60M,239.53,31.566420000,74.338673000,moving,on,"19/08/2026 10:59 AM","19/08/2026 11:00 AM",LWMC-GuTo,"Loader Rickshaw",2,Distance,5,1,-,-,-,-
232,-,19/08/2026,LWMC,"Tehsil Office, Gulberg Town",LR-3113,-,8.822,1H43M,103.18,31.365121000,74.372564000,still,off,"19/08/2026 10:57 AM","19/08/2026 11:00 AM",LWMC-GuTo,-,-,-,-,-,-,-,-,-
233,22531,19/08/2026,LWMC,"Tehsil Office, Gulberg Town",LR-0984,"Door To Door Collection",9.906,5H22M,321.93,31.524161000,74.344222000,still,off,"19/08/2026 10:56 AM","19/08/2026 11:00 AM",LWMC-GuTo,"Loader Rickshaw",2,Distance,5,1,-,-,-,-
234,61278,19/08/2026,LWMC,"Tehsil Office, Gulberg Town",LR-3060,"Door To Door Collection",18.757,2H32M,152.31,31.463680000,74.337796000,still,off,"19/08/2026 10:58 AM","19/08/2026 11:00 AM",LWMC-GuTo,"Loader Rickshaw",2,Distance,5,1,-,-,-,-
235,-,19/08/2026,LWMC,"Tehsil Office, Gulberg Town",LR-3098,-,19.186,3H10M,189.84,31.451762000,74.371593000,moving,on,"19/08/2026 10:50 AM","19/08/2026 11:00 AM",LWMC-GuTo,-,-,-,-,-,-,-,-,-
236,22576,19/08/2026,LWMC,"Tehsil Office, Gulberg Town",LR-0633,"Door To Door Collection",27.908,3H8M,187.76,31.458982000,74.339097000,moving,on,"19/08/2026 10:59 AM","19/08/2026 11:00 AM",LWMC-GuTo,"Loader Rickshaw",2,Distance,5,1,-,-,-,-
237,61144,19/08/2026,LWMC,"Tehsil Office, Gulberg Town",LR-1573,"Door To Door Collection",16.176,2H43M,163,31.511930000,74.343676000,still,off,"19/08/2026 10:07 AM","19/08/2026 11:00 AM",LWMC-GuTo,"Loader Rickshaw",2,Distance,5,1,-,-,-,-
238,22528,19/08/2026,LWMC,"Tehsil Office, Gulberg Town",LR-0981,"Door To Door Collection",9.471,0H48M,48.06,31.525654000,74.342403000,moving,on,"19/08/2026 10:32 AM","19/08/2026 11:00 AM",LWMC-GuTo,"Loader Rickshaw",2,Distance,5,-,-,-,-,-
239,61156,19/08/2026,LWMC,"Tehsil Office, Gulberg Town",LR-1707,"Door To Door Collection",8.009,4H13M,252.98,31.527248000,74.357662000,moving,on,"19/08/2026 10:48 AM","19/08/2026 11:00 AM",LWMC-GuTo,"Loader Rickshaw",2,Distance,5,1,-,-,-,-
240,61142,19/08/2026,LWMC,"Tehsil Office, Gulberg Town",LR-2568,"Door To Door Collection",11.235,1H36M,96.18,31.530627000,74.340451000,moving,on,"19/08/2026 10:50 AM","19/08/2026 11:00 AM",LWMC-GuTo,"Loader Rickshaw",2,Distance,5,-,-,-,-,-
241,22575,19/08/2026,LWMC,"Tehsil Office, Gulberg Town",LR-0619,"Door To Door Collection",19.155,1H32M,92.34,31.456728000,74.337792000,moving,on,"19/08/2026 10:50 AM","19/08/2026 11:00 AM",LWMC-GuTo,"Loader Rickshaw",2,Distance,5,-,-,-,-,-
242,22523,19/08/2026,LWMC,"Tehsil Office, Gulberg Town",LR-1137,"Door To Door Collection",11.825,5H3M,302.89,31.504015000,74.331983000,moving,on,"19/08/2026 10:59 AM","19/08/2026 11:00 AM",LWMC-GuTo,"Loader Rickshaw",2,Distance,5,1,-,-,-,-
243,61223,19/08/2026,LWMC,"Tehsil Office, Gulberg Town",LR-1942,"Door To Door Collection",22.207,4H49M,289.23,31.454307000,74.335647000,moving,on,"19/08/2026 10:26 AM","19/08/2026 10:30 AM",LWMC-GuTo,"Loader Rickshaw",2,Distance,5,1,-,-,-,-
244,-,19/08/2026,LWMC,"Tehsil Office, Data Gunj Baksh Town",LR-1312,-,15.001,5H11M,310.75,31.573159000,74.291764000,moving,on,"19/08/2026 10:54 AM","19/08/2026 11:00 AM",LWMC-DaGB,-,-,-,-,-,-,-,-,-
245,61212,19/08/2026,LWMC,"Tehsil Office, Data Gunj Baksh Town",LR-1430,"Door To Door Collection",12.748,4H59M,299.31,31.591161000,74.301259000,still,off,"19/08/2026 10:57 AM","19/08/2026 11:00 AM",LWMC-DaGB,"Loader Rickshaw",2,Distance,5,1,-,-,-,-
246,19749,19/08/2026,LWMC,"Tehsil Office, Data Gunj Baksh Town",S-40,"Bulk Waste Collection",18.155,1H37M,96.88,31.550820000,74.314373000,still,off,"19/08/2026 10:50 AM","19/08/2026 11:00 AM",LWMC-DaGB,"Mini Dumper",2,Distance,5,-,-,-,-,-
247,62122,19/08/2026,LWMC,"Tehsil Office, Data Gunj Baksh Town",LR-1424,"Door To Door Collection",15.03,1H39M,99.26,31.578111000,74.289519000,moving,on,"19/08/2026 11:00 AM","19/08/2026 11:00 AM",LWMC-DaGB,"Loader Rickshaw",2,Distance,5,-,-,-,-,-
248,-,19/08/2026,LWMC,"Tehsil Office, Data Gunj Baksh Town",LR-2802,-,10.728,0H34M,34.43,31.555099000,74.286232000,moving,on,"19/08/2026 10:56 AM","19/08/2026 11:00 AM",LWMC-DaGB,-,-,-,-,-,-,-,-,-
249,60873,19/08/2026,LWMC,"Tehsil Office, Data Gunj Baksh Town",MFL-78,"Bulk Waste Collection",14.703,1H52M,111.59,31.551459000,74.327191000,moving,on,"19/08/2026 10:32 AM","19/08/2026 11:00 AM",LWMC-DaGB,"Tractor Loader",3,Ignition,-,-,-,-,-,-
250,-,19/08/2026,LWMC,"Tehsil Office, Data Gunj Baksh Town",LR-3091,-,11.261,1H1M,60.79,31.562742000,74.287990000,moving,on,"19/08/2026 10:56 AM","19/08/2026 11:00 AM",LWMC-DaGB,-,-,-,-,-,-,-,-,-
251,19081,19/08/2026,LWMC,"Tehsil Office, Data Gunj Baksh Town",R-39,"Bulk Waste Collection",14.597,1H26M,86.11,31.537640000,74.329993000,moving,on,"19/08/2026 11:00 AM","19/08/2026 11:00 AM",LWMC-DaGB,"Rickshaw Shower",2,Distance,5,-,-,-,-,-
252,62076,19/08/2026,LWMC,"Tehsil Office, Data Gunj Baksh Town",LR-1477,"Door To Door Collection",8.759,3H45M,225.21,31.571516000,74.295406000,moving,on,"19/08/2026 10:56 AM","19/08/2026 11:00 AM",LWMC-DaGB,"Loader Rickshaw",2,Distance,5,1,-,-,-,-
253,59755,19/08/2026,LWMC,"Tehsil Office, Samnabad Town",C-724,"Container-Based Collection",76.782,4H6M,246.26,31.543715000,74.294227000,moving,on,"19/08/2026 10:59 AM","19/08/2026 11:00 AM",LWMC-SaTo,"Compactor (7CM)",3,Distance,10,1,-,-,-,-
254,41321,19/08/2026,LWMC,"Tehsil Office, Samnabad Town",LR-1873,"Door To Door Collection",23.187,5H18M,317.91,31.554280000,74.268574000,moving,on,"19/08/2026 10:49 AM","19/08/2026 11:00 AM",LWMC-SaTo,"Loader Rickshaw",2,Distance,5,1,-,-,-,-
255,40351,19/08/2026,LWMC,"Tehsil Office, Samnabad Town",LR-0959,"Door To Door Collection",24.152,3H53M,232.51,31.525809000,74.319389000,still,off,"19/08/2026 10:51 AM","19/08/2026 11:00 AM",LWMC-SaTo,"Loader Rickshaw",2,Distance,5,1,-,-,-,-
256,60820,19/08/2026,LWMC,"Tehsil Office, Samnabad Town",LR-0817,"Door To Door Collection",38.97,5H20M,319.64,31.540542000,74.272957000,still,off,"19/08/2026 10:55 AM","19/08/2026 11:00 AM",LWMC-SaTo,"Loader Rickshaw",2,Distance,5,1,-,-,-,-
257,40350,19/08/2026,LWMC,"Tehsil Office, Samnabad Town",LR-0958,"Door To Door Collection",25.566,3H8M,187.91,31.520581000,74.317304000,moving,on,"19/08/2026 10:58 AM","19/08/2026 11:00 AM",LWMC-SaTo,"Loader Rickshaw",2,Distance,5,1,-,-,-,-
258,60408,19/08/2026,LWMC,"Tehsil Office, Samnabad Town",S-278,"Bulk Waste Collection",43.62,2H44M,164.31,31.533380000,74.302637000,still,off,"19/08/2026 10:46 AM","19/08/2026 11:00 AM",LWMC-SaTo,"Mini Dumper",2,Distance,5,1,-,-,-,-
259,40328,19/08/2026,LWMC,"Tehsil Office, Samnabad Town",LR-0975,"Door To Door Collection",20.167,2H22M,142.41,31.519757000,74.288634000,moving,on,"19/08/2026 10:11 AM","19/08/2026 10:30 AM",LWMC-SaTo,"Loader Rickshaw",2,Distance,5,1,-,-,-,-
260,41331,19/08/2026,LWMC,"Tehsil Office, Samnabad Town",LR-2181,"Door To Door Collection",40.615,2H23M,142.81,31.541281000,74.286281000,moving,on,"19/08/2026 10:55 AM","19/08/2026 11:00 AM",LWMC-SaTo,"Loader Rickshaw",2,Distance,5,1,-,-,-,-
261,19918,19/08/2026,LWMC,"Tehsil Office, Ravi Town",M-46,"Bulk Waste Collection",44.746,2H30M,149.91,31.656160000,74.282416000,moving,on,"19/08/2026 10:57 AM","19/08/2026 11:00 AM",LWMC-RaTo,"Mini Dumper",2,Distance,5,1,-,-,-,-
262,61939,19/08/2026,LWMC,"Tehsil Office, Ravi Town",LR-2131,"Door To Door Collection",25.237,1H38M,98.4,31.592562000,74.258023000,moving,on,"19/08/2026 11:00 AM","19/08/2026 11:00 AM",LWMC-RaTo,"Loader Rickshaw",2,Distance,5,-,-,-,-,-
263,61941,19/08/2026,LWMC,"Tehsil Office, Ravi Town",LR-2125,"Door To Door Collection",17.078,1H30M,90.18,31.627044000,74.289419000,moving,on,"19/08/2026 10:58 AM","19/08/2026 11:00 AM",LWMC-RaTo,"Loader Rickshaw",2,Distance,5,-,-,-,-,-
264,19261,19/08/2026,LWMC,"Tehsil Office, Ravi Town",LEG-1685,"Bulk Waste Collection",11.851,2H13M,132.98,31.602478000,74.309008000,still,off,"19/08/2026 07:26 AM","19/08/2026 11:00 AM",LWMC-RaTo,"Loader Rickshaw",2,Distance,5,1,-,-,-,-
265,19343,19/08/2026,LWMC,"Tehsil Office, Ravi Town",FTL-26,"Bulk Waste Collection",14.577,1H19M,79.13,31.601422000,74.308682000,moving,on,"19/08/2026 10:58 AM","19/08/2026 11:00 AM",LWMC-RaTo,"Loader Rickshaw",2,Distance,5,-,-,-,-,-
266,61642,19/08/2026,LWMC,"Tehsil Office, Ravi Town",T-74,"Bulk Waste Collection",14.266,2H51M,171.09,31.582592000,74.290541000,moving,on,"19/08/2026 10:57 AM","19/08/2026 11:00 AM",LWMC-RaTo,"Tractor Trolley",2,Distance,10,1,-,-,-,-
267,-,19/08/2026,LWMC,"Tehsil Office, Ravi Town",LR-0441,-,20.819,1H21M,80.7,31.403889000,74.266978000,still,off,"19/08/2026 10:55 AM","19/08/2026 11:00 AM",LWMC-RaTo,-,-,-,-,-,-,-,-,-
268,61373,19/08/2026,LWMC,"Tehsil Office, Ravi Town",LR-0061,"Door To Door Collection",13.153,3H21M,201.19,31.600499000,74.329808000,still,off,"19/08/2026 10:37 AM","19/08/2026 11:00 AM",LWMC-RaTo,"Loader Rickshaw",2,Distance,5,1,-,-,-,-
269,23456,19/08/2026,LWMC,"Tehsil Office, Ravi Town",LR-0559,"Door To Door Collection",20.23,4H5M,244.86,31.617212000,74.288170000,moving,on,"19/08/2026 10:30 AM","19/08/2026 11:00 AM",LWMC-RaTo,"Loader Rickshaw",2,Distance,5,1,-,-,-,-
270,61637,19/08/2026,LWMC,"Tehsil Office, Ravi Town",T-65,"Bulk Waste Collection",14.877,2H56M,175.53,31.582095000,74.290272000,moving,on,"19/08/2026 10:58 AM","19/08/2026 11:00 AM",LWMC-RaTo,"Tractor Trolley",2,Distance,10,1,-,-,-,-
271,23443,19/08/2026,LWMC,"Tehsil Office, Ravi Town",LR-0095,"Door To Door Collection",29.965,2H44M,163.69,31.582907000,74.267067000,moving,on,"19/08/2026 10:45 AM","19/08/2026 11:00 AM",LWMC-RaTo,"Loader Rickshaw",2,Distance,5,1,-,-,-,-
272,61346,19/08/2026,LWMC,"Tehsil Office, Ravi Town",LR-1605,"Door To Door Collection",9.09,2H37M,156.84,31.598613000,74.325321000,moving,on,"19/08/2026 09:14 AM","19/08/2026 09:30 AM",LWMC-RaTo,"Loader Rickshaw",2,Distance,5,1,-,-,-,-
273,61579,19/08/2026,LWMC,"Tehsil Office, Ravi Town",LR-2476,"Door To Door Collection",16.57,3H26M,206.25,31.619017000,74.277714000,still,off,"19/08/2026 10:51 AM","19/08/2026 11:00 AM",LWMC-RaTo,"Loader Rickshaw",2,Distance,5,1,-,-,-,-
274,18479,19/08/2026,LWMC,"Tehsil Office, Ravi Town",CA-167,"Container-Based Collection",106.237,4H46M,286.5,31.637480000,74.310273000,moving,on,"19/08/2026 10:59 AM","19/08/2026 11:00 AM",LWMC-RaTo,"Chain Arm Roll",3,Distance,10,1,-,-,-,-
275,61636,19/08/2026,LWMC,"Tehsil Office, Ravi Town",T-61,"Bulk Waste Collection",2.566,0H19M,18.89,31.575951000,74.319666000,moving,on,"19/08/2026 05:57 AM","19/08/2026 07:00 AM",LWMC-RaTo,"Tractor Trolley",2,Distance,10,-,-,-,-,-
276,61383,19/08/2026,LWMC,"Tehsil Office, Ravi Town",LR-1234,"Door To Door Collection",15.207,3H9M,188.66,31.591630000,74.319640000,moving,on,"19/08/2026 11:00 AM","19/08/2026 11:00 AM",LWMC-RaTo,"Loader Rickshaw",2,Distance,5,1,-,-,-,-
277,61734,19/08/2026,LWMC,"Tehsil Office, Ravi Town",LR-1829,"Door To Door Collection",7.077,2H5M,125.36,31.616318000,74.298153000,moving,on,"19/08/2026 09:54 AM","19/08/2026 10:00 AM",LWMC-RaTo,"Loader Rickshaw",2,Distance,5,1,-,-,-,-
278,61401,19/08/2026,LWMC,"Tehsil Office, Ravi Town",LR-1804,"Door To Door Collection",4.978,1H17M,77.08,31.608920000,74.307533000,moving,on,"19/08/2026 07:11 AM","19/08/2026 07:30 AM",LWMC-RaTo,"Loader Rickshaw",2,Distance,5,-,-,-,-,-
279,59556,19/08/2026,LWMC,"Tehsil Office, Wahgha Town",LR-1834,"Door To Door Collection",24.005,4H58M,298.05,31.476667000,74.512089000,still,off,"19/08/2026 10:58 AM","19/08/2026 11:00 AM",LWMC-WaTo,"Loader Rickshaw",2,Distance,5,1,-,-,-,-
280,25326,19/08/2026,LWMC,"Tehsil Office, Wahgha Town",LR-0398,"Door To Door Collection",16.07,1H41M,101.11,31.597150000,74.387782000,moving,on,"19/08/2026 10:57 AM","19/08/2026 11:00 AM",LWMC-WaTo,"Loader Rickshaw",2,Distance,5,-,-,-,-,-
281,60047,19/08/2026,LWMC,"Tehsil Office, Wahgha Town",HA-44,"Container-Based Collection",53.388,5H42M,341.55,31.620770000,74.420379000,moving,on,"19/08/2026 10:58 AM","19/08/2026 11:00 AM",LWMC-WaTo,"Arm Roll Truck",3,Distance,10,1,-,-,-,-
282,59674,19/08/2026,LWMC,"Tehsil Office, Wahgha Town",LR-2149,"Door To Door Collection",28.299,4H42M,281.86,31.565204000,74.446414000,moving,on,"19/08/2026 10:58 AM","19/08/2026 11:00 AM",LWMC-WaTo,"Loader Rickshaw",2,Distance,5,1,-,-,-,-
283,61914,19/08/2026,LWMC,"Tehsil Office, Wahgha Town",LR-2998,"Door To Door Collection",61.66,4H31M,270.76,31.595822000,74.478693000,moving,on,"19/08/2026 10:58 AM","19/08/2026 11:00 AM",LWMC-WaTo,"Loader Rickshaw",2,Distance,5,1,-,-,-,-
284,23575,19/08/2026,LWMC,"Tehsil Office, Wahgha Town",LR-0378,"Door To Door Collection",10.292,0H51M,50.95,31.638957000,74.501331000,moving,on,"19/08/2026 10:53 AM","19/08/2026 11:00 AM",LWMC-WaTo,"Loader Rickshaw",2,Distance,5,-,-,-,-,-
285,60885,19/08/2026,LWMC,"Tehsil Office, Wahgha Town",S-266,Commercial,35.992,3H14M,193.98,31.609387000,74.380189000,moving,on,"19/08/2026 11:00 AM","19/08/2026 11:00 AM",LWMC-WaTo,"Mini Dumper",2,Distance,5,1,-,-,-,-
286,25363,19/08/2026,LWMC,"Tehsil Office, Wahgha Town",LR-0264,"Door To Door Collection",25.18,3H47M,227.41,31.613838000,74.426609000,moving,on,"19/08/2026 10:55 AM","19/08/2026 11:00 AM",LWMC-WaTo,"Loader Rickshaw",2,Distance,5,1,-,-,-,-
287,59704,19/08/2026,LWMC,"Tehsil Office, Wahgha Town",LR-0943,"Door To Door Collection",10.201,3H9M,189.18,31.585365000,74.509538000,moving,on,"19/08/2026 10:50 AM","19/08/2026 11:00 AM",LWMC-WaTo,"Loader Rickshaw",2,Distance,5,1,-,-,-,-
288,59240,19/08/2026,LWMC,"Tehsil Office, Wahgha Town",C-710,"Container-Based Collection",104.499,4H60M,299.81,31.591417000,74.433336000,moving,on,"19/08/2026 10:37 AM","19/08/2026 11:00 AM",LWMC-WaTo,"Compactor (7CM)",3,Distance,10,1,-,-,-,-
289,59576,19/08/2026,LWMC,"Tehsil Office, Wahgha Town",LR-0942,"Door To Door Collection",4.128,3H29M,209.01,31.600828000,74.495834000,moving,on,"19/08/2026 10:50 AM","19/08/2026 11:00 AM",LWMC-WaTo,"Loader Rickshaw",2,Distance,5,-,-,-,-,-
290,59210,19/08/2026,LWMC,"Tehsil Office, Wahgha Town",LR-2303,"Door To Door Collection",40.407,2H43M,163.48,31.443727000,74.564409000,moving,on,"19/08/2026 10:56 AM","19/08/2026 11:00 AM",LWMC-WaTo,"Loader Rickshaw",2,Distance,5,1,-,-,-,-
291,-,19/08/2026,LWMC,"Tehsil Office, Wahgha Town",MFL-52,-,31.889,2H48M,168.03,31.591306000,74.443648000,moving,on,"19/08/2026 11:00 AM","19/08/2026 11:00 AM",LWMC-WaTo,-,-,-,-,-,-,-,-,-
292,59232,19/08/2026,LWMC,"Tehsil Office, Wahgha Town",C13-1047,"Container-Based Collection",36.314,3H32M,211.75,31.565783000,74.543443000,moving,on,"19/08/2026 10:59 AM","19/08/2026 11:00 AM",LWMC-WaTo,"Compactor (13CM)",3,Distance,10,1,-,-,-,-
293,60242,19/08/2026,LWMC,"Tehsil Office, Wahgha Town",S-198,Commercial,34.374,2H52M,172.16,31.610805000,74.383146000,moving,on,"19/08/2026 11:00 AM","19/08/2026 11:00 AM",LWMC-WaTo,"Mini Dumper",2,Distance,5,1,-,-,-,-
294,23594,19/08/2026,LWMC,"Tehsil Office, Wahgha Town",LR-0830,"Door To Door Collection",13.021,1H26M,86.16,31.598001000,74.403117000,moving,on,"19/08/2026 10:51 AM","19/08/2026 11:00 AM",LWMC-WaTo,"Loader Rickshaw",2,Distance,5,-,-,-,-,-
295,23593,19/08/2026,LWMC,"Tehsil Office, Wahgha Town",LR-0824,"Door To Door Collection",21.656,2H34M,153.96,31.586852000,74.393801000,moving,on,"19/08/2026 10:59 AM","19/08/2026 11:00 AM",LWMC-WaTo,"Loader Rickshaw",2,Distance,5,1,-,-,-,-
296,60893,19/08/2026,LWMC,"Tehsil Office, Aziz Bhatti Town",LR-1097,"Door To Door Collection",29.652,9H59M,598.53,31.571135000,74.430793000,still,off,"19/08/2026 10:27 AM","19/08/2026 10:30 AM",LWMC-AzBT,"Loader Rickshaw",2,Distance,5,1,-,-,-,-
297,59691,19/08/2026,LWMC,"Tehsil Office, Aziz Bhatti Town",LR-0299,"Door To Door Collection",55.181,3H29M,208.98,31.556447000,74.402642000,moving,on,"19/08/2026 10:59 AM","19/08/2026 11:00 AM",LWMC-AzBT,"Loader Rickshaw",2,Distance,5,1,-,-,-,-
298,59238,19/08/2026,LWMC,"Tehsil Office, Aziz Bhatti Town",LR-0721,"Door To Door Collection",46.466,5H48M,348.03,31.609576000,74.368274000,moving,on,"19/08/2026 11:00 AM","19/08/2026 11:00 AM",LWMC-AzBT,"Loader Rickshaw",2,Distance,5,1,-,-,-,-
299,59466,19/08/2026,LWMC,"Tehsil Office, Aziz Bhatti Town",LR-0292,"Door To Door Collection",13.592,1H11M,71.45,31.571994000,74.403646000,moving,on,"19/08/2026 10:39 AM","19/08/2026 11:00 AM",LWMC-AzBT,"Loader Rickshaw",2,Distance,5,-,-,-,-,-
300,60016,19/08/2026,LWMC,"Tehsil Office, Aziz Bhatti Town",LR-0725,"Door To Door Collection",36.533,1H55M,114.83,31.585247000,74.422451000,moving,on,"19/08/2026 10:59 AM","19/08/2026 11:00 AM",LWMC-AzBT,"Loader Rickshaw",2,Distance,5,-,-,-,-,-
301,18374,19/08/2026,LWMC,"Tehsil Office, Aziz Bhatti Town",A-75,"Container-Based Collection",102.427,4H47M,286.61,31.571909000,74.434303000,moving,on,"19/08/2026 10:59 AM","19/08/2026 11:00 AM",LWMC-AzBT,"Arm Roll Truck",3,Distance,10,1,-,-,-,-
302,59849,19/08/2026,LWMC,"Tehsil Office, Aziz Bhatti Town",S-306,"Bulk Waste Collection",12.782,1H51M,111.4,31.571262000,74.404409000,moving,on,"19/08/2026 10:27 AM","19/08/2026 10:30 AM",LWMC-AzBT,"Mini Dumper",2,Distance,5,-,-,-,-,-
303,59517,19/08/2026,LWMC,"Tehsil Office, Aziz Bhatti Town",LR-1005,"Door To Door Collection",21.157,2H59M,178.84,31.584754000,74.385286000,moving,on,"19/08/2026 11:00 AM","19/08/2026 11:00 AM",LWMC-AzBT,"Loader Rickshaw",2,Distance,5,1,-,-,-,-
304,60162,19/08/2026,LWMC,"Tehsil Office, Aziz Bhatti Town",LR-0199,"Door To Door Collection",7.631,2H19M,138.8,31.575724000,74.396480000,still,off,"19/08/2026 10:32 AM","19/08/2026 11:00 AM",LWMC-AzBT,"Loader Rickshaw",2,Distance,5,1,-,-,-,-
305,60048,19/08/2026,LWMC,"Tehsil Office, Aziz Bhatti Town",LR-1382,"Door To Door Collection",35.005,4H37M,276.91,31.555549000,74.400339000,moving,on,"19/08/2026 10:51 AM","19/08/2026 11:00 AM",LWMC-AzBT,"Loader Rickshaw",2,Distance,5,1,-,-,-,-
306,60241,19/08/2026,LWMC,"Tehsil Office, Aziz Bhatti Town",LR-1663,"Door To Door Collection",13.223,0H49M,49.29,31.559315000,74.372378000,still,off,"19/08/2026 10:57 AM","19/08/2026 11:00 AM",LWMC-AzBT,"Loader Rickshaw",2,Distance,5,-,-,-,-,-
307,60185,19/08/2026,LWMC,"Tehsil Office, Aziz Bhatti Town",LR-0197,"Door To Door Collection",9.657,5H19M,318.63,31.576336000,74.397848000,moving,on,"19/08/2026 10:59 AM","19/08/2026 11:00 AM",LWMC-AzBT,"Loader Rickshaw",2,Distance,5,1,-,-,-,-
308,60707,19/08/2026,LWMC,"Tehsil Office, Aziz Bhatti Town",LR-0303,"Door To Door Collection",46.968,5H49M,348.89,31.596896000,74.401862000,moving,on,"19/08/2026 11:00 AM","19/08/2026 11:00 AM",LWMC-AzBT,"Loader Rickshaw",2,Distance,5,1,-,-,-,-
309,59507,19/08/2026,LWMC,"Tehsil Office, Aziz Bhatti Town",LR-0715,"Door To Door Collection",28.748,5H37M,336.91,31.568148000,74.380808000,moving,on,"19/08/2026 10:59 AM","19/08/2026 11:00 AM",LWMC-AzBT,"Loader Rickshaw",2,Distance,5,1,-,-,-,-
310,60299,19/08/2026,LWMC,"Tehsil Office, Aziz Bhatti Town",LR-1639,"Door To Door Collection",15.27,2H43M,163.19,31.548798000,74.405305000,moving,on,"19/08/2026 10:57 AM","19/08/2026 11:00 AM",LWMC-AzBT,"Loader Rickshaw",2,Distance,5,1,-,-,-,-
311,59433,19/08/2026,LWMC,"Tehsil Office, Aziz Bhatti Town",LR-2887,"Door To Door Collection",16.839,1H0M,60.28,31.581091000,74.405757000,moving,on,"19/08/2026 10:37 AM","19/08/2026 11:00 AM",LWMC-AzBT,"Loader Rickshaw",2,Distance,5,-,-,-,-,-
312,60487,19/08/2026,LWMC,"Tehsil Office, Aziz Bhatti Town",LR-1907,"Door To Door Collection",14.953,5H19M,318.76,31.552233000,74.414142000,moving,on,"19/08/2026 10:40 AM","19/08/2026 11:00 AM",LWMC-AzBT,"Loader Rickshaw",2,Distance,5,1,-,-,-,-
313,60143,19/08/2026,LWMC,"Tehsil Office, Aziz Bhatti Town",LR-0717,"Door To Door Collection",29.125,2H16M,136.28,31.565125000,74.387224000,still,off,"19/08/2026 10:54 AM","19/08/2026 11:00 AM",LWMC-AzBT,"Loader Rickshaw",2,Distance,5,1,-,-,-,-
314,60183,19/08/2026,LWMC,"Tehsil Office, Aziz Bhatti Town",LR-1641,"Door To Door Collection",17.72,1H5M,64.63,31.562169000,74.392548000,moving,on,"19/08/2026 10:59 AM","19/08/2026 11:00 AM",LWMC-AzBT,"Loader Rickshaw",2,Distance,5,-,-,-,-,-
315,59574,19/08/2026,LWMC,"Tehsil Office, Aziz Bhatti Town",M-91,"Bulk Waste Collection",40.999,2H39M,159.4,31.574055000,74.436652000,moving,on,"19/08/2026 10:51 AM","19/08/2026 11:00 AM",LWMC-AzBT,"Mini Tipper Diesel",2,Distance,5,1,-,-,-,-
316,59452,19/08/2026,LWMC,"Tehsil Office, Aziz Bhatti Town",LR-2463,"Door To Door Collection",40.308,2H44M,164.06,31.569782000,74.406044000,moving,on,"19/08/2026 10:59 AM","19/08/2026 11:00 AM",LWMC-AzBT,"Loader Rickshaw",2,Distance,5,1,-,-,-,-
317,59743,19/08/2026,LWMC,"Tehsil Office, Aziz Bhatti Town",S-171,"Bulk Waste Collection",40.25,3H36M,216.06,31.609202000,74.396510000,moving,on,"19/08/2026 10:58 AM","19/08/2026 11:00 AM",LWMC-AzBT,"Mini Dumper",2,Distance,5,1,-,-,-,-
318,60036,19/08/2026,LWMC,"Tehsil Office, Aziz Bhatti Town",LR-1916,"Door To Door Collection",14.97,2H6M,125.71,31.574924000,74.405034000,moving,on,"19/08/2026 10:41 AM","19/08/2026 11:00 AM",LWMC-AzBT,"Loader Rickshaw",2,Distance,5,1,-,-,-,-
319,59593,19/08/2026,LWMC,"Tehsil Office, Aziz Bhatti Town",LR-1919,"Door To Door Collection",25.971,2H13M,133.26,31.587158000,74.404207000,moving,on,"19/08/2026 10:57 AM","19/08/2026 11:00 AM",LWMC-AzBT,"Loader Rickshaw",2,Distance,5,1,-,-,-,-
320,59403,19/08/2026,LWMC,"Tehsil Office, Aziz Bhatti Town",LR-0579,"Door To Door Collection",8.264,4H7M,246.69,31.557078000,74.369184000,moving,on,"19/08/2026 10:56 AM","19/08/2026 11:00 AM",LWMC-AzBT,"Loader Rickshaw",2,Distance,5,1,-,-,-,-
321,60481,19/08/2026,LWMC,"Tehsil Office, Aziz Bhatti Town",LR-0190,"Door To Door Collection",16.352,4H33M,273.18,31.545658000,74.408321000,still,off,"19/08/2026 10:57 AM","19/08/2026 11:00 AM",LWMC-AzBT,"Loader Rickshaw",2,Distance,5,1,-,-,-,-
322,59441,19/08/2026,LWMC,"Tehsil Office, Aziz Bhatti Town",LR-2783,"Door To Door Collection",19.903,5H3M,302.78,31.573462000,74.400368000,moving,on,"19/08/2026 10:52 AM","19/08/2026 11:00 AM",LWMC-AzBT,"Loader Rickshaw",2,Distance,5,1,-,-,-,-
323,59449,19/08/2026,LWMC,"Tehsil Office, Aziz Bhatti Town",LR-1635,"Door To Door Collection",14.446,4H18M,257.96,31.516299000,74.424479000,still,off,"19/08/2026 10:41 AM","19/08/2026 11:00 AM",LWMC-AzBT,"Loader Rickshaw",2,Distance,5,1,-,-,-,-
324,60724,19/08/2026,LWMC,"Tehsil Office, Aziz Bhatti Town",LR-0331,"Door To Door Collection",14.818,0H53M,52.75,31.559917000,74.432262000,moving,on,"19/08/2026 10:35 AM","19/08/2026 11:00 AM",LWMC-AzBT,"Loader Rickshaw",2,Distance,5,-,-,-,-,-
325,59468,19/08/2026,LWMC,"Tehsil Office, Aziz Bhatti Town",LR-1401,"Door To Door Collection",33.182,3H25M,204.68,31.553849000,74.395383000,moving,on,"19/08/2026 10:57 AM","19/08/2026 11:00 AM",LWMC-AzBT,"Loader Rickshaw",2,Distance,5,1,-,-,-,-
326,59410,19/08/2026,LWMC,"Tehsil Office, Aziz Bhatti Town",LR-0724,"Door To Door Collection",0.005,0H0M,0.08,31.575013000,74.370673000,still,off,"19/08/2026 05:11 AM","19/08/2026 07:00 AM",LWMC-AzBT,"Loader Rickshaw",2,Distance,5,-,-,-,-,-
327,59482,19/08/2026,LWMC,"Tehsil Office, Aziz Bhatti Town",LR-1099,"Door To Door Collection",43.554,2H20M,140.36,31.568028000,74.411519000,moving,on,"19/08/2026 10:08 AM","19/08/2026 11:00 AM",LWMC-AzBT,"Loader Rickshaw",2,Distance,5,1,-,-,-,-
328,60908,19/08/2026,LWMC,"Tehsil Office, Aziz Bhatti Town",LR-1905,"Door To Door Collection",19.027,3H37M,217.43,31.561987000,74.409472000,moving,on,"19/08/2026 10:53 AM","19/08/2026 11:00 AM",LWMC-AzBT,"Loader Rickshaw",2,Distance,5,1,-,-,-,-
329,60081,19/08/2026,LWMC,"Tehsil Office, Aziz Bhatti Town",LR-1123,"Door To Door Collection",31.928,2H29M,148.91,31.577402000,74.444933000,moving,on,"19/08/2026 10:53 AM","19/08/2026 11:00 AM",LWMC-AzBT,"Loader Rickshaw",2,Distance,5,1,-,-,-,-
330,-,19/08/2026,LWMC,"Tehsil Office, Nishter Town",LR-0184,-,5.152,0H0M,-,31.455407000,74.335652000,still,off,"19/08/2026 10:46 AM","19/08/2026 11:00 AM",LWMC-NiTo,-,-,-,-,-,-,-,-,-
331,-,19/08/2026,LWMC,"Tehsil Office, Nishter Town",LR-1886,-,3.224,0H14M,13.98,31.453170000,74.306755000,still,off,"19/08/2026 10:50 AM","19/08/2026 11:00 AM",LWMC-NiTo,-,-,-,-,-,-,-,-,-
332,61774,19/08/2026,LWMC,"Tehsil Office, Nishter Town",LR-2850,"Door To Door Collection",11.156,0H41M,40.81,31.388658000,74.344925000,still,off,"19/08/2026 09:44 AM","19/08/2026 10:30 AM",LWMC-NiTo,"Loader Rickshaw",2,Distance,5,-,-,-,-,-
333,-,19/08/2026,LWMC,"Tehsil Office, Nishter Town",LR-1876,-,14.08,1H31M,90.95,31.464196000,74.346208000,moving,on,"19/08/2026 10:45 AM","19/08/2026 11:00 AM",LWMC-NiTo,-,-,-,-,-,-,-,-,-
334,60954,19/08/2026,LWMC,"Tehsil Office, Nishter Town",LR-2848,"Door To Door Collection",27.843,3H39M,219.18,31.388642000,74.283948000,moving,on,"19/08/2026 10:40 AM","19/08/2026 11:00 AM",LWMC-NiTo,"Loader Rickshaw",2,Distance,5,1,-,-,-,-
335,60194,19/08/2026,LWMC,"Tehsil Office, Nishter Town",LR-0911,"Door To Door Collection",11.167,1H49M,108.7,31.400185000,74.409101000,still,off,"19/08/2026 10:18 AM","19/08/2026 11:00 AM",LWMC-NiTo,"Loader Rickshaw",2,Distance,5,-,-,-,-,-
336,-,19/08/2026,LWMC,"Tehsil Office, Nishter Town",LR-0112,-,24.287,6H15M,374.68,31.444436000,74.376431000,moving,on,"19/08/2026 11:00 AM","19/08/2026 11:00 AM",LWMC-NiTo,-,-,-,-,-,-,-,-,-
337,-,19/08/2026,LWMC,"Tehsil Office, Nishter Town",LR-2194,-,25.289,3H41M,221.09,31.434326000,74.303335000,still,off,"19/08/2026 10:57 AM","19/08/2026 11:00 AM",LWMC-NiTo,-,-,-,-,-,-,-,-,-
338,61671,19/08/2026,LWMC,"Tehsil Office, Nishter Town",LR-3041,"Door To Door Collection",13.593,1H1M,61.1,31.325486000,74.389036000,moving,on,"19/08/2026 10:57 AM","19/08/2026 11:00 AM",LWMC-NiTo,"Loader Rickshaw",2,Distance,5,-,-,-,-,-
339,-,19/08/2026,LWMC,"Tehsil Office, Nishter Town",LR-1880,-,12.057,1H2M,61.53,31.452619000,74.343220000,moving,on,"19/08/2026 10:51 AM","19/08/2026 11:00 AM",LWMC-NiTo,-,-,-,-,-,-,-,-,-
340,-,19/08/2026,LWMC,"Tehsil Office, Nishter Town",LR-0077,-,27.369,1H40M,99.66,31.416168000,74.359276000,moving,on,"19/08/2026 10:21 AM","19/08/2026 10:30 AM",LWMC-NiTo,-,-,-,-,-,-,-,-,-
341,60901,19/08/2026,LWMC,"Tehsil Office, Nishter Town",LR-1524,"Door To Door Collection",25.768,4H23M,262.61,31.388581000,74.345018000,still,off,"19/08/2026 10:56 AM","19/08/2026 11:00 AM",LWMC-NiTo,"Loader Rickshaw",2,Distance,5,1,-,-,-,-
342,60895,19/08/2026,LWMC,"Tehsil Office, Nishter Town",D37,"Bulk Waste Collection",101.637,4H59M,299.08,31.448773000,74.311227000,moving,on,"19/08/2026 10:52 AM","19/08/2026 11:00 AM",LWMC-NiTo,"Dumper (10CM)",3,Ignition,-,1,-,-,-,-
343,59695,19/08/2026,LWMC,"Tehsil Office, Nishter Town",LR-1751,"Door To Door Collection",21.482,4H8M,247.93,31.367241000,74.367391000,moving,on,"19/08/2026 10:47 AM","19/08/2026 11:00 AM",LWMC-NiTo,"Loader Rickshaw",2,Distance,5,1,-,-,-,-
344,60746,19/08/2026,LWMC,"Tehsil Office, Nishter Town",LR-3029,"Door To Door Collection",34.957,2H1M,120.63,31.390266000,74.264227000,moving,on,"19/08/2026 10:57 AM","19/08/2026 11:00 AM",LWMC-NiTo,"Loader Rickshaw",2,Distance,5,1,-,-,-,-
345,-,19/08/2026,LWMC,"Tehsil Office, Nishter Town",LR-0322,-,35.043,4H28M,267.5,31.428818000,74.295394000,moving,on,"19/08/2026 10:49 AM","19/08/2026 11:00 AM",LWMC-NiTo,-,-,-,-,-,-,-,-,-
346,60744,19/08/2026,LWMC,"Tehsil Office, Nishter Town",LR-0078,"Door To Door Collection",15.313,1H3M,63.38,31.394408000,74.360340000,moving,on,"19/08/2026 10:27 AM","19/08/2026 10:30 AM",LWMC-NiTo,"Loader Rickshaw",2,Distance,5,-,-,-,-,-
347,-,19/08/2026,LWMC,"Tehsil Office, Nishter Town",LR-2284,-,20.235,5H41M,340.83,31.440663000,74.316683000,moving,on,"19/08/2026 10:59 AM","19/08/2026 11:00 AM",LWMC-NiTo,-,-,-,-,-,-,-,-,-
348,59654,19/08/2026,LWMC,"Tehsil Office, Nishter Town",LR-2196,"Door To Door Collection",6.322,0H29M,28.73,31.433545000,74.309135000,moving,on,"19/08/2026 10:58 AM","19/08/2026 11:00 AM",LWMC-NiTo,"Loader Rickshaw",2,Distance,5,-,-,-,-,-
349,61007,19/08/2026,LWMC,"Tehsil Office, Nishter Town",LR-0076,"Door To Door Collection",19.974,2H7M,127.25,31.413809000,74.371570000,moving,on,"19/08/2026 10:51 AM","19/08/2026 11:00 AM",LWMC-NiTo,"Loader Rickshaw",2,Distance,5,1,-,-,-,-
350,19660,19/08/2026,LWMC,"Tehsil Office, Allama Iqbal Town",M-07,"Bulk Waste Collection",45.913,5H36M,336.33,31.277356000,74.191738000,moving,on,"19/08/2026 10:59 AM","19/08/2026 11:00 AM",LWMC-AlIT,"Mini Dumper",2,Distance,5,1,-,-,-,-
351,22821,19/08/2026,LWMC,"Tehsil Office, Allama Iqbal Town",LR-0201,"Door To Door Collection",-,0H0M,-,31.464859000,74.224941000,still,off,"19/08/2026 05:24 AM","19/08/2026 07:00 AM",LWMC-AlIT,"Loader Rickshaw",2,Distance,5,-,-,-,-,-
352,60007,19/08/2026,LWMC,"Tehsil Office, Allama Iqbal Town",LR-2145,"Door To Door Collection",22.916,4H21M,260.91,31.408158000,74.145868000,still,off,"19/08/2026 10:58 AM","19/08/2026 11:00 AM",LWMC-AlIT,"Loader Rickshaw",2,Distance,5,1,-,-,-,-
353,22952,19/08/2026,LWMC,"Tehsil Office, Allama Iqbal Town",LR-0920,"Door To Door Collection",20.372,2H8M,127.65,31.398534000,74.155850000,moving,on,"19/08/2026 10:40 AM","19/08/2026 11:00 AM",LWMC-AlIT,"Loader Rickshaw",2,Distance,5,1,-,-,-,-
354,22931,19/08/2026,LWMC,"Tehsil Office, Allama Iqbal Town",LR-0836,"Door To Door Collection",31.495,5H24M,324.01,31.460178000,74.309949000,moving,on,"19/08/2026 10:58 AM","19/08/2026 11:00 AM",LWMC-AlIT,"Loader Rickshaw",2,Distance,5,1,-,-,-,-
355,22827,19/08/2026,LWMC,"Tehsil Office, Allama Iqbal Town",LR-0207,"Door To Door Collection",34.323,2H1M,120.56,31.460444000,74.298642000,still,off,"19/08/2026 10:57 AM","19/08/2026 11:00 AM",LWMC-AlIT,"Loader Rickshaw",2,Distance,5,1,-,-,-,-
356,59883,19/08/2026,LWMC,"Tehsil Office, Allama Iqbal Town",LR-2612,"Door To Door Collection",42.253,4H10M,250.16,31.463757000,74.225042000,moving,on,"19/08/2026 10:58 AM","19/08/2026 11:00 AM",LWMC-AlIT,"Loader Rickshaw",2,Distance,5,1,-,-,-,-
357,22818,19/08/2026,LWMC,"Tehsil Office, Allama Iqbal Town",LR-0211,"Door To Door Collection",27.074,5H51M,351.05,31.388741000,74.229997000,moving,on,"19/08/2026 10:58 AM","19/08/2026 11:00 AM",LWMC-AlIT,"Loader Rickshaw",2,Distance,5,1,-,-,-,-
358,22914,19/08/2026,LWMC,"Tehsil Office, Allama Iqbal Town",LR-0603,"Door To Door Collection",36.662,1H54M,114.5,31.466793000,74.259614000,moving,on,"19/08/2026 10:58 AM","19/08/2026 11:00 AM",LWMC-AlIT,"Loader Rickshaw",2,Distance,5,-,-,-,-,-
359,60021,19/08/2026,LWMC,"Tehsil Office, Allama Iqbal Town",LR-2757,"Door To Door Collection",31.735,4H14M,254.25,31.494613000,74.241474000,moving,on,"19/08/2026 10:57 AM","19/08/2026 11:00 AM",LWMC-AlIT,"Loader Rickshaw",2,Distance,5,1,-,-,-,-
360,59946,19/08/2026,LWMC,"Tehsil Office, Allama Iqbal Town",LR-2648,"Door To Door Collection",35.582,3H24M,203.56,31.471977000,74.298153000,moving,on,"19/08/2026 10:58 AM","19/08/2026 11:00 AM",LWMC-AlIT,"Loader Rickshaw",2,Distance,5,1,-,-,-,-
361,59895,19/08/2026,LWMC,"Tehsil Office, Allama Iqbal Town",LR-2619,"Door To Door Collection",32.477,4H57M,297.35,31.474972000,74.229771000,moving,on,"19/08/2026 10:57 AM","19/08/2026 11:00 AM",LWMC-AlIT,"Loader Rickshaw",2,Distance,5,1,-,-,-,-
362,22898,19/08/2026,LWMC,"Tehsil Office, Allama Iqbal Town",LR-0541,"Door To Door Collection",12.666,2H9M,129.05,31.477848000,74.289151000,moving,on,"19/08/2026 07:16 AM","19/08/2026 07:30 AM",LWMC-AlIT,"Loader Rickshaw",2,Distance,5,1,-,-,-,-
363,59774,19/08/2026,LWMC,"Tehsil Office, Allama Iqbal Town",LR-1695,"Door To Door Collection",33.045,4H2M,242.46,31.490825000,74.267357000,still,off,"19/08/2026 10:55 AM","19/08/2026 11:00 AM",LWMC-AlIT,"Loader Rickshaw",2,Distance,5,1,-,-,-,-
364,59814,19/08/2026,LWMC,"Tehsil Office, Allama Iqbal Town",LR-1738,"Door To Door Collection",36.32,3H34M,214.28,31.506856000,74.253571000,still,off,"19/08/2026 10:27 AM","19/08/2026 11:00 AM",LWMC-AlIT,"Loader Rickshaw",2,Distance,5,1,-,-,-,-
365,22849,19/08/2026,LWMC,"Tehsil Office, Allama Iqbal Town",LR-0442,"Door To Door Collection",34.295,7H17M,436.6,31.445850000,74.271251000,moving,on,"19/08/2026 10:18 AM","19/08/2026 10:30 AM",LWMC-AlIT,"Loader Rickshaw",2,Distance,5,1,-,-,-,-
366,59793,19/08/2026,LWMC,"Tehsil Office, Allama Iqbal Town",LR-1720,"Door To Door Collection",26.76,3H48M,228.03,31.456664000,74.226304000,moving,on,"19/08/2026 10:59 AM","19/08/2026 11:00 AM",LWMC-AlIT,"Loader Rickshaw",2,Distance,5,1,-,-,-,-
367,22845,19/08/2026,LWMC,"Tehsil Office, Allama Iqbal Town",LR-0312,"Door To Door Collection",30.186,5H8M,308.39,31.491398000,74.262190000,moving,on,"19/08/2026 10:58 AM","19/08/2026 11:00 AM",LWMC-AlIT,"Loader Rickshaw",2,Distance,5,1,-,-,-,-
368,22795,19/08/2026,LWMC,"Tehsil Office, Allama Iqbal Town",LR-0175,"Door To Door Collection",22.048,3H30M,210.46,31.479389000,74.235303000,still,off,"19/08/2026 10:50 AM","19/08/2026 11:00 AM",LWMC-AlIT,"Loader Rickshaw",2,Distance,5,1,-,-,-,-
369,22963,19/08/2026,LWMC,"Tehsil Office, Allama Iqbal Town",LR-1012,"Door To Door Collection",21.919,4H22M,262.44,31.534714000,74.267297000,still,off,"19/08/2026 10:56 AM","19/08/2026 11:00 AM",LWMC-AlIT,"Loader Rickshaw",2,Distance,5,1,-,-,-,-
370,22916,19/08/2026,LWMC,"Tehsil Office, Allama Iqbal Town",LR-0605,"Door To Door Collection",25.565,4H47M,286.73,31.462764000,74.268850000,still,off,"19/08/2026 10:56 AM","19/08/2026 11:00 AM",LWMC-AlIT,"Loader Rickshaw",2,Distance,5,1,-,-,-,-
371,22909,19/08/2026,LWMC,"Tehsil Office, Allama Iqbal Town",LR-0573,"Door To Door Collection",29.651,2H56M,175.78,31.451311000,74.245142000,moving,on,"19/08/2026 10:54 AM","19/08/2026 11:00 AM",LWMC-AlIT,"Loader Rickshaw",2,Distance,5,1,-,-,-,-
372,60108,19/08/2026,LWMC,"Tehsil Office, Allama Iqbal Town",LR-2144,"Door To Door Collection",26.601,5H51M,351.05,31.383648000,74.143268000,moving,on,"19/08/2026 10:58 AM","19/08/2026 11:00 AM",LWMC-AlIT,"Loader Rickshaw",2,Distance,5,1,-,-,-,-
373,18656,19/08/2026,LWMC,"Tehsil Office, Allama Iqbal Town",C-703,"Container-Based Collection",87.121,4H20M,259.51,31.465342000,74.225280000,still,off,"19/08/2026 10:52 AM","19/08/2026 11:00 AM",LWMC-AlIT,"Compactor (7CM)",3,Distance,10,1,-,-,-,-
374,22903,19/08/2026,LWMC,"Tehsil Office, Allama Iqbal Town",LR-0546,"Door To Door Collection",42.25,3H36M,216.43,31.475403000,74.228081000,still,off,"19/08/2026 10:58 AM","19/08/2026 11:00 AM",LWMC-AlIT,"Loader Rickshaw",2,Distance,5,1,-,-,-,-
375,22854,19/08/2026,LWMC,"Tehsil Office, Allama Iqbal Town",LR-0447,"Door To Door Collection",38.096,3H49M,229.44,31.449171000,74.251217000,still,off,"19/08/2026 10:42 AM","19/08/2026 11:00 AM",LWMC-AlIT,"Loader Rickshaw",2,Distance,5,1,-,-,-,-
376,59838,19/08/2026,LWMC,"Tehsil Office, Allama Iqbal Town",LR-1988,"Door To Door Collection",30.737,2H39M,159.21,31.469957000,74.298695000,moving,on,"19/08/2026 10:59 AM","19/08/2026 11:00 AM",LWMC-AlIT,"Loader Rickshaw",2,Distance,5,1,-,-,-,-
377,22884,19/08/2026,LWMC,"Tehsil Office, Allama Iqbal Town",LR-0527,"Door To Door Collection",28.744,5H2M,302.21,31.467428000,74.306929000,moving,on,"19/08/2026 10:58 AM","19/08/2026 11:00 AM",LWMC-AlIT,"Loader Rickshaw",2,Distance,5,1,-,-,-,-
378,22888,19/08/2026,LWMC,"Tehsil Office, Allama Iqbal Town",LR-0531,"Door To Door Collection",38.052,5H50M,349.85,31.457622000,74.306619000,moving,on,"19/08/2026 10:58 AM","19/08/2026 11:00 AM",LWMC-AlIT,"Loader Rickshaw",2,Distance,5,1,-,-,-,-
379,22840,19/08/2026,LWMC,"Tehsil Office, Allama Iqbal Town",LR-0305,"Door To Door Collection",20.994,5H59M,358.61,31.530992000,74.274252000,moving,on,"19/08/2026 11:00 AM","19/08/2026 11:00 AM",LWMC-AlIT,"Loader Rickshaw",2,Distance,5,1,-,-,-,-
380,-,19/08/2026,LWMC,"Tehsil Office, Allama Iqbal Town",LR-2973,-,17.362,2H44M,163.96,31.386572000,74.332797000,moving,on,"19/08/2026 10:44 AM","19/08/2026 11:00 AM",LWMC-AlIT,-,-,-,-,-,-,-,-,-
381,59913,19/08/2026,LWMC,"Tehsil Office, Allama Iqbal Town",LR-2629,"Door To Door Collection",27.662,4H23M,263.38,31.502479000,74.266681000,still,off,"19/08/2026 10:59 AM","19/08/2026 11:00 AM",LWMC-AlIT,"Loader Rickshaw",2,Distance,5,1,-,-,-,-
382,22825,19/08/2026,LWMC,"Tehsil Office, Allama Iqbal Town",LR-0205,"Door To Door Collection",29.264,2H42M,161.59,31.468212000,74.303038000,moving,on,"19/08/2026 10:55 AM","19/08/2026 11:00 AM",LWMC-AlIT,"Loader Rickshaw",2,Distance,5,1,-,-,-,-
383,22943,19/08/2026,LWMC,"Tehsil Office, Allama Iqbal Town",LR-0874,"Door To Door Collection",19.717,2H12M,132.46,31.484069000,74.262481000,moving,on,"19/08/2026 10:58 AM","19/08/2026 11:00 AM",LWMC-AlIT,"Loader Rickshaw",2,Distance,5,1,-,-,-,-
384,59901,19/08/2026,LWMC,"Tehsil Office, Allama Iqbal Town",LR-2623,"Door To Door Collection",16.889,2H60M,179.66,31.530880000,74.274331000,moving,on,"19/08/2026 10:25 AM","19/08/2026 10:30 AM",LWMC-AlIT,"Loader Rickshaw",2,Distance,5,1,-,-,-,-
385,22829,19/08/2026,LWMC,"Tehsil Office, Allama Iqbal Town",LR-0209,"Door To Door Collection",23.772,3H24M,203.65,31.461716000,74.294626000,moving,on,"19/08/2026 10:51 AM","19/08/2026 11:00 AM",LWMC-AlIT,"Loader Rickshaw",2,Distance,5,1,-,-,-,-
386,22882,19/08/2026,LWMC,"Tehsil Office, Allama Iqbal Town",LR-0525,"Door To Door Collection",36.006,5H33M,333.39,31.460487000,74.308464000,moving,on,"19/08/2026 10:48 AM","19/08/2026 11:00 AM",LWMC-AlIT,"Loader Rickshaw",2,Distance,5,1,-,-,-,-
387,59873,19/08/2026,LWMC,"Tehsil Office, Allama Iqbal Town",LR-2013,"Door To Door Collection",18.642,1H55M,115.15,31.333015000,74.108715000,still,off,"19/08/2026 10:41 AM","19/08/2026 11:00 AM",LWMC-AlIT,"Loader Rickshaw",2,Distance,5,-,-,-,-,-
388,60352,19/08/2026,LWMC,"Tehsil Office, Allama Iqbal Town",LR-0216,"Door To Door Collection",20.129,3H8M,188.16,31.402120000,74.228682000,moving,on,"19/08/2026 11:00 AM","19/08/2026 11:00 AM",LWMC-AlIT,"Loader Rickshaw",2,Distance,5,1,-,-,-,-
389,22964,19/08/2026,LWMC,"Tehsil Office, Allama Iqbal Town",LR-1013,"Door To Door Collection",16.039,0H53M,53.41,31.476608000,74.224133000,moving,on,"19/08/2026 10:57 AM","19/08/2026 11:00 AM",LWMC-AlIT,"Loader Rickshaw",2,Distance,5,-,-,-,-,-
390,59856,19/08/2026,LWMC,"Tehsil Office, Allama Iqbal Town",LR-2056,"Door To Door Collection",23.261,2H26M,146.44,31.534131000,74.279933000,moving,on,"19/08/2026 10:57 AM","19/08/2026 11:00 AM",LWMC-AlIT,"Loader Rickshaw",2,Distance,5,1,-,-,-,-
391,22948,19/08/2026,LWMC,"Tehsil Office, Allama Iqbal Town",LR-0916,"Door To Door Collection",16.213,1H8M,67.95,31.377190000,74.170232000,moving,on,"19/08/2026 10:46 AM","19/08/2026 11:00 AM",LWMC-AlIT,"Loader Rickshaw",2,Distance,5,-,-,-,-,-
392,59929,19/08/2026,LWMC,"Tehsil Office, Allama Iqbal Town",LR-2639,"Door To Door Collection",16.234,2H56M,175.8,31.480119000,74.289028000,still,off,"19/08/2026 10:49 AM","19/08/2026 11:00 AM",LWMC-AlIT,"Loader Rickshaw",2,Distance,5,1,-,-,-,-
393,23012,19/08/2026,LWMC,"Tehsil Office, Allama Iqbal Town",LR-1161,"Door To Door Collection",19.371,2H38M,157.53,31.328943000,74.106875000,still,off,"19/08/2026 10:31 AM","19/08/2026 11:00 AM",LWMC-AlIT,"Loader Rickshaw",2,Distance,5,1,-,-,-,-
394,22837,19/08/2026,LWMC,"Tehsil Office, Allama Iqbal Town",LR-0314,"Door To Door Collection",23.825,1H21M,81.11,31.455859000,74.209779000,moving,on,"19/08/2026 10:32 AM","19/08/2026 11:00 AM",LWMC-AlIT,"Loader Rickshaw",2,Distance,5,-,-,-,-,-
395,-,19/08/2026,LWMC,"Tehsil Office, Allama Iqbal Town",LR-2982,-,10.521,3H8M,188.21,31.400846000,74.361358000,moving,on,"19/08/2026 09:38 AM","19/08/2026 10:00 AM",LWMC-AlIT,-,-,-,-,-,-,-,-,-
396,59719,19/08/2026,LWMC,"Tehsil Office, Allama Iqbal Town",LR-1444,"Door To Door Collection",24.782,1H30M,89.51,31.469892000,74.258969000,moving,on,"19/08/2026 10:55 AM","19/08/2026 11:00 AM",LWMC-AlIT,"Loader Rickshaw",2,Distance,5,-,-,-,-,-
397,-,19/08/2026,LWMC,"Tehsil Office, Allama Iqbal Town",S-185,-,25.008,5H23M,323.44,31.499522000,74.265787000,moving,on,"19/08/2026 11:00 AM","19/08/2026 11:00 AM",LWMC-AlIT,-,-,-,-,-,-,-,-,-
398,59760,19/08/2026,LWMC,"Tehsil Office, Allama Iqbal Town",LR-1689,"Door To Door Collection",27.49,5H12M,312.25,31.528258000,74.265013000,moving,on,"19/08/2026 10:51 AM","19/08/2026 11:00 AM",LWMC-AlIT,"Loader Rickshaw",2,Distance,5,1,-,-,-,-
399,59765,19/08/2026,LWMC,"Tehsil Office, Allama Iqbal Town",LR-1692,"Door To Door Collection",21.035,5H24M,324.43,31.535097000,74.271741000,moving,on,"19/08/2026 10:53 AM","19/08/2026 11:00 AM",LWMC-AlIT,"Loader Rickshaw",2,Distance,5,1,-,-,-,-
400,60411,19/08/2026,LWMC,"Tehsil Office, Allama Iqbal Town",LR-1372,"Door To Door Collection",34.759,1H53M,112.83,31.428237000,74.173493000,moving,on,"19/08/2026 10:57 AM","19/08/2026 11:00 AM",LWMC-AlIT,"Loader Rickshaw",2,Distance,5,-,-,-,-,-
401,60425,19/08/2026,LWMC,"Tehsil Office, Allama Iqbal Town",LR-1017,"Door To Door Collection",6.796,0H50M,50.2,31.438008000,74.172431000,moving,on,"19/08/2026 11:00 AM","19/08/2026 11:00 AM",LWMC-AlIT,"Loader Rickshaw",2,Distance,5,-,-,-,-,-
402,19678,19/08/2026,LWMC,"Tehsil Office, Allama Iqbal Town",S-279,"Bulk Waste Collection",58.85,2H38M,157.55,31.367369000,74.067506000,still,off,"19/08/2026 10:56 AM","19/08/2026 11:00 AM",LWMC-AlIT,"Mini Dumper",2,Distance,5,1,-,-,-,-
403,60013,19/08/2026,LWMC,"Tehsil Office, Allama Iqbal Town",LR-2755,"Door To Door Collection",38.278,3H29M,209.09,31.463783000,74.225006000,moving,on,"19/08/2026 10:55 AM","19/08/2026 11:00 AM",LWMC-AlIT,"Loader Rickshaw",2,Distance,5,1,-,-,-,-
404,60363,19/08/2026,LWMC,"Tehsil Office, Allama Iqbal Town",LR-0060,"Door To Door Collection",31.533,5H43M,343.38,31.258007000,74.169967000,still,off,"19/08/2026 10:58 AM","19/08/2026 11:00 AM",LWMC-AlIT,"Loader Rickshaw",2,Distance,5,1,-,-,-,-
405,22823,19/08/2026,LWMC,"Tehsil Office, Allama Iqbal Town",LR-0203,"Door To Door Collection",34.175,2H36M,155.58,31.456506000,74.311532000,still,off,"19/08/2026 10:58 AM","19/08/2026 11:00 AM",LWMC-AlIT,"Loader Rickshaw",2,Distance,5,1,-,-,-,-
406,60117,19/08/2026,LWMC,"Tehsil Office, Allama Iqbal Town",LR-1373,"Door To Door Collection",19.537,3H60M,239.9,31.426507000,74.176190000,moving,on,"19/08/2026 10:59 AM","19/08/2026 11:00 AM",LWMC-AlIT,"Loader Rickshaw",2,Distance,5,1,-,-,-,-
407,59878,19/08/2026,LWMC,"Tehsil Office, Allama Iqbal Town",LR-2061,"Door To Door Collection",20.168,3H53M,232.8,31.519973000,74.274199000,moving,on,"19/08/2026 10:33 AM","19/08/2026 11:00 AM",LWMC-AlIT,"Loader Rickshaw",2,Distance,5,1,-,-,-,-
408,59853,19/08/2026,LWMC,"Tehsil Office, Allama Iqbal Town",LR-2054,"Door To Door Collection",21.229,5H43M,343.3,31.528216000,74.283387000,still,off,"19/08/2026 10:58 AM","19/08/2026 11:00 AM",LWMC-AlIT,"Loader Rickshaw",2,Distance,5,1,-,-,-,-
409,60078,19/08/2026,LWMC,"Tehsil Office, Allama Iqbal Town",LR-2928,"Door To Door Collection",31.079,5H58M,358.44,31.455515000,74.217111000,still,off,"19/08/2026 10:59 AM","19/08/2026 11:00 AM",LWMC-AlIT,"Loader Rickshaw",2,Distance,5,1,-,-,-,-
410,60174,19/08/2026,LWMC,"Tehsil Office, Allama Iqbal Town",LR-1376,"Door To Door Collection",14.088,1H1M,60.89,31.402183000,74.157452000,moving,on,"19/08/2026 11:00 AM","19/08/2026 11:00 AM",LWMC-AlIT,"Loader Rickshaw",2,Distance,5,-,-,-,-,-
411,59806,19/08/2026,LWMC,"Tehsil Office, Allama Iqbal Town",LR-1727,"Door To Door Collection",36.566,3H10M,189.91,31.506642000,74.256445000,still,off,"19/08/2026 10:29 AM","19/08/2026 10:30 AM",LWMC-AlIT,"Loader Rickshaw",2,Distance,5,1,-,-,-,-
412,59891,19/08/2026,LWMC,"Tehsil Office, Allama Iqbal Town",LR-2617,"Door To Door Collection",14.109,5H9M,309.03,31.534820000,74.271760000,still,off,"19/08/2026 10:57 AM","19/08/2026 11:00 AM",LWMC-AlIT,"Loader Rickshaw",2,Distance,5,1,-,-,-,-
413,19438,19/08/2026,LWMC,"Tehsil Office, Shalimar Town",R-47,"Door To Door Collection",14.435,1H39M,98.58,31.581634000,74.337378000,moving,on,"19/08/2026 09:51 AM","19/08/2026 11:00 AM",LWMC-ShTo,"Loader Rickshaw",-,-,-,-,-,-,-,-
414,61986,19/08/2026,LWMC,"Tehsil Office, Shalimar Town",LR-2787,"Door To Door Collection",13.781,2H36M,155.78,31.597441000,74.369072000,moving,on,"19/08/2026 10:53 AM","19/08/2026 11:00 AM",LWMC-ShTo,"Loader Rickshaw",-,-,-,-,-,-,-,-
415,60936,19/08/2026,LWMC,"Tehsil Office, Shalimar Town",LR-1799,"Door To Door Collection",14.992,5H53M,352.8,31.581513000,74.337757000,moving,on,"19/08/2026 10:58 AM","19/08/2026 11:00 AM",LWMC-ShTo,"Loader Rickshaw",-,-,-,-,-,-,-,-
416,60623,19/08/2026,LWMC,"Tehsil Office, Shalimar Town",LR-2321,"Door To Door Collection",14.325,1H37M,96.53,31.593002000,74.375980000,still,off,"19/08/2026 09:32 AM","19/08/2026 11:00 AM",LWMC-ShTo,"Loader Rickshaw",-,-,-,-,-,-,-,-
417,61594,19/08/2026,LWMC,"Tehsil Office, Shalimar Town",LR-2778,"Door To Door Collection",14.253,3H40M,219.65,31.618448000,74.343929000,moving,on,"19/08/2026 10:41 AM","19/08/2026 11:00 AM",LWMC-ShTo,"Loader Rickshaw",-,-,-,-,-,-,-,-
418,25299,19/08/2026,LWMC,"Tehsil Office, Shalimar Town",LR-0672,"Door To Door Collection",12.207,4H8M,248.31,31.603151000,74.366322000,moving,on,"19/08/2026 10:51 AM","19/08/2026 11:00 AM",LWMC-ShTo,"Loader Rickshaw",-,-,-,-,-,-,-,-
419,25250,19/08/2026,LWMC,"Tehsil Office, Shalimar Town",LR-0147,"Door To Door Collection",10.765,4H33M,272.86,31.598664000,74.354457000,still,off,"19/08/2026 10:56 AM","19/08/2026 11:00 AM",LWMC-ShTo,"Loader Rickshaw",-,-,-,-,-,-,-,-
420,61703,19/08/2026,LWMC,"Tehsil Office, Shalimar Town",MFL-115,"Bulk Waste Collection",11.632,1H34M,93.68,31.609582000,74.328445000,moving,on,"19/08/2026 10:47 AM","19/08/2026 11:00 AM",LWMC-ShTo,"Tractor Loader",-,-,-,-,-,-,-,-
421,61245,19/08/2026,LWMC,"Tehsil Office, Shalimar Town",LR-2086,"Door To Door Collection",8.036,5H33M,333.39,31.584804000,74.362598000,still,off,"19/08/2026 10:57 AM","19/08/2026 11:00 AM",LWMC-ShTo,"Loader Rickshaw",-,-,-,-,-,-,-,-
422,61330,19/08/2026,LWMC,"Tehsil Office, Shalimar Town",LR-2418,"Door To Door Collection",12.58,5H1M,301.36,31.587862000,74.357864000,moving,on,"19/08/2026 10:59 AM","19/08/2026 11:00 AM",LWMC-ShTo,"Loader Rickshaw",-,-,-,-,-,-,-,-
423,25266,19/08/2026,LWMC,"Tehsil Office, Shalimar Town",LR-0353,"Door To Door Collection",15.215,2H20M,140.34,31.582197000,74.350311000,moving,on,"19/08/2026 10:00 AM","19/08/2026 10:30 AM",LWMC-ShTo,"Loader Rickshaw",-,-,-,-,-,-,-,-
424,61574,19/08/2026,LWMC,"Tehsil Office, Shalimar Town",LR-2334,"Door To Door Collection",14.817,2H8M,127.79,31.591218000,74.351305000,still,off,"19/08/2026 10:57 AM","19/08/2026 11:00 AM",LWMC-ShTo,"Loader Rickshaw",-,-,-,-,-,-,-,-
425,61177,19/08/2026,LWMC,"Tehsil Office, Shalimar Town",S-364,"Door To Door Collection",23.619,2H9M,129.08,31.582041000,74.337810000,moving,on,"19/08/2026 10:56 AM","19/08/2026 11:00 AM",LWMC-ShTo,"Mini Dumper",-,-,-,-,-,-,-,-
426,60979,19/08/2026,LWMC,"Tehsil Office, Shalimar Town",S-340,"Door To Door Collection",19.949,2H10M,130.09,31.600350000,74.346847000,still,off,"19/08/2026 11:00 AM","19/08/2026 11:00 AM",LWMC-ShTo,"Mini Dumper",-,-,-,-,-,-,-,-
427,25286,19/08/2026,LWMC,"Tehsil Office, Shalimar Town",LR-0566,"Door To Door Collection",19.236,2H33M,153.15,31.607128000,74.357908000,moving,on,"19/08/2026 10:59 AM","19/08/2026 11:00 AM",LWMC-ShTo,"Loader Rickshaw",-,-,-,-,-,-,-,-
428,61612,19/08/2026,LWMC,"Tehsil Office, Shalimar Town",LR-2779,"Door To Door Collection",11.25,4H25M,264.6,31.603659000,74.363977000,moving,on,"19/08/2026 11:00 AM","19/08/2026 11:00 AM",LWMC-ShTo,"Loader Rickshaw",-,-,-,-,-,-,-,-
429,61620,19/08/2026,LWMC,"Tehsil Office, Shalimar Town",S-330,"Door To Door Collection",36.319,3H43M,222.53,31.604241000,74.400415000,moving,on,"19/08/2026 10:58 AM","19/08/2026 11:00 AM",LWMC-ShTo,"Mini Dumper",-,-,-,-,-,-,-,-
430,25294,19/08/2026,LWMC,"Tehsil Office, Shalimar Town",LR-0596,"Door To Door Collection",22.18,1H37M,97.15,31.582602000,74.370458000,still,off,"19/08/2026 10:00 AM","19/08/2026 10:30 AM",LWMC-ShTo,"Loader Rickshaw",-,-,-,-,-,-,-,-
431,25298,19/08/2026,LWMC,"Tehsil Office, Shalimar Town",LR-0669,"Door To Door Collection",17.295,3H52M,231.65,31.602042000,74.372435000,moving,on,"19/08/2026 10:59 AM","19/08/2026 11:00 AM",LWMC-ShTo,"Loader Rickshaw",-,-,-,-,-,-,-,-
432,60645,19/08/2026,LWMC,"Tehsil Office, Shalimar Town",M-120,"Door To Door Collection",36.906,2H26M,146.38,31.604887000,74.343562000,still,off,"19/08/2026 10:56 AM","19/08/2026 11:00 AM",LWMC-ShTo,"Mini Dumper",-,-,-,-,-,-,-,-
433,-,19/08/2026,LWMC,"Tehsil Office, Gulberg Town",LR-1718,-,0.072,0H0M,-,31.479710000,74.213803000,moving,on,"19/08/2026 10:58 AM","19/08/2026 11:00 AM",LWMC-GuTo,-,-,-,-,-,-,-,-,-
434,22543,19/08/2026,LWMC,"Tehsil Office, Gulberg Town",LR-0638,"Door To Door Collection",14.04,0H55M,55.16,31.552007000,74.356519000,moving,on,"19/08/2026 10:39 AM","19/08/2026 11:00 AM",LWMC-GuTo,"Loader Rickshaw",2,Distance,5,-,-,-,-,-
435,59827,19/08/2026,LWMC,"Tehsil Office, Gulberg Town",D-50,"Bulk Waste Collection",43.136,2H13M,133.19,31.454950000,74.336153000,moving,on,"19/08/2026 10:57 AM","19/08/2026 11:00 AM",LWMC-GuTo,"Dumper (7CM)",3,Ignition,-,-,-,-,-,-
436,18554,19/08/2026,LWMC,"Tehsil Office, Gulberg Town",C-1339,"Container-Based Collection",66.972,5H8M,308.06,31.470611000,74.318434000,moving,on,"19/08/2026 10:59 AM","19/08/2026 11:00 AM",LWMC-GuTo,"Compactor (13CM)",3,Distance,10,1,-,-,-,-
437,61228,19/08/2026,LWMC,"Tehsil Office, Gulberg Town",LR-1705,"Door To Door Collection",32.698,3H55M,235.34,31.500644000,74.353488000,moving,on,"19/08/2026 10:56 AM","19/08/2026 11:00 AM",LWMC-GuTo,"Loader Rickshaw",2,Distance,5,1,-,-,-,-
438,22562,19/08/2026,LWMC,"Tehsil Office, Gulberg Town",LR-1128,"Door To Door Collection",22.136,2H11M,130.91,31.490270000,74.311574000,moving,on,"19/08/2026 10:31 AM","19/08/2026 11:00 AM",LWMC-GuTo,"Loader Rickshaw",2,Distance,5,1,-,-,-,-
439,60642,19/08/2026,LWMC,"Tehsil Office, Gulberg Town",LR-1583,"Door To Door Collection",8.812,5H24M,324.03,31.576197000,74.363576000,moving,on,"19/08/2026 10:48 AM","19/08/2026 11:00 AM",LWMC-GuTo,"Loader Rickshaw",2,Distance,5,1,-,-,-,-
440,60469,19/08/2026,LWMC,"Tehsil Office, Gulberg Town",LR-1556,"Door To Door Collection",14.898,0H58M,57.54,31.560002000,74.352672000,moving,on,"19/08/2026 10:52 AM","19/08/2026 11:00 AM",LWMC-GuTo,"Loader Rickshaw",2,Distance,5,-,-,-,-,-
441,22574,19/08/2026,LWMC,"Tehsil Office, Gulberg Town",LR-1045,"Door To Door Collection",21.801,2H20M,139.75,31.478380000,74.303538000,still,off,"19/08/2026 10:59 AM","19/08/2026 11:00 AM",LWMC-GuTo,"Loader Rickshaw",2,Distance,5,1,-,-,-,-
442,18456,19/08/2026,LWMC,"Tehsil Office, Gulberg Town",CA-151,"Container-Based Collection",110.742,5H41M,340.83,31.525784000,74.332631000,moving,on,"19/08/2026 11:00 AM","19/08/2026 11:00 AM",LWMC-GuTo,"Chain Arm Roll",3,Distance,10,1,-,-,-,-
443,-,19/08/2026,LWMC,"Tehsil Office, Gulberg Town",LR-0995,-,16.742,3H37M,216.58,31.473867000,74.339417000,moving,on,"19/08/2026 10:56 AM","19/08/2026 11:00 AM",LWMC-GuTo,-,-,-,-,-,-,-,-,-
444,61789,19/08/2026,LWMC,"Tehsil Office, Data Gunj Baksh Town",LR-1495,"Door To Door Collection",8.55,4H44M,283.73,31.565481000,74.285183000,moving,on,"19/08/2026 10:06 AM","19/08/2026 11:00 AM",LWMC-DaGB,"Loader Rickshaw",2,Distance,5,1,-,-,-,-
445,19074,19/08/2026,LWMC,"Tehsil Office, Data Gunj Baksh Town",TL-106,"Bulk Waste Collection",4.929,8H17M,496.78,31.573824000,74.278209000,moving,on,"19/08/2026 10:47 AM","19/08/2026 11:00 AM",LWMC-DaGB,"Tractor Loader",3,Ignition,-,1,-,-,-,-
446,-,19/08/2026,LWMC,"Tehsil Office, Data Gunj Baksh Town",LR-0346,-,1.253,0H16M,16.44,31.584415000,74.259438000,still,off,"19/08/2026 10:45 AM","19/08/2026 11:00 AM",LWMC-DaGB,-,-,-,-,-,-,-,-,-
447,-,19/08/2026,LWMC,"Tehsil Office, Data Gunj Baksh Town",LR-1314,-,11.428,1H38M,97.78,31.560382000,74.287071000,moving,on,"19/08/2026 10:48 AM","19/08/2026 11:00 AM",LWMC-DaGB,-,-,-,-,-,-,-,-,-
448,-,19/08/2026,LWMC,"Tehsil Office, Data Gunj Baksh Town",LR-0374,-,22.672,4H43M,283.25,31.598474000,74.397027000,moving,on,"19/08/2026 10:57 AM","19/08/2026 11:00 AM",LWMC-DaGB,-,-,-,-,-,-,-,-,-
449,19722,19/08/2026,LWMC,"Tehsil Office, Data Gunj Baksh Town",S-366,"Bulk Waste Collection",35.93,2H21M,140.94,31.573318000,74.292073000,moving,on,"19/08/2026 10:54 AM","19/08/2026 11:03 AM",LWMC-DaGB,"Mini Dumper",2,Distance,5,1,-,-,-,-
450,60370,19/08/2026,LWMC,"Tehsil Office, Data Gunj Baksh Town",D-20,"Bulk Waste Collection",85.449,4H17M,257.44,31.557974000,74.276652000,moving,on,"19/08/2026 10:59 AM","19/08/2026 11:00 AM",LWMC-DaGB,"Dumper (10CM)",3,Ignition,-,1,-,-,-,-
451,19076,19/08/2026,LWMC,"Tehsil Office, Data Gunj Baksh Town",MFL-47,"Bulk Waste Collection",6.029,2H1M,121.18,31.566926000,74.293096000,still,off,"19/08/2026 09:07 AM","19/08/2026 10:00 AM",LWMC-DaGB,"Tractor Loader",3,Ignition,-,-,-,-,-,-
452,19738,19/08/2026,LWMC,"Tehsil Office, Data Gunj Baksh Town",S-115,"Bulk Waste Collection",37.454,2H30M,150,31.573205000,74.292535000,moving,on,"19/08/2026 10:17 AM","19/08/2026 10:30 AM",LWMC-DaGB,"Mini Dumper",2,Distance,5,1,-,-,-,-
453,62131,19/08/2026,LWMC,"Tehsil Office, Data Gunj Baksh Town",LR-1496,"Door To Door Collection",14.523,1H24M,84.13,31.563369000,74.281572000,still,off,"19/08/2026 09:46 AM","19/08/2026 10:00 AM",LWMC-DaGB,"Loader Rickshaw",2,Distance,5,-,-,-,-,-
454,62104,19/08/2026,LWMC,"Tehsil Office, Data Gunj Baksh Town",LR-1311,"Door To Door Collection",17.051,1H17M,77.46,31.559381000,74.287428000,moving,on,"19/08/2026 11:00 AM","19/08/2026 11:00 AM",LWMC-DaGB,"Loader Rickshaw",2,Distance,5,-,-,-,-,-
455,-,19/08/2026,LWMC,"Tehsil Office, Data Gunj Baksh Town",LR-1423,-,13.828,0H57M,57,31.594622000,74.258731000,moving,on,"19/08/2026 10:52 AM","19/08/2026 11:00 AM",LWMC-DaGB,-,-,-,-,-,-,-,-,-
456,62123,19/08/2026,LWMC,"Tehsil Office, Data Gunj Baksh Town",LR-2805,"Door To Door Collection",13.817,6H2M,361.66,31.574065000,74.275942000,still,off,"19/08/2026 10:57 AM","19/08/2026 11:00 AM",LWMC-DaGB,"Loader Rickshaw",2,Distance,5,1,-,-,-,-
457,-,19/08/2026,LWMC,"Tehsil Office, Data Gunj Baksh Town",ND-23,-,81.099,5H38M,337.71,31.623739000,74.421415000,still,off,"19/08/2026 10:57 AM","19/08/2026 11:00 AM",LWMC-DaGB,-,-,-,-,-,-,-,-,-
458,-,19/08/2026,LWMC,"Tehsil Office, Data Gunj Baksh Town",LR-2514,-,15.453,1H2M,61.71,31.557202000,74.291091000,moving,on,"19/08/2026 10:06 AM","19/08/2026 10:30 AM",LWMC-DaGB,-,-,-,-,-,-,-,-,-
459,62045,19/08/2026,LWMC,"Tehsil Office, Data Gunj Baksh Town",LR-0709,"Door To Door Collection",17.377,1H24M,83.79,31.573624000,74.291308000,moving,on,"19/08/2026 11:00 AM","19/08/2026 11:00 AM",LWMC-DaGB,"Loader Rickshaw",2,Distance,5,-,-,-,-,-
460,19552,19/08/2026,LWMC,"Tehsil Office, Data Gunj Baksh Town",MS-15,Sweeping,26.855,4H34M,273.69,31.573717000,74.290828000,moving,on,"19/08/2026 10:59 AM","19/08/2026 11:00 AM",LWMC-DaGB,"Mechanical Sweeper",2,Distance,10,1,-,-,-,-
461,61841,19/08/2026,LWMC,"Tehsil Office, Data Gunj Baksh Town",LR-3076,"Door To Door Collection",17.966,2H29M,148.76,31.573322000,74.292102000,moving,on,"19/08/2026 10:56 AM","19/08/2026 11:00 AM",LWMC-DaGB,"Loader Rickshaw",2,Distance,5,1,-,-,-,-
462,-,19/08/2026,LWMC,"Tehsil Office, Data Gunj Baksh Town",LR-3082,-,14.639,4H45M,285.38,31.576012000,74.293584000,still,off,"19/08/2026 10:37 AM","19/08/2026 11:00 AM",LWMC-DaGB,-,-,-,-,-,-,-,-,-
463,62080,19/08/2026,LWMC,"Tehsil Office, Data Gunj Baksh Town",LR-1481,"Door To Door Collection",12.979,1H8M,68.45,31.571209000,74.302087000,moving,on,"19/08/2026 08:57 AM","19/08/2026 09:00 AM",LWMC-DaGB,"Loader Rickshaw",2,Distance,5,-,-,-,-,-
464,61254,19/08/2026,LWMC,"Tehsil Office, Data Gunj Baksh Town",LR-1480,"Door To Door Collection",11.528,3H41M,221.06,31.568865000,74.296877000,moving,on,"19/08/2026 09:25 AM","19/08/2026 10:00 AM",LWMC-DaGB,"Loader Rickshaw",2,Distance,5,1,-,-,-,-
465,62103,19/08/2026,LWMC,"Tehsil Office, Data Gunj Baksh Town",LR-1331,"Door To Door Collection",30.338,4H39M,279.11,31.594330000,74.258420000,still,off,"19/08/2026 10:46 AM","19/08/2026 11:00 AM",LWMC-DaGB,"Loader Rickshaw",2,Distance,5,1,-,-,-,-
466,61641,19/08/2026,LWMC,"Tehsil Office, Data Gunj Baksh Town",LR-2510,"Door To Door Collection",25.335,1H47M,106.54,31.537664000,74.330166000,moving,on,"19/08/2026 10:08 AM","19/08/2026 10:30 AM",LWMC-DaGB,"Loader Rickshaw",2,Distance,5,-,-,-,-,-
467,61128,19/08/2026,LWMC,"Tehsil Office, Data Gunj Baksh Town",LR-0708,"Door To Door Collection",23.606,1H31M,91.04,31.592304000,74.259089000,moving,on,"19/08/2026 09:34 AM","19/08/2026 10:00 AM",LWMC-DaGB,"Loader Rickshaw",2,Distance,5,-,-,-,-,-
468,62116,19/08/2026,LWMC,"Tehsil Office, Data Gunj Baksh Town",LR-2525,"Door To Door Collection",17.72,1H58M,118.16,31.594473000,74.258428000,moving,on,"19/08/2026 10:43 AM","19/08/2026 11:00 AM",LWMC-DaGB,"Loader Rickshaw",2,Distance,5,-,-,-,-,-
469,-,19/08/2026,LWMC,"Tehsil Office, Data Gunj Baksh Town",LR-0642,-,16.164,1H12M,72.13,31.572825000,74.278324000,moving,on,"19/08/2026 10:58 AM","19/08/2026 11:00 AM",LWMC-DaGB,-,-,-,-,-,-,-,-,-
470,62102,19/08/2026,LWMC,"Tehsil Office, Data Gunj Baksh Town",LR-1471,"Door To Door Collection",32.359,2H27M,147.23,31.592526000,74.256918000,moving,on,"19/08/2026 11:00 AM","19/08/2026 11:00 AM",LWMC-DaGB,"Loader Rickshaw",2,Distance,5,1,-,-,-,-
471,40366,19/08/2026,LWMC,"Tehsil Office, Samnabad Town",LR-0692,"Door To Door Collection",23.706,3H56M,236.38,31.553504000,74.269834000,moving,on,"19/08/2026 10:26 AM","19/08/2026 11:00 AM",LWMC-SaTo,"Loader Rickshaw",2,Distance,5,1,-,-,-,-
472,60982,19/08/2026,LWMC,"Tehsil Office, Samnabad Town",LR-1190,"Door To Door Collection",18.622,2H42M,162.36,31.574741000,74.272366000,moving,on,"19/08/2026 10:57 AM","19/08/2026 11:00 AM",LWMC-SaTo,"Loader Rickshaw",2,Distance,5,1,-,-,-,-
473,59843,19/08/2026,LWMC,"Tehsil Office, Samnabad Town",LR-0360,"Door To Door Collection",25.147,2H3M,123.48,31.508496000,74.285219000,moving,on,"19/08/2026 10:52 AM","19/08/2026 11:00 AM",LWMC-SaTo,"Loader Rickshaw",2,Distance,5,1,-,-,-,-
474,60227,19/08/2026,LWMC,"Tehsil Office, Samnabad Town",LR-2656,"Door To Door Collection",33.736,3H34M,214.36,31.506232000,74.292751000,moving,on,"19/08/2026 10:58 AM","19/08/2026 11:00 AM",LWMC-SaTo,"Loader Rickshaw",2,Distance,5,1,-,-,-,-
475,61474,19/08/2026,LWMC,"Tehsil Office, Samnabad Town",LR-2810,"Door To Door Collection",23.925,2H34M,153.83,31.551323000,74.274677000,still,off,"19/08/2026 10:43 AM","19/08/2026 11:00 AM",LWMC-SaTo,"Loader Rickshaw",2,Distance,5,1,-,-,-,-
476,41280,19/08/2026,LWMC,"Tehsil Office, Samnabad Town",LR-1465,"Door To Door Collection",33.955,3H7M,187.38,31.519364000,74.295091000,moving,on,"19/08/2026 10:57 AM","19/08/2026 11:00 AM",LWMC-SaTo,"Loader Rickshaw",2,Distance,5,1,-,-,-,-
477,41366,19/08/2026,LWMC,"Tehsil Office, Samnabad Town",LR-2267,"Door To Door Collection",25.188,4H1M,241.08,31.570738000,74.283121000,moving,on,"19/08/2026 10:59 AM","19/08/2026 11:00 AM",LWMC-SaTo,"Loader Rickshaw",2,Distance,5,1,-,-,-,-
478,39121,19/08/2026,LWMC,"Tehsil Office, Samnabad Town",C-733,"Container-Based Collection",45.501,3H45M,224.55,31.552175000,74.261378000,moving,on,"19/08/2026 10:55 AM","19/08/2026 11:00 AM",LWMC-SaTo,"Compactor (7CM)",3,Distance,10,1,-,-,-,-
479,41218,19/08/2026,LWMC,"Tehsil Office, Samnabad Town",LR-0778,"Door To Door Collection",37.384,1H42M,101.68,31.540454000,74.263383000,moving,on,"19/08/2026 11:00 AM","19/08/2026 11:00 AM",LWMC-SaTo,"Loader Rickshaw",2,Distance,5,-,-,-,-,-
480,40312,19/08/2026,LWMC,"Tehsil Office, Samnabad Town",LR-0497,"Door To Door Collection",27.767,5H48M,347.98,31.507073000,74.295531000,moving,on,"19/08/2026 10:52 AM","19/08/2026 11:00 AM",LWMC-SaTo,"Loader Rickshaw",2,Distance,5,1,-,-,-,-
481,41368,19/08/2026,LWMC,"Tehsil Office, Samnabad Town",LR-2269,"Door To Door Collection",35.184,5H8M,307.58,31.536415000,74.317858000,moving,on,"19/08/2026 10:38 AM","19/08/2026 11:00 AM",LWMC-SaTo,"Loader Rickshaw",2,Distance,5,1,-,-,-,-
482,41207,19/08/2026,LWMC,"Tehsil Office, Samnabad Town",LR-0767,"Door To Door Collection",25.007,4H41M,281.39,31.568363000,74.275388000,moving,on,"19/08/2026 10:42 AM","19/08/2026 11:00 AM",LWMC-SaTo,"Loader Rickshaw",2,Distance,5,1,-,-,-,-
483,41227,19/08/2026,LWMC,"Tehsil Office, Samnabad Town",LR-1056,"Door To Door Collection",29.083,8H34M,513.71,31.574788000,74.272164000,moving,on,"19/08/2026 10:59 AM","19/08/2026 11:00 AM",LWMC-SaTo,"Loader Rickshaw",2,Distance,5,1,-,-,-,-
484,41224,19/08/2026,LWMC,"Tehsil Office, Samnabad Town",LR-1053,"Door To Door Collection",22.237,4H37M,276.66,31.574687000,74.274397000,moving,on,"19/08/2026 10:41 AM","19/08/2026 11:00 AM",LWMC-SaTo,"Loader Rickshaw",2,Distance,5,1,-,-,-,-
485,41313,19/08/2026,LWMC,"Tehsil Office, Samnabad Town",LR-1865,"Door To Door Collection",32.007,3H56M,236.23,31.574785000,74.274647000,moving,on,"19/08/2026 11:00 AM","19/08/2026 11:00 AM",LWMC-SaTo,"Loader Rickshaw",2,Distance,5,1,-,-,-,-
486,41269,19/08/2026,LWMC,"Tehsil Office, Samnabad Town",LR-1454,"Door To Door Collection",18.381,2H6M,126.36,31.522606000,74.286499000,still,off,"19/08/2026 10:56 AM","19/08/2026 11:00 AM",LWMC-SaTo,"Loader Rickshaw",2,Distance,5,1,-,-,-,-
487,60516,19/08/2026,LWMC,"Tehsil Office, Samnabad Town",LR-2834,"Door To Door Collection",26.175,5H13M,312.64,31.517743000,74.297657000,still,off,"19/08/2026 10:58 AM","19/08/2026 11:00 AM",LWMC-SaTo,"Loader Rickshaw",2,Distance,5,1,-,-,-,-
488,61715,19/08/2026,LWMC,"Tehsil Office, Ravi Town",LR-1832,"Door To Door Collection",18.292,2H49M,169.03,31.634126000,74.312769000,moving,on,"19/08/2026 10:58 AM","19/08/2026 11:00 AM",LWMC-RaTo,"Loader Rickshaw",2,Distance,5,1,-,-,-,-
489,61118,19/08/2026,LWMC,"Tehsil Office, Ravi Town",LR-1822,"Door To Door Collection",9.978,1H3M,63.26,31.580141000,74.314741000,moving,on,"19/08/2026 09:30 AM","19/08/2026 10:00 AM",LWMC-RaTo,"Loader Rickshaw",2,Distance,5,-,-,-,-,-
490,19956,19/08/2026,LWMC,"Tehsil Office, Ravi Town",S-120,"Bulk Waste Collection",34.609,2H22M,142.5,31.604633000,74.298944000,moving,on,"19/08/2026 11:00 AM","19/08/2026 11:00 AM",LWMC-RaTo,"Mini Dumper",2,Distance,5,1,-,-,-,-
491,19347,19/08/2026,LWMC,"Tehsil Office, Ravi Town",LEG-1436,"Bulk Waste Collection",17.509,2H45M,165.43,31.602389000,74.308999000,moving,on,"19/08/2026 10:32 AM","19/08/2026 11:00 AM",LWMC-RaTo,"Loader Rickshaw",2,Distance,5,1,-,-,-,-
492,61424,19/08/2026,LWMC,"Tehsil Office, Ravi Town",MFT-02,"Bulk Waste Collection",33.787,4H28M,268.38,31.600351000,74.312498000,moving,on,"19/08/2026 11:00 AM","19/08/2026 11:00 AM",LWMC-RaTo,"Tractor Trolley",2,Distance,10,1,-,-,-,-
493,60488,19/08/2026,LWMC,"Tehsil Office, Ravi Town",LR-2121,"Door To Door Collection",15.605,1H22M,81.68,31.637363000,74.281066000,moving,on,"19/08/2026 10:59 AM","19/08/2026 11:00 AM",LWMC-RaTo,"Loader Rickshaw",2,Distance,5,-,-,-,-,-
494,19917,19/08/2026,LWMC,"Tehsil Office, Ravi Town",S-143,"Bulk Waste Collection",26.022,1H36M,95.65,31.608045000,74.309876000,moving,on,"19/08/2026 11:00 AM","19/08/2026 11:00 AM",LWMC-RaTo,"Mini Dumper",2,Distance,5,-,-,-,-,-
495,62161,19/08/2026,LWMC,"Tehsil Office, Wahgha Town",S-305,Commercial,48.008,2H38M,157.55,31.586306000,74.394697000,moving,on,"19/08/2026 10:59 AM","19/08/2026 11:00 AM",LWMC-WaTo,"Mini Dumper",2,Distance,5,1,-,-,-,-
496,23551,19/08/2026,LWMC,"Tehsil Office, Wahgha Town",LR-0268,"Door To Door Collection",36.722,4H43M,283.38,31.581433000,74.460250000,still,off,"19/08/2026 10:47 AM","19/08/2026 11:00 AM",LWMC-WaTo,"Loader Rickshaw",2,Distance,5,1,-,-,-,-
497,59260,19/08/2026,LWMC,"Tehsil Office, Wahgha Town",ISA-268,"Container-Based Collection",84.911,5H2M,302.14,31.476549000,74.512227000,still,off,"19/08/2026 10:53 AM","19/08/2026 11:00 AM",LWMC-WaTo,"Arm Roll Truck",3,Distance,10,1,-,-,-,-
498,59363,19/08/2026,LWMC,"Tehsil Office, Wahgha Town",D-08,"Bulk Waste Collection",79.501,3H41M,221.3,31.611156000,74.383236000,moving,on,"19/08/2026 10:58 AM","19/08/2026 11:00 AM",LWMC-WaTo,"Dumper (7CM)",3,Ignition,-,1,-,-,-,-
499,23630,19/08/2026,LWMC,"Tehsil Office, Wahgha Town",LR-1062,"Door To Door Collection",5.928,5H42M,341.68,31.599711000,74.499617000,still,off,"19/08/2026 10:58 AM","19/08/2026 11:00 AM",LWMC-WaTo,"Loader Rickshaw",2,Distance,5,1,-,-,-,-
500,59357,19/08/2026,LWMC,"Tehsil Office, Wahgha Town",ND-29,"Bulk Waste Collection",98.471,5H41M,340.73,31.609326000,74.380498000,moving,on,"19/08/2026 10:52 AM","19/08/2026 11:00 AM",LWMC-WaTo,"Dumper (5CM)",3,Distance,10,1,-,-,-,-
501,23642,19/08/2026,LWMC,"Tehsil Office, Wahgha Town",LR-1074,"Door To Door Collection",6.761,0H34M,33.89,31.602184000,74.534019000,moving,on,"19/08/2026 09:03 AM","19/08/2026 09:30 AM",LWMC-WaTo,"Loader Rickshaw",2,Distance,5,-,-,-,-,-
502,59682,19/08/2026,LWMC,"Tehsil Office, Wahgha Town",S-153,Commercial,22.191,2H17M,137.25,31.597256000,74.384457000,still,off,"19/08/2026 10:34 AM","19/08/2026 11:00 AM",LWMC-WaTo,"Mini Dumper",2,Distance,5,1,-,-,-,-
503,18370,19/08/2026,LWMC,"Tehsil Office, Aziz Bhatti Town",HA-19,"Container-Based Collection",68.434,4H13M,253.08,31.623731000,74.421507000,moving,on,"19/08/2026 10:23 AM","19/08/2026 10:30 AM",LWMC-AzBT,"Arm Roll Truck",3,Distance,10,1,-,-,-,-
504,59397,19/08/2026,LWMC,"Tehsil Office, Aziz Bhatti Town",LR-1004,"Door To Door Collection",19.481,3H1M,180.98,31.575078000,74.370692000,still,off,"19/08/2026 10:45 AM","19/08/2026 11:00 AM",LWMC-AzBT,"Loader Rickshaw",2,Distance,5,1,-,-,-,-
505,59626,19/08/2026,LWMC,"Tehsil Office, Aziz Bhatti Town",MFT-4,"Bulk Waste Collection",46.257,3H44M,223.91,31.579498000,74.441200000,still,off,"19/08/2026 09:28 AM","19/08/2026 09:30 AM",LWMC-AzBT,"Tractor Trolley",2,Distance,10,1,-,-,-,-
506,61261,19/08/2026,LWMC,"Tehsil Office, Aziz Bhatti Town",LR-1656,"Door To Door Collection",13.117,4H0M,240.36,31.559364000,74.372558000,still,off,"19/08/2026 10:40 AM","19/08/2026 11:00 AM",LWMC-AzBT,"Loader Rickshaw",2,Distance,5,1,-,-,-,-
507,60246,19/08/2026,LWMC,"Tehsil Office, Aziz Bhatti Town",LR-1405,"Door To Door Collection",-,0H0M,-,31.575053000,74.370505000,still,off,"19/08/2026 07:10 AM","19/08/2026 07:30 AM",LWMC-AzBT,"Loader Rickshaw",2,Distance,5,-,-,-,-,-
508,-,19/08/2026,LWMC,"Tehsil Office, Nishter Town",LR-0178,-,21.422,0H16M,16.28,31.277593000,74.321257000,still,off,"19/08/2026 09:58 AM","19/08/2026 10:30 AM",LWMC-NiTo,-,-,-,-,-,-,-,-,-
509,60062,19/08/2026,LWMC,"Tehsil Office, Nishter Town",D-62,"Bulk Waste Collection",85.693,3H6M,186.23,31.390340000,74.354225000,moving,on,"19/08/2026 10:55 AM","19/08/2026 11:00 AM",LWMC-NiTo,"Dumper (10CM)",3,Ignition,-,1,-,-,-,-
510,61668,19/08/2026,LWMC,"Tehsil Office, Nishter Town",LR-2281,"Door To Door Collection",20.651,2H12M,132.26,31.444999000,74.378841000,moving,on,"19/08/2026 10:59 AM","19/08/2026 11:00 AM",LWMC-NiTo,"Loader Rickshaw",2,Distance,5,1,-,-,-,-
511,60561,19/08/2026,LWMC,"Tehsil Office, Nishter Town",LR-1883,"Door To Door Collection",17.456,2H13M,133.11,31.352970000,74.408668000,moving,on,"19/08/2026 10:57 AM","19/08/2026 11:00 AM",LWMC-NiTo,"Loader Rickshaw",2,Distance,5,1,-,-,-,-
512,-,19/08/2026,LWMC,"Tehsil Office, Nishter Town",LR-3019,-,10.112,0H54M,53.95,31.446594000,74.310455000,moving,on,"19/08/2026 10:25 AM","19/08/2026 11:00 AM",LWMC-NiTo,-,-,-,-,-,-,-,-,-
513,60348,19/08/2026,LWMC,"Tehsil Office, Nishter Town",MFL-94,"Bulk Waste Collection",15.462,6H3M,363.23,31.386438000,74.328989000,still,off,"19/08/2026 10:58 AM","19/08/2026 11:00 AM",LWMC-NiTo,"Tractor Loader",3,Ignition,-,1,-,-,-,-
514,-,19/08/2026,LWMC,"Tehsil Office, Nishter Town",CH-RP150K029606,-,24.043,1H48M,108.33,31.446888000,74.393026000,still,off,"19/08/2026 10:58 AM","19/08/2026 11:00 AM",LWMC-NiTo,-,-,-,-,-,-,-,-,-
515,-,19/08/2026,LWMC,"Tehsil Office, Nishter Town",LR-1893,-,14.821,5H37M,337.35,31.457267000,74.347807000,moving,on,"19/08/2026 10:11 AM","19/08/2026 10:30 AM",LWMC-NiTo,-,-,-,-,-,-,-,-,-
516,60793,19/08/2026,LWMC,"Tehsil Office, Nishter Town",LR-2847,"Door To Door Collection",23.436,2H4M,124.43,31.461063000,74.341728000,moving,on,"19/08/2026 10:59 AM","19/08/2026 11:00 AM",LWMC-NiTo,"Loader Rickshaw",2,Distance,5,1,-,-,-,-
517,60502,19/08/2026,LWMC,"Tehsil Office, Nishter Town",LR-2734,"Door To Door Collection",10.048,5H57M,357.43,31.457986000,74.440332000,moving,on,"19/08/2026 10:41 AM","19/08/2026 11:00 AM",LWMC-NiTo,"Loader Rickshaw",2,Distance,5,1,-,-,-,-
518,60816,19/08/2026,LWMC,"Tehsil Office, Nishter Town",LR-2201,"Door To Door Collection",14.596,4H7M,247,31.442597000,74.311223000,moving,on,"19/08/2026 10:51 AM","19/08/2026 11:00 AM",LWMC-NiTo,"Loader Rickshaw",2,Distance,5,1,-,-,-,-
519,60849,19/08/2026,LWMC,"Tehsil Office, Nishter Town",LR-3021,"Door To Door Collection",18.465,6H21M,380.83,31.388085000,74.348929000,moving,on,"19/08/2026 10:59 AM","19/08/2026 11:00 AM",LWMC-NiTo,"Loader Rickshaw",2,Distance,5,1,-,-,-,-
520,61362,19/08/2026,LWMC,"Tehsil Office, Nishter Town",LR-2713,"Door To Door Collection",17.541,2H7M,126.7,31.444598000,74.383391000,moving,on,"19/08/2026 10:30 AM","19/08/2026 10:30 AM",LWMC-NiTo,"Loader Rickshaw",2,Distance,5,1,-,-,-,-
521,61256,19/08/2026,LWMC,"Tehsil Office, Nishter Town",LR-0075,"Door To Door Collection",14.817,6H4M,364.05,31.445423000,74.374775000,moving,on,"19/08/2026 10:57 AM","19/08/2026 11:00 AM",LWMC-NiTo,"Loader Rickshaw",2,Distance,5,1,-,-,-,-
522,60741,19/08/2026,LWMC,"Tehsil Office, Nishter Town",LR-2857,"Door To Door Collection",18.503,4H7M,247.18,31.388648000,74.344702000,still,off,"19/08/2026 10:07 AM","19/08/2026 10:30 AM",LWMC-NiTo,"Loader Rickshaw",2,Distance,5,1,-,-,-,-
523,61718,19/08/2026,LWMC,"Tehsil Office, Nishter Town",LR-1877,"Door To Door Collection",18.785,6H10M,370.11,31.454397000,74.336294000,moving,on,"19/08/2026 10:59 AM","19/08/2026 11:00 AM",LWMC-NiTo,"Loader Rickshaw",2,Distance,5,1,-,-,-,-
524,22886,19/08/2026,LWMC,"Tehsil Office, Allama Iqbal Town",LR-0529,"Door To Door Collection",23.578,2H13M,133.46,31.459578000,74.306453000,still,off,"19/08/2026 10:52 AM","19/08/2026 11:00 AM",LWMC-AlIT,"Loader Rickshaw",2,Distance,5,1,-,-,-,-
525,59970,19/08/2026,LWMC,"Tehsil Office, Allama Iqbal Town",LR-2741,"Door To Door Collection",19.939,1H59M,119.29,31.480104000,74.234238000,moving,on,"19/08/2026 10:57 AM","19/08/2026 11:00 AM",LWMC-AlIT,"Loader Rickshaw",2,Distance,5,-,-,-,-,-
526,60428,19/08/2026,LWMC,"Tehsil Office, Allama Iqbal Town",LR-2019,"Door To Door Collection",32.225,2H12M,132.43,31.253848000,74.181808000,moving,on,"19/08/2026 10:59 AM","19/08/2026 11:00 AM",LWMC-AlIT,"Loader Rickshaw",2,Distance,5,1,-,-,-,-
527,60402,19/08/2026,LWMC,"Tehsil Office, Allama Iqbal Town",LR-2369,"Door To Door Collection",29.374,3H46M,226.38,31.251083000,74.212241000,moving,on,"19/08/2026 10:58 AM","19/08/2026 11:00 AM",LWMC-AlIT,"Loader Rickshaw",2,Distance,5,1,-,-,-,-
528,59888,19/08/2026,LWMC,"Tehsil Office, Allama Iqbal Town",LR-2615,"Door To Door Collection",26.833,3H52M,231.55,31.518612000,74.276858000,moving,on,"19/08/2026 10:17 AM","19/08/2026 10:30 AM",LWMC-AlIT,"Loader Rickshaw",2,Distance,5,1,-,-,-,-
529,22815,19/08/2026,LWMC,"Tehsil Office, Allama Iqbal Town",LR-0218,"Door To Door Collection",30.394,2H12M,132,31.407745000,74.247522000,moving,on,"19/08/2026 10:56 AM","19/08/2026 11:00 AM",LWMC-AlIT,"Loader Rickshaw",2,Distance,5,1,-,-,-,-
530,23011,19/08/2026,LWMC,"Tehsil Office, Allama Iqbal Town",LR-1160,"Door To Door Collection",31.041,3H54M,234.38,31.313396000,74.077169000,moving,on,"19/08/2026 10:30 AM","19/08/2026 11:00 AM",LWMC-AlIT,"Loader Rickshaw",2,Distance,5,1,-,-,-,-
531,59973,19/08/2026,LWMC,"Tehsil Office, Allama Iqbal Town",LR-2745,"Door To Door Collection",34.649,3H20M,199.63,31.497932000,74.253350000,moving,on,"19/08/2026 10:59 AM","19/08/2026 11:00 AM",LWMC-AlIT,"Loader Rickshaw",2,Distance,5,1,-,-,-,-
532,60336,19/08/2026,LWMC,"Tehsil Office, Allama Iqbal Town",LR-2362,"Door To Door Collection",41.539,2H28M,147.66,31.307448000,74.267504000,moving,on,"19/08/2026 10:55 AM","19/08/2026 11:00 AM",LWMC-AlIT,"Loader Rickshaw",2,Distance,5,1,-,-,-,-
533,22839,19/08/2026,LWMC,"Tehsil Office, Allama Iqbal Town",LR-0316,"Door To Door Collection",33.502,2H27M,146.53,31.457152000,74.207319000,moving,on,"19/08/2026 10:56 AM","19/08/2026 11:00 AM",LWMC-AlIT,"Loader Rickshaw",2,Distance,5,1,-,-,-,-
534,60398,19/08/2026,LWMC,"Tehsil Office, Allama Iqbal Town",LR-0227,"Door To Door Collection",29.809,2H12M,131.8,31.257761000,74.226667000,moving,on,"19/08/2026 10:59 AM","19/08/2026 11:00 AM",LWMC-AlIT,"Loader Rickshaw",2,Distance,5,1,-,-,-,-
535,60337,19/08/2026,LWMC,"Tehsil Office, Allama Iqbal Town",LR-0222,"Door To Door Collection",32.151,2H2M,121.95,31.304016000,74.215448000,moving,on,"19/08/2026 10:56 AM","19/08/2026 11:00 AM",LWMC-AlIT,"Loader Rickshaw",2,Distance,5,1,-,-,-,-
536,60501,19/08/2026,LWMC,"Tehsil Office, Allama Iqbal Town",S-373,"Bulk Waste Collection",65.049,5H22M,321.8,31.401589000,74.161954000,moving,on,"19/08/2026 11:00 AM","19/08/2026 11:00 AM",LWMC-AlIT,"Mini Dumper",2,Distance,5,1,-,-,-,-
537,18446,19/08/2026,LWMC,"Tehsil Office, Allama Iqbal Town",CA-79,"Container-Based Collection",123.087,5H57M,356.51,31.443308000,74.197352000,moving,on,"19/08/2026 10:57 AM","19/08/2026 11:00 AM",LWMC-AlIT,"Chain Arm Roll",3,Distance,10,1,-,-,-,-
538,60356,19/08/2026,LWMC,"Tehsil Office, Allama Iqbal Town",LR-1019,"Door To Door Collection",14.328,5H12M,312.16,31.435937000,74.173530000,moving,on,"19/08/2026 10:50 AM","19/08/2026 11:00 AM",LWMC-AlIT,"Loader Rickshaw",2,Distance,5,1,-,-,-,-
539,60120,19/08/2026,LWMC,"Tehsil Office, Allama Iqbal Town",LR-2965,"Door To Door Collection",42.652,3H49M,228.69,31.475467000,74.227826000,moving,on,"19/08/2026 10:59 AM","19/08/2026 11:00 AM",LWMC-AlIT,"Loader Rickshaw",2,Distance,5,1,-,-,-,-
540,19653,19/08/2026,LWMC,"Tehsil Office, Allama Iqbal Town",S-142,"Bulk Waste Collection",47.917,2H34M,154.06,31.366366000,74.231336000,moving,on,"19/08/2026 10:59 AM","19/08/2026 11:00 AM",LWMC-AlIT,"Mini Dumper",2,Distance,5,1,-,-,-,-
541,-,19/08/2026,LWMC,"Tehsil Office, Allama Iqbal Town",LR-3114,-,19.974,6H17M,377.19,31.388619000,74.345008000,moving,on,"19/08/2026 09:59 AM","19/08/2026 10:30 AM",LWMC-AlIT,-,-,-,-,-,-,-,-,-
542,-,19/08/2026,LWMC,"Tehsil Office, Allama Iqbal Town",LR-2972,-,23.841,1H24M,84.09,31.319206000,74.436213000,moving,on,"19/08/2026 10:58 AM","19/08/2026 11:00 AM",LWMC-AlIT,-,-,-,-,-,-,-,-,-
543,59889,19/08/2026,LWMC,"Tehsil Office, Allama Iqbal Town",LR-2616,"Door To Door Collection",25.016,5H11M,310.75,31.532664000,74.257223000,still,off,"19/08/2026 10:59 AM","19/08/2026 11:00 AM",LWMC-AlIT,"Loader Rickshaw",2,Distance,5,1,-,-,-,-
544,59939,19/08/2026,LWMC,"Tehsil Office, Allama Iqbal Town",LR-2644,"Door To Door Collection",25.822,1H45M,104.68,31.464044000,74.297942000,still,off,"19/08/2026 10:44 AM","19/08/2026 11:00 AM",LWMC-AlIT,"Loader Rickshaw",2,Distance,5,-,-,-,-,-
545,59341,19/08/2026,LWMC,"Tehsil Office, Allama Iqbal Town",LR-2014,"Door To Door Collection",34.247,2H50M,169.63,31.331703000,74.110484000,moving,on,"19/08/2026 10:58 AM","19/08/2026 11:00 AM",LWMC-AlIT,"Loader Rickshaw",2,Distance,5,1,-,-,-,-
546,22788,19/08/2026,LWMC,"Tehsil Office, Allama Iqbal Town",LR-0167,"Door To Door Collection",21.277,5H14M,314.31,31.405476000,74.222379000,moving,on,"19/08/2026 10:50 AM","19/08/2026 11:00 AM",LWMC-AlIT,"Loader Rickshaw",2,Distance,5,1,-,-,-,-
547,18381,19/08/2026,LWMC,"Tehsil Office, Allama Iqbal Town",HA-20,"Container-Based Collection",115.811,6H19M,379.05,31.272768000,74.187937000,moving,on,"19/08/2026 11:00 AM","19/08/2026 11:00 AM",LWMC-AlIT,"Arm Roll Truck",3,Distance,10,1,-,-,-,-
548,59968,19/08/2026,LWMC,"Tehsil Office, Allama Iqbal Town",LR-2740,"Door To Door Collection",19.563,4H10M,250.16,31.393648000,74.274432000,moving,on,"19/08/2026 10:11 AM","19/08/2026 10:30 AM",LWMC-AlIT,"Loader Rickshaw",2,Distance,5,1,-,-,-,-
549,-,19/08/2026,LWMC,"Tehsil Office, Allama Iqbal Town",LR-2918,-,26.309,4H44M,283.93,31.388753000,74.344341000,moving,on,"19/08/2026 10:51 AM","19/08/2026 11:00 AM",LWMC-AlIT,-,-,-,-,-,-,-,-,-
550,60154,19/08/2026,LWMC,"Tehsil Office, Allama Iqbal Town",LR-2981,"Door To Door Collection",36.816,2H22M,141.59,31.467918000,74.259126000,moving,on,"19/08/2026 10:55 AM","19/08/2026 11:00 AM",LWMC-AlIT,"Loader Rickshaw",2,Distance,5,1,-,-,-,-
551,60084,19/08/2026,LWMC,"Tehsil Office, Allama Iqbal Town",LR-2932,"Door To Door Collection",17.258,6H9M,368.55,31.478434000,74.218002000,moving,on,"19/08/2026 10:57 AM","19/08/2026 11:00 AM",LWMC-AlIT,"Loader Rickshaw",2,Distance,5,1,-,-,-,-
552,22835,19/08/2026,LWMC,"Tehsil Office, Allama Iqbal Town",LR-0274,"Door To Door Collection",28.927,3H54M,233.73,31.459852000,74.201721000,moving,on,"19/08/2026 10:52 AM","19/08/2026 11:00 AM",LWMC-AlIT,"Loader Rickshaw",2,Distance,5,1,-,-,-,-
553,61353,19/08/2026,LWMC,"Tehsil Office, Shalimar Town",LR-1300,"Door To Door Collection",4.106,0H2M,1.85,31.608692000,74.376022000,still,off,"19/08/2026 10:50 AM","19/08/2026 11:00 AM",LWMC-ShTo,"Loader Rickshaw",-,-,-,-,-,-,-,-
554,61635,19/08/2026,LWMC,"Tehsil Office, Shalimar Town",M-114,"Door To Door Collection",31.525,2H29M,148.69,31.573866000,74.287680000,still,off,"19/08/2026 09:26 AM","19/08/2026 10:00 AM",LWMC-ShTo,"Mini Dumper",-,-,-,-,-,-,-,-
555,61523,19/08/2026,LWMC,"Tehsil Office, Shalimar Town",LR-1305,"Door To Door Collection",12.4,1H37M,96.79,31.588620000,74.341138000,still,off,"19/08/2026 10:58 AM","19/08/2026 11:00 AM",LWMC-ShTo,"Loader Rickshaw",-,-,-,-,-,-,-,-
556,61496,19/08/2026,LWMC,"Tehsil Office, Shalimar Town",S-230,"Door To Door Collection",24.594,1H33M,93.38,31.603397000,74.369222000,moving,on,"19/08/2026 10:59 AM","19/08/2026 11:00 AM",LWMC-ShTo,"Mini Dumper",-,-,-,-,-,-,-,-
557,25311,19/08/2026,LWMC,"Tehsil Office, Shalimar Town",LR-0851,"Door To Door Collection",13.19,0H54M,54.16,31.581495000,74.384879000,moving,on,"19/08/2026 10:45 AM","19/08/2026 11:00 AM",LWMC-ShTo,"Loader Rickshaw",-,-,-,-,-,-,-,-
558,23330,19/08/2026,LWMC,"Tehsil Office, Shalimar Town",LR-0965,"Door To Door Collection",22.501,2H39M,158.68,31.586227000,74.374042000,still,off,"19/08/2026 10:33 AM","19/08/2026 11:00 AM",LWMC-ShTo,"Loader Rickshaw",-,-,-,-,-,-,-,-
559,25317,19/08/2026,LWMC,"Tehsil Office, Shalimar Town",LR-0859,"Door To Door Collection",19.371,4H1M,241.44,31.599319000,74.357553000,moving,on,"19/08/2026 10:57 AM","19/08/2026 11:00 AM",LWMC-ShTo,"Loader Rickshaw",-,-,-,-,-,-,-,-
560,61557,19/08/2026,LWMC,"Tehsil Office, Shalimar Town",LR-0488,"Door To Door Collection",26.448,2H20M,140.26,31.608640000,74.380086000,moving,on,"19/08/2026 11:00 AM","19/08/2026 11:00 AM",LWMC-ShTo,"Loader Rickshaw",-,-,-,-,-,-,-,-
561,62156,19/08/2026,LWMC,"Tehsil Office, Shalimar Town",LR-2500,"Door To Door Collection",30.926,3H59M,238.73,31.581956000,74.376581000,moving,on,"19/08/2026 09:52 AM","19/08/2026 10:00 AM",LWMC-ShTo,"Loader Rickshaw",-,-,-,-,-,-,-,-
562,61582,19/08/2026,LWMC,"Tehsil Office, Shalimar Town",S-387,"Door To Door Collection",37.394,3H11M,190.53,31.608567000,74.367499000,moving,on,"19/08/2026 11:00 AM","19/08/2026 11:00 AM",LWMC-ShTo,"Mini Dumper",-,-,-,-,-,-,-,-
563,25282,19/08/2026,LWMC,"Tehsil Office, Shalimar Town",LR-0562,"Door To Door Collection",23.244,1H56M,116.23,31.594810000,74.336597000,moving,on,"19/08/2026 10:58 AM","19/08/2026 11:00 AM",LWMC-ShTo,"Loader Rickshaw",-,-,-,-,-,-,-,-
564,25301,19/08/2026,LWMC,"Tehsil Office, Shalimar Town",LR-0674,"Door To Door Collection",24.576,5H35M,335.14,31.586349000,74.375657000,moving,on,"19/08/2026 11:00 AM","19/08/2026 11:00 AM",LWMC-ShTo,"Loader Rickshaw",-,-,-,-,-,-,-,-
565,59867,19/08/2026,LWMC,"Tehsil Office, Gulberg Town",MFT-06,"Bulk Waste Collection",35.903,2H12M,132.4,31.518266000,74.325998000,moving,on,"19/08/2026 10:47 AM","19/08/2026 11:00 AM",LWMC-GuTo,"Tractor Trolley",2,Distance,10,1,-,-,-,-
566,-,19/08/2026,LWMC,"Tehsil Office, Gulberg Town",LR-3104,-,12.106,0H58M,58.35,31.388498000,74.344982000,still,off,"19/08/2026 10:39 AM","19/08/2026 11:00 AM",LWMC-GuTo,-,-,-,-,-,-,-,-,-
567,61282,19/08/2026,LWMC,"Tehsil Office, Gulberg Town",LR-1998,"Door To Door Collection",23.268,4H39M,278.98,31.460353000,74.339879000,moving,on,"19/08/2026 10:59 AM","19/08/2026 11:00 AM",LWMC-GuTo,"Loader Rickshaw",2,Distance,5,1,-,-,-,-
568,61840,19/08/2026,LWMC,"Tehsil Office, Data Gunj Baksh Town",LR-1416,"Door To Door Collection",28.418,1H58M,118.28,31.592476000,74.258956000,moving,on,"19/08/2026 09:33 AM","19/08/2026 10:00 AM",LWMC-DaGB,"Loader Rickshaw",2,Distance,5,-,-,-,-,-
569,19754,19/08/2026,LWMC,"Tehsil Office, Data Gunj Baksh Town",S-164,"Bulk Waste Collection",37.384,2H40M,160.31,31.573330000,74.292092000,moving,on,"19/08/2026 10:40 AM","19/08/2026 11:00 AM",LWMC-DaGB,"Mini Dumper",2,Distance,5,1,-,-,-,-
570,19741,19/08/2026,LWMC,"Tehsil Office, Data Gunj Baksh Town",S-70,"Bulk Waste Collection",16.771,1H54M,114.36,31.573196000,74.292273000,moving,on,"19/08/2026 10:30 AM","19/08/2026 11:00 AM",LWMC-DaGB,"Mini Dumper",2,Distance,5,-,-,-,-,-
571,-,19/08/2026,LWMC,"Tehsil Office, Data Gunj Baksh Town",LR-0691,-,0.404,0H2M,1.63,31.593056000,74.259399000,moving,on,"19/08/2026 04:58 AM","19/08/2026 05:30 AM",LWMC-DaGB,-,-,-,-,-,-,-,-,-
572,19780,19/08/2026,LWMC,"Tehsil Office, Data Gunj Baksh Town",S-72,"Bulk Waste Collection",25.219,2H11M,130.84,31.553609000,74.285306000,moving,on,"19/08/2026 10:59 AM","19/08/2026 11:00 AM",LWMC-DaGB,"Mini Dumper",2,Distance,5,1,-,-,-,-
573,41283,19/08/2026,LWMC,"Tehsil Office, Samnabad Town",LR-1675,"Door To Door Collection",19.84,2H16M,135.59,31.535239000,74.317434000,moving,on,"19/08/2026 10:38 AM","19/08/2026 11:00 AM",LWMC-SaTo,"Loader Rickshaw",2,Distance,5,1,-,-,-,-
574,41355,19/08/2026,LWMC,"Tehsil Office, Samnabad Town",LR-2256,"Door To Door Collection",39.876,6H14M,373.86,31.525917000,74.292776000,moving,on,"19/08/2026 10:59 AM","19/08/2026 11:00 AM",LWMC-SaTo,"Loader Rickshaw",2,Distance,5,1,-,-,-,-
575,60432,19/08/2026,LWMC,"Tehsil Office, Samnabad Town",MFL-54,"Bulk Waste Collection",18.969,5H1M,300.81,31.572770000,74.275283000,still,off,"19/08/2026 09:58 AM","19/08/2026 10:30 AM",LWMC-SaTo,Loader,3,Ignition,-,1,-,-,-,-
576,41292,19/08/2026,LWMC,"Tehsil Office, Samnabad Town",LR-1894,"Door To Door Collection",41.181,5H37M,337.13,31.534318000,74.288832000,still,off,"19/08/2026 10:59 AM","19/08/2026 11:00 AM",LWMC-SaTo,"Loader Rickshaw",2,Distance,5,1,-,-,-,-
577,41316,19/08/2026,LWMC,"Tehsil Office, Samnabad Town",LR-1868,"Door To Door Collection",24.869,5H55M,355.26,31.552713000,74.279329000,moving,on,"19/08/2026 10:33 AM","19/08/2026 11:00 AM",LWMC-SaTo,"Loader Rickshaw",2,Distance,5,1,-,-,-,-
578,59899,19/08/2026,LWMC,"Tehsil Office, Samnabad Town",LR-2807,"Door To Door Collection",24.825,4H49M,288.58,31.506906000,74.278011000,still,off,"19/08/2026 10:59 AM","19/08/2026 11:00 AM",LWMC-SaTo,"Loader Rickshaw",2,Distance,5,1,-,-,-,-
579,59555,19/08/2026,LWMC,"Tehsil Office, Aziz Bhatti Town",CA-148,"Container-Based Collection",122.723,5H51M,350.85,31.595566000,74.402286000,moving,on,"19/08/2026 10:57 AM","19/08/2026 11:00 AM",LWMC-AzBT,"Chain Arm Roll",3,Distance,10,1,-,-,-,-
580,60351,19/08/2026,LWMC,"Tehsil Office, Nishter Town",MFL-71,"Bulk Waste Collection",17.831,5H47M,347.13,31.390338000,74.315703000,moving,on,"19/08/2026 10:10 AM","19/08/2026 11:00 AM",LWMC-NiTo,"Tractor Loader",3,Ignition,-,1,-,-,-,-
581,19885,19/08/2026,LWMC,"Tehsil Office, Nishter Town",M-55,"Bulk Waste Collection",55.01,2H54M,173.76,31.429377000,74.296721000,moving,on,"19/08/2026 11:00 AM","19/08/2026 11:00 AM",LWMC-NiTo,"Mini Dumper",2,Distance,5,1,-,-,-,-
582,61717,19/08/2026,LWMC,"Tehsil Office, Nishter Town",LR-2347,"Door To Door Collection",30.78,2H1M,120.68,31.422377000,74.305523000,moving,on,"19/08/2026 10:09 AM","19/08/2026 11:00 AM",LWMC-NiTo,"Loader Rickshaw",2,Distance,5,1,-,-,-,-
583,60961,19/08/2026,LWMC,"Tehsil Office, Nishter Town",LR-0001,"Door To Door Collection",28.416,2H17M,136.58,31.411194000,74.366863000,moving,on,"19/08/2026 10:59 AM","19/08/2026 11:00 AM",LWMC-NiTo,"Loader Rickshaw",2,Distance,5,1,-,-,-,-
584,60454,19/08/2026,LWMC,"Tehsil Office, Nishter Town",LR-1354,"Door To Door Collection",34.053,6H20M,379.69,31.408901000,74.353066000,moving,on,"19/08/2026 10:51 AM","19/08/2026 11:00 AM",LWMC-NiTo,"Loader Rickshaw",2,Distance,5,1,-,-,-,-
585,60414,19/08/2026,LWMC,"Tehsil Office, Allama Iqbal Town",LR-1089,"Door To Door Collection",28.83,1H42M,101.71,31.311747000,74.161722000,still,off,"19/08/2026 10:19 AM","19/08/2026 11:00 AM",LWMC-AlIT,"Loader Rickshaw",2,Distance,5,-,-,-,-,-
586,62001,19/08/2026,LWMC,"Tehsil Office, Shalimar Town",LR-2341,"Door To Door Collection",19.176,4H46M,285.56,31.580315000,74.390620000,moving,on,"19/08/2026 10:58 AM","19/08/2026 11:00 AM",LWMC-ShTo,"Loader Rickshaw",-,-,-,-,-,-,-,-
587,-,19/08/2026,LWMC,"Tehsil Office, Shalimar Town",LR-2094,-,0.731,0H0M,-,31.608488000,74.374470000,still,off,"19/08/2026 10:48 AM","19/08/2026 11:00 AM",LWMC-ShTo,-,-,-,-,-,-,-,-,-
588,61020,19/08/2026,LWMC,"Tehsil Office, Shalimar Town",LR-1791,"Door To Door Collection",18.767,4H30M,270.18,31.585692000,74.333048000,moving,on,"19/08/2026 10:28 AM","19/08/2026 11:00 AM",LWMC-ShTo,"Loader Rickshaw",-,-,-,-,-,-,-,-
589,60446,19/08/2026,LWMC,"Tehsil Office, Shalimar Town",LR-2884,"Door To Door Collection",23.543,5H18M,317.73,31.590467000,74.373628000,still,off,"19/08/2026 10:58 AM","19/08/2026 11:00 AM",LWMC-ShTo,"Loader Rickshaw",-,-,-,-,-,-,-,-
590,62169,19/08/2026,LWMC,"Tehsil Office, Shalimar Town",LR-2105,"Door To Door Collection",19.559,3H27M,206.78,31.579137000,74.390912000,still,off,"19/08/2026 10:58 AM","19/08/2026 11:03 AM",LWMC-ShTo,"Loader Rickshaw",-,-,-,-,-,-,-,-
591,-,19/08/2026,LWMC,"Tehsil Office, Gulberg Town",CH-SW250549CL3,-,11.507,3H46M,226.34,31.353729000,74.395306000,moving,on,"19/08/2026 10:34 AM","19/08/2026 11:00 AM",LWMC-GuTo,-,-,-,-,-,-,-,-,-
592,60795,19/08/2026,LWMC,"Tehsil Office, Samnabad Town",LR-0034,"Door To Door Collection",31.881,6H6M,365.61,31.523902000,74.285296000,moving,on,"19/08/2026 10:41 AM","19/08/2026 11:00 AM",LWMC-SaTo,"Loader Rickshaw",2,Distance,5,1,-,-,-,-
593,60324,19/08/2026,LWMC,"Tehsil Office, Allama Iqbal Town",LR-1107,"Door To Door Collection",26.082,5H41M,340.81,31.257552000,74.219394000,moving,on,"19/08/2026 10:44 AM","19/08/2026 11:00 AM",LWMC-AlIT,"Loader Rickshaw",2,Distance,5,1,-,-,-,-
594,60395,19/08/2026,LWMC,"Tehsil Office, Allama Iqbal Town",LR-0055,"Door To Door Collection",39.279,10H24M,624.39,31.272546000,74.188023000,moving,on,"19/08/2026 10:59 AM","19/08/2026 11:00 AM",LWMC-AlIT,"Loader Rickshaw",2,Distance,5,1,-,-,-,-
595,61051,19/08/2026,LWMC,"Tehsil Office, Shalimar Town",LR-2342,"Door To Door Collection",10.897,2H22M,142.09,31.589782000,74.336868000,moving,on,"19/08/2026 10:59 AM","19/08/2026 11:00 AM",LWMC-ShTo,"Loader Rickshaw",-,-,-,-,-,-,-,-
596,61158,19/08/2026,LWMC,"Tehsil Office, Ravi Town",LR-1616,"Door To Door Collection",9.562,5H54M,354.19,31.590999000,74.320726000,still,off,"19/08/2026 10:57 AM","19/08/2026 11:00 AM",LWMC-RaTo,"Loader Rickshaw",2,Distance,5,1,-,-,-,-
597,23474,19/08/2026,LWMC,"Tehsil Office, Ravi Town",LR-419,"Door To Door Collection",26.974,4H44M,283.96,31.639482000,74.308565000,moving,on,"19/08/2026 10:59 AM","19/08/2026 11:00 AM",LWMC-RaTo,"Loader Rickshaw",2,Distance,5,1,-,-,-,-
598,61619,19/08/2026,LWMC,"Tehsil Office, Nishter Town",LR-2843,"Door To Door Collection",23.305,2H35M,155.16,31.438543000,74.351336000,still,off,"19/08/2026 10:50 AM","19/08/2026 11:00 AM",LWMC-NiTo,"Loader Rickshaw",2,Distance,5,1,-,-,-,-
599,19686,19/08/2026,LWMC,"Tehsil Office, Allama Iqbal Town",S-320,"Bulk Waste Collection",30.443,1H42M,101.65,31.475631000,74.289099000,moving,on,"19/08/2026 10:58 AM","19/08/2026 11:00 AM",LWMC-AlIT,"Mini Dumper",2,Distance,5,-,-,-,-,-
600,-,19/08/2026,LWMC,"Tehsil Office, Ravi Town",LR-2118,-,13.073,0H49M,48.68,31.630649000,74.285230000,moving,on,"19/08/2026 10:41 AM","19/08/2026 11:00 AM",LWMC-RaTo,-,-,-,-,-,-,-,-,-
601,59589,19/08/2026,LWMC,"Tehsil Office, Wahgha Town",LR-2163,"Door To Door Collection",11.77,0H55M,54.68,31.482592000,74.505556000,moving,on,"19/08/2026 11:00 AM","19/08/2026 11:00 AM",LWMC-WaTo,"Loader Rickshaw",2,Distance,5,-,-,-,-,-
602,59579,19/08/2026,LWMC,"Tehsil Office, Wahgha Town",LR-2955,"Door To Door Collection",24.057,5H16M,315.91,31.589841000,74.430555000,moving,on,"19/08/2026 10:58 AM","19/08/2026 11:00 AM",LWMC-WaTo,"Loader Rickshaw",2,Distance,5,1,-,-,-,-
603,59384,19/08/2026,LWMC,"Tehsil Office, Wahgha Town",LR-2901,"Door To Door Collection",22.328,3H28M,207.83,31.488625000,74.475370000,moving,on,"19/08/2026 10:58 AM","19/08/2026 11:00 AM",LWMC-WaTo,"Loader Rickshaw",2,Distance,5,1,-,-,-,-
604,19858,19/08/2026,LWMC,"Tehsil Office, Nishter Town",M-60,"Bulk Waste Collection",71.823,3H16M,196.09,31.449604000,74.349236000,moving,on,"19/08/2026 10:58 AM","19/08/2026 11:00 AM",LWMC-NiTo,"Mini Dumper",2,Distance,5,1,-,-,-,-
605,60074,19/08/2026,LWMC,"Tehsil Office, Nishter Town",D-63,"Bulk Waste Collection",62.588,4H4M,243.63,31.438916000,74.359331000,moving,on,"19/08/2026 10:57 AM","19/08/2026 11:00 AM",LWMC-NiTo,"Dumper (5CM)",3,Distance,10,1,-,-,-,-
606,-,19/08/2026,LWMC,"Tehsil Office, Nishter Town",LR-2688,-,17.406,4H33M,273.28,31.437296000,74.308489000,still,off,"19/08/2026 10:57 AM","19/08/2026 11:00 AM",LWMC-NiTo,-,-,-,-,-,-,-,-,-
607,62010,19/08/2026,LWMC,"Tehsil Office, Nishter Town",LR-1360,"Door To Door Collection",31.752,1H24M,84.15,31.423448000,74.374468000,still,off,"19/08/2026 10:57 AM","19/08/2026 11:00 AM",LWMC-NiTo,"Loader Rickshaw",2,Distance,5,-,-,-,-,-
608,59315,19/08/2026,LWMC,"Tehsil Office, Allama Iqbal Town",D-41,"Bulk Waste Collection",105.206,3H52M,231.61,31.434019000,74.178176000,moving,on,"19/08/2026 10:59 AM","19/08/2026 11:00 AM",LWMC-AlIT,"Dumper (5CM)",3,Distance,10,1,-,-,-,-
609,61975,19/08/2026,LWMC,"Tehsil Office, Shalimar Town",LR-2081,"Door To Door Collection",12.14,2H5M,124.79,31.595777000,74.356656000,moving,on,"19/08/2026 10:59 AM","19/08/2026 11:00 AM",LWMC-ShTo,"Loader Rickshaw",-,-,-,-,-,-,-,-
610,-,19/08/2026,LWMC,"Tehsil Office, Data Gunj Baksh Town",LR-2546,-,46.709,3H4M,184.44,31.592508000,74.255624000,moving,on,"19/08/2026 10:58 AM","19/08/2026 11:00 AM",LWMC-DaGB,-,-,-,-,-,-,-,-,-
611,60874,19/08/2026,LWMC,"Tehsil Office, Samnabad Town",SD-14,"Bulk Waste Collection",57.935,3H12M,192.16,31.571113000,74.284222000,moving,on,"19/08/2026 10:58 AM","19/08/2026 11:00 AM",LWMC-SaTo,"Dumper (10CM)",3,Ignition,-,1,-,-,-,-
612,-,19/08/2026,LWMC,"Tehsil Office, Other Sites",VS-43,-,-,0H0M,-,31.573199000,74.286521000,still,off,"19/08/2026 09:32 AM","19/08/2026 11:00 AM",LWMC-OtSi,-,-,-,-,-,-,-,-,-
613,61754,19/08/2026,LWMC,"Tehsil Office, Ravi Town",LR-1831,"Door To Door Collection",15.031,1H27M,87.4,31.620337000,74.300655000,still,off,"19/08/2026 10:58 AM","19/08/2026 11:00 AM",LWMC-RaTo,"Loader Rickshaw",2,Distance,5,-,-,-,-,-
614,19294,19/08/2026,LWMC,"Tehsil Office, Ravi Town",LR-0246,"Bulk Waste Collection",13.005,5H17M,316.6,31.590872000,74.317239000,still,off,"19/08/2026 10:58 AM","19/08/2026 11:00 AM",LWMC-RaTo,"Loader Rickshaw",2,Distance,5,1,-,-,-,-
615,61114,19/08/2026,LWMC,"Tehsil Office, Ravi Town",LR-1618,"Door To Door Collection",8.431,3H53M,233.34,31.591194000,74.320401000,still,off,"19/08/2026 10:57 AM","19/08/2026 11:00 AM",LWMC-RaTo,"Loader Rickshaw",2,Distance,5,1,-,-,-,-
616,60172,19/08/2026,LWMC,"Tehsil Office, Ravi Town",LR-1233,"Door To Door Collection",13.507,4H57M,297.3,31.602520000,74.317562000,still,off,"19/08/2026 10:59 AM","19/08/2026 11:00 AM",LWMC-RaTo,"Loader Rickshaw",2,Distance,5,1,-,-,-,-
617,61467,19/08/2026,LWMC,"Tehsil Office, Ravi Town",LR-1228,"Door To Door Collection",3.806,4H9M,249.33,31.588808000,74.318902000,moving,on,"19/08/2026 10:59 AM","19/08/2026 11:00 AM",LWMC-RaTo,"Loader Rickshaw",2,Distance,5,-,-,-,-,-
618,61393,19/08/2026,LWMC,"Tehsil Office, Ravi Town",LR-1608,"Door To Door Collection",12.61,4H49M,288.68,31.606867000,74.327906000,still,off,"19/08/2026 10:58 AM","19/08/2026 11:00 AM",LWMC-RaTo,"Loader Rickshaw",2,Distance,5,1,-,-,-,-
619,19924,19/08/2026,LWMC,"Tehsil Office, Ravi Town",S-374,"Bulk Waste Collection",29.582,6H8M,368.14,31.590986000,74.320865000,moving,on,"19/08/2026 11:00 AM","19/08/2026 11:00 AM",LWMC-RaTo,"Mini Dumper",2,Distance,5,1,-,-,-,-
620,18480,19/08/2026,LWMC,"Tehsil Office, Ravi Town",CA-157,"Container-Based Collection",104.617,5H31M,330.83,31.635704000,74.285577000,still,off,"19/08/2026 10:58 AM","19/08/2026 11:00 AM",LWMC-RaTo,"Chain Arm Roll",3,Distance,10,1,-,-,-,-
621,19929,19/08/2026,LWMC,"Tehsil Office, Ravi Town",S-227,"Bulk Waste Collection",28.226,2H48M,167.65,31.629089000,74.312349000,moving,on,"19/08/2026 10:57 AM","19/08/2026 11:00 AM",LWMC-RaTo,"Mini Dumper",2,Distance,5,1,-,-,-,-
622,61092,19/08/2026,LWMC,"Tehsil Office, Ravi Town",LR-1247,"Door To Door Collection",0.112,0H0M,0.34,31.590567000,74.317941000,still,off,"19/08/2026 09:35 AM","19/08/2026 11:00 AM",LWMC-RaTo,"Loader Rickshaw",2,Distance,5,-,-,-,-,-
623,19906,19/08/2026,LWMC,"Tehsil Office, Ravi Town",S-54,"Bulk Waste Collection",28.585,2H31M,150.81,31.609203000,74.326309000,still,off,"19/08/2026 10:57 AM","19/08/2026 11:00 AM",LWMC-RaTo,"Mini Dumper",2,Distance,5,1,-,-,-,-
624,59216,19/08/2026,LWMC,"Tehsil Office, Wahgha Town",LR-1535,"Door To Door Collection",21.771,5H30M,329.85,31.529463000,74.486797000,moving,on,"19/08/2026 10:57 AM","19/08/2026 11:00 AM",LWMC-WaTo,"Loader Rickshaw",2,Distance,5,1,-,-,-,-
625,59211,19/08/2026,LWMC,"Tehsil Office, Wahgha Town",LR-1777,"Door To Door Collection",22.263,2H49M,168.65,31.391309000,74.571464000,still,off,"19/08/2026 08:48 AM","19/08/2026 09:00 AM",LWMC-WaTo,"Loader Rickshaw",2,Distance,5,1,-,-,-,-
626,59625,19/08/2026,LWMC,"Tehsil Office, Wahgha Town",LR-2150,"Door To Door Collection",22.548,1H21M,80.75,31.439014000,74.543312000,still,off,"19/08/2026 11:00 AM","19/08/2026 11:00 AM",LWMC-WaTo,"Loader Rickshaw",2,Distance,5,-,-,-,-,-
627,59577,19/08/2026,LWMC,"Tehsil Office, Wahgha Town",LR-1836,"Door To Door Collection",28.648,4H40M,279.86,31.517684000,74.504129000,still,off,"19/08/2026 10:58 AM","19/08/2026 11:00 AM",LWMC-WaTo,"Loader Rickshaw",2,Distance,5,1,-,-,-,-
628,59209,19/08/2026,LWMC,"Tehsil Office, Wahgha Town",LR-1784,"Door To Door Collection",27.266,2H29M,149.09,31.516837000,74.504188000,still,off,"19/08/2026 10:58 AM","19/08/2026 11:00 AM",LWMC-WaTo,"Loader Rickshaw",2,Distance,5,1,-,-,-,-
629,59532,19/08/2026,LWMC,"Tehsil Office, Wahgha Town",LR-1779,"Door To Door Collection",26.812,1H22M,81.54,31.518604000,74.504044000,moving,on,"19/08/2026 10:58 AM","19/08/2026 11:00 AM",LWMC-WaTo,"Loader Rickshaw",2,Distance,5,-,-,-,-,-
630,59203,19/08/2026,LWMC,"Tehsil Office, Wahgha Town",LR-2160,"Door To Door Collection",14.047,3H37M,217.06,31.527848000,74.542271000,moving,on,"19/08/2026 10:46 AM","19/08/2026 11:00 AM",LWMC-WaTo,"Loader Rickshaw",2,Distance,5,1,-,-,-,-
631,59716,19/08/2026,LWMC,"Tehsil Office, Wahgha Town",LR-1928,"Door To Door Collection",13.252,3H50M,229.96,31.606278000,74.461485000,still,off,"19/08/2026 10:40 AM","19/08/2026 11:00 AM",LWMC-WaTo,"Loader Rickshaw",2,Distance,5,1,-,-,-,-
632,61439,19/08/2026,LWMC,"Tehsil Office, Wahgha Town",LR-2866,"Door To Door Collection",24.189,4H26M,265.63,31.599039000,74.386881000,moving,on,"19/08/2026 10:58 AM","19/08/2026 11:00 AM",LWMC-WaTo,"Loader Rickshaw",2,Distance,5,1,-,-,-,-
633,23592,19/08/2026,LWMC,"Tehsil Office, Wahgha Town",LR-0828,"Door To Door Collection",22.592,1H48M,108.09,31.589247000,74.393474000,still,off,"19/08/2026 09:43 AM","19/08/2026 11:00 AM",LWMC-WaTo,"Loader Rickshaw",2,Distance,5,-,-,-,-,-
634,-,19/08/2026,LWMC,"Tehsil Office, Wahgha Town",LR-2943,-,10.812,2H8M,127.86,31.598567000,74.361759000,moving,on,"19/08/2026 10:51 AM","19/08/2026 11:00 AM",LWMC-WaTo,-,-,-,-,-,-,-,-,-
635,59546,19/08/2026,LWMC,"Tehsil Office, Wahgha Town",LR-1842,"Door To Door Collection",20.584,2H0M,120.26,31.548298000,74.523786000,still,off,"19/08/2026 10:58 AM","19/08/2026 11:00 AM",LWMC-WaTo,"Loader Rickshaw",2,Distance,5,1,-,-,-,-
636,25331,19/08/2026,LWMC,"Tehsil Office, Wahgha Town",LR-0401,"Door To Door Collection",26.299,5H41M,341,31.603037000,74.393678000,moving,on,"19/08/2026 10:59 AM","19/08/2026 11:00 AM",LWMC-WaTo,"Loader Rickshaw",2,Distance,5,1,-,-,-,-
637,59945,19/08/2026,LWMC,"Tehsil Office, Wahgha Town",S-289,Commercial,59.523,3H36M,215.81,31.599596000,74.401373000,moving,on,"19/08/2026 10:57 AM","19/08/2026 11:00 AM",LWMC-WaTo,"Mini Dumper",2,Distance,5,1,-,-,-,-
638,60687,19/08/2026,LWMC,"Tehsil Office, Wahgha Town",S-347,Commercial,26.287,1H17M,76.79,31.441609000,74.451690000,moving,on,"19/08/2026 10:59 AM","19/08/2026 11:00 AM",LWMC-WaTo,"Mini Dumper",2,Distance,5,-,-,-,-,-
639,23574,19/08/2026,LWMC,"Tehsil Office, Wahgha Town",LR-0377,"Door To Door Collection",11.307,0H46M,46.5,31.660893000,74.502743000,still,off,"19/08/2026 10:56 AM","19/08/2026 11:00 AM",LWMC-WaTo,"Loader Rickshaw",2,Distance,5,-,-,-,-,-
640,60528,19/08/2026,LWMC,"Tehsil Office, Aziz Bhatti Town",LR-1638,"Door To Door Collection",20.982,4H44M,283.58,31.552351000,74.427512000,moving,on,"19/08/2026 10:52 AM","19/08/2026 11:00 AM",LWMC-AzBT,"Loader Rickshaw",2,Distance,5,1,-,-,-,-
641,60884,19/08/2026,LWMC,"Tehsil Office, Aziz Bhatti Town",LR-1125,"Door To Door Collection",46.552,4H25M,265.01,31.578633000,74.433982000,still,off,"19/08/2026 10:54 AM","19/08/2026 11:00 AM",LWMC-AzBT,"Loader Rickshaw",2,Distance,5,1,-,-,-,-
642,18504,19/08/2026,LWMC,"Tehsil Office, Aziz Bhatti Town",C13-1088,"Container-Based Collection",56.442,5H24M,324.28,31.559441000,74.373264000,moving,on,"19/08/2026 11:00 AM","19/08/2026 11:00 AM",LWMC-AzBT,"Compactor (13CM)",3,Distance,10,1,-,-,-,-
643,59584,19/08/2026,LWMC,"Tehsil Office, Aziz Bhatti Town",LR-0729,"Door To Door Collection",16.335,5H16M,316.06,31.559427000,74.372799000,moving,on,"19/08/2026 10:57 AM","19/08/2026 11:00 AM",LWMC-AzBT,"Loader Rickshaw",2,Distance,5,1,-,-,-,-
644,60254,19/08/2026,LWMC,"Tehsil Office, Aziz Bhatti Town",LR-1649,"Door To Door Collection",-,0H0M,-,31.575211000,74.370567000,still,off,"19/08/2026 10:06 AM","19/08/2026 11:00 AM",LWMC-AzBT,"Loader Rickshaw",2,Distance,5,-,-,-,-,-
645,59446,19/08/2026,LWMC,"Tehsil Office, Aziz Bhatti Town",LR-2886,"Door To Door Collection",29.03,3H2M,182.09,31.602356000,74.400931000,still,off,"19/08/2026 11:00 AM","19/08/2026 11:00 AM",LWMC-AzBT,"Loader Rickshaw",2,Distance,5,1,-,-,-,-
646,18503,19/08/2026,LWMC,"Tehsil Office, Aziz Bhatti Town",C13-1089,"Container-Based Collection",45.822,2H54M,173.59,31.550877000,74.409960000,still,off,"19/08/2026 10:58 AM","19/08/2026 11:00 AM",LWMC-AzBT,"Compactor (13CM)",3,Distance,10,-,-,-,-,-
647,59335,19/08/2026,LWMC,"Tehsil Office, Aziz Bhatti Town",LR-0324,"Door To Door Collection",23.946,4H55M,295.43,31.577539000,74.458763000,still,off,"19/08/2026 10:58 AM","19/08/2026 11:00 AM",LWMC-AzBT,"Loader Rickshaw",2,Distance,5,1,-,-,-,-
648,-,19/08/2026,LWMC,"Tehsil Office, Aziz Bhatti Town",LES-6145,-,45.822,2H54M,173.59,31.550877000,74.409960000,still,off,"19/08/2026 10:58 AM","19/08/2026 11:00 AM",LWMC-AzBT,-,-,-,-,-,-,-,-,-
649,59504,19/08/2026,LWMC,"Tehsil Office, Aziz Bhatti Town",LR-1961,"Door To Door Collection",34.985,4H30M,270.03,31.577717000,74.390461000,moving,on,"19/08/2026 10:56 AM","19/08/2026 11:00 AM",LWMC-AzBT,"Loader Rickshaw",2,Distance,5,1,-,-,-,-
650,60010,19/08/2026,LWMC,"Tehsil Office, Aziz Bhatti Town",LR-0296,"Door To Door Collection",42.796,4H24M,263.88,31.562133000,74.402743000,still,off,"19/08/2026 10:58 AM","19/08/2026 11:00 AM",LWMC-AzBT,"Loader Rickshaw",2,Distance,5,1,-,-,-,-
651,60177,19/08/2026,LWMC,"Tehsil Office, Aziz Bhatti Town",LR-0289,"Door To Door Collection",12.122,5H6M,305.71,31.572725000,74.394161000,still,off,"19/08/2026 10:58 AM","19/08/2026 11:00 AM",LWMC-AzBT,"Loader Rickshaw",2,Distance,5,1,-,-,-,-
652,60909,19/08/2026,LWMC,"Tehsil Office, Aziz Bhatti Town",LR-2587,"Door To Door Collection",24.618,5H21M,321.23,31.556478000,74.418833000,moving,on,"19/08/2026 10:59 AM","19/08/2026 11:00 AM",LWMC-AzBT,"Loader Rickshaw",2,Distance,5,1,-,-,-,-
653,59663,19/08/2026,LWMC,"Tehsil Office, Aziz Bhatti Town",LR-2384,"Door To Door Collection",27.255,4H30M,270.41,31.609123000,74.380249000,still,off,"19/08/2026 10:58 AM","19/08/2026 11:00 AM",LWMC-AzBT,"Loader Rickshaw",2,Distance,5,1,-,-,-,-
654,60479,19/08/2026,LWMC,"Tehsil Office, Nishter Town",LR-2404,"Door To Door Collection",-,0H0M,-,31.427641000,74.478671000,still,off,"19/08/2026 09:53 AM","19/08/2026 11:00 AM",LWMC-NiTo,"Loader Rickshaw",2,Distance,5,-,-,-,-,-
655,61159,19/08/2026,LWMC,"Tehsil Office, Nishter Town",LR-2849,"Door To Door Collection",22.775,2H58M,178.11,31.434062000,74.292673000,moving,on,"19/08/2026 10:59 AM","19/08/2026 11:00 AM",LWMC-NiTo,"Loader Rickshaw",2,Distance,5,1,-,-,-,-
656,-,19/08/2026,LWMC,"Tehsil Office, Nishter Town",LR-1940,-,0.233,4H7M,246.9,31.455049000,74.335333000,still,off,"19/08/2026 09:49 AM","19/08/2026 11:00 AM",LWMC-NiTo,-,-,-,-,-,-,-,-,-
657,61060,19/08/2026,LWMC,"Tehsil Office, Nishter Town",LR-2005,"Door To Door Collection",23.163,5H1M,300.71,31.362846000,74.374071000,still,off,"19/08/2026 10:03 AM","19/08/2026 11:00 AM",LWMC-NiTo,"Loader Rickshaw",2,Distance,5,1,-,-,-,-
658,-,19/08/2026,LWMC,"Tehsil Office, Nishter Town",S-43,-,48.89,1H57M,117.09,31.279131000,74.318635000,still,off,"19/08/2026 09:36 AM","19/08/2026 11:00 AM",LWMC-NiTo,-,-,-,-,-,-,-,-,-
659,19853,19/08/2026,LWMC,"Tehsil Office, Nishter Town",S-332,"Bulk Waste Collection",-,0H0M,-,31.449238000,74.311175000,still,off,"19/08/2026 09:46 AM","19/08/2026 11:00 AM",LWMC-NiTo,"Mini Dumper",2,Distance,5,-,-,-,-,-
660,60353,19/08/2026,LWMC,"Tehsil Office, Nishter Town",MFL-61,"Bulk Waste Collection",-,0H0M,-,31.427845000,74.478058000,still,off,"19/08/2026 09:44 AM","19/08/2026 11:00 AM",LWMC-NiTo,"Tractor Loader",3,Ignition,-,-,-,-,-,-
661,60557,19/08/2026,LWMC,"Tehsil Office, Nishter Town",LR-2361,"Door To Door Collection",18.482,2H35M,154.69,31.445422000,74.377258000,moving,on,"19/08/2026 10:57 AM","19/08/2026 11:00 AM",LWMC-NiTo,"Loader Rickshaw",2,Distance,5,1,-,-,-,-
662,-,19/08/2026,LWMC,"Tehsil Office, Nishter Town",LR-907,-,8.534,0H36M,35.88,31.437023000,74.424532000,moving,on,"19/08/2026 11:00 AM","19/08/2026 11:00 AM",LWMC-NiTo,-,-,-,-,-,-,-,-,-
663,59638,19/08/2026,LWMC,"Tehsil Office, Allama Iqbal Town",LR-2491,"Door To Door Collection",27.727,5H21M,320.81,31.302134000,74.072113000,still,off,"19/08/2026 10:58 AM","19/08/2026 11:00 AM",LWMC-AlIT,"Loader Rickshaw",2,Distance,5,1,-,-,-,-
664,59649,19/08/2026,LWMC,"Tehsil Office, Allama Iqbal Town",C-749,"Container-Based Collection",72.447,3H43M,222.58,31.299412000,74.223932000,moving,on,"19/08/2026 10:53 AM","19/08/2026 11:00 AM",LWMC-AlIT,"Compactor (7CM)",3,Distance,10,1,-,-,-,-
665,18443,19/08/2026,LWMC,"Tehsil Office, Allama Iqbal Town",CA-146,"Container-Based Collection",113.493,5H33M,332.96,31.255308000,74.182609000,still,off,"19/08/2026 10:58 AM","19/08/2026 11:00 AM",LWMC-AlIT,"Chain Arm Roll",3,Distance,10,1,-,-,-,-
666,61503,19/08/2026,LWMC,"Tehsil Office, Allama Iqbal Town",D-32,"Bulk Waste Collection",102.978,3H18M,197.84,31.470890000,74.227227000,moving,on,"19/08/2026 10:59 AM","19/08/2026 11:00 AM",LWMC-AlIT,"Dumper (20CM)",3,Ignition,-,1,-,-,-,-
667,59860,19/08/2026,LWMC,"Tehsil Office, Allama Iqbal Town",LR-2024,"Door To Door Collection",23.36,1H43M,103.03,31.298920000,74.076071000,still,off,"19/08/2026 10:14 AM","19/08/2026 11:00 AM",LWMC-AlIT,"Loader Rickshaw",2,Distance,5,-,-,-,-,-
668,59989,19/08/2026,LWMC,"Tehsil Office, Allama Iqbal Town",LR-2492,"Door To Door Collection",21.178,5H39M,339.23,31.329439000,74.104985000,still,off,"19/08/2026 10:58 AM","19/08/2026 11:00 AM",LWMC-AlIT,"Loader Rickshaw",2,Distance,5,1,-,-,-,-
669,60410,19/08/2026,LWMC,"Tehsil Office, Allama Iqbal Town",LR-1103,"Door To Door Collection",47.347,5H45M,345.05,31.239238000,74.220767000,still,off,"19/08/2026 10:58 AM","19/08/2026 11:00 AM",LWMC-AlIT,"Loader Rickshaw",2,Distance,5,1,-,-,-,-
670,59964,19/08/2026,LWMC,"Tehsil Office, Allama Iqbal Town",LR-2738,"Door To Door Collection",25.757,9H36M,575.91,31.395815000,74.274128000,still,off,"19/08/2026 10:58 AM","19/08/2026 11:00 AM",LWMC-AlIT,"Loader Rickshaw",2,Distance,5,1,-,-,-,-
671,60248,19/08/2026,LWMC,"Tehsil Office, Allama Iqbal Town",LR-1106,"Door To Door Collection",27.024,5H6M,306.3,31.257172000,74.218413000,still,off,"19/08/2026 10:58 AM","19/08/2026 11:00 AM",LWMC-AlIT,"Loader Rickshaw",2,Distance,5,1,-,-,-,-
672,60404,19/08/2026,LWMC,"Tehsil Office, Allama Iqbal Town",LR-2025,"Door To Door Collection",-,0H0M,-,31.275897000,74.252938000,still,off,"19/08/2026 09:09 AM","19/08/2026 10:30 AM",LWMC-AlIT,"Loader Rickshaw",2,Distance,5,-,-,-,-,-
673,19657,19/08/2026,LWMC,"Tehsil Office, Allama Iqbal Town",S-379,"Bulk Waste Collection",0.697,0H36M,36.21,31.464175000,74.225824000,still,off,"19/08/2026 10:56 AM","19/08/2026 11:00 AM",LWMC-AlIT,"Mini Dumper",2,Distance,5,-,-,-,-,-
674,60115,19/08/2026,LWMC,"Tehsil Office, Allama Iqbal Town",LR-1539,"Door To Door Collection",37.612,6H13M,372.81,31.336812000,74.243018000,still,off,"19/08/2026 10:58 AM","19/08/2026 11:00 AM",LWMC-AlIT,"Loader Rickshaw",2,Distance,5,1,-,-,-,-
675,60255,19/08/2026,LWMC,"Tehsil Office, Allama Iqbal Town",LR-1101,"Door To Door Collection",-,0H0M,-,31.275982000,74.253087000,still,off,"19/08/2026 09:50 AM","19/08/2026 10:30 AM",LWMC-AlIT,"Loader Rickshaw",2,Distance,5,-,-,-,-,-
676,19703,19/08/2026,LWMC,"Tehsil Office, Allama Iqbal Town",S-135,"Bulk Waste Collection",52.028,6H19M,379.23,31.253151000,74.205219000,still,off,"19/08/2026 10:57 AM","19/08/2026 11:00 AM",LWMC-AlIT,"Mini Dumper",2,Distance,5,1,-,-,-,-
677,19648,19/08/2026,LWMC,"Tehsil Office, Allama Iqbal Town",S-125,"Bulk Waste Collection",37.857,2H20M,140.05,31.452496000,74.314934000,still,off,"19/08/2026 10:12 AM","19/08/2026 11:00 AM",LWMC-AlIT,"Mini Dumper",2,Distance,5,1,-,-,-,-
678,59737,19/08/2026,LWMC,"Tehsil Office, Allama Iqbal Town",LR-1451,"Door To Door Collection",4.749,1H2M,62.46,31.465161000,74.225998000,still,off,"19/08/2026 10:44 AM","19/08/2026 11:00 AM",LWMC-AlIT,"Loader Rickshaw",2,Distance,5,-,-,-,-,-
679,22889,19/08/2026,LWMC,"Tehsil Office, Allama Iqbal Town",LR-0532,"Door To Door Collection",30.595,4H14M,253.98,31.445563000,74.279858000,still,off,"19/08/2026 10:46 AM","19/08/2026 11:00 AM",LWMC-AlIT,"Loader Rickshaw",2,Distance,5,1,-,-,-,-
680,60391,19/08/2026,LWMC,"Tehsil Office, Allama Iqbal Town",LR-0470,"Door To Door Collection",24.023,9H56M,595.58,31.263835000,74.219973000,moving,on,"19/08/2026 10:39 AM","19/08/2026 11:00 AM",LWMC-AlIT,"Loader Rickshaw",2,Distance,5,1,-,-,-,-
681,61334,19/08/2026,LWMC,"Tehsil Office, Shalimar Town",LR-2419,"Door To Door Collection",19.086,1H49M,109.38,31.586217000,74.353314000,moving,on,"19/08/2026 10:45 AM","19/08/2026 11:00 AM",LWMC-ShTo,"Loader Rickshaw",-,-,-,-,-,-,-,-
682,61850,19/08/2026,LWMC,"Tehsil Office, Shalimar Town",LR-2297,"Door To Door Collection",17.456,4H26M,266.46,31.590347000,74.369469000,still,off,"19/08/2026 10:57 AM","19/08/2026 11:00 AM",LWMC-ShTo,"Loader Rickshaw",-,-,-,-,-,-,-,-
683,23331,19/08/2026,LWMC,"Tehsil Office, Shalimar Town",LR-0966,"Door To Door Collection",29.802,3H36M,215.75,31.609643000,74.381407000,moving,on,"19/08/2026 10:35 AM","19/08/2026 11:00 AM",LWMC-ShTo,"Loader Rickshaw",-,-,-,-,-,-,-,-
684,61577,19/08/2026,LWMC,"Tehsil Office, Shalimar Town",LR-2936,"Door To Door Collection",11.988,1H20M,79.88,31.573148000,74.385447000,moving,on,"19/08/2026 10:00 AM","19/08/2026 11:00 AM",LWMC-ShTo,"Loader Rickshaw",-,-,-,-,-,-,-,-
685,61706,19/08/2026,LWMC,"Tehsil Office, Shalimar Town",MFT-3,"Bulk Waste Collection",13.042,5H51M,350.83,31.614329000,74.344774000,still,off,"19/08/2026 10:58 AM","19/08/2026 11:00 AM",LWMC-ShTo,"Tractor Loader",-,-,-,-,-,-,-,-
686,61698,19/08/2026,LWMC,"Tehsil Office, Shalimar Town",MFL-92,"Bulk Waste Collection",7.72,6H8M,368.14,31.581262000,74.337399000,still,off,"19/08/2026 10:58 AM","19/08/2026 11:00 AM",LWMC-ShTo,"Tractor Front Blade",-,-,-,-,-,-,-,-
687,61985,19/08/2026,LWMC,"Tehsil Office, Shalimar Town",LR-2603,"Door To Door Collection",18.365,5H49M,349.26,31.602628000,74.380886000,still,off,"19/08/2026 10:58 AM","19/08/2026 11:00 AM",LWMC-ShTo,"Loader Rickshaw",-,-,-,-,-,-,-,-
688,61801,19/08/2026,LWMC,"Tehsil Office, Shalimar Town",LR-2202,"Door To Door Collection",26.338,3H58M,238.19,31.610824000,74.381532000,still,off,"19/08/2026 10:56 AM","19/08/2026 11:00 AM",LWMC-ShTo,"Loader Rickshaw",-,-,-,-,-,-,-,-
689,60918,19/08/2026,LWMC,"Tehsil Office, Shalimar Town",LR-2609,"Door To Door Collection",35.256,4H26M,265.91,31.579084000,74.385604000,still,off,"19/08/2026 10:26 AM","19/08/2026 11:00 AM",LWMC-ShTo,"Loader Rickshaw",-,-,-,-,-,-,-,-
690,61808,19/08/2026,LWMC,"Tehsil Office, Shalimar Town",LR-2379,"Door To Door Collection",13.662,4H29M,269.39,31.587560000,74.342211000,moving,on,"19/08/2026 10:57 AM","19/08/2026 11:00 AM",LWMC-ShTo,"Loader Rickshaw",-,-,-,-,-,-,-,-
691,25314,19/08/2026,LWMC,"Tehsil Office, Shalimar Town",LR-0854,"Door to Door Collection",17.588,2H5M,124.81,31.581944000,74.381838000,still,off,"19/08/2026 10:09 AM","19/08/2026 10:30 AM",LWMC-ShTo,"Loader Rickshaw",-,-,-,-,-,-,-,-
692,23355,19/08/2026,LWMC,"Tehsil Office, Shalimar Town",LR-1215,"Door To Door Collection",21.515,2H8M,127.66,31.594670000,74.356649000,moving,on,"19/08/2026 10:57 AM","19/08/2026 11:00 AM",LWMC-ShTo,"Loader Rickshaw",-,-,-,-,-,-,-,-
693,61160,19/08/2026,LWMC,"Tehsil Office, Shalimar Town",LR-2598,"Door To Door Collection",19.085,3H17M,196.73,31.587125000,74.363191000,still,off,"19/08/2026 10:57 AM","19/08/2026 11:00 AM",LWMC-ShTo,"Loader Rickshaw",-,-,-,-,-,-,-,-
694,62154,19/08/2026,LWMC,"Tehsil Office, Shalimar Town",LR-2502,"Door To Door Collection",24.54,5H28M,328.03,31.593377000,74.368434000,moving,on,"19/08/2026 10:58 AM","19/08/2026 11:00 AM",LWMC-ShTo,"Loader Rickshaw",-,-,-,-,-,-,-,-
695,60843,19/08/2026,LWMC,"Tehsil Office, Shalimar Town",LR-2494,"Door To Door Collection",20.231,4H55M,295.28,31.583953000,74.364890000,moving,on,"19/08/2026 10:58 AM","19/08/2026 11:00 AM",LWMC-ShTo,"Loader Rickshaw",-,-,-,-,-,-,-,-
696,61335,19/08/2026,LWMC,"Tehsil Office, Shalimar Town",LR-2597,"Door To Door Collection",17.157,4H1M,241.33,31.587206000,74.359002000,moving,on,"19/08/2026 10:45 AM","19/08/2026 11:00 AM",LWMC-ShTo,"Loader Rickshaw",-,-,-,-,-,-,-,-
697,61987,19/08/2026,LWMC,"Tehsil Office, Shalimar Town",LR-2794,"Door To Door Collection",6.019,3H57M,236.53,31.604394000,74.358962000,still,off,"19/08/2026 10:58 AM","19/08/2026 11:00 AM",LWMC-ShTo,"Loader Rickshaw",-,-,-,-,-,-,-,-
698,61530,19/08/2026,LWMC,"Tehsil Office, Shalimar Town",LR-2070,"Door To Door Collection",0.062,3H19M,198.65,31.610627000,74.381546000,still,off,"19/08/2026 10:57 AM","19/08/2026 11:00 AM",LWMC-ShTo,"Loader Rickshaw",-,-,-,-,-,-,-,-
699,61804,19/08/2026,LWMC,"Tehsil Office, Shalimar Town",LR-2190,"Door To Door Collection",15.914,1H48M,108.46,31.581502000,74.337982000,moving,on,"19/08/2026 10:58 AM","19/08/2026 11:00 AM",LWMC-ShTo,"Loader Rickshaw",-,-,-,-,-,-,-,-
700,62184,19/08/2026,LWMC,"Tehsil Office, Shalimar Town",LR-2602,"Door To Door Collection",39.997,5H17M,316.58,31.570086000,74.382530000,moving,on,"19/08/2026 10:59 AM","19/08/2026 11:03 AM",LWMC-ShTo,"Loader Rickshaw",-,-,-,-,-,-,-,-
701,61227,19/08/2026,LWMC,"Tehsil Office, Gulberg Town",LR-1990,"Door To Door Collection",19.155,2H19M,138.56,31.469358000,74.340899000,moving,on,"19/08/2026 10:57 AM","19/08/2026 11:00 AM",LWMC-GuTo,"Loader Rickshaw",2,Distance,5,1,-,-,-,-
702,22585,19/08/2026,LWMC,"Tehsil Office, Gulberg Town",LR-0986,"Door To Door Collection",26.937,2H8M,128.3,31.462107000,74.322518000,moving,on,"19/08/2026 11:00 AM","19/08/2026 11:00 AM",LWMC-GuTo,"Loader Rickshaw",2,Distance,5,1,-,-,-,-
703,22545,19/08/2026,LWMC,"Tehsil Office, Gulberg Town",LR-1036,"Door To Door Collection",23.459,5H27M,327.08,31.490497000,74.344762000,still,off,"19/08/2026 10:59 AM","19/08/2026 11:00 AM",LWMC-GuTo,"Loader Rickshaw",2,Distance,5,1,-,-,-,-
704,59942,19/08/2026,LWMC,"Tehsil Office, Gulberg Town",P-61,"Bulk Waste Collection",31.523,1H2M,61.89,31.457557000,74.338250000,still,off,"19/08/2026 10:51 AM","19/08/2026 11:00 AM",LWMC-GuTo,Pickup,2,Distance,5,-,-,-,-,-
705,19821,19/08/2026,LWMC,"Tehsil Office, Gulberg Town",S-337,"Bulk Waste Collection",30.836,2H43M,163.26,31.566268000,74.374789000,moving,on,"19/08/2026 10:51 AM","19/08/2026 11:00 AM",LWMC-GuTo,"Mini Dumper",2,Distance,5,1,-,-,-,-
706,22554,19/08/2026,LWMC,"Tehsil Office, Gulberg Town",LR-0647,"Door To Door Collection",18.203,2H12M,131.55,31.505929000,74.325764000,moving,on,"19/08/2026 10:59 AM","19/08/2026 11:00 AM",LWMC-GuTo,"Loader Rickshaw",2,Distance,5,1,-,-,-,-
707,22581,19/08/2026,LWMC,"Tehsil Office, Gulberg Town",LR-0662,"Door To Door Collection",21.923,2H36M,155.58,31.468448000,74.319298000,moving,on,"19/08/2026 10:59 AM","19/08/2026 11:00 AM",LWMC-GuTo,"Loader Rickshaw",2,Distance,5,1,-,-,-,-
708,59680,19/08/2026,LWMC,"Tehsil Office, Gulberg Town",LR-3061,"Door To Door Collection",24.65,1H48M,108.45,31.460056000,74.328276000,moving,on,"19/08/2026 10:57 AM","19/08/2026 11:00 AM",LWMC-GuTo,"Loader Rickshaw",2,Distance,5,-,-,-,-,-
709,61396,19/08/2026,LWMC,"Tehsil Office, Gulberg Town",LR-1570,"Door To Door Collection",16.462,1H36M,96.13,31.564933000,74.351601000,moving,on,"19/08/2026 10:57 AM","19/08/2026 11:00 AM",LWMC-GuTo,"Loader Rickshaw",2,Distance,5,-,-,-,-,-
710,18457,19/08/2026,LWMC,"Tehsil Office, Gulberg Town",CA-121,"Container-Based Collection",90.646,6H2M,361.61,31.544889000,74.357401000,moving,on,"19/08/2026 11:00 AM","19/08/2026 11:00 AM",LWMC-GuTo,"Chain Arm Roll",3,Distance,10,1,-,-,-,-
711,22556,19/08/2026,LWMC,"Tehsil Office, Gulberg Town",LR-0650,"Door To Door Collection",14.784,1H38M,97.86,31.501945000,74.320085000,still,off,"19/08/2026 10:52 AM","19/08/2026 11:00 AM",LWMC-GuTo,"Loader Rickshaw",2,Distance,5,-,-,-,-,-
712,-,19/08/2026,LWMC,"Tehsil Office, Gulberg Town",LR-3057,-,21.904,2H26M,145.76,31.395127000,74.361774000,moving,on,"19/08/2026 10:59 AM","19/08/2026 11:00 AM",LWMC-GuTo,-,-,-,-,-,-,-,-,-
713,19752,19/08/2026,LWMC,"Tehsil Office, Data Gunj Baksh Town",S-52,"Bulk Waste Collection",-,0H0M,-,31.573833000,74.293346000,still,off,"19/08/2026 05:55 AM","19/08/2026 07:00 AM",LWMC-DaGB,"Mini Dumper",2,Distance,5,-,-,-,-,-
714,18667,19/08/2026,LWMC,"Tehsil Office, Data Gunj Baksh Town",C7-18,"Container-Based Collection",62.136,5H39M,339.11,31.573445000,74.290863000,moving,on,"19/08/2026 10:59 AM","19/08/2026 11:00 AM",LWMC-DaGB,"Compactor (7CM)",3,Distance,10,1,-,-,-,-
715,19766,19/08/2026,LWMC,"Tehsil Office, Data Gunj Baksh Town",S-75,"Bulk Waste Collection",34.703,2H57M,176.96,31.573140000,74.292045000,moving,on,"19/08/2026 10:53 AM","19/08/2026 11:00 AM",LWMC-DaGB,"Mini Dumper",2,Distance,5,1,-,-,-,-
716,19782,19/08/2026,LWMC,"Tehsil Office, Data Gunj Baksh Town",S-251,"Bulk Waste Collection",43.123,2H39M,159.34,31.562187000,74.318851000,still,off,"19/08/2026 10:58 AM","19/08/2026 11:00 AM",LWMC-DaGB,"Mini Dumper",2,Distance,5,1,-,-,-,-
717,30808,19/08/2026,LWMC,"Tehsil Office, Data Gunj Baksh Town",LR-0754,"Door To Door Collection",25.509,2H21M,141,31.565736000,74.311544000,still,off,"19/08/2026 10:57 AM","19/08/2026 11:00 AM",LWMC-DaGB,"Loader Rickshaw",2,Distance,5,1,-,-,-,-
718,-,19/08/2026,LWMC,"Tehsil Office, Data Gunj Baksh Town",LR-2526,-,8.833,0H45M,44.91,31.569387000,74.291283000,moving,on,"19/08/2026 09:59 AM","19/08/2026 11:00 AM",LWMC-DaGB,-,-,-,-,-,-,-,-,-
719,19726,19/08/2026,LWMC,"Tehsil Office, Data Gunj Baksh Town",S-06,"Bulk Waste Collection",36.551,2H28M,147.94,31.573056000,74.292056000,still,off,"19/08/2026 10:26 AM","19/08/2026 11:00 AM",LWMC-DaGB,"Mini Dumper",2,Distance,5,1,-,-,-,-
720,19729,19/08/2026,LWMC,"Tehsil Office, Data Gunj Baksh Town",S-245,"Bulk Waste Collection",30.977,2H18M,137.93,31.578489000,74.264462000,moving,on,"19/08/2026 10:58 AM","19/08/2026 11:00 AM",LWMC-DaGB,"Mini Dumper",2,Distance,5,1,-,-,-,-
721,19762,19/08/2026,LWMC,"Tehsil Office, Data Gunj Baksh Town",S-163,"Bulk Waste Collection",28.199,2H8M,128.26,31.572268000,74.285792000,moving,on,"19/08/2026 10:57 AM","19/08/2026 11:00 AM",LWMC-DaGB,"Mini Dumper",2,Distance,5,1,-,-,-,-
722,-,19/08/2026,LWMC,"Tehsil Office, Data Gunj Baksh Town",LR-2801,-,13.992,3H31M,211.09,31.547467000,74.311602000,still,off,"19/08/2026 10:52 AM","19/08/2026 11:00 AM",LWMC-DaGB,-,-,-,-,-,-,-,-,-
723,61224,19/08/2026,LWMC,"Tehsil Office, Data Gunj Baksh Town",LR-1479,"Door To Door Collection",10.112,1H57M,116.65,31.566812000,74.292149000,still,off,"19/08/2026 10:56 AM","19/08/2026 11:00 AM",LWMC-DaGB,"Loader Rickshaw",2,Distance,5,-,-,-,-,-
724,19770,19/08/2026,LWMC,"Tehsil Office, Data Gunj Baksh Town",S-104,"Bulk Waste Collection",97.687,4H46M,286.08,31.459992000,74.423447000,moving,on,"19/08/2026 10:57 AM","19/08/2026 11:00 AM",LWMC-DaGB,"Mini Dumper",2,Distance,5,1,-,-,-,-
725,19743,19/08/2026,LWMC,"Tehsil Office, Data Gunj Baksh Town",M-36,"Bulk Waste Collection",34.812,2H22M,141.61,31.578306000,74.263998000,moving,on,"19/08/2026 10:59 AM","19/08/2026 11:00 AM",LWMC-DaGB,"Mini Dumper",2,Distance,5,1,-,-,-,-
726,40349,19/08/2026,LWMC,"Tehsil Office, Samnabad Town",LR-0957,"Door To Door Collection",27.579,3H32M,211.94,31.496798000,74.305239000,still,off,"19/08/2026 10:44 AM","19/08/2026 11:00 AM",LWMC-SaTo,"Loader Rickshaw",2,Distance,5,1,-,-,-,-
727,39193,19/08/2026,LWMC,"Tehsil Office, Samnabad Town",S-282,"Bulk Waste Collection",38.497,2H24M,143.98,31.544410000,74.261187000,moving,on,"19/08/2026 10:47 AM","19/08/2026 11:00 AM",LWMC-SaTo,"Mini Dumper",2,Distance,5,1,-,-,-,-
728,41282,19/08/2026,LWMC,"Tehsil Office, Samnabad Town",LR-1674,"Door To Door Collection",20.237,1H31M,91.15,31.536748000,74.317882000,moving,on,"19/08/2026 10:50 AM","19/08/2026 11:00 AM",LWMC-SaTo,"Loader Rickshaw",2,Distance,5,-,-,-,-,-
729,41335,19/08/2026,LWMC,"Tehsil Office, Samnabad Town",LR-2241,"Door To Door Collection",38.904,3H14M,193.86,31.533294000,74.302606000,still,off,"19/08/2026 10:45 AM","19/08/2026 11:00 AM",LWMC-SaTo,"Loader Rickshaw",2,Distance,5,1,-,-,-,-
730,-,19/08/2026,LWMC,"Tehsil Office, Other Sites",VS-44,-,39.105,4H40M,280.28,31.545140000,74.319801000,still,off,"19/08/2026 10:57 AM","19/08/2026 11:00 AM",LWMC-OtSi,-,-,-,-,-,-,-,-,-
731,-,19/08/2026,LWMC,"Tehsil Office, Other Sites",SAK-903,-,0.013,0H0M,0.05,31.468352000,74.253657000,still,off,"19/08/2026 09:46 AM","19/08/2026 11:00 AM",LWMC-OtSi,-,-,-,-,-,-,-,-,-
732,61807,19/08/2026,LWMC,"Tehsil Office, Ravi Town",LR-1673,"Door To Door Collection",13.882,7H14M,433.51,31.633806000,74.312889000,still,off,"19/08/2026 10:59 AM","19/08/2026 11:00 AM",LWMC-RaTo,"Loader Rickshaw",2,Distance,5,1,-,-,-,-
733,-,19/08/2026,LWMC,"Tehsil Office, Ravi Town",LR-2113,-,19.493,1H49M,109.2,31.625669000,74.280193000,moving,on,"19/08/2026 10:45 AM","19/08/2026 11:00 AM",LWMC-RaTo,-,-,-,-,-,-,-,-,-
734,-,19/08/2026,LWMC,"Tehsil Office, Ravi Town",LR-0901,-,11.217,1H14M,73.58,31.602898000,74.316974000,still,off,"19/08/2026 10:58 AM","19/08/2026 11:00 AM",LWMC-RaTo,-,-,-,-,-,-,-,-,-
735,60467,19/08/2026,LWMC,"Tehsil Office, Ravi Town",LR-2141,"Door To Door Collection",17.287,3H46M,225.59,31.591147000,74.317974000,still,off,"19/08/2026 10:30 AM","19/08/2026 11:00 AM",LWMC-RaTo,"Loader Rickshaw",2,Distance,5,1,-,-,-,-
736,61132,19/08/2026,LWMC,"Tehsil Office, Ravi Town",LR-0063,"Door To Door Collection",16.662,5H14M,314.44,31.591200000,74.320359000,moving,on,"19/08/2026 10:56 AM","19/08/2026 11:00 AM",LWMC-RaTo,"Loader Rickshaw",2,Distance,5,1,-,-,-,-
737,19289,19/08/2026,LWMC,"Tehsil Office, Ravi Town",LR-0248,"Bulk Waste Collection",11.237,2H34M,154.05,31.590142000,74.331757000,still,off,"19/08/2026 10:59 AM","19/08/2026 11:00 AM",LWMC-RaTo,"Loader Rickshaw",2,Distance,5,1,-,-,-,-
738,61150,19/08/2026,LWMC,"Tehsil Office, Ravi Town",LR-1242,"Door To Door Collection",11.346,4H30M,269.89,31.592957000,74.321183000,moving,on,"19/08/2026 11:00 AM","19/08/2026 11:00 AM",LWMC-RaTo,"Loader Rickshaw",2,Distance,5,1,-,-,-,-
739,19942,19/08/2026,LWMC,"Tehsil Office, Ravi Town",S-296,"Bulk Waste Collection",39.571,3H49M,228.81,31.573930000,74.287769000,moving,on,"19/08/2026 10:55 AM","19/08/2026 11:00 AM",LWMC-RaTo,"Mini Dumper",2,Distance,5,1,-,-,-,-
740,61525,19/08/2026,LWMC,"Tehsil Office, Ravi Town",LR-2046,"Door To Door Collection",20.492,5H41M,340.91,31.609980000,74.277753000,still,off,"19/08/2026 10:58 AM","19/08/2026 11:00 AM",LWMC-RaTo,"Loader Rickshaw",2,Distance,5,1,-,-,-,-
741,19313,19/08/2026,LWMC,"Tehsil Office, Ravi Town",LR-0427,"Bulk Waste Collection",28.823,3H46M,225.84,31.660719000,74.307600000,still,off,"19/08/2026 10:57 AM","19/08/2026 11:00 AM",LWMC-RaTo,"Loader Rickshaw",2,Distance,5,1,-,-,-,-
742,-,19/08/2026,LWMC,"Tehsil Office, Ravi Town",LR-0260,-,12.426,5H16M,316.08,31.591508000,74.315722000,still,off,"19/08/2026 10:58 AM","19/08/2026 11:00 AM",LWMC-RaTo,-,-,-,-,-,-,-,-,-
743,19919,19/08/2026,LWMC,"Tehsil Office, Ravi Town",S-236,"Bulk Waste Collection",11.313,1H18M,78.04,31.573881000,74.287691000,still,off,"19/08/2026 09:35 AM","19/08/2026 11:00 AM",LWMC-RaTo,"Mini Dumper",2,Distance,5,-,-,-,-,-
744,19314,19/08/2026,LWMC,"Tehsil Office, Ravi Town",LR-0426,"Bulk Waste Collection",0.017,0H6M,6.38,31.592612000,74.258858000,still,off,"19/08/2026 10:12 AM","19/08/2026 11:00 AM",LWMC-RaTo,"Loader Rickshaw",2,Distance,5,-,-,-,-,-
745,19928,19/08/2026,LWMC,"Tehsil Office, Ravi Town",S-377,"Bulk Waste Collection",34.002,4H50M,290.16,31.617223000,74.282267000,moving,on,"19/08/2026 10:57 AM","19/08/2026 11:00 AM",LWMC-RaTo,"Mini Dumper",2,Distance,5,1,-,-,-,-
746,62025,19/08/2026,LWMC,"Tehsil Office, Ravi Town",LR-1171,"Door To Door Collection",-,0H0M,-,31.592547000,74.258904000,still,off,"19/08/2026 09:33 AM","19/08/2026 11:00 AM",LWMC-RaTo,"Loader Rickshaw",2,Distance,5,-,-,-,-,-
747,61686,19/08/2026,LWMC,"Tehsil Office, Ravi Town",ND-42,"Bulk Waste Collection",65.467,3H59M,238.96,31.603028000,74.299307000,moving,on,"19/08/2026 11:00 AM","19/08/2026 11:00 AM",LWMC-RaTo,"Dumper (7CM)",3,Ignition,-,1,-,-,-,-
748,18602,19/08/2026,LWMC,"Tehsil Office, Ravi Town",C-1382,"Container-Based Collection",84.78,5H34M,334.41,31.644676000,74.285172000,still,off,"19/08/2026 10:57 AM","19/08/2026 11:00 AM",LWMC-RaTo,"Compactor (13CM)",3,Distance,10,1,-,-,-,-
749,19936,19/08/2026,LWMC,"Tehsil Office, Ravi Town",M-86,"Bulk Waste Collection",27.679,2H15M,135.34,31.610120000,74.304955000,moving,on,"19/08/2026 10:51 AM","19/08/2026 11:00 AM",LWMC-RaTo,"Mini Dumper",2,Distance,5,1,-,-,-,-
750,19925,19/08/2026,LWMC,"Tehsil Office, Ravi Town",S-194,"Bulk Waste Collection",15.459,1H14M,74.11,31.589761000,74.320475000,moving,on,"19/08/2026 10:59 AM","19/08/2026 11:00 AM",LWMC-RaTo,"Mini Dumper",2,Distance,5,-,-,-,-,-
751,62142,19/08/2026,LWMC,"Tehsil Office, Ravi Town",LR-2124,"Door To Door Collection",15.244,1H40M,99.79,31.631334000,74.304482000,still,off,"19/08/2026 10:55 AM","19/08/2026 11:00 AM",LWMC-RaTo,"Loader Rickshaw",2,Distance,5,-,-,-,-,-
752,60847,19/08/2026,LWMC,"Tehsil Office, Ravi Town",LR-2482,"Door To Door Collection",5.115,3H50M,229.68,31.602447000,74.309142000,still,off,"19/08/2026 10:58 AM","19/08/2026 11:00 AM",LWMC-RaTo,"Loader Rickshaw",2,Distance,5,1,-,-,-,-
753,19922,19/08/2026,LWMC,"Tehsil Office, Ravi Town",S-165,"Bulk Waste Collection",29.293,1H54M,114.08,31.590872000,74.316486000,moving,on,"19/08/2026 10:59 AM","19/08/2026 11:00 AM",LWMC-RaTo,"Mini Dumper",2,Distance,5,-,-,-,-,-
754,19962,19/08/2026,LWMC,"Tehsil Office, Ravi Town",S-303,"Bulk Waste Collection",40.429,2H38M,157.93,31.573850000,74.287725000,still,off,"19/08/2026 10:48 AM","19/08/2026 11:00 AM",LWMC-RaTo,"Mini Dumper",2,Distance,5,1,-,-,-,-
755,61942,19/08/2026,LWMC,"Tehsil Office, Ravi Town",LR-0586,"Door To Door Collection",20.997,1H34M,93.91,31.614407000,74.282680000,moving,on,"19/08/2026 10:45 AM","19/08/2026 11:00 AM",LWMC-RaTo,"Loader Rickshaw",2,Distance,5,-,-,-,-,-
756,60943,19/08/2026,LWMC,"Tehsil Office, Ravi Town",D-52,"Bulk Waste Collection",0.19,0H1M,0.8,31.573269000,74.287762000,moving,on,"19/08/2026 09:53 AM","19/08/2026 10:30 AM",LWMC-RaTo,"Dumper (5CM)",3,Distance,10,-,-,-,-,-
757,59162,19/08/2026,LWMC,"Tehsil Office, Ravi Town",C-1322,"Container-Based Collection",87.764,5H13M,312.88,31.610123000,74.277017000,moving,on,"19/08/2026 10:58 AM","19/08/2026 11:00 AM",LWMC-RaTo,"Compactor (13CM)",3,Distance,10,1,-,-,-,-
758,-,19/08/2026,LWMC,"Tehsil Office, Ravi Town",LR-0950,-,10.037,2H35M,155.38,31.591237000,74.317867000,moving,on,"19/08/2026 09:52 AM","19/08/2026 10:30 AM",LWMC-RaTo,-,-,-,-,-,-,-,-,-
759,61938,19/08/2026,LWMC,"Tehsil Office, Ravi Town",LR-2123,"Door To Door Collection",-,0H0M,-,31.592605000,74.259078000,still,off,"19/08/2026 09:59 AM","19/08/2026 11:00 AM",LWMC-RaTo,"Loader Rickshaw",2,Distance,5,-,-,-,-,-
760,61603,19/08/2026,LWMC,"Tehsil Office, Ravi Town",LR-2674,"Door To Door Collection",-,0H0M,-,31.635241000,74.286972000,still,off,"19/08/2026 09:55 AM","19/08/2026 11:00 AM",LWMC-RaTo,"Loader Rickshaw",2,Distance,5,-,-,-,-,-
761,61949,19/08/2026,LWMC,"Tehsil Office, Ravi Town",LR-1944,"Door To Door Collection",15.406,4H3M,242.9,31.618898000,74.276079000,moving,on,"19/08/2026 10:58 AM","19/08/2026 11:00 AM",LWMC-RaTo,"Loader Rickshaw",2,Distance,5,1,-,-,-,-
762,-,19/08/2026,LWMC,"Tehsil Office, Ravi Town",HA-1,-,64,3H58M,238,31.634274000,74.312802000,moving,on,"19/08/2026 10:57 AM","19/08/2026 11:00 AM",LWMC-RaTo,-,-,-,-,-,-,-,-,-
763,-,19/08/2026,LWMC,"Tehsil Office, Ravi Town",HA-6,-,64.988,3H2M,181.71,31.602038000,74.305722000,still,off,"19/08/2026 10:58 AM","19/08/2026 11:00 AM",LWMC-RaTo,-,-,-,-,-,-,-,-,-
764,61366,19/08/2026,LWMC,"Tehsil Office, Ravi Town",LR-2480,"Door To Door Collection",6.018,2H20M,140.36,31.595894000,74.316859000,moving,on,"19/08/2026 10:59 AM","19/08/2026 11:00 AM",LWMC-RaTo,"Loader Rickshaw",2,Distance,5,1,-,-,-,-
765,19921,19/08/2026,LWMC,"Tehsil Office, Ravi Town",S-44,"Bulk Waste Collection",11.686,1H12M,71.61,31.611945000,74.280849000,still,off,"19/08/2026 10:24 AM","19/08/2026 11:00 AM",LWMC-RaTo,"Mini Dumper",2,Distance,5,-,-,-,-,-
766,61459,19/08/2026,LWMC,"Tehsil Office, Ravi Town",LR-1229,"Door To Door Collection",10.361,1H10M,69.73,31.607850000,74.317431000,still,off,"19/08/2026 10:58 AM","19/08/2026 11:00 AM",LWMC-RaTo,"Loader Rickshaw",2,Distance,5,-,-,-,-,-
767,61096,19/08/2026,LWMC,"Tehsil Office, Ravi Town",LR-1626,"Door To Door Collection",4.039,4H23M,263.31,31.590781000,74.320821000,moving,on,"19/08/2026 10:26 AM","19/08/2026 11:00 AM",LWMC-RaTo,"Loader Rickshaw",2,Distance,5,-,-,-,-,-
768,19344,19/08/2026,LWMC,"Tehsil Office, Ravi Town",MFL-110,"Bulk Waste Collection",13.855,5H11M,311.3,31.609166000,74.327919000,moving,on,"19/08/2026 10:59 AM","19/08/2026 11:00 AM",LWMC-RaTo,"Loader Rickshaw",2,Distance,5,1,-,-,-,-
769,-,19/08/2026,LWMC,"Tehsil Office, Ravi Town",C-1376,-,59.61,4H56M,296.13,31.634222000,74.312703000,moving,on,"19/08/2026 10:59 AM","19/08/2026 11:00 AM",LWMC-RaTo,-,-,-,-,-,-,-,-,-
770,-,19/08/2026,LWMC,"Tehsil Office, Ravi Town",S-178,-,14.968,1H35M,94.86,31.630161000,74.277160000,still,off,"19/08/2026 10:52 AM","19/08/2026 11:00 AM",LWMC-RaTo,-,-,-,-,-,-,-,-,-
771,61427,19/08/2026,LWMC,"Tehsil Office, Ravi Town",SD-02,"Bulk Waste Collection",74.492,4H30M,270.14,31.591329000,74.320422000,still,off,"19/08/2026 10:58 AM","19/08/2026 11:00 AM",LWMC-RaTo,"Dumper (10CM)",3,Ignition,-,1,-,-,-,-
772,18679,19/08/2026,LWMC,"Tehsil Office, Ravi Town",C-716,"Container-Based Collection",117.77,5H23M,322.88,31.603953000,74.299482000,moving,on,"19/08/2026 10:59 AM","19/08/2026 11:00 AM",LWMC-RaTo,"Compactor (7CM)",2,Distance,10,1,-,-,-,-
773,19948,19/08/2026,LWMC,"Tehsil Office, Ravi Town",S-146,"Bulk Waste Collection",37.157,2H23M,142.88,31.573242000,74.287522000,still,off,"19/08/2026 10:59 AM","19/08/2026 11:00 AM",LWMC-RaTo,"Mini Dumper",2,Distance,5,1,-,-,-,-
774,19932,19/08/2026,LWMC,"Tehsil Office, Ravi Town",S-376,"Bulk Waste Collection",23.177,2H1M,121.18,31.642331000,74.281463000,still,off,"19/08/2026 10:58 AM","19/08/2026 11:00 AM",LWMC-RaTo,"Mini Dumper",2,Distance,5,1,-,-,-,-
775,61249,19/08/2026,LWMC,"Tehsil Office, Ravi Town",LR-1603,"Door To Door Collection",-,0H0M,-,31.591108000,74.317370000,still,off,"19/08/2026 09:39 AM","19/08/2026 11:00 AM",LWMC-RaTo,"Loader Rickshaw",2,Distance,5,-,-,-,-,-
776,59159,19/08/2026,LWMC,"Tehsil Office, Ravi Town",C-711,"Container-Based Collection",67.387,4H57M,296.58,31.609227000,74.329543000,moving,on,"19/08/2026 10:58 AM","19/08/2026 11:00 AM",LWMC-RaTo,"Compactor (7CM)",2,Distance,10,1,-,-,-,-
777,19955,19/08/2026,LWMC,"Tehsil Office, Ravi Town",S-30,"Bulk Waste Collection",37.584,2H24M,143.9,31.573379000,74.287493000,moving,on,"19/08/2026 10:41 AM","19/08/2026 11:00 AM",LWMC-RaTo,"Mini Dumper",2,Distance,5,1,-,-,-,-
778,61246,19/08/2026,LWMC,"Tehsil Office, Ravi Town",LR-1611,"Door To Door Collection",-,0H0M,-,31.591058000,74.317393000,still,off,"19/08/2026 09:45 AM","19/08/2026 11:00 AM",LWMC-RaTo,"Loader Rickshaw",2,Distance,5,-,-,-,-,-
779,-,19/08/2026,LWMC,"Tehsil Office, Ravi Town",C-1381,-,46.246,5H1M,301.19,31.590248000,74.306744000,moving,on,"19/08/2026 10:58 AM","19/08/2026 11:00 AM",LWMC-RaTo,-,-,-,-,-,-,-,-,-
780,61434,19/08/2026,LWMC,"Tehsil Office, Ravi Town",D-64,"Bulk Waste Collection",69.932,3H14M,193.51,31.614829000,74.281920000,moving,on,"19/08/2026 10:59 AM","19/08/2026 11:00 AM",LWMC-RaTo,"Dumper (5CM)",3,Distance,10,1,-,-,-,-
781,23434,19/08/2026,LWMC,"Tehsil Office, Ravi Town",LR-0086,"Door To Door Collection",12.032,4H59M,298.8,31.612874000,74.268894000,still,off,"19/08/2026 10:57 AM","19/08/2026 11:00 AM",LWMC-RaTo,"Loader Rickshaw",2,Distance,5,1,-,-,-,-
782,18605,19/08/2026,LWMC,"Tehsil Office, Ravi Town",C-1334,"Container-Based Collection",59.536,5H25M,325.05,31.617417000,74.283277000,moving,on,"19/08/2026 10:59 AM","19/08/2026 11:00 AM",LWMC-RaTo,"Compactor (13CM)",3,Distance,10,1,-,-,-,-
783,18683,19/08/2026,LWMC,"Tehsil Office, Ravi Town",C-717,"Container-Based Collection",109.415,5H39M,338.64,31.606948000,74.250966000,moving,on,"19/08/2026 10:57 AM","19/08/2026 11:00 AM",LWMC-RaTo,"Compactor (7CM)",2,Distance,10,1,-,-,-,-
784,19266,19/08/2026,LWMC,"Tehsil Office, Ravi Town",LR-0161,"Bulk Waste Collection",24.049,5H28M,327.96,31.592522000,74.259077000,still,off,"19/08/2026 10:59 AM","19/08/2026 11:00 AM",LWMC-RaTo,"Loader Rickshaw",2,Distance,5,1,-,-,-,-
785,-,19/08/2026,LWMC,"Tehsil Office, Ravi Town",S-179,-,35.6,2H50M,169.78,31.573879000,74.287624000,moving,on,"19/08/2026 11:00 AM","19/08/2026 11:00 AM",LWMC-RaTo,-,-,-,-,-,-,-,-,-
786,19935,19/08/2026,LWMC,"Tehsil Office, Ravi Town",M-126,"Bulk Waste Collection",19.146,1H34M,94.21,31.616907000,74.297162000,moving,on,"19/08/2026 10:59 AM","19/08/2026 11:00 AM",LWMC-RaTo,"Mini Dumper",2,Distance,5,-,-,-,-,-
787,19940,19/08/2026,LWMC,"Tehsil Office, Ravi Town",M-13,"Bulk Waste Collection",48.201,3H27M,206.86,31.611249000,74.260074000,moving,on,"19/08/2026 10:59 AM","19/08/2026 11:00 AM",LWMC-RaTo,"Mini Dumper",2,Distance,5,1,-,-,-,-
788,61130,19/08/2026,LWMC,"Tehsil Office, Ravi Town",LR-2117,"Door To Door Collection",19.896,2H27M,147.33,31.641743000,74.282246000,moving,on,"19/08/2026 10:58 AM","19/08/2026 11:00 AM",LWMC-RaTo,"Loader Rickshaw",2,Distance,5,1,-,-,-,-
789,62015,19/08/2026,LWMC,"Tehsil Office, Ravi Town",LR-1173,"Door To Door Collection",13.302,3H59M,239.21,31.631896000,74.307733000,still,off,"19/08/2026 10:58 AM","19/08/2026 11:00 AM",LWMC-RaTo,"Loader Rickshaw",2,Distance,5,1,-,-,-,-
790,19916,19/08/2026,LWMC,"Tehsil Office, Ravi Town",S-248,"Bulk Waste Collection",117.071,5H37M,336.6,31.578358000,74.317949000,moving,on,"19/08/2026 10:51 AM","19/08/2026 11:00 AM",LWMC-RaTo,"Mini Dumper",2,Distance,5,1,-,-,-,-
791,60224,19/08/2026,LWMC,"Tehsil Office, Ravi Town",LR-1623,"Door To Door Collection",13.151,5H31M,330.98,31.602313000,74.320955000,still,off,"19/08/2026 10:58 AM","19/08/2026 11:00 AM",LWMC-RaTo,"Loader Rickshaw",2,Distance,5,1,-,-,-,-
792,19931,19/08/2026,LWMC,"Tehsil Office, Ravi Town",M-29,"Bulk Waste Collection",61.307,3H10M,189.94,31.573908000,74.287751000,still,off,"19/08/2026 10:40 AM","19/08/2026 11:00 AM",LWMC-RaTo,"Mini Dumper",2,Distance,5,1,-,-,-,-
793,60673,19/08/2026,LWMC,"Tehsil Office, Ravi Town",MFL-90,"Bulk Waste Collection",7.358,5H15M,314.58,31.591447000,74.320398000,still,off,"19/08/2026 10:58 AM","19/08/2026 11:00 AM",LWMC-RaTo,"Front End Loader",2,Ignition,-,1,-,-,-,-
794,60935,19/08/2026,LWMC,"Tehsil Office, Ravi Town",MFL-100,"Bulk Waste Collection",8.156,3H50M,229.98,31.602478000,74.309800000,still,off,"19/08/2026 10:57 AM","19/08/2026 11:00 AM",LWMC-RaTo,"Tractor Loader",3,Ignition,-,1,-,-,-,-
795,19960,19/08/2026,LWMC,"Tehsil Office, Ravi Town",S-74,"Bulk Waste Collection",43.004,5H33M,333.35,31.598192000,74.296273000,moving,on,"19/08/2026 10:58 AM","19/08/2026 11:00 AM",LWMC-RaTo,"Mini Dumper",2,Distance,5,1,-,-,-,-
796,-,19/08/2026,LWMC,"Tehsil Office, Ravi Town",HA-5,-,63.286,4H7M,246.71,31.572716000,74.286623000,moving,on,"19/08/2026 10:44 AM","19/08/2026 11:00 AM",LWMC-RaTo,-,-,-,-,-,-,-,-,-
797,59160,19/08/2026,LWMC,"Tehsil Office, Ravi Town",C-13-1305,"Container-Based Collection",60.508,5H43M,343.14,31.609790000,74.305151000,moving,on,"19/08/2026 10:36 AM","19/08/2026 11:00 AM",LWMC-RaTo,"Compactor (13CM)",3,Distance,10,1,-,-,-,-
798,-,19/08/2026,LWMC,"Tehsil Office, Ravi Town",LR-0900,-,5.731,2H11M,130.94,31.599917000,74.320132000,moving,on,"19/08/2026 10:55 AM","19/08/2026 11:00 AM",LWMC-RaTo,-,-,-,-,-,-,-,-,-
799,19946,19/08/2026,LWMC,"Tehsil Office, Ravi Town",S-222,"Bulk Waste Collection",2.359,0H39M,38.79,31.573574000,74.287649000,still,off,"19/08/2026 09:46 AM","19/08/2026 11:00 AM",LWMC-RaTo,"Mini Dumper",2,Distance,5,-,-,-,-,-
800,61090,19/08/2026,LWMC,"Tehsil Office, Ravi Town",LR-1607,"Door To Door Collection",9.843,1H35M,95.43,31.590400000,74.321048000,moving,on,"19/08/2026 10:50 AM","19/08/2026 11:00 AM",LWMC-RaTo,"Loader Rickshaw",2,Distance,5,-,-,-,-,-
801,61466,19/08/2026,LWMC,"Tehsil Office, Ravi Town",LR-2039,"Door To Door Collection",7.858,4H30M,269.61,31.590907000,74.320275000,still,off,"19/08/2026 10:58 AM","19/08/2026 11:00 AM",LWMC-RaTo,"Loader Rickshaw",2,Distance,5,1,-,-,-,-
802,62084,19/08/2026,LWMC,"Tehsil Office, Ravi Town",SD-01,"Bulk Waste Collection",53.767,4H50M,289.56,31.591277000,74.320413000,moving,on,"19/08/2026 10:45 AM","19/08/2026 11:00 AM",LWMC-RaTo,"Dumper (10CM)",3,Ignition,-,1,-,-,-,-
803,19945,19/08/2026,LWMC,"Tehsil Office, Ravi Town",S-38,"Bulk Waste Collection",25.968,2H9M,129.19,31.605704000,74.300338000,moving,on,"19/08/2026 10:59 AM","19/08/2026 11:00 AM",LWMC-RaTo,"Mini Dumper",2,Distance,5,1,-,-,-,-
804,19345,19/08/2026,LWMC,"Tehsil Office, Ravi Town",MFL-62,"Bulk Waste Collection",16.054,5H9M,308.83,31.634906000,74.302695000,still,off,"19/08/2026 10:58 AM","19/08/2026 11:00 AM",LWMC-RaTo,"Loader Rickshaw",2,Distance,5,1,-,-,-,-
805,61204,19/08/2026,LWMC,"Tehsil Office, Ravi Town",LR-1504,"Door To Door Collection",8.391,0H52M,51.79,31.610237000,74.276286000,moving,on,"19/08/2026 10:57 AM","19/08/2026 11:00 AM",LWMC-RaTo,"Loader Rickshaw",2,Distance,5,-,-,-,-,-
806,19915,19/08/2026,LWMC,"Tehsil Office, Ravi Town",S-95,"Bulk Waste Collection",42.944,3H2M,181.78,31.600453000,74.297353000,moving,on,"19/08/2026 10:59 AM","19/08/2026 11:00 AM",LWMC-RaTo,"Mini Dumper",2,Distance,5,1,-,-,-,-
807,61749,19/08/2026,LWMC,"Tehsil Office, Ravi Town",LR-1175,"Door To Door Collection",13.228,1H3M,62.83,31.636318000,74.309926000,still,off,"19/08/2026 10:47 AM","19/08/2026 11:00 AM",LWMC-RaTo,"Loader Rickshaw",2,Distance,5,-,-,-,-,-
808,23440,19/08/2026,LWMC,"Tehsil Office, Ravi Town",LR-0092,"Door To Door Collection",19.151,4H27M,267.41,31.611418000,74.260706000,still,off,"19/08/2026 10:47 AM","19/08/2026 11:00 AM",LWMC-RaTo,"Loader Rickshaw",2,Distance,5,1,-,-,-,-
809,-,19/08/2026,LWMC,"Tehsil Office, Ravi Town",C-25-084,-,40.832,5H53M,353.44,31.552181000,74.414268000,still,off,"19/08/2026 10:57 AM","19/08/2026 11:00 AM",LWMC-RaTo,-,-,-,-,-,-,-,-,-
810,61028,19/08/2026,LWMC,"Tehsil Office, Ravi Town",LR-1621,"Door To Door Collection",10.217,4H29M,269.41,31.584469000,74.325767000,still,off,"19/08/2026 10:56 AM","19/08/2026 11:00 AM",LWMC-RaTo,"Loader Rickshaw",2,Distance,5,1,-,-,-,-
811,59161,19/08/2026,LWMC,"Tehsil Office, Ravi Town",C-1317,"Container-Based Collection",78.798,4H55M,295.25,31.618038000,74.288163000,still,off,"19/08/2026 10:57 AM","19/08/2026 11:00 AM",LWMC-RaTo,"Compactor (13CM)",3,Distance,10,1,-,-,-,-
812,-,19/08/2026,LWMC,"Tehsil Office, Ravi Town",S-177,-,30.06,2H16M,135.83,31.641653000,74.290985000,moving,on,"19/08/2026 10:48 AM","19/08/2026 11:00 AM",LWMC-RaTo,-,-,-,-,-,-,-,-,-
813,60940,19/08/2026,LWMC,"Tehsil Office, Ravi Town",MFL-96,"Bulk Waste Collection",10.271,5H60M,359.55,31.634778000,74.313645000,still,off,"19/08/2026 10:58 AM","19/08/2026 11:00 AM",LWMC-RaTo,"Tractor Loader",3,Ignition,-,1,-,-,-,-
814,19943,19/08/2026,LWMC,"Tehsil Office, Ravi Town",S-295,"Bulk Waste Collection",-,0H0M,-,31.573915000,74.287646000,still,off,"19/08/2026 09:34 AM","19/08/2026 11:00 AM",LWMC-RaTo,"Mini Dumper",2,Distance,5,-,-,-,-,-
815,18603,19/08/2026,LWMC,"Tehsil Office, Ravi Town",C-1377L,"Container-Based Collection",75.788,5H10M,309.53,31.610037000,74.277072000,still,off,"19/08/2026 10:58 AM","19/08/2026 11:00 AM",LWMC-RaTo,"Compactor (13CM)",3,Distance,10,1,-,-,-,-
816,19920,19/08/2026,LWMC,"Tehsil Office, Ravi Town",S-290,"Bulk Waste Collection",22.281,1H47M,107.41,31.613359000,74.331207000,moving,on,"19/08/2026 10:45 AM","19/08/2026 11:00 AM",LWMC-RaTo,"Mini Dumper",2,Distance,5,-,-,-,-,-
817,19961,19/08/2026,LWMC,"Tehsil Office, Ravi Town",S-294,"Bulk Waste Collection",89.804,4H57M,296.53,31.573597000,74.287558000,still,off,"19/08/2026 10:33 AM","19/08/2026 11:00 AM",LWMC-RaTo,"Mini Dumper",2,Distance,5,1,-,-,-,-
818,19952,19/08/2026,LWMC,"Tehsil Office, Ravi Town",S-304,"Bulk Waste Collection",18.448,1H34M,94.28,31.573186000,74.299824000,still,off,"19/08/2026 10:58 AM","19/08/2026 11:00 AM",LWMC-RaTo,"Mini Dumper",2,Distance,5,-,-,-,-,-
819,-,19/08/2026,LWMC,"Tehsil Office, Ravi Town",LR-0904,-,10.442,5H1M,301.43,31.602894000,74.311868000,still,off,"19/08/2026 10:58 AM","19/08/2026 11:00 AM",LWMC-RaTo,-,-,-,-,-,-,-,-,-
820,60868,19/08/2026,LWMC,"Tehsil Office, Ravi Town",MFL-85,"Bulk Waste Collection",12.189,3H7M,187.13,31.601400000,74.308681000,still,off,"19/08/2026 10:57 AM","19/08/2026 11:00 AM",LWMC-RaTo,"Tractor Loader",3,Ignition,-,1,-,-,-,-
821,-,19/08/2026,LWMC,"Tehsil Office, Ravi Town",LR-0136,-,12.114,2H36M,155.93,31.580326000,74.311628000,moving,on,"19/08/2026 10:51 AM","19/08/2026 11:00 AM",LWMC-RaTo,-,-,-,-,-,-,-,-,-
822,61697,19/08/2026,LWMC,"Tehsil Office, Ravi Town",LR-1506,"Door To Door Collection",13.381,1H21M,80.68,31.632220000,74.311131000,moving,on,"19/08/2026 10:59 AM","19/08/2026 11:00 AM",LWMC-RaTo,"Loader Rickshaw",2,Distance,5,-,-,-,-,-
823,62085,19/08/2026,LWMC,"Tehsil Office, Ravi Town",D-27,"Bulk Waste Collection",66.627,3H17M,196.94,31.639428000,74.306752000,still,off,"19/08/2026 10:20 AM","19/08/2026 11:00 AM",LWMC-RaTo,"Dumper (10CM)",3,Ignition,-,1,-,-,-,-
824,19953,19/08/2026,LWMC,"Tehsil Office, Ravi Town",S-64,"Bulk Waste Collection",40.877,2H32M,152.26,31.580671000,74.289048000,moving,on,"19/08/2026 10:57 AM","19/08/2026 11:00 AM",LWMC-RaTo,"Mini Dumper",2,Distance,5,1,-,-,-,-
825,61464,19/08/2026,LWMC,"Tehsil Office, Ravi Town",WR-0044,Washing,-,0H0M,-,31.591073000,74.317343000,still,off,"19/08/2026 09:52 AM","19/08/2026 11:00 AM",LWMC-RaTo,"Loader Rickshaw",2,Distance,5,-,-,-,-,-
826,-,19/08/2026,LWMC,"Tehsil Office, Ravi Town",P-6,-,33.223,2H6M,126.13,31.618144000,74.289319000,moving,on,"19/08/2026 10:58 AM","19/08/2026 11:00 AM",LWMC-RaTo,-,-,-,-,-,-,-,-,-
827,-,19/08/2026,LWMC,"Tehsil Office, Ravi Town",LR-0899,-,9.983,5H55M,354.91,31.600002000,74.319142000,still,off,"19/08/2026 10:58 AM","19/08/2026 11:00 AM",LWMC-RaTo,-,-,-,-,-,-,-,-,-
828,60937,19/08/2026,LWMC,"Tehsil Office, Ravi Town",MFL-70,"Bulk Waste Collection",8.306,5H19M,318.69,31.614866000,74.281736000,still,off,"19/08/2026 10:57 AM","19/08/2026 11:00 AM",LWMC-RaTo,"Tractor Loader",3,Ignition,-,1,-,-,-,-
829,61397,19/08/2026,LWMC,"Tehsil Office, Ravi Town",MFL-101,"Bulk Waste Collection",9.894,4H1M,241.26,31.611217000,74.273724000,still,off,"19/08/2026 10:58 AM","19/08/2026 11:00 AM",LWMC-RaTo,"Tractor Loader",3,Ignition,-,1,-,-,-,-
830,60704,19/08/2026,LWMC,"Tehsil Office, Ravi Town",LR-2139,"Door To Door Collection",8.151,0H50M,49.51,31.590772000,74.317566000,moving,on,"19/08/2026 10:50 AM","19/08/2026 11:00 AM",LWMC-RaTo,"Loader Rickshaw",2,Distance,5,-,-,-,-,-
831,59158,19/08/2026,LWMC,"Tehsil Office, Ravi Town",C-07-705,"Container-Based Collection",79.416,3H59M,238.51,31.573101000,74.289926000,moving,on,"19/08/2026 10:55 AM","19/08/2026 11:00 AM",LWMC-RaTo,"Compactor (7CM)",2,Distance,10,1,-,-,-,-
832,19934,19/08/2026,LWMC,"Tehsil Office, Ravi Town",M-24,"Bulk Waste Collection",37.4,2H14M,134.16,31.647095000,74.285678000,still,off,"19/08/2026 10:37 AM","19/08/2026 11:00 AM",LWMC-RaTo,"Mini Dumper",2,Distance,5,1,-,-,-,-
833,61463,19/08/2026,LWMC,"Tehsil Office, Ravi Town",WR-0043,Washing,13.03,4H36M,275.61,31.587102000,74.323223000,still,off,"19/08/2026 10:57 AM","19/08/2026 11:00 AM",LWMC-RaTo,"Loader Rickshaw",2,Distance,5,1,-,-,-,-
834,19309,19/08/2026,LWMC,"Tehsil Office, Ravi Town",LR-0166,"Bulk Waste Collection",15.515,1H47M,107.4,31.630314000,74.278112000,moving,on,"19/08/2026 10:47 AM","19/08/2026 11:00 AM",LWMC-RaTo,"Loader Rickshaw",2,Distance,5,-,-,-,-,-
835,61428,19/08/2026,LWMC,"Tehsil Office, Ravi Town",D-51,"Bulk Waste Collection",76.719,3H9M,189.15,31.637558000,74.307229000,still,off,"19/08/2026 10:58 AM","19/08/2026 11:00 AM",LWMC-RaTo,"Dumper (5CM)",3,Distance,10,1,-,-,-,-
836,19354,19/08/2026,LWMC,"Tehsil Office, Ravi Town",ALB-7360,"Bulk Waste Collection",11.618,4H51M,291.31,31.572830000,74.286666000,moving,on,"19/08/2026 10:31 AM","19/08/2026 11:00 AM",LWMC-RaTo,"Loader Rickshaw",2,Distance,5,1,-,-,-,-
837,59215,19/08/2026,LWMC,"Tehsil Office, Wahgha Town",LR-1835,"Door To Door Collection",24.33,4H35M,275.21,31.546993000,74.522967000,moving,on,"19/08/2026 11:00 AM","19/08/2026 11:00 AM",LWMC-WaTo,"Loader Rickshaw",2,Distance,5,1,-,-,-,-
838,59634,19/08/2026,LWMC,"Tehsil Office, Wahgha Town",LR-1785,"Door To Door Collection",18.143,1H29M,89.26,31.446116000,74.524193000,moving,on,"19/08/2026 10:54 AM","19/08/2026 11:00 AM",LWMC-WaTo,"Loader Rickshaw",2,Distance,5,-,-,-,-,-
839,59705,19/08/2026,LWMC,"Tehsil Office, Wahgha Town",LR-2902,"Door To Door Collection",21.65,2H57M,176.61,31.534344000,74.459829000,moving,on,"19/08/2026 10:54 AM","19/08/2026 11:00 AM",LWMC-WaTo,"Loader Rickshaw",2,Distance,5,1,-,-,-,-
840,59236,19/08/2026,LWMC,"Tehsil Office, Wahgha Town",LR-2299,"Door To Door Collection",22.374,4H28M,267.64,31.548564000,74.482152000,moving,on,"19/08/2026 10:48 AM","19/08/2026 11:00 AM",LWMC-WaTo,"Loader Rickshaw",2,Distance,5,1,-,-,-,-
841,59337,19/08/2026,LWMC,"Tehsil Office, Wahgha Town",LR-1840,"Door To Door Collection",15.903,5H3M,302.71,31.526299000,74.542344000,still,off,"19/08/2026 10:57 AM","19/08/2026 11:00 AM",LWMC-WaTo,"Loader Rickshaw",2,Distance,5,1,-,-,-,-
842,61303,19/08/2026,LWMC,"Tehsil Office, Wahgha Town",LR-2469,"Door To Door Collection",38.779,5H10M,310.01,31.591893000,74.430269000,still,off,"19/08/2026 10:57 AM","19/08/2026 11:00 AM",LWMC-WaTo,"Loader Rickshaw",2,Distance,5,1,-,-,-,-
843,-,19/08/2026,LWMC,"Tehsil Office, Wahgha Town",LR-1289,-,17.11,2H6M,126.46,31.587108000,74.385386000,moving,on,"19/08/2026 10:54 AM","19/08/2026 11:00 AM",LWMC-WaTo,-,-,-,-,-,-,-,-,-
844,60253,19/08/2026,LWMC,"Tehsil Office, Wahgha Town",S-249,Commercial,16.268,1H23M,82.59,31.594612000,74.426012000,moving,on,"19/08/2026 10:54 AM","19/08/2026 11:00 AM",LWMC-WaTo,"Mini Dumper",2,Distance,5,-,-,-,-,-
845,61926,19/08/2026,LWMC,"Tehsil Office, Wahgha Town",LR-2451,"Door To Door Collection",47.463,4H58M,298.08,31.587703000,74.409690000,moving,on,"19/08/2026 10:58 AM","19/08/2026 11:00 AM",LWMC-WaTo,"Loader Rickshaw",2,Distance,5,1,-,-,-,-
846,60354,19/08/2026,LWMC,"Tehsil Office, Wahgha Town",LR-2953,"Door To Door Collection",11.35,1H23M,83.28,31.606732000,74.457649000,still,off,"19/08/2026 10:47 AM","19/08/2026 11:00 AM",LWMC-WaTo,"Loader Rickshaw",2,Distance,5,-,-,-,-,-
847,59307,19/08/2026,LWMC,"Tehsil Office, Wahgha Town",LR-2300,"Door To Door Collection",20.655,1H44M,103.7,31.465203000,74.573368000,moving,on,"19/08/2026 08:28 AM","19/08/2026 10:30 AM",LWMC-WaTo,"Loader Rickshaw",2,Distance,5,-,-,-,-,-
848,23633,19/08/2026,LWMC,"Tehsil Office, Wahgha Town",LR-1065,"Door To Door Collection",7.564,2H10M,129.83,31.562251000,74.527358000,still,off,"19/08/2026 10:58 AM","19/08/2026 11:00 AM",LWMC-WaTo,"Loader Rickshaw",2,Distance,5,1,-,-,-,-
849,23560,19/08/2026,LWMC,"Tehsil Office, Wahgha Town",LR-0283,"Door To Door Collection",14.257,1H15M,74.83,31.599257000,74.486356000,still,off,"19/08/2026 10:52 AM","19/08/2026 11:00 AM",LWMC-WaTo,"Loader Rickshaw",2,Distance,5,-,-,-,-,-
850,60691,19/08/2026,LWMC,"Tehsil Office, Wahgha Town",LR-1927,"Door To Door Collection",27.825,1H48M,108,31.644175000,74.464626000,moving,on,"19/08/2026 10:57 AM","19/08/2026 11:00 AM",LWMC-WaTo,"Loader Rickshaw",2,Distance,5,-,-,-,-,-
851,-,19/08/2026,LWMC,"Tehsil Office, Wahgha Town",S-199,-,25.557,1H44M,103.96,31.585624000,74.435175000,moving,on,"19/08/2026 10:56 AM","19/08/2026 11:00 AM",LWMC-WaTo,-,-,-,-,-,-,-,-,-
852,23584,19/08/2026,LWMC,"Tehsil Office, Wahgha Town",LR-0632,"Door To Door Collection",2.186,0H15M,15.31,31.584989000,74.497813000,moving,on,"19/08/2026 10:32 AM","19/08/2026 11:00 AM",LWMC-WaTo,"Loader Rickshaw",2,Distance,5,-,-,-,-,-
853,59267,19/08/2026,LWMC,"Tehsil Office, Wahgha Town",M-118,Commercial,32.332,1H59M,118.73,31.597442000,74.444774000,still,off,"19/08/2026 10:53 AM","19/08/2026 11:00 AM",LWMC-WaTo,"Mini Tipper Diesel",2,Distance,5,-,-,-,-,-
854,23641,19/08/2026,LWMC,"Tehsil Office, Wahgha Town",LR-1073,"Door To Door Collection",5.561,2H13M,133.31,31.576325000,74.527935000,still,off,"19/08/2026 10:59 AM","19/08/2026 11:00 AM",LWMC-WaTo,"Loader Rickshaw",2,Distance,5,1,-,-,-,-
855,59317,19/08/2026,LWMC,"Tehsil Office, Wahgha Town",LR-1528,"Door To Door Collection",19.04,5H4M,304.11,31.517733000,74.477540000,moving,on,"19/08/2026 10:59 AM","19/08/2026 11:00 AM",LWMC-WaTo,"Loader Rickshaw",2,Distance,5,1,-,-,-,-
856,60889,19/08/2026,LWMC,"Tehsil Office, Wahgha Town",S-346,Washing,42.288,2H33M,152.94,31.586884000,74.401145000,moving,on,"19/08/2026 11:00 AM","19/08/2026 11:00 AM",LWMC-WaTo,"Mini Dumper",2,Distance,5,1,-,-,-,-
857,23632,19/08/2026,LWMC,"Tehsil Office, Wahgha Town",LR-1064,"Door To Door Collection",22.405,10H32M,631.78,31.610708000,74.382098000,still,off,"19/08/2026 10:55 AM","19/08/2026 11:00 AM",LWMC-WaTo,"Loader Rickshaw",2,Distance,5,1,-,-,-,-
858,-,19/08/2026,LWMC,"Tehsil Office, Wahgha Town",LR-2937,-,39.522,4H45M,284.63,31.576048000,74.381321000,still,off,"19/08/2026 10:57 AM","19/08/2026 11:00 AM",LWMC-WaTo,-,-,-,-,-,-,-,-,-
859,59287,19/08/2026,LWMC,"Tehsil Office, Wahgha Town",MFL-59,De-Silting,23.781,6H34M,393.93,31.567765000,74.558486000,still,off,"19/08/2026 10:58 AM","19/08/2026 11:00 AM",LWMC-WaTo,"Front End Loader",2,Ignition,-,1,-,-,-,-
860,59398,19/08/2026,LWMC,"Tehsil Office, Wahgha Town",LR-1839,"Door To Door Collection",20.812,1H12M,72.5,31.518344000,74.504089000,still,off,"19/08/2026 10:58 AM","19/08/2026 11:00 AM",LWMC-WaTo,"Loader Rickshaw",2,Distance,5,-,-,-,-,-
861,59677,19/08/2026,LWMC,"Tehsil Office, Wahgha Town",LR-2147,"Door To Door Collection",20.601,1H44M,104.31,31.526783000,74.445724000,moving,on,"19/08/2026 10:57 AM","19/08/2026 11:00 AM",LWMC-WaTo,"Loader Rickshaw",2,Distance,5,-,-,-,-,-
862,23568,19/08/2026,LWMC,"Tehsil Office, Wahgha Town",LR-0751,"Door To Door Collection",30.505,2H21M,141.09,31.594331000,74.460084000,still,off,"19/08/2026 10:57 AM","19/08/2026 11:00 AM",LWMC-WaTo,"Loader Rickshaw",2,Distance,5,1,-,-,-,-
863,59305,19/08/2026,LWMC,"Tehsil Office, Wahgha Town",LR-1530,"Door To Door Collection",24.576,2H6M,125.76,31.495169000,74.482497000,moving,on,"19/08/2026 10:59 AM","19/08/2026 11:00 AM",LWMC-WaTo,"Loader Rickshaw",2,Distance,5,1,-,-,-,-
864,59665,19/08/2026,LWMC,"Tehsil Office, Wahgha Town",LR-0505,"Door To Door Collection",26.273,1H40M,99.5,31.580054000,74.440136000,moving,on,"19/08/2026 10:23 AM","19/08/2026 11:00 AM",LWMC-WaTo,"Loader Rickshaw",2,Distance,5,-,-,-,-,-
865,61866,19/08/2026,LWMC,"Tehsil Office, Wahgha Town",LR-2313,"Door To Door Collection",18.241,3H7M,186.56,31.591610000,74.403888000,moving,on,"19/08/2026 10:59 AM","19/08/2026 11:00 AM",LWMC-WaTo,"Loader Rickshaw",2,Distance,5,1,-,-,-,-
866,59252,19/08/2026,LWMC,"Tehsil Office, Wahgha Town",A-65,"Container-Based Collection",76.409,5H41M,341.03,31.597991000,74.430931000,moving,on,"19/08/2026 10:58 AM","19/08/2026 11:00 AM",LWMC-WaTo,"Arm Roll Truck",3,Distance,10,1,-,-,-,-
867,60276,19/08/2026,LWMC,"Tehsil Office, Wahgha Town",S-260,Commercial,8.936,1H32M,91.65,31.620372000,74.420372000,still,off,"19/08/2026 10:59 AM","19/08/2026 11:00 AM",LWMC-WaTo,"Mini Dumper",2,Distance,5,-,-,-,-,-
868,59300,19/08/2026,LWMC,"Tehsil Office, Wahgha Town",MFT-05,"Bulk Waste Collection",16.999,6H28M,387.61,31.609581000,74.393015000,still,off,"19/08/2026 10:58 AM","19/08/2026 11:00 AM",LWMC-WaTo,"Tractor Trolley",2,Distance,10,1,-,-,-,-
869,59262,19/08/2026,LWMC,"Tehsil Office, Wahgha Town",M-110,Commercial,42.432,2H34M,154.05,31.601549000,74.392639000,still,off,"19/08/2026 10:41 AM","19/08/2026 11:00 AM",LWMC-WaTo,"Mini Tipper Diesel",2,Distance,5,1,-,-,-,-
870,59245,19/08/2026,LWMC,"Tehsil Office, Wahgha Town",LR-1531,"Door To Door Collection",19.644,1H42M,101.56,31.546080000,74.490137000,still,off,"19/08/2026 10:56 AM","19/08/2026 11:00 AM",LWMC-WaTo,"Loader Rickshaw",2,Distance,5,-,-,-,-,-
871,23605,19/08/2026,LWMC,"Tehsil Office, Wahgha Town",LR-0887,"Door To Door Collection",23.179,3H54M,233.51,31.635180000,74.364669000,moving,on,"19/08/2026 10:51 AM","19/08/2026 11:00 AM",LWMC-WaTo,"Loader Rickshaw",2,Distance,5,1,-,-,-,-
872,25330,19/08/2026,LWMC,"Tehsil Office, Wahgha Town",LR-0400,"Door To Door Collection",26.18,4H59M,299.31,31.596842000,74.393578000,still,off,"19/08/2026 10:58 AM","19/08/2026 11:00 AM",LWMC-WaTo,"Loader Rickshaw",2,Distance,5,1,-,-,-,-
873,61728,19/08/2026,LWMC,"Tehsil Office, Wahgha Town",LR-3068,"Door To Door Collection",28.091,5H35M,335.06,31.587673000,74.399864000,still,off,"19/08/2026 10:59 AM","19/08/2026 11:00 AM",LWMC-WaTo,"Loader Rickshaw",2,Distance,5,1,-,-,-,-
874,59292,19/08/2026,LWMC,"Tehsil Office, Wahgha Town",MFL-75,De-Silting,0.675,4H48M,288.36,31.518676000,74.504082000,still,off,"19/08/2026 10:58 AM","19/08/2026 11:00 AM",LWMC-WaTo,"Front End Loader",2,Ignition,-,1,-,-,-,-
875,61742,19/08/2026,LWMC,"Tehsil Office, Wahgha Town",LR-2314,"Door To Door Collection",16.133,2H49M,169,31.608692000,74.380285000,moving,on,"19/08/2026 10:57 AM","19/08/2026 11:00 AM",LWMC-WaTo,"Loader Rickshaw",2,Distance,5,1,-,-,-,-
876,60358,19/08/2026,LWMC,"Tehsil Office, Wahgha Town",LR-1279,"Door To Door Collection",20.192,1H54M,113.58,31.639636000,74.386738000,still,off,"19/08/2026 09:58 AM","19/08/2026 11:00 AM",LWMC-WaTo,"Loader Rickshaw",2,Distance,5,-,-,-,-,-
877,23578,19/08/2026,LWMC,"Tehsil Office, Wahgha Town",LR-0463,"Door To Door Collection",8.561,0H27M,27.48,31.641328000,74.505687000,still,off,"19/08/2026 10:37 AM","19/08/2026 11:00 AM",LWMC-WaTo,"Loader Rickshaw",2,Distance,5,-,-,-,-,-
878,23563,19/08/2026,LWMC,"Tehsil Office, Wahgha Town",LR-0304,"Door To Door Collection",9.41,0H44M,43.93,31.604881000,74.452409000,moving,on,"19/08/2026 10:28 AM","19/08/2026 11:00 AM",LWMC-WaTo,"Loader Rickshaw",2,Distance,5,-,-,-,-,-
879,-,19/08/2026,LWMC,"Tehsil Office, Wahgha Town",LR-0949,-,15.615,1H22M,82.11,31.640919000,74.449063000,moving,on,"19/08/2026 10:55 AM","19/08/2026 11:00 AM",LWMC-WaTo,-,-,-,-,-,-,-,-,-
880,61737,19/08/2026,LWMC,"Tehsil Office, Wahgha Town",LR-2308,"Door To Door Collection",25.475,3H22M,201.73,31.598778000,74.406461000,still,off,"19/08/2026 10:59 AM","19/08/2026 11:00 AM",LWMC-WaTo,"Loader Rickshaw",2,Distance,5,1,-,-,-,-
881,23587,19/08/2026,LWMC,"Tehsil Office, Wahgha Town",LR-0636,"Door To Door Collection",6.052,0H23M,23.3,31.622246000,74.489285000,still,off,"19/08/2026 09:59 AM","19/08/2026 11:00 AM",LWMC-WaTo,"Loader Rickshaw",2,Distance,5,-,-,-,-,-
882,61301,19/08/2026,LWMC,"Tehsil Office, Wahgha Town",LR-2454,"Door To Door Collection",58.974,5H33M,333.18,31.594220000,74.475790000,moving,on,"19/08/2026 11:00 AM","19/08/2026 11:00 AM",LWMC-WaTo,"Loader Rickshaw",2,Distance,5,1,-,-,-,-
883,60644,19/08/2026,LWMC,"Tehsil Office, Wahgha Town",S-356,Commercial,53.668,3H17M,196.96,31.576647000,74.493753000,still,off,"19/08/2026 10:56 AM","19/08/2026 11:00 AM",LWMC-WaTo,"Mini Dumper",2,Distance,5,1,-,-,-,-
884,59271,19/08/2026,LWMC,"Tehsil Office, Wahgha Town",LR-1728,"Door To Door Collection",18.811,3H46M,225.55,31.449174000,74.520386000,moving,on,"19/08/2026 10:53 AM","19/08/2026 11:00 AM",LWMC-WaTo,"Loader Rickshaw",2,Distance,5,1,-,-,-,-
885,59290,19/08/2026,LWMC,"Tehsil Office, Wahgha Town",MFL-76,De-Silting,14.568,4H54M,294.38,31.609083000,74.397372000,moving,on,"19/08/2026 10:58 AM","19/08/2026 11:00 AM",LWMC-WaTo,"Front End Loader",2,Ignition,-,1,-,-,-,-
886,23570,19/08/2026,LWMC,"Tehsil Office, Wahgha Town",LR-0371,"Door To Door Collection",7.594,1H28M,87.7,31.636174000,74.506135000,still,off,"19/08/2026 10:58 AM","19/08/2026 11:00 AM",LWMC-WaTo,"Loader Rickshaw",2,Distance,5,-,-,-,-,-
887,23586,19/08/2026,LWMC,"Tehsil Office, Wahgha Town",LR-0635,"Door To Door Collection",9.261,1H7M,67.16,31.575052000,74.491412000,moving,on,"19/08/2026 10:33 AM","19/08/2026 11:00 AM",LWMC-WaTo,"Loader Rickshaw",2,Distance,5,-,-,-,-,-
888,-,19/08/2026,LWMC,"Tehsil Office, Wahgha Town",LR-1930,-,12.069,4H41M,281.43,31.600389000,74.454290000,still,off,"19/08/2026 10:58 AM","19/08/2026 11:00 AM",LWMC-WaTo,-,-,-,-,-,-,-,-,-
889,60259,19/08/2026,LWMC,"Tehsil Office, Wahgha Town",S-259,Commercial,37.402,2H26M,145.53,31.597871000,74.403543000,moving,on,"19/08/2026 10:59 AM","19/08/2026 11:00 AM",LWMC-WaTo,"Mini Dumper",2,Distance,5,1,-,-,-,-
890,61885,19/08/2026,LWMC,"Tehsil Office, Wahgha Town",LR-0098,"Door To Door Collection",21.903,4H3M,243.36,31.607798000,74.407904000,moving,on,"19/08/2026 11:00 AM","19/08/2026 11:00 AM",LWMC-WaTo,"Loader Rickshaw",2,Distance,5,1,-,-,-,-
891,59265,19/08/2026,LWMC,"Tehsil Office, Wahgha Town",M-111,Commercial,44.927,2H52M,171.81,31.444477000,74.574450000,moving,on,"19/08/2026 10:51 AM","19/08/2026 11:00 AM",LWMC-WaTo,"Mini Tipper Diesel",2,Distance,5,1,-,-,-,-
892,59376,19/08/2026,LWMC,"Tehsil Office, Wahgha Town",SD-05,"Bulk Waste Collection",71.571,3H6M,185.96,31.608751000,74.393054000,moving,on,"19/08/2026 10:59 AM","19/08/2026 11:00 AM",LWMC-WaTo,"Dumper (10CM)",3,Ignition,-,1,-,-,-,-
893,59370,19/08/2026,LWMC,"Tehsil Office, Wahgha Town",D-29,"Bulk Waste Collection",99.047,4H34M,273.6,31.517114000,74.504171000,still,off,"19/08/2026 10:54 AM","19/08/2026 11:00 AM",LWMC-WaTo,"Dumper (10CM)",3,Ignition,-,1,-,-,-,-
894,61904,19/08/2026,LWMC,"Tehsil Office, Wahgha Town",LR-2468,"Door To Door Collection",30.244,3H43M,222.51,31.590786000,74.454173000,still,off,"19/08/2026 10:58 AM","19/08/2026 11:00 AM",LWMC-WaTo,"Loader Rickshaw",2,Distance,5,1,-,-,-,-
895,23639,19/08/2026,LWMC,"Tehsil Office, Wahgha Town",LR-1071,"Door To Door Collection",8.41,2H40M,159.91,31.602431000,74.558862000,still,off,"19/08/2026 08:00 AM","19/08/2026 08:30 AM",LWMC-WaTo,"Loader Rickshaw",2,Distance,5,1,-,-,-,-
896,61874,19/08/2026,LWMC,"Tehsil Office, Wahgha Town",LR-3072,"Door To Door Collection",28.229,4H21M,260.53,31.604107000,74.413715000,still,off,"19/08/2026 10:59 AM","19/08/2026 11:00 AM",LWMC-WaTo,"Loader Rickshaw",2,Distance,5,1,-,-,-,-
897,23569,19/08/2026,LWMC,"Tehsil Office, Wahgha Town",LR-0370,"Door To Door Collection",7.451,0H44M,44.29,31.636062000,74.505989000,still,off,"19/08/2026 09:10 AM","19/08/2026 10:30 AM",LWMC-WaTo,"Loader Rickshaw",2,Distance,5,-,-,-,-,-
898,59294,19/08/2026,LWMC,"Tehsil Office, Wahgha Town",MFL-89,De-Silting,10.785,5H9M,308.61,31.591959000,74.416407000,still,off,"19/08/2026 10:58 AM","19/08/2026 11:00 AM",LWMC-WaTo,"Front End Loader",2,Ignition,-,1,-,-,-,-
899,23567,19/08/2026,LWMC,"Tehsil Office, Wahgha Town",LR-0750,"Door To Door Collection",36.945,2H9M,129.44,31.593150000,74.475957000,still,off,"19/08/2026 10:54 AM","19/08/2026 11:00 AM",LWMC-WaTo,"Loader Rickshaw",2,Distance,5,1,-,-,-,-
900,61921,19/08/2026,LWMC,"Tehsil Office, Wahgha Town",LR-2455,"Door To Door Collection",42.975,5H14M,314.48,31.588969000,74.481713000,moving,on,"19/08/2026 10:45 AM","19/08/2026 11:00 AM",LWMC-WaTo,"Loader Rickshaw",2,Distance,5,1,-,-,-,-
901,23562,19/08/2026,LWMC,"Tehsil Office, Wahgha Town",LR-0285,"Door To Door Collection",5.98,0H31M,31.3,31.576922000,74.488320000,moving,on,"19/08/2026 10:45 AM","19/08/2026 11:00 AM",LWMC-WaTo,"Loader Rickshaw",2,Distance,5,-,-,-,-,-
902,61310,19/08/2026,LWMC,"Tehsil Office, Wahgha Town",LR-2897,"Door To Door Collection",3.435,2H59M,178.78,31.620084000,74.363287000,still,off,"19/08/2026 10:53 AM","19/08/2026 11:00 AM",LWMC-WaTo,"Loader Rickshaw",2,Distance,5,-,-,-,-,-
903,23583,19/08/2026,LWMC,"Tehsil Office, Wahgha Town",LR-0631,"Door To Door Collection",11.618,1H52M,111.71,31.597349000,74.566596000,moving,on,"19/08/2026 09:27 AM","19/08/2026 10:30 AM",LWMC-WaTo,"Loader Rickshaw",2,Distance,5,-,-,-,-,-
904,60877,19/08/2026,LWMC,"Tehsil Office, Wahgha Town",S-81,Commercial,0.7,0H6M,5.54,31.609350000,74.380153000,still,off,"19/08/2026 09:51 AM","19/08/2026 11:00 AM",LWMC-WaTo,"Mini Dumper",2,Distance,5,-,-,-,-,-
905,-,19/08/2026,LWMC,"Tehsil Office, Wahgha Town","D-20 (69)",-,87.324,4H3M,243,31.611147000,74.383306000,moving,on,"19/08/2026 11:00 AM","19/08/2026 11:00 AM",LWMC-WaTo,-,-,-,-,-,-,-,-,-
906,60702,19/08/2026,LWMC,"Tehsil Office, Wahgha Town",S-334,Commercial,50.53,3H0M,180.41,31.586794000,74.394361000,still,off,"19/08/2026 10:58 AM","19/08/2026 11:00 AM",LWMC-WaTo,"Mini Dumper",2,Distance,5,1,-,-,-,-
907,25341,19/08/2026,LWMC,"Tehsil Office, Wahgha Town",LR-0457,"Door To Door Collection",22.409,5H16M,316.38,31.591976000,74.428115000,still,off,"19/08/2026 10:58 AM","19/08/2026 11:00 AM",LWMC-WaTo,"Loader Rickshaw",2,Distance,5,1,-,-,-,-
908,23556,19/08/2026,LWMC,"Tehsil Office, Wahgha Town",LR-0278,"Door To Door Collection",14.208,1H2M,61.78,31.600258000,74.495257000,still,off,"19/08/2026 10:58 AM","19/08/2026 11:00 AM",LWMC-WaTo,"Loader Rickshaw",2,Distance,5,-,-,-,-,-
909,59378,19/08/2026,LWMC,"Tehsil Office, Wahgha Town",LR-1924,"Door To Door Collection",11.11,1H21M,80.86,31.593893000,74.558793000,moving,on,"19/08/2026 10:01 AM","19/08/2026 10:30 AM",LWMC-WaTo,"Loader Rickshaw",2,Distance,5,-,-,-,-,-
910,59436,19/08/2026,LWMC,"Tehsil Office, Wahgha Town",LR-2302,"Door To Door Collection",26.86,2H28M,147.51,31.467377000,74.625758000,still,off,"19/08/2026 10:57 AM","19/08/2026 11:00 AM",LWMC-WaTo,"Loader Rickshaw",2,Distance,5,1,-,-,-,-
911,59244,19/08/2026,LWMC,"Tehsil Office, Wahgha Town",C-746,"Container-Based Collection",88.344,5H26M,326.28,31.456292000,74.440216000,still,off,"19/08/2026 10:56 AM","19/08/2026 11:00 AM",LWMC-WaTo,"Compactor (7CM)",3,Distance,10,1,-,-,-,-
912,60693,19/08/2026,LWMC,"Tehsil Office, Wahgha Town",S-342,Commercial,37.348,2H2M,121.61,31.593853000,74.424072000,moving,on,"19/08/2026 11:00 AM","19/08/2026 11:00 AM",LWMC-WaTo,"Mini Dumper",2,Distance,5,1,-,-,-,-
913,25329,19/08/2026,LWMC,"Tehsil Office, Wahgha Town",LR-0399,"Door To Door Collection",18.104,2H59M,179.16,31.609207000,74.380157000,moving,on,"19/08/2026 10:59 AM","19/08/2026 11:00 AM",LWMC-WaTo,"Loader Rickshaw",2,Distance,5,1,-,-,-,-
914,60237,19/08/2026,LWMC,"Tehsil Office, Wahgha Town",S-67,Commercial,31.162,2H2M,122.46,31.591215000,74.445611000,moving,on,"19/08/2026 10:51 AM","19/08/2026 11:00 AM",LWMC-WaTo,"Mini Dumper",2,Distance,5,1,-,-,-,-
915,59247,19/08/2026,LWMC,"Tehsil Office, Wahgha Town",C25-088,"Container-Based Collection",68.869,5H33M,332.66,31.592153000,74.433004000,still,off,"19/08/2026 10:38 AM","19/08/2026 11:00 AM",LWMC-WaTo,"Compactor (25CM)",3,Distance,10,1,-,-,-,-
916,59295,19/08/2026,LWMC,"Tehsil Office, Wahgha Town",MFL-98,De-Silting,21.756,6H28M,387.76,31.590805000,74.482315000,still,off,"19/08/2026 10:58 AM","19/08/2026 11:00 AM",LWMC-WaTo,"Front End Loader",2,Ignition,-,1,-,-,-,-
917,59249,19/08/2026,LWMC,"Tehsil Office, Wahgha Town",CA-166,"Container-Based Collection",61.011,5H16M,315.93,31.591934000,74.433713000,moving,on,"19/08/2026 10:58 AM","19/08/2026 11:00 AM",LWMC-WaTo,"Chain Arm Roll",3,Distance,10,1,-,-,-,-
918,59269,19/08/2026,LWMC,"Tehsil Office, Wahgha Town",M-119,Commercial,58.671,2H42M,161.73,31.600648000,74.535772000,moving,on,"19/08/2026 10:58 AM","19/08/2026 11:00 AM",LWMC-WaTo,"Mini Tipper Diesel",2,Distance,5,1,-,-,-,-
919,59388,19/08/2026,LWMC,"Tehsil Office, Wahgha Town",LR-1925,"Door To Door Collection",21.795,2H14M,134.43,31.603694000,74.399735000,moving,on,"19/08/2026 10:58 AM","19/08/2026 11:00 AM",LWMC-WaTo,"Loader Rickshaw",2,Distance,5,1,-,-,-,-
920,59272,19/08/2026,LWMC,"Tehsil Office, Wahgha Town",M-44,Commercial,36.296,2H42M,161.93,31.394012000,74.570529000,moving,on,"19/08/2026 07:12 AM","19/08/2026 07:30 AM",LWMC-WaTo,"Mini Tipper Diesel",2,Distance,5,1,-,-,-,-
921,59242,19/08/2026,LWMC,"Tehsil Office, Wahgha Town",C-1380,"Container-Based Collection",65.901,5H7M,306.76,31.608592000,74.380454000,moving,on,"19/08/2026 10:58 AM","19/08/2026 11:00 AM",LWMC-WaTo,"Compactor (13CM)",3,Distance,10,1,-,-,-,-
922,61435,19/08/2026,LWMC,"Tehsil Office, Wahgha Town",LR-3066,"Door To Door Collection",21.842,4H5M,245.21,31.588786000,74.395674000,moving,on,"19/08/2026 10:34 AM","19/08/2026 11:00 AM",LWMC-WaTo,"Loader Rickshaw",2,Distance,5,1,-,-,-,-
923,-,19/08/2026,LWMC,"Tehsil Office, Wahgha Town",LR-2939,-,19.192,5H37M,336.53,31.604993000,74.362074000,moving,on,"19/08/2026 11:00 AM","19/08/2026 11:00 AM",LWMC-WaTo,-,-,-,-,-,-,-,-,-
924,60247,19/08/2026,LWMC,"Tehsil Office, Wahgha Town",S-207,Commercial,39.961,2H29M,149.16,31.610703000,74.382367000,moving,on,"19/08/2026 10:53 AM","19/08/2026 11:00 AM",LWMC-WaTo,"Mini Dumper",2,Distance,5,1,-,-,-,-
925,59530,19/08/2026,LWMC,"Tehsil Office, Wahgha Town",M-132,Commercial,43.373,2H22M,141.93,31.595789000,74.498598000,moving,on,"19/08/2026 10:17 AM","19/08/2026 11:00 AM",LWMC-WaTo,"Mini Tipper Diesel",2,Distance,5,1,-,-,-,-
926,62166,19/08/2026,LWMC,"Tehsil Office, Wahgha Town",S-331,Commercial,39.101,2H38M,157.81,31.603018000,74.400364000,moving,on,"19/08/2026 10:58 AM","19/08/2026 11:03 AM",LWMC-WaTo,"Mini Dumper",2,Distance,5,1,-,-,-,-
927,61447,19/08/2026,LWMC,"Tehsil Office, Wahgha Town",LR-0935,"Door To Door Collection",7.72,1H19M,79.2,31.608675000,74.380362000,moving,on,"19/08/2026 10:46 AM","19/08/2026 11:00 AM",LWMC-WaTo,"Loader Rickshaw",2,Distance,5,-,-,-,-,-
928,59692,19/08/2026,LWMC,"Tehsil Office, Wahgha Town",S-312,Commercial,34.76,2H45M,165.05,31.586616000,74.392073000,moving,on,"19/08/2026 10:50 AM","19/08/2026 11:00 AM",LWMC-WaTo,"Mini Dumper",2,Distance,5,1,-,-,-,-
929,23589,19/08/2026,LWMC,"Tehsil Office, Wahgha Town",LR-0831,"Door To Door Collection",21.324,2H7M,127.21,31.588832000,74.395449000,still,off,"19/08/2026 09:58 AM","19/08/2026 11:00 AM",LWMC-WaTo,"Loader Rickshaw",2,Distance,5,1,-,-,-,-
930,61318,19/08/2026,LWMC,"Tehsil Office, Wahgha Town",LR-3070,"Door To Door Collection",11.744,5H31M,330.71,31.600977000,74.405878000,still,off,"19/08/2026 10:58 AM","19/08/2026 11:00 AM",LWMC-WaTo,"Loader Rickshaw",2,Distance,5,1,-,-,-,-
931,61750,19/08/2026,LWMC,"Tehsil Office, Wahgha Town",LR-2393,"Door To Door Collection",27.419,5H12M,311.91,31.597823000,74.406544000,still,off,"19/08/2026 10:57 AM","19/08/2026 11:00 AM",LWMC-WaTo,"Loader Rickshaw",2,Distance,5,1,-,-,-,-
932,60222,19/08/2026,LWMC,"Tehsil Office, Wahgha Town",S-12,Commercial,52.178,5H54M,354.11,31.608501000,74.398302000,moving,on,"19/08/2026 10:59 AM","19/08/2026 11:00 AM",LWMC-WaTo,"Mini Dumper",2,Distance,5,1,-,-,-,-
933,25333,19/08/2026,LWMC,"Tehsil Office, Wahgha Town",LR-0405,"Door To Door Collection",16.691,5H35M,335.26,31.610418000,74.381710000,still,off,"19/08/2026 10:58 AM","19/08/2026 11:00 AM",LWMC-WaTo,"Loader Rickshaw",2,Distance,5,1,-,-,-,-
934,59204,19/08/2026,LWMC,"Tehsil Office, Wahgha Town",LR-1532,"Door To Door Collection",27.981,5H10M,310.25,31.489125000,74.476586000,moving,on,"19/08/2026 10:58 AM","19/08/2026 11:00 AM",LWMC-WaTo,"Loader Rickshaw",2,Distance,5,1,-,-,-,-
935,59679,19/08/2026,LWMC,"Tehsil Office, Wahgha Town",S-148,Commercial,55.124,3H6M,186.38,31.609373000,74.380112000,still,off,"19/08/2026 10:34 AM","19/08/2026 11:00 AM",LWMC-WaTo,"Mini Dumper",2,Distance,5,1,-,-,-,-
936,61752,19/08/2026,LWMC,"Tehsil Office, Wahgha Town",LR-2870,"Door To Door Collection",13.145,4H31M,270.63,31.603878000,74.400111000,moving,on,"19/08/2026 11:00 AM","19/08/2026 11:00 AM",LWMC-WaTo,"Loader Rickshaw",2,Distance,5,1,-,-,-,-
937,60562,19/08/2026,LWMC,"Tehsil Office, Wahgha Town",LR-1288,"Door To Door Collection",22.292,3H48M,227.59,31.638320000,74.398243000,still,off,"19/08/2026 10:58 AM","19/08/2026 11:00 AM",LWMC-WaTo,"Loader Rickshaw",2,Distance,5,1,-,-,-,-
938,61691,19/08/2026,LWMC,"Tehsil Office, Wahgha Town",LR-3067,"Door To Door Collection",18.241,4H29M,269.43,31.601451000,74.398678000,still,off,"19/08/2026 10:59 AM","19/08/2026 11:00 AM",LWMC-WaTo,"Loader Rickshaw",2,Distance,5,1,-,-,-,-
939,-,19/08/2026,LWMC,"Tehsil Office, Wahgha Town",LR-2940,-,12.36,4H15M,254.94,31.592643000,74.360947000,still,off,"19/08/2026 10:58 AM","19/08/2026 11:00 AM",LWMC-WaTo,-,-,-,-,-,-,-,-,-
940,23580,19/08/2026,LWMC,"Tehsil Office, Wahgha Town",LR-0628,"Door To Door Collection",6.244,0H37M,36.88,31.577842000,74.496244000,moving,on,"19/08/2026 10:59 AM","19/08/2026 11:00 AM",LWMC-WaTo,"Loader Rickshaw",2,Distance,5,-,-,-,-,-
941,-,19/08/2026,LWMC,"Tehsil Office, Wahgha Town",WR-007,-,8.082,0H33M,32.56,31.605871000,74.381750000,moving,on,"19/08/2026 10:48 AM","19/08/2026 11:00 AM",LWMC-WaTo,-,-,-,-,-,-,-,-,-
942,59698,19/08/2026,LWMC,"Tehsil Office, Wahgha Town",S-313,Commercial,38.99,2H38M,158.33,31.555920000,74.445433000,moving,on,"19/08/2026 10:58 AM","19/08/2026 11:00 AM",LWMC-WaTo,"Mini Dumper",2,Distance,5,1,-,-,-,-
943,23571,19/08/2026,LWMC,"Tehsil Office, Wahgha Town",LR-0372,"Door To Door Collection",9.72,1H15M,74.58,31.631529000,74.499905000,moving,on,"19/08/2026 10:06 AM","19/08/2026 10:30 AM",LWMC-WaTo,"Loader Rickshaw",2,Distance,5,-,-,-,-,-
944,59529,19/08/2026,LWMC,"Tehsil Office, Wahgha Town",CA-127,"Container-Based Collection",72.231,5H27M,327.01,31.608484000,74.384948000,moving,on,"19/08/2026 10:59 AM","19/08/2026 11:00 AM",LWMC-WaTo,"Chain Arm Roll",3,Distance,10,1,-,-,-,-
945,60548,19/08/2026,LWMC,"Tehsil Office, Wahgha Town",LR-2952,"Door To Door Collection",6.76,5H39M,338.73,31.576993000,74.480634000,still,off,"19/08/2026 10:57 AM","19/08/2026 11:00 AM",LWMC-WaTo,"Loader Rickshaw",2,Distance,5,1,-,-,-,-
946,61918,19/08/2026,LWMC,"Tehsil Office, Wahgha Town",LR-2457,"Door To Door Collection",37.662,2H19M,139.34,31.595432000,74.488084000,moving,on,"19/08/2026 10:50 AM","19/08/2026 11:00 AM",LWMC-WaTo,"Loader Rickshaw",2,Distance,5,1,-,-,-,-
947,59207,19/08/2026,LWMC,"Tehsil Office, Wahgha Town",LR-2307,"Door To Door Collection",21.208,2H32M,152.08,31.433133000,74.591399000,still,off,"19/08/2026 08:27 AM","19/08/2026 08:30 AM",LWMC-WaTo,"Loader Rickshaw",2,Distance,5,1,-,-,-,-
948,59684,19/08/2026,LWMC,"Tehsil Office, Wahgha Town",S-158,Commercial,35.967,2H15M,134.55,31.496538000,74.485505000,moving,on,"19/08/2026 10:58 AM","19/08/2026 11:00 AM",LWMC-WaTo,"Mini Dumper",2,Distance,5,1,-,-,-,-
949,60695,19/08/2026,LWMC,"Tehsil Office, Wahgha Town",S-336,Commercial,37.285,2H16M,136.5,31.649157000,74.462860000,still,off,"19/08/2026 10:56 AM","19/08/2026 11:00 AM",LWMC-WaTo,"Mini Dumper",2,Distance,5,1,-,-,-,-
950,23555,19/08/2026,LWMC,"Tehsil Office, Wahgha Town",LR-0277,"Door To Door Collection",12.965,2H6M,126.13,31.597991000,74.488173000,still,off,"19/08/2026 10:50 AM","19/08/2026 11:00 AM",LWMC-WaTo,"Loader Rickshaw",2,Distance,5,1,-,-,-,-
951,-,19/08/2026,LWMC,"Tehsil Office, Wahgha Town",LR-2999,-,14.817,2H15M,135.21,31.594223000,74.383479000,moving,on,"19/08/2026 11:00 AM","19/08/2026 11:00 AM",LWMC-WaTo,-,-,-,-,-,-,-,-,-
952,59660,19/08/2026,LWMC,"Tehsil Office, Wahgha Town",LR-0508,"Door To Door Collection",27.651,5H31M,331.13,31.587287000,74.404414000,moving,on,"19/08/2026 10:58 AM","19/08/2026 11:00 AM",LWMC-WaTo,"Loader Rickshaw",2,Distance,5,1,-,-,-,-
953,59371,19/08/2026,LWMC,"Tehsil Office, Wahgha Town",D-30,"Bulk Waste Collection",114.774,5H34M,333.73,31.536011000,74.433488000,moving,on,"19/08/2026 10:58 AM","19/08/2026 11:00 AM",LWMC-WaTo,"Dumper (7CM)",3,Ignition,-,1,-,-,-,-
954,59687,19/08/2026,LWMC,"Tehsil Office, Wahgha Town",S-161,Commercial,42.419,3H11M,191.31,31.444210000,74.556253000,moving,on,"19/08/2026 10:58 AM","19/08/2026 11:00 AM",LWMC-WaTo,"Mini Dumper",2,Distance,5,1,-,-,-,-
955,23550,19/08/2026,LWMC,"Tehsil Office, Wahgha Town",LR-0265,"Door To Door Collection",36.087,5H7M,306.81,31.608626000,74.380371000,moving,on,"19/08/2026 10:58 AM","19/08/2026 11:00 AM",LWMC-WaTo,"Loader Rickshaw",2,Distance,5,1,-,-,-,-
956,59524,19/08/2026,LWMC,"Tehsil Office, Wahgha Town",LR-1926,"Door To Door Collection",16.941,4H50M,289.76,31.563620000,74.568232000,moving,on,"19/08/2026 10:59 AM","19/08/2026 11:00 AM",LWMC-WaTo,"Loader Rickshaw",2,Distance,5,1,-,-,-,-
957,23600,19/08/2026,LWMC,"Tehsil Office, Wahgha Town",LR-0884,"Door To Door Collection",19.092,1H49M,109.2,31.589390000,74.402487000,moving,on,"19/08/2026 10:31 AM","19/08/2026 11:00 AM",LWMC-WaTo,"Loader Rickshaw",2,Distance,5,-,-,-,-,-
958,23638,19/08/2026,LWMC,"Tehsil Office, Wahgha Town",LR-1070,"Door To Door Collection",15.174,4H20M,260.33,31.604976000,74.458085000,moving,on,"19/08/2026 10:59 AM","19/08/2026 11:00 AM",LWMC-WaTo,"Loader Rickshaw",2,Distance,5,1,-,-,-,-
959,59235,19/08/2026,LWMC,"Tehsil Office, Wahgha Town",C-708,"Container-Based Collection",70.499,4H57M,297.31,31.611753000,74.492921000,moving,on,"19/08/2026 10:53 AM","19/08/2026 11:00 AM",LWMC-WaTo,"Compactor (8CM)",3,Distance,10,1,-,-,-,-
960,60824,19/08/2026,LWMC,"Tehsil Office, Wahgha Town",S-359,Commercial,58.864,3H59M,238.68,31.591555000,74.388135000,moving,on,"19/08/2026 10:58 AM","19/08/2026 11:00 AM",LWMC-WaTo,"Mini Dumper",2,Distance,5,1,-,-,-,-
961,59374,19/08/2026,LWMC,"Tehsil Office, Wahgha Town",D-59,"Bulk Waste Collection",74.59,3H57M,236.53,31.609432000,74.380879000,moving,on,"19/08/2026 10:59 AM","19/08/2026 11:00 AM",LWMC-WaTo,"Dumper (10CM)",3,Ignition,-,1,-,-,-,-
962,60317,19/08/2026,LWMC,"Tehsil Office, Wahgha Town",LR-1929,"Door To Door Collection",20.588,2H56M,175.71,31.622799000,74.448422000,moving,on,"19/08/2026 10:57 AM","19/08/2026 11:00 AM",LWMC-WaTo,"Loader Rickshaw",2,Distance,5,1,-,-,-,-
963,59377,19/08/2026,LWMC,"Tehsil Office, Wahgha Town",SD-06,"Bulk Waste Collection",64.302,4H0M,240.01,31.588739000,74.422812000,still,off,"19/08/2026 10:58 AM","19/08/2026 11:00 AM",LWMC-WaTo,"Dumper (7CM)",3,Ignition,-,1,-,-,-,-
964,59531,19/08/2026,LWMC,"Tehsil Office, Wahgha Town",LR-1786,"Door To Door Collection",39.536,3H44M,224.23,31.440993000,74.560499000,still,off,"19/08/2026 10:55 AM","19/08/2026 11:00 AM",LWMC-WaTo,"Loader Rickshaw",2,Distance,5,1,-,-,-,-
965,61322,19/08/2026,LWMC,"Tehsil Office, Wahgha Town",LR-3000,"Door To Door Collection",12.775,3H41M,220.84,31.603198000,74.383701000,moving,on,"19/08/2026 10:55 AM","19/08/2026 11:00 AM",LWMC-WaTo,"Loader Rickshaw",2,Distance,5,1,-,-,-,-
966,61726,19/08/2026,LWMC,"Tehsil Office, Wahgha Town",LR-2875,"Door To Door Collection",23.846,2H42M,162.11,31.608681000,74.391676000,moving,on,"19/08/2026 10:58 AM","19/08/2026 11:00 AM",LWMC-WaTo,"Loader Rickshaw",2,Distance,5,1,-,-,-,-
967,60960,19/08/2026,LWMC,"Tehsil Office, Wahgha Town",S-149,Commercial,64.643,3H25M,205.44,31.593113000,74.477420000,moving,on,"19/08/2026 11:00 AM","19/08/2026 11:00 AM",LWMC-WaTo,"Mini Dumper",2,Distance,5,1,-,-,-,-
968,-,19/08/2026,LWMC,"Tehsil Office, Wahgha Town",LR-2938,-,13.197,1H31M,91.45,31.598034000,74.343662000,moving,on,"19/08/2026 10:45 AM","19/08/2026 11:00 AM",LWMC-WaTo,-,-,-,-,-,-,-,-,-
969,59390,19/08/2026,LWMC,"Tehsil Office, Wahgha Town",LR-1526,"Door To Door Collection",25.768,3H26M,205.51,31.512857000,74.476628000,moving,on,"19/08/2026 10:58 AM","19/08/2026 11:00 AM",LWMC-WaTo,"Loader Rickshaw",2,Distance,5,1,-,-,-,-
970,59298,19/08/2026,LWMC,"Tehsil Office, Wahgha Town",MFL-99,De-Silting,11.287,4H20M,259.89,31.436848000,74.504756000,still,off,"19/08/2026 10:58 AM","19/08/2026 11:00 AM",LWMC-WaTo,"Front End Loader",2,Ignition,-,1,-,-,-,-
971,61902,19/08/2026,LWMC,"Tehsil Office, Wahgha Town",LR-2470,"Door To Door Collection",47.793,3H32M,211.69,31.596793000,74.448378000,still,off,"19/08/2026 10:58 AM","19/08/2026 11:00 AM",LWMC-WaTo,"Loader Rickshaw",2,Distance,5,1,-,-,-,-
972,59379,19/08/2026,LWMC,"Tehsil Office, Wahgha Town",LR-2903,"Door To Door Collection",20.256,1H37M,97.41,31.516839000,74.504158000,still,off,"19/08/2026 10:51 AM","19/08/2026 11:00 AM",LWMC-WaTo,"Loader Rickshaw",2,Distance,5,-,-,-,-,-
973,60770,19/08/2026,LWMC,"Tehsil Office, Wahgha Town",LR-1933,"Door To Door Collection",1.317,0H34M,34.18,31.586172000,74.504460000,still,off,"19/08/2026 09:51 AM","19/08/2026 11:00 AM",LWMC-WaTo,"Loader Rickshaw",2,Distance,5,-,-,-,-,-
974,59208,19/08/2026,LWMC,"Tehsil Office, Wahgha Town",LR-1787,"Door To Door Collection",26.891,3H7M,187.01,31.471201000,74.624562000,still,off,"19/08/2026 10:27 AM","19/08/2026 11:00 AM",LWMC-WaTo,"Loader Rickshaw",2,Distance,5,1,-,-,-,-
975,59289,19/08/2026,LWMC,"Tehsil Office, Wahgha Town",LR-1529,"Door To Door Collection",23.408,1H20M,80.21,31.533832000,74.459962000,still,off,"19/08/2026 10:57 AM","19/08/2026 11:00 AM",LWMC-WaTo,"Loader Rickshaw",2,Distance,5,-,-,-,-,-
976,23598,19/08/2026,LWMC,"Tehsil Office, Wahgha Town",LR-0826,"Door To Door Collection",20.412,4H47M,287.38,31.608859000,74.380290000,moving,on,"19/08/2026 10:59 AM","19/08/2026 11:00 AM",LWMC-WaTo,"Loader Rickshaw",2,Distance,5,1,-,-,-,-
977,59241,19/08/2026,LWMC,"Tehsil Office, Wahgha Town",C-1379,"Container-Based Collection",50.173,5H15M,314.56,31.596997000,74.499796000,moving,on,"19/08/2026 10:59 AM","19/08/2026 11:00 AM",LWMC-WaTo,"Compactor (13CM)",3,Distance,10,1,-,-,-,-
978,60138,19/08/2026,LWMC,"Tehsil Office, Wahgha Town",M-85,Commercial,72.879,2H14M,134.48,31.456756000,74.443640000,moving,on,"19/08/2026 10:57 AM","19/08/2026 11:00 AM",LWMC-WaTo,"Mini Tipper Diesel",2,Distance,5,1,-,-,-,-
979,59248,19/08/2026,LWMC,"Tehsil Office, Wahgha Town",CA-153,"Container-Based Collection",73.418,3H55M,234.69,31.586724000,74.400664000,moving,on,"19/08/2026 10:59 AM","19/08/2026 11:00 AM",LWMC-WaTo,"Chain Arm Roll",3,Distance,10,1,-,-,-,-
980,61873,19/08/2026,LWMC,"Tehsil Office, Wahgha Town",LR-3071,"Door To Door Collection",17.587,3H34M,213.9,31.610919000,74.382867000,moving,on,"19/08/2026 10:58 AM","19/08/2026 11:00 AM",LWMC-WaTo,"Loader Rickshaw",2,Distance,5,1,-,-,-,-
981,59274,19/08/2026,LWMC,"Tehsil Office, Wahgha Town",M-72,Commercial,40.598,2H43M,162.88,31.502637000,74.560828000,still,off,"19/08/2026 10:34 AM","19/08/2026 11:00 AM",LWMC-WaTo,"Mini Tipper Diesel",2,Distance,5,1,-,-,-,-
982,59275,19/08/2026,LWMC,"Tehsil Office, Wahgha Town",M-82,Commercial,37.546,1H43M,102.58,31.596026000,74.420227000,still,off,"19/08/2026 09:42 AM","19/08/2026 11:00 AM",LWMC-WaTo,"Mini Tipper Diesel",2,Distance,5,-,-,-,-,-
983,60655,19/08/2026,LWMC,"Tehsil Office, Wahgha Town",S-355,Commercial,66.84,4H19M,258.56,31.623330000,74.421517000,still,off,"19/08/2026 11:00 AM","19/08/2026 11:00 AM",LWMC-WaTo,"Mini Dumper",2,Distance,5,1,-,-,-,-
984,60927,19/08/2026,LWMC,"Tehsil Office, Wahgha Town",M-84,Commercial,31.102,1H49M,108.73,31.603956000,74.400101000,moving,on,"19/08/2026 10:57 AM","19/08/2026 11:00 AM",LWMC-WaTo,"Mini Tipper Diesel",2,Distance,5,-,-,-,-,-
985,61651,19/08/2026,LWMC,"Tehsil Office, Wahgha Town",LR-0932,"Door To Door Collection",12.979,1H34M,94.04,31.597513000,74.399895000,still,off,"19/08/2026 10:59 AM","19/08/2026 11:00 AM",LWMC-WaTo,"Loader Rickshaw",2,Distance,5,-,-,-,-,-
986,59528,19/08/2026,LWMC,"Tehsil Office, Wahgha Town",CA-116,"Container-Based Collection",99.862,4H58M,298.38,31.609377000,74.401387000,moving,on,"19/08/2026 10:58 AM","19/08/2026 11:00 AM",LWMC-WaTo,"Chain Arm Roll",3,Distance,10,1,-,-,-,-
987,60882,19/08/2026,LWMC,"Tehsil Office, Wahgha Town",S-343,Commercial,47.884,2H35M,155.38,31.608651000,74.391734000,moving,on,"19/08/2026 10:56 AM","19/08/2026 11:00 AM",LWMC-WaTo,"Mini Dumper",2,Distance,5,1,-,-,-,-
988,18372,19/08/2026,LWMC,"Tehsil Office, Aziz Bhatti Town",HA-24,"Container-Based Collection",64.255,4H33M,273.33,31.567912000,74.430134000,moving,on,"19/08/2026 10:57 AM","19/08/2026 11:00 AM",LWMC-AzBT,"Arm Roll Truck",3,Distance,10,1,-,-,-,-
989,60483,19/08/2026,LWMC,"Tehsil Office, Aziz Bhatti Town",LR-0189,"Door To Door Collection",17.952,3H28M,208.06,31.547752000,74.409089000,still,off,"19/08/2026 10:51 AM","19/08/2026 11:00 AM",LWMC-AzBT,"Loader Rickshaw",2,Distance,5,1,-,-,-,-
990,59587,19/08/2026,LWMC,"Tehsil Office, Aziz Bhatti Town",LR-1648,"Door To Door Collection",12.877,1H59M,118.9,31.559374000,74.372807000,still,off,"19/08/2026 10:58 AM","19/08/2026 11:00 AM",LWMC-AzBT,"Loader Rickshaw",2,Distance,5,-,-,-,-,-
991,60050,19/08/2026,LWMC,"Tehsil Office, Aziz Bhatti Town",LR-1390,"Door To Door Collection",18.575,4H15M,255.18,31.584164000,74.400201000,still,off,"19/08/2026 10:58 AM","19/08/2026 11:00 AM",LWMC-AzBT,"Loader Rickshaw",2,Distance,5,1,-,-,-,-
992,60191,19/08/2026,LWMC,"Tehsil Office, Aziz Bhatti Town",LR-1664,"Door To Door Collection",20.13,2H19M,138.96,31.557972000,74.395333000,moving,on,"19/08/2026 10:52 AM","19/08/2026 11:00 AM",LWMC-AzBT,"Loader Rickshaw",2,Distance,5,1,-,-,-,-
993,59280,19/08/2026,LWMC,"Tehsil Office, Aziz Bhatti Town",LR-2467,"Door To Door Collection",34.775,4H55M,294.96,31.577159000,74.406794000,still,off,"19/08/2026 10:58 AM","19/08/2026 11:00 AM",LWMC-AzBT,"Loader Rickshaw",2,Distance,5,1,-,-,-,-
994,59500,19/08/2026,LWMC,"Tehsil Office, Aziz Bhatti Town",LR-0291,"Door To Door Collection",10.123,1H19M,79.11,31.581562000,74.398823000,moving,on,"19/08/2026 10:49 AM","19/08/2026 11:00 AM",LWMC-AzBT,"Loader Rickshaw",2,Distance,5,-,-,-,-,-
995,59514,19/08/2026,LWMC,"Tehsil Office, Aziz Bhatti Town",LR-2777,"Door To Door Collection",21.594,2H39M,159.11,31.603334000,74.400182000,moving,on,"19/08/2026 10:59 AM","19/08/2026 11:00 AM",LWMC-AzBT,"Loader Rickshaw",2,Distance,5,1,-,-,-,-
996,-,19/08/2026,LWMC,"Tehsil Office, Aziz Bhatti Town",LR-2512,-,26.269,1H40M,99.73,31.563882000,74.320803000,moving,on,"19/08/2026 11:00 AM","19/08/2026 11:00 AM",LWMC-AzBT,-,-,-,-,-,-,-,-,-
997,59404,19/08/2026,LWMC,"Tehsil Office, Aziz Bhatti Town",LR-0575,"Door To Door Collection",10.265,3H59M,239.01,31.557538000,74.369629000,still,off,"19/08/2026 10:53 AM","19/08/2026 11:00 AM",LWMC-AzBT,"Loader Rickshaw",2,Distance,5,1,-,-,-,-
998,59631,19/08/2026,LWMC,"Tehsil Office, Aziz Bhatti Town",LR-1950,"Door To Door Collection",38.174,2H37M,156.51,31.608721000,74.380279000,still,off,"19/08/2026 10:56 AM","19/08/2026 11:00 AM",LWMC-AzBT,"Loader Rickshaw",2,Distance,5,1,-,-,-,-
999,60275,19/08/2026,LWMC,"Tehsil Office, Aziz Bhatti Town",LR-1116,"Door To Door Collection",32.766,2H41M,161.13,31.609227000,74.393068000,moving,on,"19/08/2026 10:59 AM","19/08/2026 11:00 AM",LWMC-AzBT,"Loader Rickshaw",2,Distance,5,1,-,-,-,-
1000,59508,19/08/2026,LWMC,"Tehsil Office, Aziz Bhatti Town",LR-2464,"Door To Door Collection",30.659,5H12M,312.46,31.608954000,74.380232000,moving,on,"19/08/2026 10:59 AM","19/08/2026 11:00 AM",LWMC-AzBT,"Loader Rickshaw",2,Distance,5,1,-,-,-,-
1001,60031,19/08/2026,LWMC,"Tehsil Office, Aziz Bhatti Town",LR-0723,"Door To Door Collection",38.131,5H39M,338.83,31.586580000,74.427777000,still,off,"19/08/2026 10:58 AM","19/08/2026 11:00 AM",LWMC-AzBT,"Loader Rickshaw",2,Distance,5,1,-,-,-,-
1002,59647,19/08/2026,LWMC,"Tehsil Office, Aziz Bhatti Town",SD-07,"Bulk Waste Collection",86.816,4H28M,268.13,31.561001000,74.375193000,moving,on,"19/08/2026 10:58 AM","19/08/2026 11:00 AM",LWMC-AzBT,"Dumper (10CM)",3,Ignition,-,1,-,-,-,-
1003,59325,19/08/2026,LWMC,"Tehsil Office, Aziz Bhatti Town",LR-0300,"Door To Door Collection",34.336,5H5M,305.46,31.562619000,74.400643000,still,off,"19/08/2026 10:58 AM","19/08/2026 11:00 AM",LWMC-AzBT,"Loader Rickshaw",2,Distance,5,1,-,-,-,-
1004,59488,19/08/2026,LWMC,"Tehsil Office, Aziz Bhatti Town",LR-0302,"Door To Door Collection",38.142,5H44M,344,31.584228000,74.382929000,moving,on,"19/08/2026 10:58 AM","19/08/2026 11:00 AM",LWMC-AzBT,"Loader Rickshaw",2,Distance,5,1,-,-,-,-
1005,60913,19/08/2026,LWMC,"Tehsil Office, Aziz Bhatti Town",LR-1659,"Door To Door Collection",24.216,2H14M,133.91,31.491827000,74.430841000,moving,on,"19/08/2026 10:58 AM","19/08/2026 11:00 AM",LWMC-AzBT,"Loader Rickshaw",2,Distance,5,1,-,-,-,-
1006,60297,19/08/2026,LWMC,"Tehsil Office, Aziz Bhatti Town",LR-1403,"Door To Door Collection",32.788,5H3M,303.14,31.561804000,74.385938000,still,off,"19/08/2026 10:58 AM","19/08/2026 11:00 AM",LWMC-AzBT,"Loader Rickshaw",2,Distance,5,1,-,-,-,-
1007,60240,19/08/2026,LWMC,"Tehsil Office, Aziz Bhatti Town",LR-1399,"Door To Door Collection",36.437,3H8M,187.68,31.552588000,74.397839000,moving,on,"19/08/2026 10:58 AM","19/08/2026 11:00 AM",LWMC-AzBT,"Loader Rickshaw",2,Distance,5,1,-,-,-,-
1008,59498,19/08/2026,LWMC,"Tehsil Office, Aziz Bhatti Town",LR-0188,"Door To Door Collection",13.066,1H15M,75.48,31.552227000,74.414165000,moving,on,"19/08/2026 10:57 AM","19/08/2026 11:00 AM",LWMC-AzBT,"Loader Rickshaw",2,Distance,5,-,-,-,-,-
1009,59406,19/08/2026,LWMC,"Tehsil Office, Aziz Bhatti Town",LR-0741,"Door To Door Collection",19.723,1H39M,99.46,31.547529000,74.361444000,moving,on,"19/08/2026 10:58 AM","19/08/2026 11:00 AM",LWMC-AzBT,"Loader Rickshaw",2,Distance,5,-,-,-,-,-
1010,59361,19/08/2026,LWMC,"Tehsil Office, Aziz Bhatti Town",LR-1192,"Door To Door Collection",22.867,2H34M,153.78,31.573852000,74.407837000,still,off,"19/08/2026 10:52 AM","19/08/2026 11:00 AM",LWMC-AzBT,"Loader Rickshaw",2,Distance,5,1,-,-,-,-
1011,59461,19/08/2026,LWMC,"Tehsil Office, Aziz Bhatti Town",LR-1114,"Door To Door Collection",30.876,2H42M,162.44,31.581221000,74.426029000,moving,on,"19/08/2026 10:59 AM","19/08/2026 11:00 AM",LWMC-AzBT,"Loader Rickshaw",2,Distance,5,1,-,-,-,-
1012,60244,19/08/2026,LWMC,"Tehsil Office, Aziz Bhatti Town",LR-1389,"Door To Door Collection",30.608,3H22M,202.28,31.586213000,74.407842000,still,off,"19/08/2026 10:54 AM","19/08/2026 11:00 AM",LWMC-AzBT,"Loader Rickshaw",2,Distance,5,1,-,-,-,-
1013,59354,19/08/2026,LWMC,"Tehsil Office, Aziz Bhatti Town",LR-2471,"Door To Door Collection",27.646,4H43M,282.61,31.610745000,74.383202000,moving,on,"19/08/2026 10:59 AM","19/08/2026 11:00 AM",LWMC-AzBT,"Loader Rickshaw",2,Distance,5,1,-,-,-,-
1014,60132,19/08/2026,LWMC,"Tehsil Office, Aziz Bhatti Town",LR-0187,"Door To Door Collection",15.078,1H34M,93.98,31.553054000,74.414453000,moving,on,"19/08/2026 10:50 AM","19/08/2026 11:00 AM",LWMC-AzBT,"Loader Rickshaw",2,Distance,5,-,-,-,-,-
1015,60252,19/08/2026,LWMC,"Tehsil Office, Aziz Bhatti Town",LR-0734,"Door To Door Collection",36.676,5H44M,343.98,31.577126000,74.388352000,moving,on,"19/08/2026 11:00 AM","19/08/2026 11:00 AM",LWMC-AzBT,"Loader Rickshaw",2,Distance,5,1,-,-,-,-
1016,59322,19/08/2026,LWMC,"Tehsil Office, Aziz Bhatti Town",LR-2465,"Door To Door Collection",31.904,5H1M,301.36,31.584703000,74.409828000,moving,on,"19/08/2026 10:59 AM","19/08/2026 11:00 AM",LWMC-AzBT,"Loader Rickshaw",2,Distance,5,1,-,-,-,-
1017,60712,19/08/2026,LWMC,"Tehsil Office, Aziz Bhatti Town",S-102,"Bulk Waste Collection",35.751,2H54M,174.41,31.566198000,74.424526000,still,off,"19/08/2026 10:43 AM","19/08/2026 11:00 AM",LWMC-AzBT,"Mini Dumper",2,Distance,5,1,-,-,-,-
1018,60881,19/08/2026,LWMC,"Tehsil Office, Aziz Bhatti Town",LR-1122,"Door To Door Collection",48.699,4H31M,271.41,31.587621000,74.410528000,moving,on,"19/08/2026 10:49 AM","19/08/2026 11:00 AM",LWMC-AzBT,"Loader Rickshaw",2,Distance,5,1,-,-,-,-
1019,60217,19/08/2026,LWMC,"Tehsil Office, Aziz Bhatti Town",LR-1960,"Door To Door Collection",37.409,3H42M,221.86,31.553102000,74.404278000,still,off,"19/08/2026 10:57 AM","19/08/2026 11:00 AM",LWMC-AzBT,"Loader Rickshaw",2,Distance,5,1,-,-,-,-
1020,60139,19/08/2026,LWMC,"Tehsil Office, Aziz Bhatti Town",LR-2892,"Door To Door Collection",29.847,8H10M,490.21,31.560199000,74.397484000,moving,on,"19/08/2026 10:35 AM","19/08/2026 11:00 AM",LWMC-AzBT,"Loader Rickshaw",2,Distance,5,1,-,-,-,-
1021,59642,19/08/2026,LWMC,"Tehsil Office, Aziz Bhatti Town",ND-36,"Bulk Waste Collection",-,0H0M,-,31.579397000,74.441362000,still,off,"19/08/2026 09:45 AM","19/08/2026 11:00 AM",LWMC-AzBT,"Dumper (15CM)",-,-,-,-,-,-,-,-
1022,59802,19/08/2026,LWMC,"Tehsil Office, Aziz Bhatti Town",S-92,"Bulk Waste Collection",19.626,7H49M,468.64,31.586271000,74.435058000,moving,on,"19/08/2026 10:58 AM","19/08/2026 11:00 AM",LWMC-AzBT,"Mini Dumper",2,Distance,5,1,-,-,-,-
1023,60720,19/08/2026,LWMC,"Tehsil Office, Aziz Bhatti Town",LR-0716,"Door To Door Collection",27.795,2H13M,132.55,31.582211000,74.376781000,moving,on,"19/08/2026 10:37 AM","19/08/2026 11:00 AM",LWMC-AzBT,"Loader Rickshaw",2,Distance,5,1,-,-,-,-
1024,59437,19/08/2026,LWMC,"Tehsil Office, Aziz Bhatti Town",LR-0290,"Door To Door Collection",11.782,5H38M,337.68,31.579759000,74.397227000,still,off,"19/08/2026 10:57 AM","19/08/2026 11:00 AM",LWMC-AzBT,"Loader Rickshaw",2,Distance,5,1,-,-,-,-
1025,60029,19/08/2026,LWMC,"Tehsil Office, Aziz Bhatti Town",LR-2472,"Door To Door Collection",41.954,2H32M,152.5,31.579437000,74.368753000,moving,on,"19/08/2026 11:00 AM","19/08/2026 11:00 AM",LWMC-AzBT,"Loader Rickshaw",2,Distance,5,1,-,-,-,-
1026,60014,19/08/2026,LWMC,"Tehsil Office, Aziz Bhatti Town",LR-1406,"Door To Door Collection",28.547,5H2M,302.33,31.608694000,74.392000000,moving,on,"19/08/2026 10:59 AM","19/08/2026 11:00 AM",LWMC-AzBT,"Loader Rickshaw",2,Distance,5,1,-,-,-,-
1027,60012,19/08/2026,LWMC,"Tehsil Office, Aziz Bhatti Town",LR-2386,"Door To Door Collection",-,0H0M,-,31.575128000,74.370552000,still,off,"19/08/2026 09:53 AM","19/08/2026 11:00 AM",LWMC-AzBT,"Loader Rickshaw",2,Distance,5,-,-,-,-,-
1028,60176,19/08/2026,LWMC,"Tehsil Office, Aziz Bhatti Town",LR-1647,"Door To Door Collection",21.011,2H23M,142.98,31.559453000,74.372928000,still,off,"19/08/2026 10:59 AM","19/08/2026 11:00 AM",LWMC-AzBT,"Loader Rickshaw",2,Distance,5,1,-,-,-,-
1029,59623,19/08/2026,LWMC,"Tehsil Office, Aziz Bhatti Town",MFL-88,"Bulk Waste Collection",19.903,6H43M,403.36,31.480437000,74.431534000,still,off,"19/08/2026 10:58 AM","19/08/2026 11:00 AM",LWMC-AzBT,Loader,3,Ignition,-,1,-,-,-,-
1030,59640,19/08/2026,LWMC,"Tehsil Office, Aziz Bhatti Town",LR-0742,"Door To Door Collection",18.323,1H24M,84.03,31.559118000,74.370951000,moving,on,"19/08/2026 10:18 AM","19/08/2026 11:00 AM",LWMC-AzBT,"Loader Rickshaw",2,Distance,5,-,-,-,-,-
1031,59699,19/08/2026,LWMC,"Tehsil Office, Aziz Bhatti Town",LR-0737,"Door To Door Collection",22.852,5H38M,338.48,31.578207000,74.368208000,moving,on,"19/08/2026 10:59 AM","19/08/2026 11:00 AM",LWMC-AzBT,"Loader Rickshaw",2,Distance,5,1,-,-,-,-
1032,59697,19/08/2026,LWMC,"Tehsil Office, Aziz Bhatti Town",LR-1967,"Door To Door Collection",15.601,3H26M,206.34,31.558595000,74.393609000,still,off,"19/08/2026 10:59 AM","19/08/2026 11:00 AM",LWMC-AzBT,"Loader Rickshaw",2,Distance,5,1,-,-,-,-
1033,60229,19/08/2026,LWMC,"Tehsil Office, Aziz Bhatti Town",LR-2895,"Door To Door Collection",38.493,4H0M,240.23,31.542662000,74.401298000,moving,on,"19/08/2026 10:51 AM","19/08/2026 11:00 AM",LWMC-AzBT,"Loader Rickshaw",2,Distance,5,1,-,-,-,-
1034,59399,19/08/2026,LWMC,"Tehsil Office, Aziz Bhatti Town",LR-1914,"Door To Door Collection",11.498,5H11M,310.88,31.580912000,74.403742000,still,off,"19/08/2026 10:57 AM","19/08/2026 11:00 AM",LWMC-AzBT,"Loader Rickshaw",2,Distance,5,1,-,-,-,-
1035,59503,19/08/2026,LWMC,"Tehsil Office, Aziz Bhatti Town",LR-2461,"Door To Door Collection",39.338,5H47M,347.31,31.580641000,74.413672000,still,off,"19/08/2026 10:58 AM","19/08/2026 11:00 AM",LWMC-AzBT,"Loader Rickshaw",2,Distance,5,1,-,-,-,-
1036,60243,19/08/2026,LWMC,"Tehsil Office, Aziz Bhatti Town",LR-1408,"Door To Door Collection",0.009,0H17M,17.46,31.574919000,74.370508000,still,off,"19/08/2026 09:44 AM","19/08/2026 11:00 AM",LWMC-AzBT,"Loader Rickshaw",2,Distance,5,-,-,-,-,-
1037,59279,19/08/2026,LWMC,"Tehsil Office, Aziz Bhatti Town",LR-1386,"Door To Door Collection",42.19,3H19M,198.91,31.546109000,74.402879000,moving,on,"19/08/2026 10:56 AM","19/08/2026 11:00 AM",LWMC-AzBT,"Loader Rickshaw",2,Distance,5,1,-,-,-,-
1038,59484,19/08/2026,LWMC,"Tehsil Office, Aziz Bhatti Town",LR-0738,"Door To Door Collection",22.413,5H45M,345.1,31.550842000,74.365117000,still,off,"19/08/2026 10:57 AM","19/08/2026 11:00 AM",LWMC-AzBT,"Loader Rickshaw",2,Distance,5,1,-,-,-,-
1039,60923,19/08/2026,LWMC,"Tehsil Office, Aziz Bhatti Town",LR-0743,"Door To Door Collection",18.339,4H47M,286.89,31.547461000,74.362418000,still,off,"19/08/2026 10:58 AM","19/08/2026 11:00 AM",LWMC-AzBT,"Loader Rickshaw",2,Distance,5,1,-,-,-,-
1040,59650,19/08/2026,LWMC,"Tehsil Office, Aziz Bhatti Town",WR-011,Washing,0.09,2H51M,171.05,31.575137000,74.370680000,still,off,"19/08/2026 10:55 AM","19/08/2026 11:03 AM",LWMC-AzBT,"Road Washer",2,Distance,5,-,-,-,-,-
1041,59671,19/08/2026,LWMC,"Tehsil Office, Aziz Bhatti Town",LR-1918,"Door To Door Collection",9.218,1H53M,113.2,31.582733000,74.396612000,moving,on,"19/08/2026 10:52 AM","19/08/2026 11:00 AM",LWMC-AzBT,"Loader Rickshaw",2,Distance,5,-,-,-,-,-
1042,59591,19/08/2026,LWMC,"Tehsil Office, Aziz Bhatti Town",LR-1956,"Door To Door Collection",17.495,10H29M,628.85,31.556899000,74.389134000,moving,on,"19/08/2026 10:45 AM","19/08/2026 11:00 AM",LWMC-AzBT,"Loader Rickshaw",2,Distance,5,1,-,-,-,-
1043,60170,19/08/2026,LWMC,"Tehsil Office, Aziz Bhatti Town",LR-0294,"Door To Door Collection",10.796,3H14M,193.98,31.582706000,74.396194000,moving,on,"19/08/2026 10:06 AM","19/08/2026 11:00 AM",LWMC-AzBT,"Loader Rickshaw",2,Distance,5,1,-,-,-,-
1044,60999,19/08/2026,LWMC,"Tehsil Office, Aziz Bhatti Town",LR-1398,"Door To Door Collection",29.029,5H1M,300.66,31.560311000,74.387277000,still,off,"19/08/2026 10:58 AM","19/08/2026 11:00 AM",LWMC-AzBT,"Loader Rickshaw",2,Distance,5,1,-,-,-,-
1045,59338,19/08/2026,LWMC,"Tehsil Office, Aziz Bhatti Town",LR-2586,"Door To Door Collection",17.939,0H60M,59.91,31.551908000,74.420147000,moving,on,"19/08/2026 11:00 AM","19/08/2026 11:00 AM",LWMC-AzBT,"Loader Rickshaw",2,Distance,5,-,-,-,-,-
1046,60197,19/08/2026,LWMC,"Tehsil Office, Aziz Bhatti Town",LR-2780,"Door To Door Collection",-,0H0M,-,31.575149000,74.370543000,still,off,"19/08/2026 09:46 AM","19/08/2026 11:00 AM",LWMC-AzBT,"Loader Rickshaw",2,Distance,5,-,-,-,-,-
1047,59502,19/08/2026,LWMC,"Tehsil Office, Aziz Bhatti Town",LR-0739,"Door To Door Collection",24.234,5H48M,348.44,31.559419000,74.372824000,still,off,"19/08/2026 10:58 AM","19/08/2026 11:00 AM",LWMC-AzBT,"Loader Rickshaw",2,Distance,5,1,-,-,-,-
1048,59460,19/08/2026,LWMC,"Tehsil Office, Aziz Bhatti Town",LR-0576,"Door To Door Collection",12.965,3H49M,229.18,31.558798000,74.370467000,moving,on,"19/08/2026 10:54 AM","19/08/2026 11:00 AM",LWMC-AzBT,"Loader Rickshaw",2,Distance,5,1,-,-,-,-
1049,-,19/08/2026,LWMC,"Tehsil Office, Aziz Bhatti Town",S-78,-,28.083,2H23M,142.98,31.573525000,74.323393000,moving,on,"19/08/2026 10:58 AM","19/08/2026 11:00 AM",LWMC-AzBT,-,-,-,-,-,-,-,-,-
1050,60291,19/08/2026,LWMC,"Tehsil Office, Aziz Bhatti Town",LR-1407,"Door To Door Collection",-,0H0M,-,31.575232000,74.370464000,still,off,"19/08/2026 09:46 AM","19/08/2026 11:00 AM",LWMC-AzBT,"Loader Rickshaw",2,Distance,5,-,-,-,-,-
1051,59511,19/08/2026,LWMC,"Tehsil Office, Aziz Bhatti Town",LR-1657,"Door To Door Collection",11.318,1H11M,71.18,31.559688000,74.377079000,moving,on,"19/08/2026 10:57 AM","19/08/2026 11:00 AM",LWMC-AzBT,"Loader Rickshaw",2,Distance,5,-,-,-,-,-
1052,60294,19/08/2026,LWMC,"Tehsil Office, Aziz Bhatti Town",LR-1394,"Door To Door Collection",31.779,3H7M,186.9,31.553378000,74.363914000,still,off,"19/08/2026 10:57 AM","19/08/2026 11:00 AM",LWMC-AzBT,"Loader Rickshaw",2,Distance,5,1,-,-,-,-
1053,59659,19/08/2026,LWMC,"Tehsil Office, Aziz Bhatti Town",WR-003,Washing,14.007,2H36M,156.44,31.547747000,74.360926000,still,off,"19/08/2026 10:51 AM","19/08/2026 11:00 AM",LWMC-AzBT,"Road Washer",2,Distance,5,1,-,-,-,-
1054,59661,19/08/2026,LWMC,"Tehsil Office, Aziz Bhatti Town",LR-1002,"Door To Door Collection",-,0H0M,-,31.575233000,74.370442000,still,off,"19/08/2026 09:37 AM","19/08/2026 11:00 AM",LWMC-AzBT,"Loader Rickshaw",2,Distance,5,-,-,-,-,-
1055,60201,19/08/2026,LWMC,"Tehsil Office, Aziz Bhatti Town",LR-1655,"Door To Door Collection",0.035,0H49M,49.48,31.575132000,74.370482000,still,off,"19/08/2026 09:34 AM","19/08/2026 11:00 AM",LWMC-AzBT,"Loader Rickshaw",2,Distance,5,-,-,-,-,-
1056,18433,19/08/2026,LWMC,"Tehsil Office, Aziz Bhatti Town",CA-111,"Container-Based Collection",109.622,5H22M,322.36,31.577021000,74.454262000,moving,on,"19/08/2026 10:58 AM","19/08/2026 11:00 AM",LWMC-AzBT,"Chain Arm Roll",3,Distance,10,1,-,-,-,-
1057,59641,19/08/2026,LWMC,"Tehsil Office, Aziz Bhatti Town",ND-22,"Bulk Waste Collection",-,0H0M,-,31.623566000,74.421522000,still,off,"19/08/2026 09:59 AM","19/08/2026 11:00 AM",LWMC-AzBT,"Dumper (15CM)",-,-,-,-,-,-,-,-
1058,61281,19/08/2026,LWMC,"Tehsil Office, Aziz Bhatti Town",LR-0293,"Door To Door Collection",10.799,2H12M,132.21,31.573944000,74.395744000,still,off,"19/08/2026 10:58 AM","19/08/2026 11:00 AM",LWMC-AzBT,"Loader Rickshaw",2,Distance,5,1,-,-,-,-
1059,18432,19/08/2026,LWMC,"Tehsil Office, Aziz Bhatti Town",CA-144,"Container-Based Collection",129.494,6H30M,390.25,31.588868000,74.422379000,moving,on,"19/08/2026 10:58 AM","19/08/2026 11:00 AM",LWMC-AzBT,"Chain Arm Roll",3,Distance,10,1,-,-,-,-
1060,59314,19/08/2026,LWMC,"Tehsil Office, Aziz Bhatti Town",LR-2891,"Door To Door Collection",31.252,3H0M,180.06,31.577438000,74.393260000,moving,on,"19/08/2026 10:56 AM","19/08/2026 11:00 AM",LWMC-AzBT,"Loader Rickshaw",2,Distance,5,1,-,-,-,-
1061,60887,19/08/2026,LWMC,"Tehsil Office, Aziz Bhatti Town",LR-1115,"Door To Door Collection",21.263,1H37M,96.81,31.603418000,74.400247000,moving,on,"19/08/2026 10:55 AM","19/08/2026 11:00 AM",LWMC-AzBT,"Loader Rickshaw",2,Distance,5,-,-,-,-,-
1062,59509,19/08/2026,LWMC,"Tehsil Office, Aziz Bhatti Town",LR-1968,"Door To Door Collection",18.219,3H21M,201.09,31.547887000,74.401322000,still,off,"19/08/2026 10:58 AM","19/08/2026 11:00 AM",LWMC-AzBT,"Loader Rickshaw",2,Distance,5,1,-,-,-,-
1063,59417,19/08/2026,LWMC,"Tehsil Office, Aziz Bhatti Town",LR-1392,"Door To Door Collection",37.817,3H57M,236.98,31.579353000,74.395376000,moving,on,"19/08/2026 10:59 AM","19/08/2026 11:00 AM",LWMC-AzBT,"Loader Rickshaw",2,Distance,5,1,-,-,-,-
1064,60910,19/08/2026,LWMC,"Tehsil Office, Aziz Bhatti Town",LR-0295,"Door To Door Collection",0.008,5H8M,308.28,31.575135000,74.370570000,still,off,"19/08/2026 10:57 AM","19/08/2026 11:00 AM",LWMC-AzBT,"Loader Rickshaw",2,Distance,5,-,-,-,-,-
1065,60148,19/08/2026,LWMC,"Tehsil Office, Aziz Bhatti Town",LR-0297,"Door To Door Collection",59.912,5H51M,351.01,31.565656000,74.398503000,moving,on,"19/08/2026 10:59 AM","19/08/2026 11:00 AM",LWMC-AzBT,"Loader Rickshaw",2,Distance,5,1,-,-,-,-
1066,59615,19/08/2026,LWMC,"Tehsil Office, Aziz Bhatti Town",MFL-33,"Bulk Waste Collection",-,0H0M,-,31.579114000,74.441596000,still,off,"19/08/2026 09:34 AM","19/08/2026 11:00 AM",LWMC-AzBT,Loader,3,Ignition,-,-,-,-,-,-
1067,59402,19/08/2026,LWMC,"Tehsil Office, Aziz Bhatti Town",LR-0298,"Door To Door Collection",46.132,3H11M,190.9,31.600191000,74.401383000,moving,on,"19/08/2026 10:58 AM","19/08/2026 11:00 AM",LWMC-AzBT,"Loader Rickshaw",2,Distance,5,1,-,-,-,-
1068,60711,19/08/2026,LWMC,"Tehsil Office, Nishter Town",LR-2836,"Door To Door Collection",20.755,2H22M,142.4,31.407760000,74.349801000,moving,on,"19/08/2026 10:51 AM","19/08/2026 11:00 AM",LWMC-NiTo,"Loader Rickshaw",2,Distance,5,1,-,-,-,-
1069,-,19/08/2026,LWMC,"Tehsil Office, Nishter Town",LR-909,-,20.049,0H56M,56.06,31.388628000,74.344992000,still,off,"19/08/2026 10:33 AM","19/08/2026 11:00 AM",LWMC-NiTo,-,-,-,-,-,-,-,-,-
1070,60819,19/08/2026,LWMC,"Tehsil Office, Nishter Town",LR-3038,"Door To Door Collection",-,0H0M,-,31.367681000,74.365025000,still,off,"19/08/2026 09:47 AM","19/08/2026 11:00 AM",LWMC-NiTo,"Loader Rickshaw",2,Distance,5,-,-,-,-,-
1071,61037,19/08/2026,LWMC,"Tehsil Office, Nishter Town",LR-2216,"Door To Door Collection",29.103,1H43M,102.71,31.301791000,74.377246000,moving,on,"19/08/2026 10:07 AM","19/08/2026 11:00 AM",LWMC-NiTo,"Loader Rickshaw",2,Distance,5,-,-,-,-,-
1072,60801,19/08/2026,LWMC,"Tehsil Office, Nishter Town",LR-0792,"Door To Door Collection",7.208,1H21M,80.93,31.388647000,74.344774000,still,off,"19/08/2026 10:07 AM","19/08/2026 11:00 AM",LWMC-NiTo,"Loader Rickshaw",2,Distance,5,-,-,-,-,-
1073,60476,19/08/2026,LWMC,"Tehsil Office, Nishter Town",LR-0418,"Door To Door Collection",20.665,1H11M,71.31,31.388659000,74.344803000,still,off,"19/08/2026 10:46 AM","19/08/2026 11:00 AM",LWMC-NiTo,"Loader Rickshaw",2,Distance,5,-,-,-,-,-
1074,61999,19/08/2026,LWMC,"Tehsil Office, Nishter Town",LR-1753,"Door To Door Collection",13.097,2H21M,140.96,31.367915000,74.364989000,still,off,"19/08/2026 10:57 AM","19/08/2026 11:00 AM",LWMC-NiTo,"Loader Rickshaw",2,Distance,5,1,-,-,-,-
1075,18645,19/08/2026,LWMC,"Tehsil Office, Nishter Town",C-083,"Container-Based Collection",-,0H0M,-,31.478559000,74.343907000,still,off,"19/08/2026 09:58 AM","19/08/2026 11:00 AM",LWMC-NiTo,"Compactor (25CM)",3,Distance,10,-,-,-,-,-
1076,60477,19/08/2026,LWMC,"Tehsil Office, Nishter Town",LR-1352,"Door To Door Collection",12.21,3H4M,184.33,31.452596000,74.441864000,moving,on,"19/08/2026 10:45 AM","19/08/2026 11:00 AM",LWMC-NiTo,"Loader Rickshaw",2,Distance,5,1,-,-,-,-
1077,-,19/08/2026,LWMC,"Tehsil Office, Nishter Town",LR-3023,-,38.218,3H23M,203.26,31.418015000,74.246703000,moving,on,"19/08/2026 10:46 AM","19/08/2026 11:00 AM",LWMC-NiTo,-,-,-,-,-,-,-,-,-
1078,61049,19/08/2026,LWMC,"Tehsil Office, Nishter Town",LR-3045,"Door To Door Collection",13.964,1H50M,110.31,31.354462000,74.372468000,moving,on,"19/08/2026 10:53 AM","19/08/2026 11:00 AM",LWMC-NiTo,"Loader Rickshaw",2,Distance,5,-,-,-,-,-
1079,60279,19/08/2026,LWMC,"Tehsil Office, Nishter Town",MFT-07,"Bulk Waste Collection",25.291,3H0M,180.11,31.434593000,74.374293000,moving,on,"19/08/2026 10:37 AM","19/08/2026 11:00 AM",LWMC-NiTo,"Tractor Trolley",2,Distance,10,1,-,-,-,-
1080,60464,19/08/2026,LWMC,"Tehsil Office, Nishter Town",LR-2728,"Door To Door Collection",32.342,4H41M,281.21,31.421947000,74.444684000,moving,on,"19/08/2026 10:57 AM","19/08/2026 11:00 AM",LWMC-NiTo,"Loader Rickshaw",2,Distance,5,1,-,-,-,-
1081,61029,19/08/2026,LWMC,"Tehsil Office, Nishter Town",LR-0787,"Door To Door Collection",0.028,0H0M,0.08,31.368013000,74.365308000,still,off,"19/08/2026 05:13 AM","19/08/2026 06:00 AM",LWMC-NiTo,"Loader Rickshaw",2,Distance,5,-,-,-,-,-
1082,18586,19/08/2026,LWMC,"Tehsil Office, Nishter Town",C13-1084,"Container-Based Collection",-,0H0M,-,31.442534000,74.348837000,still,off,"19/08/2026 09:54 AM","19/08/2026 11:00 AM",LWMC-NiTo,"Compactor (13CM)",3,Distance,10,-,-,-,-,-
1083,60480,19/08/2026,LWMC,"Tehsil Office, Nishter Town",LR-2403,"Door To Door Collection",11.302,2H47M,166.56,31.443768000,74.472601000,still,off,"19/08/2026 10:58 AM","19/08/2026 11:00 AM",LWMC-NiTo,"Loader Rickshaw",2,Distance,5,1,-,-,-,-
1084,60436,19/08/2026,LWMC,"Tehsil Office, Nishter Town",LR-2859,"Door To Door Collection",36.322,4H34M,274.33,31.321062000,74.391292000,still,off,"19/08/2026 10:50 AM","19/08/2026 11:00 AM",LWMC-NiTo,"Loader Rickshaw",2,Distance,5,1,-,-,-,-
1085,19878,19/08/2026,LWMC,"Tehsil Office, Nishter Town",S-8,"Bulk Waste Collection",55.17,3H23M,202.73,31.388766000,74.344241000,moving,on,"19/08/2026 10:56 AM","19/08/2026 11:00 AM",LWMC-NiTo,"Mini Dumper",2,Distance,5,1,-,-,-,-
1086,60301,19/08/2026,LWMC,"Tehsil Office, Nishter Town",LR-0415,"Door To Door Collection",31.473,4H8M,248.08,31.421832000,74.441360000,still,off,"19/08/2026 09:33 AM","19/08/2026 11:00 AM",LWMC-NiTo,"Loader Rickshaw",2,Distance,5,1,-,-,-,-
1087,60581,19/08/2026,LWMC,"Tehsil Office, Nishter Town",LR-2405,"Door To Door Collection",12.693,1H8M,68.25,31.391899000,74.476643000,moving,on,"19/08/2026 10:53 AM","19/08/2026 11:00 AM",LWMC-NiTo,"Loader Rickshaw",2,Distance,5,-,-,-,-,-
1088,61343,19/08/2026,LWMC,"Tehsil Office, Nishter Town",LR-2844,"Door To Door Collection",11.53,1H12M,71.7,31.354487000,74.396739000,still,off,"19/08/2026 10:47 AM","19/08/2026 11:00 AM",LWMC-NiTo,"Loader Rickshaw",2,Distance,5,-,-,-,-,-
1089,61015,19/08/2026,LWMC,"Tehsil Office, Nishter Town",LR-2853,"Door To Door Collection",13.7,3H56M,235.69,31.388611000,74.344982000,still,off,"19/08/2026 10:58 AM","19/08/2026 11:00 AM",LWMC-NiTo,"Loader Rickshaw",2,Distance,5,1,-,-,-,-
1090,23143,19/08/2026,LWMC,"Tehsil Office, Nishter Town",WR-17,"Door To Door Collection",12.562,1H57M,117.41,31.448986000,74.311128000,moving,on,"19/08/2026 10:08 AM","19/08/2026 11:00 AM",LWMC-NiTo,"Loader Rickshaw",2,Distance,5,-,-,-,-,-
1091,61762,19/08/2026,LWMC,"Tehsil Office, Nishter Town",LR-2714,"Door To Door Collection",20.667,3H6M,186.06,31.430642000,74.323835000,still,off,"19/08/2026 10:28 AM","19/08/2026 11:00 AM",LWMC-NiTo,"Loader Rickshaw",2,Distance,5,-,-,-,-,-
1092,60478,19/08/2026,LWMC,"Tehsil Office, Nishter Town",LR-2218,"Door To Door Collection",11.805,0H55M,55.23,31.463008000,74.440699000,still,off,"19/08/2026 10:57 AM","19/08/2026 11:00 AM",LWMC-NiTo,"Loader Rickshaw",2,Distance,5,-,-,-,-,-
1093,60292,19/08/2026,LWMC,"Tehsil Office, Nishter Town",LR-0414,"Door To Door Collection",20.953,0H54M,54.41,31.388331000,74.347305000,moving,on,"19/08/2026 10:59 AM","19/08/2026 11:00 AM",LWMC-NiTo,"Loader Rickshaw",2,Distance,5,-,-,-,-,-
1094,60473,19/08/2026,LWMC,"Tehsil Office, Nishter Town",LR-2399,"Door To Door Collection",8.063,0H39M,38.89,31.458376000,74.442772000,moving,on,"19/08/2026 10:50 AM","19/08/2026 11:00 AM",LWMC-NiTo,"Loader Rickshaw",2,Distance,5,-,-,-,-,-
1095,-,19/08/2026,LWMC,"Tehsil Office, Nishter Town",S-392,-,62.326,3H7M,187.05,31.269819000,74.316559000,still,off,"19/08/2026 10:57 AM","19/08/2026 11:00 AM",LWMC-NiTo,-,-,-,-,-,-,-,-,-
1096,-,19/08/2026,LWMC,"Tehsil Office, Nishter Town",LR-412,-,32.163,1H37M,97.23,31.419293000,74.435883000,still,off,"19/08/2026 10:57 AM","19/08/2026 11:00 AM",LWMC-NiTo,-,-,-,-,-,-,-,-,-
1097,61333,19/08/2026,LWMC,"Tehsil Office, Nishter Town",LR-3033,"Door To Door Collection",29.182,2H5M,125.21,31.392104000,74.357427000,moving,on,"19/08/2026 10:58 AM","19/08/2026 11:00 AM",LWMC-NiTo,"Loader Rickshaw",2,Distance,5,1,-,-,-,-
1098,60534,19/08/2026,LWMC,"Tehsil Office, Nishter Town",LR-0321,"Door To Door Collection",10.385,1H17M,77.31,31.365515000,74.374970000,moving,on,"19/08/2026 10:59 AM","19/08/2026 11:00 AM",LWMC-NiTo,"Loader Rickshaw",2,Distance,5,-,-,-,-,-
1099,19851,19/08/2026,LWMC,"Tehsil Office, Nishter Town",M-135,"Bulk Waste Collection",66.935,2H53M,173.48,31.309714000,74.396483000,moving,on,"19/08/2026 10:36 AM","19/08/2026 11:00 AM",LWMC-NiTo,"Mini Dumper",2,Distance,5,1,-,-,-,-
1100,19244,19/08/2026,LWMC,"Tehsil Office, Nishter Town",MFL-65,"Bulk Waste Collection",12.088,1H57M,116.7,31.448108000,74.342967000,moving,on,"19/08/2026 10:30 AM","19/08/2026 11:00 AM",LWMC-NiTo,"Tractor Loader",3,Ignition,-,-,-,-,-,-
1101,-,19/08/2026,LWMC,"Tehsil Office, Nishter Town",LR-0323,-,30.884,2H31M,151.31,31.430153000,74.304693000,moving,on,"19/08/2026 10:38 AM","19/08/2026 11:00 AM",LWMC-NiTo,-,-,-,-,-,-,-,-,-
1102,60541,19/08/2026,LWMC,"Tehsil Office, Nishter Town",LR-3014,"Door To Door Collection",20.671,1H35M,94.79,31.388283000,74.347673000,moving,on,"19/08/2026 10:59 AM","19/08/2026 11:00 AM",LWMC-NiTo,"Loader Rickshaw",2,Distance,5,-,-,-,-,-
1103,62008,19/08/2026,LWMC,"Tehsil Office, Nishter Town",LR-2285,"Door To Door Collection",15.522,5H22M,322.39,31.445732000,74.303082000,moving,on,"19/08/2026 10:53 AM","19/08/2026 11:00 AM",LWMC-NiTo,"Loader Rickshaw",2,Distance,5,1,-,-,-,-
1104,60683,19/08/2026,LWMC,"Tehsil Office, Nishter Town",LR-1875,"Door To Door Collection",12.435,5H58M,358.23,31.462753000,74.345122000,still,off,"19/08/2026 10:57 AM","19/08/2026 11:00 AM",LWMC-NiTo,"Loader Rickshaw",2,Distance,5,1,-,-,-,-
1105,61980,19/08/2026,LWMC,"Tehsil Office, Nishter Town",LR-2732,"Door To Door Collection",13.402,1H54M,113.91,31.359090000,74.526670000,moving,on,"19/08/2026 10:16 AM","19/08/2026 10:30 AM",LWMC-NiTo,"Loader Rickshaw",2,Distance,5,-,-,-,-,-
1106,60542,19/08/2026,LWMC,"Tehsil Office, Nishter Town",LR-2217,"Door To Door Collection",15.718,3H6M,186.48,31.458482000,74.430780000,still,off,"19/08/2026 11:00 AM","19/08/2026 11:00 AM",LWMC-NiTo,"Loader Rickshaw",2,Distance,5,1,-,-,-,-
1107,60472,19/08/2026,LWMC,"Tehsil Office, Nishter Town",LR-1368,"Door To Door Collection",12.666,4H57M,297.1,31.442808000,74.473238000,still,off,"19/08/2026 10:57 AM","19/08/2026 11:00 AM",LWMC-NiTo,"Loader Rickshaw",2,Distance,5,1,-,-,-,-
1108,18595,19/08/2026,LWMC,"Tehsil Office, Nishter Town",C13-1098,"Container-Based Collection",49.653,4H47M,286.78,31.449759000,74.348956000,moving,on,"19/08/2026 10:39 AM","19/08/2026 11:00 AM",LWMC-NiTo,"Compactor (13CM)",3,Distance,10,1,-,-,-,-
1109,19898,19/08/2026,LWMC,"Tehsil Office, Nishter Town",S-58,"Bulk Waste Collection",67.354,3H54M,234.25,31.478636000,74.343962000,still,off,"19/08/2026 10:52 AM","19/08/2026 11:00 AM",LWMC-NiTo,"Mini Dumper",2,Distance,5,1,-,-,-,-
1110,-,19/08/2026,LWMC,"Tehsil Office, Nishter Town",LR-410,-,42.268,2H24M,143.56,31.421948000,74.441615000,still,off,"19/08/2026 10:59 AM","19/08/2026 11:00 AM",LWMC-NiTo,-,-,-,-,-,-,-,-,-
1111,60384,19/08/2026,LWMC,"Tehsil Office, Nishter Town",M-61,"Bulk Waste Collection",24.384,1H42M,101.66,31.364953000,74.373521000,moving,on,"19/08/2026 10:41 AM","19/08/2026 11:00 AM",LWMC-NiTo,"Dumper (5CM)",3,Distance,10,-,-,-,-,-
1112,-,19/08/2026,LWMC,"Tehsil Office, Nishter Town",LR-2278,-,20.517,2H17M,137.01,31.438521000,74.362102000,moving,on,"19/08/2026 10:36 AM","19/08/2026 11:00 AM",LWMC-NiTo,-,-,-,-,-,-,-,-,-
1113,61347,19/08/2026,LWMC,"Tehsil Office, Nishter Town",LR-2350,"Door To Door Collection",-,0H0M,-,31.449126000,74.390933000,still,off,"19/08/2026 09:38 AM","19/08/2026 11:00 AM",LWMC-NiTo,"Loader Rickshaw",2,Distance,5,-,-,-,-,-
1114,59818,19/08/2026,LWMC,"Tehsil Office, Nishter Town",MFT-12,"Bulk Waste Collection",16.876,1H35M,95.26,31.390514000,74.315643000,moving,on,"19/08/2026 10:38 AM","19/08/2026 11:00 AM",LWMC-NiTo,"Tractor Trolley",2,Distance,10,-,-,-,-,-
1115,61272,19/08/2026,LWMC,"Tehsil Office, Nishter Town",LR-1879,"Door To Door Collection",12.901,1H15M,74.53,31.461706000,74.348464000,moving,on,"19/08/2026 10:37 AM","19/08/2026 11:00 AM",LWMC-NiTo,"Loader Rickshaw",2,Distance,5,-,-,-,-,-
1116,-,19/08/2026,LWMC,"Tehsil Office, Nishter Town",LR-0872,-,0.101,0H0M,0.33,31.455252000,74.334508000,still,off,"19/08/2026 09:10 AM","19/08/2026 11:00 AM",LWMC-NiTo,-,-,-,-,-,-,-,-,-
1117,18469,19/08/2026,LWMC,"Tehsil Office, Nishter Town",C05-288,"Container-Based Collection",125.624,6H23M,383.46,31.388499000,74.345876000,moving,on,"19/08/2026 10:57 AM","19/08/2026 11:00 AM",LWMC-NiTo,"Chain Arm Roll",3,Distance,10,1,-,-,-,-
1118,20291,19/08/2026,LWMC,"Tehsil Office, Nishter Town",WV-06,Washing,62.795,2H43M,163.15,31.449262000,74.311048000,moving,on,"19/08/2026 10:27 AM","19/08/2026 11:00 AM",LWMC-NiTo,"Water Bowzer",2,Distance,5,1,-,-,-,-
1119,61305,19/08/2026,LWMC,"Tehsil Office, Nishter Town",LR-2715,"Door To Door Collection",18.848,4H10M,249.98,31.422616000,74.372661000,still,off,"19/08/2026 10:58 AM","19/08/2026 11:00 AM",LWMC-NiTo,"Loader Rickshaw",2,Distance,5,1,-,-,-,-
1120,19247,19/08/2026,LWMC,"Tehsil Office, Nishter Town",L-12,"Bulk Waste Collection",2.041,4H36M,276.39,31.421109000,74.329347000,still,off,"19/08/2026 10:58 AM","19/08/2026 11:00 AM",LWMC-NiTo,Loader,3,Ignition,-,1,-,-,-,-
1121,60546,19/08/2026,LWMC,"Tehsil Office, Nishter Town",LR-2219,"Door To Door Collection",10.567,3H41M,221.13,31.461003000,74.442452000,still,off,"19/08/2026 10:56 AM","19/08/2026 11:00 AM",LWMC-NiTo,"Loader Rickshaw",2,Distance,5,1,-,-,-,-
1122,60512,19/08/2026,LWMC,"Tehsil Office, Nishter Town",LR-2723,"Door To Door Collection",4.076,6H3M,363.48,31.450427000,74.452981000,moving,on,"19/08/2026 10:57 AM","19/08/2026 11:00 AM",LWMC-NiTo,"Loader Rickshaw",2,Distance,5,-,-,-,-,-
1123,-,19/08/2026,LWMC,"Tehsil Office, Nishter Town",LR-2856,-,24.149,2H29M,148.55,31.237910000,74.221021000,moving,on,"19/08/2026 10:38 AM","19/08/2026 11:00 AM",LWMC-NiTo,-,-,-,-,-,-,-,-,-
1124,19892,19/08/2026,LWMC,"Tehsil Office, Nishter Town",S-348,"Bulk Waste Collection",53.377,2H42M,161.8,31.437553000,74.302591000,moving,on,"19/08/2026 10:57 AM","19/08/2026 11:00 AM",LWMC-NiTo,"Mini Dumper",2,Distance,5,1,-,-,-,-
1125,60283,19/08/2026,LWMC,"Tehsil Office, Nishter Town",LR-2727,"Door To Door Collection",35.696,3H17M,196.91,31.422657000,74.480825000,still,off,"19/08/2026 09:56 AM","19/08/2026 11:00 AM",LWMC-NiTo,"Loader Rickshaw",2,Distance,5,1,-,-,-,-
1126,18465,19/08/2026,LWMC,"Tehsil Office, Nishter Town",CA-165,"Container-Based Collection",112.754,5H44M,343.86,31.388749000,74.344264000,still,off,"19/08/2026 10:31 AM","19/08/2026 11:00 AM",LWMC-NiTo,"Chain Arm Roll",3,Distance,10,1,-,-,-,-
1127,61025,19/08/2026,LWMC,"Tehsil Office, Nishter Town",C13-1093,"Bulk Waste Collection",30.79,1H26M,85.79,31.448271000,74.305751000,still,off,"19/08/2026 10:58 AM","19/08/2026 11:00 AM",LWMC-NiTo,"Compactor (13CM)",3,Distance,10,-,-,-,-,-
1128,60592,19/08/2026,LWMC,"Tehsil Office, Nishter Town",LR-2401,"Door To Door Collection",13.998,4H4M,244.01,31.361012000,74.523850000,still,off,"19/08/2026 10:58 AM","19/08/2026 11:00 AM",LWMC-NiTo,"Loader Rickshaw",2,Distance,5,1,-,-,-,-
1129,60891,19/08/2026,LWMC,"Tehsil Office, Nishter Town",D-09,"Bulk Waste Collection",36.764,4H12M,251.91,31.429827000,74.322095000,moving,on,"19/08/2026 10:57 AM","19/08/2026 11:00 AM",LWMC-NiTo,"Dumper (10CM)",3,Ignition,-,1,-,-,-,-
1130,61009,19/08/2026,LWMC,"Tehsil Office, Nishter Town",LR-0866,"Door To Door Collection",14.768,2H1M,121.33,31.350263000,74.372522000,moving,on,"19/08/2026 10:43 AM","19/08/2026 11:00 AM",LWMC-NiTo,"Loader Rickshaw",2,Distance,5,1,-,-,-,-
1131,-,19/08/2026,LWMC,"Tehsil Office, Nishter Town",LR-913,-,26.759,1H23M,83.2,31.414579000,74.436445000,moving,on,"19/08/2026 10:12 AM","19/08/2026 11:00 AM",LWMC-NiTo,-,-,-,-,-,-,-,-,-
1132,59847,19/08/2026,LWMC,"Tehsil Office, Nishter Town",L-10,"Landfill Site Fleet",-,6H40M,400,31.449510000,74.311260000,still,off,"19/08/2026 10:45 AM","19/08/2026 11:00 AM",LWMC-NiTo,Loader,3,Ignition,-,1,-,-,-,-
1133,60756,19/08/2026,LWMC,"Tehsil Office, Nishter Town",ISA-286,"Bulk Waste Collection",102.606,5H55M,355.23,31.448900000,74.311464000,still,off,"19/08/2026 10:52 AM","19/08/2026 11:00 AM",LWMC-NiTo,"Arm Roll Truck",3,Distance,10,1,-,-,-,-
1134,-,19/08/2026,LWMC,"Tehsil Office, Nishter Town",LR-2687,-,31.536,1H52M,111.9,31.443566000,74.303484000,still,off,"19/08/2026 10:57 AM","19/08/2026 11:00 AM",LWMC-NiTo,-,-,-,-,-,-,-,-,-
1135,60034,19/08/2026,LWMC,"Tehsil Office, Nishter Town",LR-3020,"Door To Door Collection",21.809,2H20M,139.51,31.374983000,74.353790000,moving,on,"19/08/2026 10:58 AM","19/08/2026 11:00 AM",LWMC-NiTo,"Loader Rickshaw",2,Distance,5,1,-,-,-,-
1136,61418,19/08/2026,LWMC,"Tehsil Office, Nishter Town",LR-2855,"Door To Door Collection",0.017,0H0M,0.05,31.367989000,74.364692000,still,off,"19/08/2026 09:41 AM","19/08/2026 11:00 AM",LWMC-NiTo,"Loader Rickshaw",2,Distance,5,-,-,-,-,-
1137,-,19/08/2026,LWMC,"Tehsil Office, Nishter Town",LR-2699,-,22.74,5H35M,335.03,31.433179000,74.303684000,still,off,"19/08/2026 10:58 AM","19/08/2026 11:00 AM",LWMC-NiTo,-,-,-,-,-,-,-,-,-
1138,60137,19/08/2026,LWMC,"Tehsil Office, Nishter Town",WR-0033,Washing,14.354,1H27M,87.28,31.439458000,74.356891000,still,off,"19/08/2026 10:57 AM","19/08/2026 11:00 AM",LWMC-NiTo,"Rickshaw Washer",2,Distance,5,-,-,-,-,-
1139,60498,19/08/2026,LWMC,"Tehsil Office, Nishter Town",LR-2733,"Door To Door Collection",8.227,3H26M,205.96,31.454695000,74.443440000,still,off,"19/08/2026 10:57 AM","19/08/2026 11:00 AM",LWMC-NiTo,"Loader Rickshaw",2,Distance,5,1,-,-,-,-
1140,60553,19/08/2026,LWMC,"Tehsil Office, Nishter Town",LR-2400,"Door To Door Collection",17.962,2H6M,125.96,31.374871000,74.486450000,moving,on,"19/08/2026 10:37 AM","19/08/2026 11:00 AM",LWMC-NiTo,"Loader Rickshaw",2,Distance,5,1,-,-,-,-
1141,60852,19/08/2026,LWMC,"Tehsil Office, Nishter Town",LR-2862,"Door To Door Collection",16.245,5H46M,346.05,31.411664000,74.370990000,still,off,"19/08/2026 10:57 AM","19/08/2026 11:00 AM",LWMC-NiTo,"Loader Rickshaw",2,Distance,5,1,-,-,-,-
1142,19852,19/08/2026,LWMC,"Tehsil Office, Nishter Town",M-109,"Bulk Waste Collection",8.171,0H56M,56.5,31.478449000,74.343980000,still,off,"19/08/2026 09:56 AM","19/08/2026 11:00 AM",LWMC-NiTo,"Mini Dumper",2,Distance,5,-,-,-,-,-
1143,18466,19/08/2026,LWMC,"Tehsil Office, Nishter Town",CA-84,"Container-Based Collection",0.004,0H0M,0.46,31.478461000,74.343970000,still,off,"19/08/2026 08:56 AM","19/08/2026 10:00 AM",LWMC-NiTo,"Chain Arm Roll",3,Distance,10,-,-,-,-,-
1144,61379,19/08/2026,LWMC,"Tehsil Office, Nishter Town",LR-0179,"Door To Door Collection",12.815,0H57M,57.25,31.443588000,74.375831000,moving,on,"19/08/2026 10:57 AM","19/08/2026 11:00 AM",LWMC-NiTo,"Loader Rickshaw",2,Distance,5,-,-,-,-,-
1145,61183,19/08/2026,LWMC,"Tehsil Office, Nishter Town",LR-1355,"Door To Door Collection",13.433,0H39M,38.78,31.301462000,74.377093000,still,off,"19/08/2026 10:57 AM","19/08/2026 11:00 AM",LWMC-NiTo,"Loader Rickshaw",2,Distance,5,-,-,-,-,-
1146,-,19/08/2026,LWMC,"Tehsil Office, Nishter Town",S-371,-,52.718,3H19M,199.21,31.335993000,74.253257000,still,off,"19/08/2026 10:58 AM","19/08/2026 11:00 AM",LWMC-NiTo,-,-,-,-,-,-,-,-,-
1147,60277,19/08/2026,LWMC,"Tehsil Office, Nishter Town",LR-3015,"Door To Door Collection",21.406,3H1M,181.26,31.388617000,74.344991000,moving,on,"19/08/2026 10:49 AM","19/08/2026 11:00 AM",LWMC-NiTo,"Loader Rickshaw",2,Distance,5,1,-,-,-,-
1148,60597,19/08/2026,LWMC,"Tehsil Office, Nishter Town",LR-2398,"Door To Door Collection",13.719,2H49M,169.44,31.360997000,74.523822000,moving,on,"19/08/2026 10:18 AM","19/08/2026 11:00 AM",LWMC-NiTo,"Loader Rickshaw",2,Distance,5,1,-,-,-,-
1149,61006,19/08/2026,LWMC,"Tehsil Office, Nishter Town",LR-791,"Door To Door Collection",19.863,1H7M,67.36,31.367778000,74.365081000,moving,on,"19/08/2026 09:53 AM","19/08/2026 11:00 AM",LWMC-NiTo,"Loader Rickshaw",2,Distance,5,-,-,-,-,-
1150,19873,19/08/2026,LWMC,"Tehsil Office, Nishter Town",M-104,"Bulk Waste Collection",21.114,4H2M,241.56,31.438757000,74.359654000,moving,on,"19/08/2026 10:58 AM","19/08/2026 11:00 AM",LWMC-NiTo,"Mini Dumper",2,Distance,5,1,-,-,-,-
1151,19870,19/08/2026,LWMC,"Tehsil Office, Nishter Town",M-79,"Bulk Waste Collection",39.869,2H7M,126.58,31.281613000,74.359871000,still,off,"19/08/2026 10:57 AM","19/08/2026 11:00 AM",LWMC-NiTo,"Mini Dumper",2,Distance,5,1,-,-,-,-
1152,-,19/08/2026,LWMC,"Tehsil Office, Nishter Town",LR-0106,-,26.943,2H33M,152.9,31.388618000,74.344925000,moving,on,"19/08/2026 10:24 AM","19/08/2026 11:00 AM",LWMC-NiTo,-,-,-,-,-,-,-,-,-
1153,-,19/08/2026,LWMC,"Tehsil Office, Nishter Town",LR-910,-,-,0H0M,-,31.427831000,74.478125000,still,off,"19/08/2026 09:51 AM","19/08/2026 11:00 AM",LWMC-NiTo,-,-,-,-,-,-,-,-,-
1154,60556,19/08/2026,LWMC,"Tehsil Office, Nishter Town",LR-2406,"Door To Door Collection",11.761,2H38M,158.05,31.374886000,74.486359000,still,off,"19/08/2026 10:58 AM","19/08/2026 11:00 AM",LWMC-NiTo,"Loader Rickshaw",2,Distance,5,1,-,-,-,-
1155,61369,19/08/2026,LWMC,"Tehsil Office, Nishter Town",LR-2691,"Door To Door Collection",14.039,5H5M,304.73,31.452943000,74.345755000,still,off,"19/08/2026 10:58 AM","19/08/2026 11:00 AM",LWMC-NiTo,"Loader Rickshaw",2,Distance,5,1,-,-,-,-
1156,18677,19/08/2026,LWMC,"Tehsil Office, Nishter Town",C-726,"Container-Based Collection",55.569,4H27M,267.16,31.442193000,74.346971000,moving,on,"19/08/2026 10:59 AM","19/08/2026 11:00 AM",LWMC-NiTo,"Compactor (7CM)",3,Distance,10,1,-,-,-,-
1157,-,19/08/2026,LWMC,"Tehsil Office, Nishter Town",LR-1754,-,6.853,0H21M,20.58,31.437736000,74.374103000,still,off,"19/08/2026 09:50 AM","19/08/2026 11:00 AM",LWMC-NiTo,-,-,-,-,-,-,-,-,-
1158,60575,19/08/2026,LWMC,"Tehsil Office, Nishter Town",LR-2220,"Door To Door Collection",26.256,2H15M,135.3,31.361792000,74.411593000,moving,on,"19/08/2026 10:58 AM","19/08/2026 11:00 AM",LWMC-NiTo,"Loader Rickshaw",2,Distance,5,1,-,-,-,-
1159,19854,19/08/2026,LWMC,"Tehsil Office, Nishter Town",S-48,"Bulk Waste Collection",49.371,2H58M,178.05,31.435828000,74.314071000,moving,on,"19/08/2026 10:59 AM","19/08/2026 11:00 AM",LWMC-NiTo,"Mini Dumper",2,Distance,5,1,-,-,-,-
1160,60126,19/08/2026,LWMC,"Tehsil Office, Nishter Town",LR-0912,"Door To Door Collection",26.114,2H21M,140.76,31.391511000,74.411844000,moving,on,"19/08/2026 10:37 AM","19/08/2026 11:00 AM",LWMC-NiTo,"Loader Rickshaw",2,Distance,5,1,-,-,-,-
1161,18675,19/08/2026,LWMC,"Tehsil Office, Nishter Town",C-736,"Container-Based Collection",99.261,5H22M,322.5,31.406221000,74.348520000,still,off,"19/08/2026 10:58 AM","19/08/2026 11:00 AM",LWMC-NiTo,"Compactor (7CM)",3,Distance,10,1,-,-,-,-
1162,61746,19/08/2026,LWMC,"Tehsil Office, Nishter Town",LR-2702,"Door To Door Collection",32.135,5H26M,325.83,31.427224000,74.359202000,still,off,"19/08/2026 10:57 AM","19/08/2026 11:00 AM",LWMC-NiTo,"Loader Rickshaw",2,Distance,5,1,-,-,-,-
1163,-,19/08/2026,LWMC,"Tehsil Office, Nishter Town",LR-409,-,31.173,3H51M,230.81,31.421999000,74.442233000,moving,on,"19/08/2026 10:57 AM","19/08/2026 11:00 AM",LWMC-NiTo,-,-,-,-,-,-,-,-,-
1164,60568,19/08/2026,LWMC,"Tehsil Office, Nishter Town",LR-1887,"Door To Door Collection",21.931,1H29M,89.04,31.360933000,74.523864000,moving,on,"19/08/2026 10:18 AM","19/08/2026 11:00 AM",LWMC-NiTo,"Loader Rickshaw",2,Distance,5,-,-,-,-,-
1165,61017,19/08/2026,LWMC,"Tehsil Office, Nishter Town",LR-0783,"Door To Door Collection",20.454,2H8M,127.95,31.387737000,74.345026000,moving,on,"19/08/2026 10:47 AM","19/08/2026 11:00 AM",LWMC-NiTo,"Loader Rickshaw",2,Distance,5,1,-,-,-,-
1166,-,19/08/2026,LWMC,"Tehsil Office, Nishter Town",LR-413,-,9.577,0H49M,49.46,31.437357000,74.498084000,still,off,"19/08/2026 10:58 AM","19/08/2026 11:00 AM",LWMC-NiTo,-,-,-,-,-,-,-,-,-
1167,60455,19/08/2026,LWMC,"Tehsil Office, Nishter Town",LR-2697,"Door To Door Collection",42.807,4H8M,247.91,31.410680000,74.391253000,moving,on,"19/08/2026 10:58 AM","19/08/2026 11:00 AM",LWMC-NiTo,"Loader Rickshaw",2,Distance,5,1,-,-,-,-
1168,59984,19/08/2026,LWMC,"Tehsil Office, Nishter Town",LR-0118,"Door To Door Collection",20.891,3H53M,233.38,31.409251000,74.373282000,moving,on,"19/08/2026 10:58 AM","19/08/2026 11:00 AM",LWMC-NiTo,"Loader Rickshaw",2,Distance,5,1,-,-,-,-
1169,-,19/08/2026,LWMC,"Tehsil Office, Nishter Town",LR-2195,-,34.965,2H22M,141.73,31.420207000,74.304273000,moving,on,"19/08/2026 10:51 AM","19/08/2026 11:00 AM",LWMC-NiTo,-,-,-,-,-,-,-,-,-
1170,61300,19/08/2026,LWMC,"Tehsil Office, Nishter Town",LR-2355,"Door To Door Collection",23.977,8H46M,525.58,31.433867000,74.360536000,still,off,"19/08/2026 11:00 AM","19/08/2026 11:00 AM",LWMC-NiTo,"Loader Rickshaw",2,Distance,5,1,-,-,-,-
1171,59758,19/08/2026,LWMC,"Tehsil Office, Allama Iqbal Town",LR-2485,"Door To Door Collection",20.593,1H44M,104.25,31.289131000,74.062241000,moving,on,"19/08/2026 10:23 AM","19/08/2026 11:00 AM",LWMC-AlIT,"Loader Rickshaw",2,Distance,5,-,-,-,-,-
1172,59823,19/08/2026,LWMC,"Tehsil Office, Allama Iqbal Town",LR-2023,"Door To Door Collection",0.008,0H0M,-,31.314141000,74.076344000,still,off,"19/08/2026 09:41 AM","19/08/2026 11:00 AM",LWMC-AlIT,"Loader Rickshaw",2,Distance,5,-,-,-,-,-
1173,60270,19/08/2026,LWMC,"Tehsil Office, Allama Iqbal Town",LR-2367,"Door To Door Collection",-,0H0M,-,31.275940000,74.253343000,still,off,"19/08/2026 09:37 AM","19/08/2026 11:00 AM",LWMC-AlIT,"Loader Rickshaw",2,Distance,5,-,-,-,-,-
1174,-,19/08/2026,LWMC,"Tehsil Office, Allama Iqbal Town",WR-0042,-,16.119,6H24M,383.68,31.518607000,74.278249000,still,off,"19/08/2026 10:58 AM","19/08/2026 11:00 AM",LWMC-AlIT,-,-,-,-,-,-,-,-,-
1175,19667,19/08/2026,LWMC,"Tehsil Office, Allama Iqbal Town",S-49,"Bulk Waste Collection",-,0H0M,-,31.464873000,74.224802000,still,off,"19/08/2026 09:44 AM","19/08/2026 11:00 AM",LWMC-AlIT,"Mini Dumper",2,Distance,5,-,-,-,-,-
1176,60396,19/08/2026,LWMC,"Tehsil Office, Allama Iqbal Town",LR-0477,"Door To Door Collection",22.01,4H4M,243.5,31.273992000,74.197863000,moving,on,"19/08/2026 10:59 AM","19/08/2026 11:00 AM",LWMC-AlIT,"Loader Rickshaw",2,Distance,5,1,-,-,-,-
1177,22851,19/08/2026,LWMC,"Tehsil Office, Allama Iqbal Town",LR-0444,"Door To Door Collection",31.818,2H45M,164.76,31.448774000,74.252268000,still,off,"19/08/2026 10:58 AM","19/08/2026 11:00 AM",LWMC-AlIT,"Loader Rickshaw",2,Distance,5,1,-,-,-,-
1178,59815,19/08/2026,LWMC,"Tehsil Office, Allama Iqbal Town",LR-1739,"Door To Door Collection",25.015,3H15M,195.44,31.510294000,74.255176000,still,off,"19/08/2026 10:58 AM","19/08/2026 11:00 AM",LWMC-AlIT,"Loader Rickshaw",2,Distance,5,1,-,-,-,-
1179,22875,19/08/2026,LWMC,"Tehsil Office, Allama Iqbal Town",LR-0478,"Door To Door Collection",35.244,5H36M,335.83,31.458220000,74.265011000,moving,on,"19/08/2026 10:58 AM","19/08/2026 11:00 AM",LWMC-AlIT,"Loader Rickshaw",2,Distance,5,1,-,-,-,-
1180,60288,19/08/2026,LWMC,"Tehsil Office, Allama Iqbal Town",LR-1544,"Door To Door Collection",-,0H0M,-,31.275996000,74.253189000,still,off,"19/08/2026 09:57 AM","19/08/2026 11:00 AM",LWMC-AlIT,"Loader Rickshaw",2,Distance,5,-,-,-,-,-
1181,59904,19/08/2026,LWMC,"Tehsil Office, Allama Iqbal Town",LR-2624,"Door To Door Collection",44.492,2H50M,169.59,31.464745000,74.224853000,moving,on,"19/08/2026 10:52 AM","19/08/2026 11:00 AM",LWMC-AlIT,"Loader Rickshaw",2,Distance,5,1,-,-,-,-
1182,18657,19/08/2026,LWMC,"Tehsil Office, Allama Iqbal Town",C-714,"Container-Based Collection",67.922,5H30M,329.73,31.477428000,74.221369000,moving,on,"19/08/2026 10:57 AM","19/08/2026 11:00 AM",LWMC-AlIT,"Compactor (7CM)",3,Distance,10,1,-,-,-,-
1183,-,19/08/2026,LWMC,"Tehsil Office, Allama Iqbal Town",WR-0048,-,9.544,0H41M,41.03,31.467908000,74.231203000,still,off,"19/08/2026 09:51 AM","19/08/2026 11:00 AM",LWMC-AlIT,-,-,-,-,-,-,-,-,-
1184,60423,19/08/2026,LWMC,"Tehsil Office, Allama Iqbal Town",LR-2416,"Door To Door Collection",20.409,2H26M,145.75,31.358044000,74.145318000,moving,on,"19/08/2026 10:44 AM","19/08/2026 11:00 AM",LWMC-AlIT,"Loader Rickshaw",2,Distance,5,1,-,-,-,-
1185,60268,19/08/2026,LWMC,"Tehsil Office, Allama Iqbal Town",LR-2365,"Door To Door Collection",-,0H0M,-,31.276047000,74.253367000,moving,on,"19/08/2026 10:02 AM","19/08/2026 11:00 AM",LWMC-AlIT,"Loader Rickshaw",2,Distance,5,-,-,-,-,-
1186,60500,19/08/2026,LWMC,"Tehsil Office, Allama Iqbal Town",S-57,"Bulk Waste Collection",57.009,3H40M,220.4,31.326328000,74.289946000,still,off,"19/08/2026 10:48 AM","19/08/2026 11:00 AM",LWMC-AlIT,"Mini Dumper",2,Distance,5,1,-,-,-,-
1187,19699,19/08/2026,LWMC,"Tehsil Office, Allama Iqbal Town",S-121,"Bulk Waste Collection",46.569,2H24M,143.5,31.279151000,74.195283000,moving,on,"19/08/2026 10:58 AM","19/08/2026 11:00 AM",LWMC-AlIT,"Mini Dumper",2,Distance,5,1,-,-,-,-
1188,19662,19/08/2026,LWMC,"Tehsil Office, Allama Iqbal Town",S-263,"Bulk Waste Collection",31.587,2H45M,165.03,31.484785000,74.255409000,moving,on,"19/08/2026 10:58 AM","19/08/2026 11:00 AM",LWMC-AlIT,"Mini Dumper",2,Distance,5,1,-,-,-,-
1189,60064,19/08/2026,LWMC,"Tehsil Office, Allama Iqbal Town",LR-2170,"Door To Door Collection",27.605,1H55M,115.15,31.410181000,74.206382000,still,off,"19/08/2026 10:53 AM","19/08/2026 11:00 AM",LWMC-AlIT,"Loader Rickshaw",2,Distance,5,-,-,-,-,-
1190,19674,19/08/2026,LWMC,"Tehsil Office, Allama Iqbal Town",M-54,"Bulk Waste Collection",67.36,2H23M,142.94,31.354131000,74.127666000,moving,on,"19/08/2026 10:58 AM","19/08/2026 11:00 AM",LWMC-AlIT,"Mini Dumper",2,Distance,5,1,-,-,-,-
1191,18378,19/08/2026,LWMC,"Tehsil Office, Allama Iqbal Town",HA-36,"Container-Based Collection",117.013,5H48M,347.88,31.321517000,74.097615000,moving,on,"19/08/2026 10:58 AM","19/08/2026 11:00 AM",LWMC-AlIT,"Arm Roll Truck",3,Distance,10,1,-,-,-,-
1192,19673,19/08/2026,LWMC,"Tehsil Office, Allama Iqbal Town",M-19,"Bulk Waste Collection",76.524,3H50M,230.28,31.397176000,74.229885000,moving,on,"19/08/2026 10:59 AM","19/08/2026 11:00 AM",LWMC-AlIT,"Mini Dumper",2,Distance,5,1,-,-,-,-
1193,19695,19/08/2026,LWMC,"Tehsil Office, Allama Iqbal Town",M-8,"Bulk Waste Collection",42.071,2H46M,165.81,31.470141000,74.244390000,moving,on,"19/08/2026 10:59 AM","19/08/2026 11:00 AM",LWMC-AlIT,"Mini Dumper",2,Distance,5,1,-,-,-,-
1194,-,19/08/2026,LWMC,"Tehsil Office, Allama Iqbal Town",SD-09,-,29.364,1H40M,100.06,31.564335000,74.305528000,moving,on,"19/08/2026 10:58 AM","19/08/2026 11:00 AM",LWMC-AlIT,-,-,-,-,-,-,-,-,-
1195,60381,19/08/2026,LWMC,"Tehsil Office, Allama Iqbal Town",LR-1517,"Door To Door Collection",23.815,4H3M,242.86,31.290548000,74.188537000,moving,on,"19/08/2026 10:59 AM","19/08/2026 11:00 AM",LWMC-AlIT,"Loader Rickshaw",2,Distance,5,1,-,-,-,-
1196,19024,19/08/2026,LWMC,"Tehsil Office, Allama Iqbal Town",MFL-64,"Bulk Waste Collection",11.634,4H55M,295.33,31.475549000,74.227560000,still,off,"19/08/2026 10:58 AM","19/08/2026 11:00 AM",LWMC-AlIT,Loader,3,Ignition,-,1,-,-,-,-
1197,60389,19/08/2026,LWMC,"Tehsil Office, Allama Iqbal Town",LR-0052,"Door To Door Collection",42.219,5H60M,359.81,31.222945000,74.167993000,moving,on,"19/08/2026 10:59 AM","19/08/2026 11:00 AM",LWMC-AlIT,"Loader Rickshaw",2,Distance,5,1,-,-,-,-
1198,18442,19/08/2026,LWMC,"Tehsil Office, Allama Iqbal Town",CA-160,"Container-Based Collection",155.272,4H13M,253,31.426164000,74.175510000,moving,on,"19/08/2026 10:58 AM","19/08/2026 11:00 AM",LWMC-AlIT,"Chain Arm Roll",3,Distance,10,1,-,-,-,-
1199,61472,19/08/2026,LWMC,"Tehsil Office, Allama Iqbal Town",D-34,"Bulk Waste Collection",0.807,0H54M,54.11,31.465297000,74.225497000,still,off,"19/08/2026 09:50 AM","19/08/2026 11:00 AM",LWMC-AlIT,"Dumper (20CM)",3,Ignition,-,-,-,-,-,-
1200,60260,19/08/2026,LWMC,"Tehsil Office, Allama Iqbal Town",LR-2409,"Door To Door Collection",33.325,1H54M,114.34,31.303374000,74.219001000,still,off,"19/08/2026 10:55 AM","19/08/2026 11:00 AM",LWMC-AlIT,"Loader Rickshaw",2,Distance,5,-,-,-,-,-
1201,-,19/08/2026,LWMC,"Tehsil Office, Allama Iqbal Town",LR-1662,-,14.616,1H39M,99.25,31.559417000,74.372937000,still,off,"19/08/2026 10:47 AM","19/08/2026 11:00 AM",LWMC-AlIT,-,-,-,-,-,-,-,-,-
1202,59830,19/08/2026,LWMC,"Tehsil Office, Allama Iqbal Town",LR-1984,"Door To Door Collection",36.256,5H32M,331.61,31.453001000,74.312943000,moving,on,"19/08/2026 10:58 AM","19/08/2026 11:00 AM",LWMC-AlIT,"Loader Rickshaw",2,Distance,5,1,-,-,-,-
1203,60315,19/08/2026,LWMC,"Tehsil Office, Allama Iqbal Town",LR-1084,"Door To Door Collection",-,0H0M,-,31.321554000,74.184352000,still,off,"19/08/2026 09:37 AM","19/08/2026 11:00 AM",LWMC-AlIT,"Loader Rickshaw",2,Distance,5,-,-,-,-,-
1204,18447,19/08/2026,LWMC,"Tehsil Office, Allama Iqbal Town",CA-112,"Container-Based Collection",146.908,6H4M,363.93,31.454797000,74.213079000,moving,on,"19/08/2026 10:58 AM","19/08/2026 11:00 AM",LWMC-AlIT,"Chain Arm Roll",3,Distance,10,1,-,-,-,-
1205,59648,19/08/2026,LWMC,"Tehsil Office, Allama Iqbal Town",LR-2413,"Door To Door Collection",22.064,5H28M,327.83,31.326587000,74.103737000,still,off,"19/08/2026 10:57 AM","19/08/2026 11:00 AM",LWMC-AlIT,"Loader Rickshaw",2,Distance,5,1,-,-,-,-
1206,18520,19/08/2026,LWMC,"Tehsil Office, Allama Iqbal Town",C-1342,"Container-Based Collection",36.947,4H9M,248.51,31.519453000,74.257647000,moving,on,"19/08/2026 10:59 AM","19/08/2026 11:00 AM",LWMC-AlIT,"Compactor (13CM)",3,Distance,10,1,-,-,-,-
1207,-,19/08/2026,LWMC,"Tehsil Office, Allama Iqbal Town",LR-2980,-,9.308,1H18M,77.78,31.367162000,74.375272000,still,off,"19/08/2026 10:41 AM","19/08/2026 11:00 AM",LWMC-AlIT,-,-,-,-,-,-,-,-,-
1208,59868,19/08/2026,LWMC,"Tehsil Office, Allama Iqbal Town",LR-2490,"Door To Door Collection",-,0H0M,-,31.314199000,74.076416000,still,off,"19/08/2026 09:46 AM","19/08/2026 11:00 AM",LWMC-AlIT,"Loader Rickshaw",2,Distance,5,-,-,-,-,-
1209,60328,19/08/2026,LWMC,"Tehsil Office, Allama Iqbal Town",LR-2411,"Door To Door Collection",22.776,5H59M,358.55,31.239554000,74.214307000,still,off,"19/08/2026 10:58 AM","19/08/2026 11:00 AM",LWMC-AlIT,"Loader Rickshaw",2,Distance,5,1,-,-,-,-
1210,19649,19/08/2026,LWMC,"Tehsil Office, Allama Iqbal Town",M-11,"Bulk Waste Collection",32.486,4H10M,249.75,31.463620000,74.224870000,still,off,"19/08/2026 10:59 AM","19/08/2026 11:00 AM",LWMC-AlIT,"Mini Dumper",2,Distance,5,1,-,-,-,-
1211,60318,19/08/2026,LWMC,"Tehsil Office, Allama Iqbal Town",LR-0474,"Door To Door Collection",20.842,4H15M,255.44,31.245119000,74.214732000,still,off,"19/08/2026 10:57 AM","19/08/2026 11:00 AM",LWMC-AlIT,"Loader Rickshaw",2,Distance,5,1,-,-,-,-
1212,22957,19/08/2026,LWMC,"Tehsil Office, Allama Iqbal Town",LR-1006,"Door To Door Collection",19.707,1H54M,113.78,31.490298000,74.262444000,moving,on,"19/08/2026 10:55 AM","19/08/2026 11:00 AM",LWMC-AlIT,"Loader Rickshaw",2,Distance,5,-,-,-,-,-
1213,59819,19/08/2026,LWMC,"Tehsil Office, Allama Iqbal Town",LR-2366,"Door To Door Collection",0.008,0H2M,2.03,31.432088000,74.177120000,still,off,"19/08/2026 09:56 AM","19/08/2026 11:00 AM",LWMC-AlIT,"Loader Rickshaw",2,Distance,5,-,-,-,-,-
1214,60427,19/08/2026,LWMC,"Tehsil Office, Allama Iqbal Town",LR-2489,"Door To Door Collection",35.337,8H27M,506.88,31.336295000,74.083923000,moving,on,"19/08/2026 10:53 AM","19/08/2026 11:00 AM",LWMC-AlIT,"Loader Rickshaw",2,Distance,5,1,-,-,-,-
1215,60281,19/08/2026,LWMC,"Tehsil Office, Allama Iqbal Town",LR-2363,"Door To Door Collection",-,0H0M,-,31.275952000,74.253352000,still,off,"19/08/2026 09:35 AM","19/08/2026 11:00 AM",LWMC-AlIT,"Loader Rickshaw",2,Distance,5,-,-,-,-,-
1216,59920,19/08/2026,LWMC,"Tehsil Office, Allama Iqbal Town",LR-2634,"Door To Door Collection",16.2,6H10M,369.76,31.478597000,74.292807000,still,off,"19/08/2026 10:58 AM","19/08/2026 11:00 AM",LWMC-AlIT,"Loader Rickshaw",2,Distance,5,1,-,-,-,-
1217,18439,19/08/2026,LWMC,"Tehsil Office, Allama Iqbal Town",CA-114,"Container-Based Collection",110.3,5H5M,305.38,31.475516000,74.227588000,moving,on,"19/08/2026 10:59 AM","19/08/2026 11:00 AM",LWMC-AlIT,"Chain Arm Roll",3,Distance,10,1,-,-,-,-
1218,19677,19/08/2026,LWMC,"Tehsil Office, Allama Iqbal Town",M-92,"Bulk Waste Collection",51.06,3H42M,222.09,31.475265000,74.227738000,moving,on,"19/08/2026 10:58 AM","19/08/2026 11:00 AM",LWMC-AlIT,"Mini Dumper",2,Distance,5,1,-,-,-,-
1219,19711,19/08/2026,LWMC,"Tehsil Office, Allama Iqbal Town",S-151,"Bulk Waste Collection",27.126,2H11M,130.91,31.490936000,74.261946000,moving,on,"19/08/2026 10:58 AM","19/08/2026 11:00 AM",LWMC-AlIT,"Mini Dumper",2,Distance,5,1,-,-,-,-
1220,61157,19/08/2026,LWMC,"Tehsil Office, Allama Iqbal Town",D-35,"Bulk Waste Collection",100.097,5H2M,302.3,31.389863000,74.275540000,still,off,"19/08/2026 10:58 AM","19/08/2026 11:00 AM",LWMC-AlIT,"Dumper (20CM)",3,Ignition,-,1,-,-,-,-
1221,19704,19/08/2026,LWMC,"Tehsil Office, Allama Iqbal Town",M-90,"Bulk Waste Collection",52.283,4H12M,251.51,31.475027000,74.229841000,moving,on,"19/08/2026 10:58 AM","19/08/2026 11:00 AM",LWMC-AlIT,"Mini Dumper",2,Distance,5,1,-,-,-,-
1222,22879,19/08/2026,LWMC,"Tehsil Office, Allama Iqbal Town",LR-0522,"Door To Door Collection",0.018,0H2M,1.71,31.465207000,74.225419000,still,off,"19/08/2026 09:38 AM","19/08/2026 11:00 AM",LWMC-AlIT,"Loader Rickshaw",2,Distance,5,-,-,-,-,-
1223,22876,19/08/2026,LWMC,"Tehsil Office, Allama Iqbal Town",LR-0516,"Door To Door Collection",19.863,3H46M,226.4,31.531474000,74.266286000,moving,on,"19/08/2026 10:57 AM","19/08/2026 11:00 AM",LWMC-AlIT,"Loader Rickshaw",2,Distance,5,1,-,-,-,-
1224,60329,19/08/2026,LWMC,"Tehsil Office, Allama Iqbal Town",LR-1745,"Door To Door Collection",16.613,0H57M,57.14,31.335741000,74.253118000,still,off,"19/08/2026 10:58 AM","19/08/2026 11:00 AM",LWMC-AlIT,"Loader Rickshaw",2,Distance,5,-,-,-,-,-
1225,59975,19/08/2026,LWMC,"Tehsil Office, Allama Iqbal Town",S-362,"Bulk Waste Collection",64.925,2H59M,178.73,31.346916000,74.206593000,moving,on,"19/08/2026 10:57 AM","19/08/2026 11:00 AM",LWMC-AlIT,"Mini Dumper",2,Distance,5,1,-,-,-,-
1226,59346,19/08/2026,LWMC,"Tehsil Office, Allama Iqbal Town",LR-2012,"Door To Door Collection",21.933,5H26M,325.71,31.356814000,74.124791000,still,off,"19/08/2026 10:58 AM","19/08/2026 11:00 AM",LWMC-AlIT,"Loader Rickshaw",2,Distance,5,1,-,-,-,-
1227,59239,19/08/2026,LWMC,"Tehsil Office, Allama Iqbal Town",LR-2368,"Door To Door Collection",41.208,5H35M,335.43,31.275903000,74.252908000,still,off,"19/08/2026 10:57 AM","19/08/2026 11:00 AM",LWMC-AlIT,"Loader Rickshaw",2,Distance,5,1,-,-,-,-
1228,59568,19/08/2026,LWMC,"Tehsil Office, Allama Iqbal Town",SD-11,"Bulk Waste Collection",84.817,4H4M,244.31,31.385393000,74.147799000,moving,on,"19/08/2026 10:58 AM","19/08/2026 11:00 AM",LWMC-AlIT,"Dumper (10CM)",3,Ignition,-,1,-,-,-,-
1229,19675,19/08/2026,LWMC,"Tehsil Office, Allama Iqbal Town",M-32,"Bulk Waste Collection",46.473,3H37M,216.75,31.469534000,74.303681000,moving,on,"19/08/2026 10:57 AM","19/08/2026 11:00 AM",LWMC-AlIT,"Mini Dumper",2,Distance,5,1,-,-,-,-
1230,60390,19/08/2026,LWMC,"Tehsil Office, Allama Iqbal Town",LR-1108,"Door To Door Collection",-,0H0M,-,31.275970000,74.252851000,still,off,"19/08/2026 09:48 AM","19/08/2026 11:00 AM",LWMC-AlIT,"Loader Rickshaw",2,Distance,5,-,-,-,-,-
1231,19025,19/08/2026,LWMC,"Tehsil Office, Allama Iqbal Town",TLD-01,"Bulk Waste Collection",10.002,2H60M,179.91,31.440220000,74.162651000,still,off,"19/08/2026 09:55 AM","19/08/2026 11:00 AM",LWMC-AlIT,Loader,3,Ignition,-,-,-,-,-,-
1232,60147,19/08/2026,LWMC,"Tehsil Office, Allama Iqbal Town",LR-2167,"Door To Door Collection",24.769,1H54M,114.43,31.403911000,74.191504000,moving,on,"19/08/2026 10:45 AM","19/08/2026 11:00 AM",LWMC-AlIT,"Loader Rickshaw",2,Distance,5,-,-,-,-,-
1233,60365,19/08/2026,LWMC,"Tehsil Office, Allama Iqbal Town",LR-0053,"Door To Door Collection",45.158,5H39M,339.43,31.255707000,74.182728000,moving,on,"19/08/2026 11:00 AM","19/08/2026 11:00 AM",LWMC-AlIT,"Loader Rickshaw",2,Distance,5,1,-,-,-,-
1234,60091,19/08/2026,LWMC,"Tehsil Office, Allama Iqbal Town",LR-2935,"Door To Door Collection",-,0H0M,-,31.465116000,74.226011000,still,off,"19/08/2026 09:46 AM","19/08/2026 11:00 AM",LWMC-AlIT,"Loader Rickshaw",2,Distance,5,-,-,-,-,-
1235,59291,19/08/2026,LWMC,"Tehsil Office, Allama Iqbal Town",LR-2026,"Door To Door Collection",26.225,5H24M,323.66,31.264617000,74.224481000,moving,on,"19/08/2026 10:58 AM","19/08/2026 11:00 AM",LWMC-AlIT,"Loader Rickshaw",2,Distance,5,1,-,-,-,-
1236,-,19/08/2026,LWMC,"Tehsil Office, Allama Iqbal Town",S-351,-,25.578,2H16M,135.78,31.565860000,74.369806000,moving,on,"19/08/2026 10:52 AM","19/08/2026 11:00 AM",LWMC-AlIT,-,-,-,-,-,-,-,-,-
1237,-,19/08/2026,LWMC,"Tehsil Office, Allama Iqbal Town",LR-2970,-,16.964,1H45M,105.03,31.354382000,74.380629000,moving,on,"19/08/2026 10:57 AM","19/08/2026 11:00 AM",LWMC-AlIT,-,-,-,-,-,-,-,-,-
1238,60140,19/08/2026,LWMC,"Tehsil Office, Allama Iqbal Town",LR-2765,"Door To Door Collection",13.803,1H23M,83.36,31.419069000,74.220867000,moving,on,"19/08/2026 10:55 AM","19/08/2026 11:00 AM",LWMC-AlIT,"Loader Rickshaw",2,Distance,5,-,-,-,-,-
1239,59935,19/08/2026,LWMC,"Tehsil Office, Allama Iqbal Town",LR-2642,"Door To Door Collection",31.434,3H37M,216.8,31.479455000,74.289176000,moving,on,"19/08/2026 10:59 AM","19/08/2026 11:00 AM",LWMC-AlIT,"Loader Rickshaw",2,Distance,5,1,-,-,-,-
1240,22881,19/08/2026,LWMC,"Tehsil Office, Allama Iqbal Town",LR-0524,"Door To Door Collection",27.579,4H24M,264.5,31.463579000,74.307248000,still,off,"19/08/2026 10:58 AM","19/08/2026 11:00 AM",LWMC-AlIT,"Loader Rickshaw",2,Distance,5,1,-,-,-,-
1241,60173,19/08/2026,LWMC,"Tehsil Office, Allama Iqbal Town",LR-2992,"Door To Door Collection",16.841,3H30M,209.61,31.538418000,74.259071000,still,off,"19/08/2026 10:58 AM","19/08/2026 11:00 AM",LWMC-AlIT,"Loader Rickshaw",2,Distance,5,1,-,-,-,-
1242,22935,19/08/2026,LWMC,"Tehsil Office, Allama Iqbal Town",LR-0840,"Door To Door Collection",18.638,4H27M,267.01,31.479966000,74.290911000,still,off,"19/08/2026 10:55 AM","19/08/2026 11:00 AM",LWMC-AlIT,"Loader Rickshaw",2,Distance,5,1,-,-,-,-
1243,59581,19/08/2026,LWMC,"Tehsil Office, Allama Iqbal Town",MFL-93,"Bulk Waste Collection",4.533,0H20M,20.35,31.331357000,74.111814000,still,off,"19/08/2026 10:58 AM","19/08/2026 11:00 AM",LWMC-AlIT,"Tractor Loader",3,Ignition,-,-,-,-,-,-
1244,60079,19/08/2026,LWMC,"Tehsil Office, Allama Iqbal Town",LR-2929,"Door To Door Collection",20.126,1H12M,71.65,31.468972000,74.240241000,moving,on,"19/08/2026 10:55 AM","19/08/2026 11:00 AM",LWMC-AlIT,"Loader Rickshaw",2,Distance,5,-,-,-,-,-
1245,22859,19/08/2026,LWMC,"Tehsil Office, Allama Iqbal Town",LR-0452,"Door To Door Collection",44.186,4H18M,257.83,31.478807000,74.216587000,moving,on,"19/08/2026 10:59 AM","19/08/2026 11:00 AM",LWMC-AlIT,"Loader Rickshaw",2,Distance,5,1,-,-,-,-
1246,59944,19/08/2026,LWMC,"Tehsil Office, Allama Iqbal Town",LR-2647,"Door To Door Collection",36.337,5H12M,311.68,31.463649000,74.309502000,still,off,"19/08/2026 10:58 AM","19/08/2026 11:00 AM",LWMC-AlIT,"Loader Rickshaw",2,Distance,5,1,-,-,-,-
1247,19719,19/08/2026,LWMC,"Tehsil Office, Allama Iqbal Town",S-175,"Bulk Waste Collection",33.048,2H25M,145.19,31.463077000,74.310744000,still,off,"19/08/2026 10:56 AM","19/08/2026 11:00 AM",LWMC-AlIT,"Mini Dumper",2,Distance,5,1,-,-,-,-
1248,61483,19/08/2026,LWMC,"Tehsil Office, Allama Iqbal Town",LEG-1482,"Bulk Waste Collection",36.651,3H11M,190.58,31.474543000,74.255928000,moving,on,"19/08/2026 10:57 AM","19/08/2026 11:00 AM",LWMC-AlIT,"Tractor Trolley",2,Distance,10,1,-,-,-,-
1249,59604,19/08/2026,LWMC,"Tehsil Office, Allama Iqbal Town",LR-2015,"Door To Door Collection",41.35,5H17M,316.81,31.363181000,74.105047000,still,off,"19/08/2026 10:59 AM","19/08/2026 11:00 AM",LWMC-AlIT,"Loader Rickshaw",2,Distance,5,1,-,-,-,-
1250,19639,19/08/2026,LWMC,"Tehsil Office, Allama Iqbal Town",S-55,"Bulk Waste Collection",37.553,2H57M,176.66,31.467141000,74.251480000,moving,on,"19/08/2026 11:00 AM","19/08/2026 11:00 AM",LWMC-AlIT,"Mini Dumper",2,Distance,5,1,-,-,-,-
1251,19706,19/08/2026,LWMC,"Tehsil Office, Allama Iqbal Town",S-134,"Bulk Waste Collection",77.924,4H44M,283.69,31.353562000,74.237107000,moving,on,"19/08/2026 10:56 AM","19/08/2026 11:00 AM",LWMC-AlIT,"Mini Dumper",2,Distance,5,1,-,-,-,-
1252,61163,19/08/2026,LWMC,"Tehsil Office, Allama Iqbal Town",SD-10,"Bulk Waste Collection",84.244,3H43M,223.44,31.389552000,74.275548000,moving,on,"19/08/2026 10:51 AM","19/08/2026 11:00 AM",LWMC-AlIT,"Dumper (20CM)",3,Ignition,-,1,-,-,-,-
1253,-,19/08/2026,LWMC,"Tehsil Office, Allama Iqbal Town",LR-3107,-,17.278,1H40M,99.54,31.346952000,74.376327000,moving,on,"19/08/2026 10:53 AM","19/08/2026 11:00 AM",LWMC-AlIT,-,-,-,-,-,-,-,-,-
1254,60103,19/08/2026,LWMC,"Tehsil Office, Allama Iqbal Town",LR-2007,"Door To Door Collection",37.736,2H44M,164.01,31.400617000,74.167416000,moving,on,"19/08/2026 10:59 AM","19/08/2026 11:00 AM",LWMC-AlIT,"Loader Rickshaw",2,Distance,5,1,-,-,-,-
1255,22862,19/08/2026,LWMC,"Tehsil Office, Allama Iqbal Town",LR-0465,"Door To Door Collection",27.059,1H25M,85.28,31.247236000,74.212323000,still,off,"19/08/2026 10:58 AM","19/08/2026 11:00 AM",LWMC-AlIT,"Loader Rickshaw",2,Distance,5,-,-,-,-,-
1256,59653,19/08/2026,LWMC,"Tehsil Office, Allama Iqbal Town",LR-2487,"Door To Door Collection",48.39,5H43M,343.25,31.266560000,74.101682000,still,off,"19/08/2026 10:58 AM","19/08/2026 11:00 AM",LWMC-AlIT,"Loader Rickshaw",2,Distance,5,1,-,-,-,-
1257,59986,19/08/2026,LWMC,"Tehsil Office, Allama Iqbal Town",LR-2750,"Door To Door Collection",21.58,4H13M,252.75,31.533979000,74.267366000,moving,on,"19/08/2026 10:57 AM","19/08/2026 11:00 AM",LWMC-AlIT,"Loader Rickshaw",2,Distance,5,1,-,-,-,-
1258,59841,19/08/2026,LWMC,"Tehsil Office, Allama Iqbal Town",LR-2028,"Door To Door Collection",19.572,1H57M,117.04,31.534076000,74.267307000,moving,on,"19/08/2026 10:56 AM","19/08/2026 11:00 AM",LWMC-AlIT,"Loader Rickshaw",2,Distance,5,-,-,-,-,-
1259,59863,19/08/2026,LWMC,"Tehsil Office, Allama Iqbal Town",LR-2060,"Door To Door Collection",25.137,3H11M,191.21,31.521071000,74.270293000,moving,on,"19/08/2026 10:58 AM","19/08/2026 11:00 AM",LWMC-AlIT,"Loader Rickshaw",2,Distance,5,1,-,-,-,-
1260,59810,19/08/2026,LWMC,"Tehsil Office, Allama Iqbal Town",LR-1732,"Door To Door Collection",0.093,0H16M,15.9,31.465211000,74.225302000,still,off,"19/08/2026 09:59 AM","19/08/2026 11:00 AM",LWMC-AlIT,"Loader Rickshaw",2,Distance,5,-,-,-,-,-
1261,22794,19/08/2026,LWMC,"Tehsil Office, Allama Iqbal Town",LR-0174,"Door To Door Collection",0.009,0H6M,6.46,31.465163000,74.225977000,still,off,"19/08/2026 09:55 AM","19/08/2026 11:00 AM",LWMC-AlIT,"Loader Rickshaw",2,Distance,5,-,-,-,-,-
1262,-,19/08/2026,LWMC,"Tehsil Office, Allama Iqbal Town",C25-080,-,115.904,5H32M,331.64,31.477962000,74.219544000,moving,on,"19/08/2026 10:58 AM","19/08/2026 11:00 AM",LWMC-AlIT,-,-,-,-,-,-,-,-,-
1263,60362,19/08/2026,LWMC,"Tehsil Office, Allama Iqbal Town",LR-0059,"Door To Door Collection",27.077,5H29M,328.85,31.264203000,74.220739000,moving,on,"19/08/2026 10:59 AM","19/08/2026 11:00 AM",LWMC-AlIT,"Loader Rickshaw",2,Distance,5,1,-,-,-,-
1264,59978,19/08/2026,LWMC,"Tehsil Office, Allama Iqbal Town",LR-2017,"Door To Door Collection",34.731,5H42M,341.85,31.314071000,74.076231000,still,off,"19/08/2026 10:58 AM","19/08/2026 11:00 AM",LWMC-AlIT,"Loader Rickshaw",2,Distance,5,1,-,-,-,-
1265,22768,19/08/2026,LWMC,"Tehsil Office, Allama Iqbal Town",LR-0051,"Door To Door Collection",45.29,5H2M,301.86,31.233534000,74.210473000,still,off,"19/08/2026 10:57 AM","19/08/2026 11:00 AM",LWMC-AlIT,"Loader Rickshaw",2,Distance,5,1,-,-,-,-
1266,-,19/08/2026,LWMC,"Tehsil Office, Allama Iqbal Town",MF-88,-,18.593,3H14M,193.8,31.367133000,74.231087000,moving,on,"19/08/2026 10:55 AM","19/08/2026 11:00 AM",LWMC-AlIT,-,-,-,-,-,-,-,-,-
1267,59923,19/08/2026,LWMC,"Tehsil Office, Allama Iqbal Town",LR-2635,"Door To Door Collection",19.013,2H44M,163.91,31.482803000,74.291500000,moving,on,"19/08/2026 11:00 AM","19/08/2026 11:00 AM",LWMC-AlIT,"Loader Rickshaw",2,Distance,5,1,-,-,-,-
1268,60364,19/08/2026,LWMC,"Tehsil Office, Allama Iqbal Town",LR-0057,"Door To Door Collection",43.912,5H23M,322.63,31.220824000,74.169498000,moving,on,"19/08/2026 10:57 AM","19/08/2026 11:00 AM",LWMC-AlIT,"Loader Rickshaw",2,Distance,5,1,-,-,-,-
1269,19658,19/08/2026,LWMC,"Tehsil Office, Allama Iqbal Town",S-281,"Bulk Waste Collection",49.302,1H57M,117.36,31.326889000,74.200381000,still,off,"19/08/2026 10:42 AM","19/08/2026 11:00 AM",LWMC-AlIT,"Mini Dumper",2,Distance,5,-,-,-,-,-
1270,60067,19/08/2026,LWMC,"Tehsil Office, Allama Iqbal Town",LR-2920,"Door To Door Collection",16.757,3H36M,216.15,31.468527000,74.280806000,still,off,"19/08/2026 10:56 AM","19/08/2026 11:00 AM",LWMC-AlIT,"Loader Rickshaw",2,Distance,5,1,-,-,-,-
1271,61644,19/08/2026,LWMC,"Tehsil Office, Allama Iqbal Town",MFL-91,"Bulk Waste Collection",-,0H0M,-,31.463251000,74.225044000,still,off,"19/08/2026 09:49 AM","19/08/2026 11:00 AM",LWMC-AlIT,Loader,3,Ignition,-,-,-,-,-,-
1272,18523,19/08/2026,LWMC,"Tehsil Office, Allama Iqbal Town",C-1302,"Container-Based Collection",50.83,5H28M,327.89,31.399807000,74.224245000,still,off,"19/08/2026 10:53 AM","19/08/2026 11:00 AM",LWMC-AlIT,"Compactor (13CM)",3,Distance,10,1,-,-,-,-
1273,19661,19/08/2026,LWMC,"Tehsil Office, Allama Iqbal Town",M-14,"Bulk Waste Collection",45.657,2H42M,162.5,31.454365000,74.212671000,still,off,"19/08/2026 10:58 AM","19/08/2026 11:00 AM",LWMC-AlIT,"Mini Dumper",2,Distance,5,1,-,-,-,-
1274,60179,19/08/2026,LWMC,"Tehsil Office, Allama Iqbal Town",LR-2486,"Door To Door Collection",15.357,5H4M,304.5,31.400170000,74.182372000,moving,on,"19/08/2026 10:57 AM","19/08/2026 11:00 AM",LWMC-AlIT,"Loader Rickshaw",2,Distance,5,1,-,-,-,-
1275,59811,19/08/2026,LWMC,"Tehsil Office, Allama Iqbal Town",LR-1733,"Door To Door Collection",28.375,9H16M,555.93,31.502657000,74.262407000,still,off,"19/08/2026 10:46 AM","19/08/2026 11:00 AM",LWMC-AlIT,"Loader Rickshaw",2,Distance,5,1,-,-,-,-
1276,22950,19/08/2026,LWMC,"Tehsil Office, Allama Iqbal Town",LR-0918,"Door To Door Collection",20.158,6H0M,360.44,31.400079000,74.168891000,moving,on,"19/08/2026 10:58 AM","19/08/2026 11:00 AM",LWMC-AlIT,"Loader Rickshaw",2,Distance,5,1,-,-,-,-
1277,59256,19/08/2026,LWMC,"Tehsil Office, Allama Iqbal Town",LR-2364,"Door To Door Collection",43.324,5H42M,342.3,31.275361000,74.252786000,still,off,"19/08/2026 10:59 AM","19/08/2026 11:00 AM",LWMC-AlIT,"Loader Rickshaw",2,Distance,5,1,-,-,-,-
1278,60089,19/08/2026,LWMC,"Tehsil Office, Allama Iqbal Town",LR-2934,"Door To Door Collection",19.281,2H51M,171.01,31.474292000,74.260974000,still,off,"19/08/2026 10:27 AM","19/08/2026 11:00 AM",LWMC-AlIT,"Loader Rickshaw",2,Distance,5,1,-,-,-,-
1279,22787,19/08/2026,LWMC,"Tehsil Office, Allama Iqbal Town",LR-0050,"Door To Door Collection",31.893,5H18M,318.08,31.519919000,74.259361000,still,off,"19/08/2026 10:59 AM","19/08/2026 11:00 AM",LWMC-AlIT,"Loader Rickshaw",2,Distance,5,1,-,-,-,-
1280,60068,19/08/2026,LWMC,"Tehsil Office, Allama Iqbal Town",LR-2921,"Door To Door Collection",28.975,2H51M,170.91,31.463434000,74.310669000,moving,on,"19/08/2026 10:27 AM","19/08/2026 11:00 AM",LWMC-AlIT,"Loader Rickshaw",2,Distance,5,1,-,-,-,-
1281,60319,19/08/2026,LWMC,"Tehsil Office, Allama Iqbal Town",LR-2412,"Door To Door Collection",33.537,5H41M,341.39,31.303544000,74.219068000,still,off,"19/08/2026 10:56 AM","19/08/2026 11:00 AM",LWMC-AlIT,"Loader Rickshaw",2,Distance,5,1,-,-,-,-
1282,-,19/08/2026,LWMC,"Tehsil Office, Allama Iqbal Town",WR-0016,-,7.714,0H32M,31.71,31.467892000,74.231186000,still,off,"19/08/2026 09:39 AM","19/08/2026 11:00 AM",LWMC-AlIT,-,-,-,-,-,-,-,-,-
1283,60149,19/08/2026,LWMC,"Tehsil Office, Allama Iqbal Town",LR-2976,"Door To Door Collection",31.559,2H10M,129.88,31.455040000,74.206508000,moving,on,"19/08/2026 10:56 AM","19/08/2026 11:00 AM",LWMC-AlIT,"Loader Rickshaw",2,Distance,5,1,-,-,-,-
1284,59956,19/08/2026,LWMC,"Tehsil Office, Allama Iqbal Town",LR-2016,"Door To Door Collection",-,0H0M,-,31.314207000,74.076389000,still,off,"19/08/2026 09:32 AM","19/08/2026 11:00 AM",LWMC-AlIT,"Loader Rickshaw",2,Distance,5,-,-,-,-,-
1285,61868,19/08/2026,LWMC,"Tehsil Office, Allama Iqbal Town",MFL-95,"Bulk Waste Collection",9.86,0H43M,42.85,31.526633000,74.267551000,still,off,"19/08/2026 10:58 AM","19/08/2026 11:00 AM",LWMC-AlIT,"Tractor Loader",3,Ignition,-,-,-,-,-,-
1286,60135,19/08/2026,LWMC,"Tehsil Office, Allama Iqbal Town",LR-1375,"Door To Door Collection",-,0H0M,-,31.432017000,74.177079000,still,off,"19/08/2026 09:42 AM","19/08/2026 11:00 AM",LWMC-AlIT,"Loader Rickshaw",2,Distance,5,-,-,-,-,-
1287,18448,19/08/2026,LWMC,"Tehsil Office, Allama Iqbal Town",CA-80,"Container-Based Collection",115.83,5H32M,331.6,31.477157000,74.222255000,still,off,"19/08/2026 10:58 AM","19/08/2026 11:00 AM",LWMC-AlIT,"Chain Arm Roll",3,Distance,10,1,-,-,-,-
1288,19698,19/08/2026,LWMC,"Tehsil Office, Allama Iqbal Town",S-196,"Bulk Waste Collection",26.904,2H13M,133.43,31.510509000,74.266596000,still,off,"19/08/2026 10:54 AM","19/08/2026 11:00 AM",LWMC-AlIT,"Mini Dumper",2,Distance,5,1,-,-,-,-
1289,60187,19/08/2026,LWMC,"Tehsil Office, Allama Iqbal Town",LR-2417,"Door To Door Collection",58.749,5H58M,358.44,31.388954000,74.244102000,moving,on,"19/08/2026 10:59 AM","19/08/2026 11:00 AM",LWMC-AlIT,"Loader Rickshaw",2,Distance,5,1,-,-,-,-
1290,59250,19/08/2026,LWMC,"Tehsil Office, Allama Iqbal Town",LR-2370,"Door To Door Collection",27.665,4H19M,258.89,31.244211000,74.214082000,moving,on,"19/08/2026 11:00 AM","19/08/2026 11:00 AM",LWMC-AlIT,"Loader Rickshaw",2,Distance,5,1,-,-,-,-
1291,19654,19/08/2026,LWMC,"Tehsil Office, Allama Iqbal Town",M-5,"Bulk Waste Collection",45.356,3H20M,199.88,31.475567000,74.227698000,moving,on,"19/08/2026 10:58 AM","19/08/2026 11:00 AM",LWMC-AlIT,"Mini Dumper",2,Distance,5,1,-,-,-,-
1292,22809,19/08/2026,LWMC,"Tehsil Office, Allama Iqbal Town",LR-0235,"Door To Door Collection",31.667,2H48M,167.93,31.475678000,74.227517000,moving,on,"19/08/2026 10:55 AM","19/08/2026 11:00 AM",LWMC-AlIT,"Loader Rickshaw",2,Distance,5,1,-,-,-,-
1293,19687,19/08/2026,LWMC,"Tehsil Office, Allama Iqbal Town",M-52,"Bulk Waste Collection",40.385,3H29M,208.61,31.463317000,74.225056000,still,off,"19/08/2026 10:49 AM","19/08/2026 11:00 AM",LWMC-AlIT,"Mini Dumper",2,Distance,5,1,-,-,-,-
1294,19676,19/08/2026,LWMC,"Tehsil Office, Allama Iqbal Town",M-56,"Bulk Waste Collection",91.919,3H47M,227.33,31.335568000,74.253133000,still,off,"19/08/2026 10:08 AM","19/08/2026 10:30 AM",LWMC-AlIT,"Mini Dumper",2,Distance,5,1,-,-,-,-
1295,20287,19/08/2026,LWMC,"Tehsil Office, Allama Iqbal Town",WB-04,Washing,65.446,3H49M,228.69,31.326641000,74.265359000,still,off,"19/08/2026 10:14 AM","19/08/2026 11:00 AM",LWMC-AlIT,"Water Bowzer",2,Distance,5,1,-,-,-,-
1296,60039,19/08/2026,LWMC,"Tehsil Office, Allama Iqbal Town",LR-2907,"Door To Door Collection",21.098,2H44M,163.69,31.457206000,74.280352000,moving,on,"19/08/2026 10:59 AM","19/08/2026 11:00 AM",LWMC-AlIT,"Loader Rickshaw",2,Distance,5,1,-,-,-,-
1297,60331,19/08/2026,LWMC,"Tehsil Office, Allama Iqbal Town",LR-1743,"Door To Door Collection",16.324,5H35M,335.23,31.339634000,74.238822000,moving,on,"19/08/2026 10:59 AM","19/08/2026 11:00 AM",LWMC-AlIT,"Loader Rickshaw",2,Distance,5,1,-,-,-,-
1298,19697,19/08/2026,LWMC,"Tehsil Office, Allama Iqbal Town",S-285,"Bulk Waste Collection",75.151,5H13M,313.19,31.251138000,74.191111000,moving,on,"19/08/2026 10:59 AM","19/08/2026 11:00 AM",LWMC-AlIT,"Mini Dumper",2,Distance,5,1,-,-,-,-
1299,60314,19/08/2026,LWMC,"Tehsil Office, Allama Iqbal Town",LR-1518,"Door To Door Collection",17.763,9H15M,554.61,31.272109000,74.173074000,still,off,"19/08/2026 10:26 AM","19/08/2026 11:00 AM",LWMC-AlIT,"Loader Rickshaw",2,Distance,5,1,-,-,-,-
1300,23018,19/08/2026,LWMC,"Tehsil Office, Allama Iqbal Town",LR-1167,"Door To Door Collection",34.891,5H41M,340.68,31.308921000,74.076295000,moving,on,"19/08/2026 10:59 AM","19/08/2026 11:00 AM",LWMC-AlIT,"Loader Rickshaw",2,Distance,5,1,-,-,-,-
1301,-,19/08/2026,LWMC,"Tehsil Office, Allama Iqbal Town",LR-2974,-,-,0H0M,-,31.532267000,74.360729000,still,off,"19/08/2026 09:42 AM","19/08/2026 11:00 AM",LWMC-AlIT,-,-,-,-,-,-,-,-,-
1302,60160,19/08/2026,LWMC,"Tehsil Office, Allama Iqbal Town",LR-2984,"Door To Door Collection",21.553,2H7M,127.09,31.479908000,74.213328000,moving,on,"19/08/2026 10:54 AM","19/08/2026 11:00 AM",LWMC-AlIT,"Loader Rickshaw",2,Distance,5,1,-,-,-,-
1303,60323,19/08/2026,LWMC,"Tehsil Office, Allama Iqbal Town",LR-1027,"Door To Door Collection",39.651,2H25M,144.75,31.335645000,74.242768000,moving,on,"19/08/2026 10:07 AM","19/08/2026 10:30 AM",LWMC-AlIT,"Loader Rickshaw",2,Distance,5,1,-,-,-,-
1304,60175,19/08/2026,LWMC,"Tehsil Office, Allama Iqbal Town",LR-2995,"Door To Door Collection",0.002,0H0M,0.18,31.465183000,74.224901000,still,off,"19/08/2026 09:39 AM","19/08/2026 11:00 AM",LWMC-AlIT,"Loader Rickshaw",2,Distance,5,-,-,-,-,-
1305,59791,19/08/2026,LWMC,"Tehsil Office, Allama Iqbal Town",LR-1719,"Door To Door Collection",-,0H0M,-,31.465185000,74.225833000,still,off,"19/08/2026 10:14 AM","19/08/2026 11:00 AM",LWMC-AlIT,"Loader Rickshaw",2,Distance,5,-,-,-,-,-
1306,19651,19/08/2026,LWMC,"Tehsil Office, Allama Iqbal Town",S-205,"Bulk Waste Collection",43.63,9H10M,550.1,31.455552000,74.214242000,moving,on,"19/08/2026 10:58 AM","19/08/2026 11:00 AM",LWMC-AlIT,"Mini Dumper",2,Distance,5,1,-,-,-,-
1307,19707,19/08/2026,LWMC,"Tehsil Office, Allama Iqbal Town",M-53,"Bulk Waste Collection",53.617,4H48M,288.14,31.311234000,74.161288000,moving,on,"19/08/2026 10:54 AM","19/08/2026 11:00 AM",LWMC-AlIT,"Mini Dumper",2,Distance,5,1,-,-,-,-
1308,59362,19/08/2026,LWMC,"Tehsil Office, Allama Iqbal Town",LR-2488,"Door To Door Collection",26.197,1H31M,91.18,31.303144000,74.076248000,moving,on,"19/08/2026 10:26 AM","19/08/2026 11:00 AM",LWMC-AlIT,"Loader Rickshaw",2,Distance,5,-,-,-,-,-
1309,19845,19/08/2026,LWMC,"Tehsil Office, Allama Iqbal Town",S-221,"Bulk Waste Collection",39.819,3H10M,189.9,31.465262000,74.225552000,still,off,"19/08/2026 10:35 AM","19/08/2026 11:00 AM",LWMC-AlIT,"Mini Dumper",2,Distance,5,1,-,-,-,-
1310,61607,19/08/2026,LWMC,"Tehsil Office, Allama Iqbal Town",MFL-69,"Bulk Waste Collection",22.073,4H46M,285.71,31.398142000,74.274104000,moving,on,"19/08/2026 10:58 AM","19/08/2026 11:00 AM",LWMC-AlIT,Loader,3,Ignition,-,1,-,-,-,-
1311,18518,19/08/2026,LWMC,"Tehsil Office, Allama Iqbal Town",C-1343,"Container-Based Collection",41.245,4H49M,289.48,31.518487000,74.278428000,still,off,"19/08/2026 10:57 AM","19/08/2026 11:00 AM",LWMC-AlIT,"Compactor (13CM)",3,Distance,10,1,-,-,-,-
1312,59551,19/08/2026,LWMC,"Tehsil Office, Allama Iqbal Town",MFL-102,"Bulk Waste Collection",7.642,3H32M,212.41,31.331956000,74.251918000,still,off,"19/08/2026 10:58 AM","19/08/2026 11:00 AM",LWMC-AlIT,"Tractor Loader",3,Ignition,-,1,-,-,-,-
1313,60118,19/08/2026,LWMC,"Tehsil Office, Allama Iqbal Town",LR-1741,"Door To Door Collection",-,0H0M,-,31.322817000,74.229063000,still,off,"19/08/2026 10:46 AM","19/08/2026 11:00 AM",LWMC-AlIT,"Loader Rickshaw",2,Distance,5,-,-,-,-,-
1314,60310,19/08/2026,LWMC,"Tehsil Office, Allama Iqbal Town",LR-1081,"Door To Door Collection",30.042,2H50M,169.71,31.350355000,74.188092000,still,off,"19/08/2026 10:58 AM","19/08/2026 11:00 AM",LWMC-AlIT,"Loader Rickshaw",2,Distance,5,1,-,-,-,-
1315,60394,19/08/2026,LWMC,"Tehsil Office, Allama Iqbal Town",LR-2022,"Door To Door Collection",-,0H0M,-,31.275953000,74.253360000,still,off,"19/08/2026 09:53 AM","19/08/2026 11:00 AM",LWMC-AlIT,"Loader Rickshaw",2,Distance,5,-,-,-,-,-
1316,19701,19/08/2026,LWMC,"Tehsil Office, Allama Iqbal Town",M-17,"Bulk Waste Collection",43.34,6H44M,403.64,31.272071000,74.246751000,moving,on,"19/08/2026 10:50 AM","19/08/2026 11:00 AM",LWMC-AlIT,"Mini Dumper",2,Distance,5,1,-,-,-,-
1317,19650,19/08/2026,LWMC,"Tehsil Office, Allama Iqbal Town",S-123,"Bulk Waste Collection",37.408,2H22M,141.8,31.460950000,74.222298000,still,off,"19/08/2026 10:50 AM","19/08/2026 11:00 AM",LWMC-AlIT,"Mini Dumper",2,Distance,5,1,-,-,-,-
1318,18444,19/08/2026,LWMC,"Tehsil Office, Allama Iqbal Town",CA-147,"Container-Based Collection",138.686,5H31M,330.66,31.264076000,74.184873000,still,off,"19/08/2026 10:58 AM","19/08/2026 11:00 AM",LWMC-AlIT,"Chain Arm Roll",3,Distance,10,1,-,-,-,-
1319,22790,19/08/2026,LWMC,"Tehsil Office, Allama Iqbal Town",LR-0170,"Door To Door Collection",30.619,10H34M,634.18,31.482627000,74.237462000,moving,on,"19/08/2026 10:58 AM","19/08/2026 11:00 AM",LWMC-AlIT,"Loader Rickshaw",2,Distance,5,1,-,-,-,-
1320,60380,19/08/2026,LWMC,"Tehsil Office, Allama Iqbal Town",LR-1083,"Door To Door Collection",13.436,2H49M,169.31,31.290751000,74.185522000,still,off,"19/08/2026 10:58 AM","19/08/2026 11:00 AM",LWMC-AlIT,"Loader Rickshaw",2,Distance,5,1,-,-,-,-
1321,60308,19/08/2026,LWMC,"Tehsil Office, Allama Iqbal Town",LR-1520,"Door To Door Collection",25.678,4H22M,262.14,31.279132000,74.194447000,still,off,"19/08/2026 10:58 AM","19/08/2026 11:00 AM",LWMC-AlIT,"Loader Rickshaw",2,Distance,5,1,-,-,-,-
1322,22938,19/08/2026,LWMC,"Tehsil Office, Allama Iqbal Town",LR-0843,"Door To Door Collection",19.029,3H59M,238.94,31.479328000,74.295758000,still,off,"19/08/2026 10:36 AM","19/08/2026 11:00 AM",LWMC-AlIT,"Loader Rickshaw",2,Distance,5,1,-,-,-,-
1323,-,19/08/2026,LWMC,"Tehsil Office, Allama Iqbal Town",CA-164,-,80.788,5H32M,331.73,31.596392000,74.313773000,moving,on,"19/08/2026 10:58 AM","19/08/2026 11:00 AM",LWMC-AlIT,-,-,-,-,-,-,-,-,-
1324,59947,19/08/2026,LWMC,"Tehsil Office, Allama Iqbal Town",LR-2649,"Door To Door Collection",14.757,4H18M,257.69,31.400714000,74.266178000,still,off,"19/08/2026 10:57 AM","19/08/2026 11:00 AM",LWMC-AlIT,"Loader Rickshaw",2,Distance,5,1,-,-,-,-
1325,61658,19/08/2026,LWMC,"Tehsil Office, Allama Iqbal Town",MFL-80,"Bulk Waste Collection",-,7H6M,426.16,31.480153000,74.289109000,moving,on,"19/08/2026 07:54 AM","19/08/2026 08:30 AM",LWMC-AlIT,Loader,3,Ignition,-,1,-,-,-,-
1326,59892,19/08/2026,LWMC,"Tehsil Office, Allama Iqbal Town",MFT-08,"Bulk Waste Collection",38.762,10H45M,645.38,31.395724000,74.153397000,moving,on,"19/08/2026 10:58 AM","19/08/2026 11:00 AM",LWMC-AlIT,"Tractor Trolley",2,Distance,10,1,-,-,-,-
1327,61239,19/08/2026,LWMC,"Tehsil Office, Shalimar Town",LR-2074,"Door To Door Collection",21.805,7H38M,458.31,31.597622000,74.357078000,moving,on,"19/08/2026 10:58 AM","19/08/2026 11:00 AM",LWMC-ShTo,"Loader Rickshaw",-,-,-,-,-,-,-,-
1328,61596,19/08/2026,LWMC,"Tehsil Office, Shalimar Town",LR-2880,"Door To Door Collection",25.541,4H14M,254.46,31.609584000,74.381493000,moving,on,"19/08/2026 10:58 AM","19/08/2026 11:00 AM",LWMC-ShTo,"Loader Rickshaw",-,-,-,-,-,-,-,-
1329,61500,19/08/2026,LWMC,"Tehsil Office, Shalimar Town",S-80,"Door To Door Collection",30.027,2H3M,122.76,31.607157000,74.358360000,moving,on,"19/08/2026 11:00 AM","19/08/2026 11:00 AM",LWMC-ShTo,"Mini Dumper",-,-,-,-,-,-,-,-
1330,61572,19/08/2026,LWMC,"Tehsil Office, Shalimar Town",S-174,"Door To Door Collection",37.462,2H49M,169.26,31.587606000,74.370139000,still,off,"19/08/2026 10:57 AM","19/08/2026 11:00 AM",LWMC-ShTo,"Mini Dumper",-,-,-,-,-,-,-,-
1331,62013,19/08/2026,LWMC,"Tehsil Office, Shalimar Town",LR-2076,"Door To Door Collection",14.232,1H50M,109.63,31.581703000,74.359996000,still,off,"19/08/2026 10:26 AM","19/08/2026 11:00 AM",LWMC-ShTo,"Loader Rickshaw",-,-,-,-,-,-,-,-
1332,19449,19/08/2026,LWMC,"Tehsil Office, Shalimar Town",MFL-66,"Door To Door Collection",12.91,4H57M,296.88,31.614233000,74.345321000,still,off,"19/08/2026 10:57 AM","19/08/2026 11:00 AM",LWMC-ShTo,"Loader Rickshaw",-,-,-,-,-,-,-,-
1333,29195,19/08/2026,LWMC,"Tehsil Office, Shalimar Town",C-712,"Bulk Waste Collection",79.995,4H14M,254.25,31.573021000,74.286546000,moving,on,"19/08/2026 10:34 AM","19/08/2026 11:00 AM",LWMC-ShTo,"Compactor (25CM)",-,-,-,-,-,-,-,-
1334,59678,19/08/2026,LWMC,"Tehsil Office, Shalimar Town",SD-03,"Bulk Waste Collection",64.674,2H36M,156.01,31.610117000,74.316508000,moving,on,"19/08/2026 10:58 AM","19/08/2026 11:00 AM",LWMC-ShTo,"Dumper (10CM)",-,-,-,-,-,-,-,-
1335,61581,19/08/2026,LWMC,"Tehsil Office, Shalimar Town",LR-2335,"Door To Door Collection",8.319,0H39M,39.38,31.590390000,74.355840000,still,off,"19/08/2026 09:52 AM","19/08/2026 11:00 AM",LWMC-ShTo,"Loader Rickshaw",-,-,-,-,-,-,-,-
1336,23328,19/08/2026,LWMC,"Tehsil Office, Shalimar Town",LR-0963,"Door To Door Collection",16.017,5H2M,302.3,31.591143000,74.375498000,still,off,"19/08/2026 10:58 AM","19/08/2026 11:00 AM",LWMC-ShTo,"Loader Rickshaw",-,-,-,-,-,-,-,-
1337,61587,19/08/2026,LWMC,"Tehsil Office, Shalimar Town",LR-2775,"Door To Door Collection",19.832,2H6M,125.71,31.608749000,74.346164000,moving,on,"19/08/2026 10:57 AM","19/08/2026 11:00 AM",LWMC-ShTo,"Loader Rickshaw",-,-,-,-,-,-,-,-
1338,61508,19/08/2026,LWMC,"Tehsil Office, Shalimar Town",LR-2325,"Door To Door Collection",21.046,2H36M,156.08,31.609793000,74.381314000,moving,on,"19/08/2026 10:11 AM","19/08/2026 11:00 AM",LWMC-ShTo,"Loader Rickshaw",-,-,-,-,-,-,-,-
1339,18636,19/08/2026,LWMC,"Tehsil Office, Shalimar Town",C-1332,"Container-Based Collection",46.161,4H25M,265.28,31.573584000,74.287714000,still,off,"19/08/2026 10:58 AM","19/08/2026 11:00 AM",LWMC-ShTo,"Compactor (13CM)",-,-,-,-,-,-,-,-
1340,18693,19/08/2026,LWMC,"Tehsil Office, Shalimar Town",C-742,"Container-Based Collection",88.5,4H17M,257.08,31.611407000,74.311433000,moving,on,"19/08/2026 10:57 AM","19/08/2026 11:00 AM",LWMC-ShTo,"Compactor (7CM)",-,-,-,-,-,-,-,-
1341,60965,19/08/2026,LWMC,"Tehsil Office, Shalimar Town",S-391,"Door To Door Collection",30.272,1H39M,99.34,31.580844000,74.338923000,still,off,"19/08/2026 10:08 AM","19/08/2026 11:00 AM",LWMC-ShTo,"Mini Dumper",-,-,-,-,-,-,-,-
1342,60596,19/08/2026,LWMC,"Tehsil Office, Shalimar Town",S-62,"Door To Door Collection",32.355,4H25M,265.25,31.573923000,74.287802000,moving,on,"19/08/2026 10:55 AM","19/08/2026 11:00 AM",LWMC-ShTo,"Mini Dumper",-,-,-,-,-,-,-,-
1343,25313,19/08/2026,LWMC,"Tehsil Office, Shalimar Town",LR-0853,"Door to Door Collection",17.034,4H10M,250.06,31.576915000,74.385818000,still,off,"19/08/2026 10:17 AM","19/08/2026 11:00 AM",LWMC-ShTo,"Loader Rickshaw",-,-,-,-,-,-,-,-
1344,29192,19/08/2026,LWMC,"Tehsil Office, Shalimar Town",C13-1080,"Bulk Waste Collection",57.697,4H28M,268.14,31.573767000,74.287605000,still,off,"19/08/2026 10:48 AM","19/08/2026 11:00 AM",LWMC-ShTo,"Compactor (25CM)",-,-,-,-,-,-,-,-
1345,61793,19/08/2026,LWMC,"Tehsil Office, Shalimar Town",LR-2375,"Door To Door Collection",21.735,5H23M,322.8,31.609801000,74.381280000,moving,on,"19/08/2026 10:52 AM","19/08/2026 11:00 AM",LWMC-ShTo,"Loader Rickshaw",-,-,-,-,-,-,-,-
1346,61521,19/08/2026,LWMC,"Tehsil Office, Shalimar Town",LR-1295,"Door To Door Collection",16.732,5H48M,348.14,31.592795000,74.346090000,still,off,"19/08/2026 10:57 AM","19/08/2026 11:00 AM",LWMC-ShTo,"Loader Rickshaw",-,-,-,-,-,-,-,-
1347,61541,19/08/2026,LWMC,"Tehsil Office, Shalimar Town",S-100,"Door To Door Collection",20.447,1H31M,90.83,31.574073000,74.287546000,still,off,"19/08/2026 10:23 AM","19/08/2026 11:00 AM",LWMC-ShTo,"Mini Dumper",-,-,-,-,-,-,-,-
1348,60631,19/08/2026,LWMC,"Tehsil Office, Shalimar Town",S-365,"Door To Door Collection",34.197,2H49M,169.03,31.609160000,74.379996000,moving,on,"19/08/2026 10:59 AM","19/08/2026 11:00 AM",LWMC-ShTo,"Mini Dumper",-,-,-,-,-,-,-,-
1349,60970,19/08/2026,LWMC,"Tehsil Office, Shalimar Town",LR-2182,"Door To Door Collection",16.174,3H3M,183.48,31.581547000,74.334243000,still,off,"19/08/2026 10:59 AM","19/08/2026 11:00 AM",LWMC-ShTo,"Loader Rickshaw",-,-,-,-,-,-,-,-
1350,61623,19/08/2026,LWMC,"Tehsil Office, Shalimar Town",M-87,"Door To Door Collection",41.797,2H27M,147.05,31.573899000,74.287768000,moving,on,"19/08/2026 10:49 AM","19/08/2026 11:00 AM",LWMC-ShTo,"Mini Dumper",-,-,-,-,-,-,-,-
1351,61560,19/08/2026,LWMC,"Tehsil Office, Shalimar Town",LR-2786,"Door To Door Collection",8.435,3H48M,228.26,31.602521000,74.354676000,moving,on,"19/08/2026 10:53 AM","19/08/2026 11:00 AM",LWMC-ShTo,"Loader Rickshaw",-,-,-,-,-,-,-,-
1352,23329,19/08/2026,LWMC,"Tehsil Office, Shalimar Town",LR-0964,"Door To Door Collection",21.029,6H17M,376.6,31.597178000,74.381542000,still,off,"19/08/2026 10:58 AM","19/08/2026 11:00 AM",LWMC-ShTo,"Loader Rickshaw",-,-,-,-,-,-,-,-
1353,61563,19/08/2026,LWMC,"Tehsil Office, Shalimar Town",M-73,"Door To Door Collection",47.781,2H2M,121.58,31.581336000,74.337626000,still,off,"19/08/2026 10:14 AM","19/08/2026 11:00 AM",LWMC-ShTo,"Mini Dumper",-,-,-,-,-,-,-,-
1354,23345,19/08/2026,LWMC,"Tehsil Office, Shalimar Town",LR-1205,"Door To Door Collection",24.265,6H34M,394.44,31.578180000,74.390068000,still,off,"19/08/2026 10:58 AM","19/08/2026 11:00 AM",LWMC-ShTo,"Loader Rickshaw",-,-,-,-,-,-,-,-
1355,61551,19/08/2026,LWMC,"Tehsil Office, Shalimar Town",LR-2088,"Door To Door Collection",17.055,2H1M,121.45,31.577312000,74.388998000,moving,on,"19/08/2026 10:57 AM","19/08/2026 11:00 AM",LWMC-ShTo,"Loader Rickshaw",-,-,-,-,-,-,-,-
1356,60932,19/08/2026,LWMC,"Tehsil Office, Shalimar Town",LR-2793,"Door To Door Collection",11.22,4H4M,244.08,31.585583000,74.340594000,still,off,"19/08/2026 10:58 AM","19/08/2026 11:00 AM",LWMC-ShTo,"Loader Rickshaw",-,-,-,-,-,-,-,-
1357,59609,19/08/2026,LWMC,"Tehsil Office, Shalimar Town",LR-0967,"Door To Door Collection",18.376,2H48M,167.96,31.593106000,74.372149000,still,off,"19/08/2026 10:58 AM","19/08/2026 11:00 AM",LWMC-ShTo,"Loader Rickshaw",-,-,-,-,-,-,-,-
1358,61469,19/08/2026,LWMC,"Tehsil Office, Shalimar Town",LR-2332,"Door To Door Collection",22.631,6H35M,395.13,31.578974000,74.390369000,still,off,"19/08/2026 10:57 AM","19/08/2026 11:00 AM",LWMC-ShTo,"Loader Rickshaw",-,-,-,-,-,-,-,-
1359,60934,19/08/2026,LWMC,"Tehsil Office, Shalimar Town",LR-2608,"Door To Door Collection",17.909,6H3M,362.75,31.586778000,74.360604000,still,off,"19/08/2026 10:57 AM","19/08/2026 11:00 AM",LWMC-ShTo,"Loader Rickshaw",-,-,-,-,-,-,-,-
1360,25307,19/08/2026,LWMC,"Tehsil Office, Shalimar Town",LR-0847,"Door to Door Collection",18.347,3H51M,231.38,31.579458000,74.386368000,still,off,"19/08/2026 10:30 AM","19/08/2026 11:00 AM",LWMC-ShTo,"Loader Rickshaw",-,-,-,-,-,-,-,-
1361,61861,19/08/2026,LWMC,"Tehsil Office, Shalimar Town",LR-2773,"Door To Door Collection",10.349,1H0M,60.36,31.604215000,74.373592000,moving,on,"19/08/2026 10:56 AM","19/08/2026 11:00 AM",LWMC-ShTo,"Loader Rickshaw",-,-,-,-,-,-,-,-
1362,60572,19/08/2026,LWMC,"Tehsil Office, Shalimar Town",LR-2319,"Door To Door Collection",22.294,5H15M,315.13,31.595754000,74.380106000,still,off,"19/08/2026 10:57 AM","19/08/2026 11:00 AM",LWMC-ShTo,"Loader Rickshaw",-,-,-,-,-,-,-,-
1363,60920,19/08/2026,LWMC,"Tehsil Office, Shalimar Town",LR-2382,"Door To Door Collection",13.371,4H58M,298.41,31.590267000,74.337193000,still,off,"19/08/2026 10:57 AM","19/08/2026 11:00 AM",LWMC-ShTo,"Loader Rickshaw",-,-,-,-,-,-,-,-
1364,61583,19/08/2026,LWMC,"Tehsil Office, Shalimar Town",LR-2767,"Door To Door Collection",-,0H0M,-,31.610668000,74.381556000,still,off,"19/08/2026 09:44 AM","19/08/2026 11:00 AM",LWMC-ShTo,"Loader Rickshaw",-,-,-,-,-,-,-,-
1365,25249,19/08/2026,LWMC,"Tehsil Office, Shalimar Town",LR-0146,"Door To Door Collection",14.672,5H32M,331.85,31.598089000,74.359277000,still,off,"19/08/2026 10:57 AM","19/08/2026 11:00 AM",LWMC-ShTo,"Loader Rickshaw",-,-,-,-,-,-,-,-
1366,25271,19/08/2026,LWMC,"Tehsil Office, Shalimar Town",LR-0358,"Door To Door Collection",9.908,0H60M,59.58,31.588769000,74.358051000,moving,on,"19/08/2026 10:59 AM","19/08/2026 11:00 AM",LWMC-ShTo,"Loader Rickshaw",-,-,-,-,-,-,-,-
1367,23336,19/08/2026,LWMC,"Tehsil Office, Shalimar Town",LR-1196,"Door To Door Collection",16.631,6H6M,366.43,31.600841000,74.349716000,still,off,"19/08/2026 10:57 AM","19/08/2026 11:00 AM",LWMC-ShTo,"Loader Rickshaw",-,-,-,-,-,-,-,-
1368,61488,19/08/2026,LWMC,"Tehsil Office, Shalimar Town",S-344,"Door To Door Collection",18.719,2H44M,163.91,31.583131000,74.362591000,still,off,"19/08/2026 10:13 AM","19/08/2026 11:00 AM",LWMC-ShTo,"Mini Dumper",-,-,-,-,-,-,-,-
1369,60564,19/08/2026,LWMC,"Tehsil Office, Shalimar Town",C-1303,"Container-Based Collection",59.934,5H26M,326.21,31.609053000,74.337998000,moving,on,"19/08/2026 10:59 AM","19/08/2026 11:00 AM",LWMC-ShTo,"Compactor (13CM)",-,-,-,-,-,-,-,-
1370,19437,19/08/2026,LWMC,"Tehsil Office, Shalimar Town",R-48,"Door To Door Collection",17.598,1H30M,89.51,31.573306000,74.287511000,moving,on,"19/08/2026 10:54 AM","19/08/2026 11:00 AM",LWMC-ShTo,"Loader Rickshaw",-,-,-,-,-,-,-,-
1371,61077,19/08/2026,LWMC,"Tehsil Office, Shalimar Town",LR-2782,"Door To Door Collection",13.892,2H55M,174.68,31.586731000,74.346976000,still,off,"19/08/2026 10:59 AM","19/08/2026 11:00 AM",LWMC-ShTo,"Loader Rickshaw",-,-,-,-,-,-,-,-
1372,25315,19/08/2026,LWMC,"Tehsil Office, Shalimar Town",LR-0856,"Door To Door Collection",29.762,4H21M,260.64,31.610727000,74.381412000,still,off,"19/08/2026 10:18 AM","19/08/2026 11:00 AM",LWMC-ShTo,"Loader Rickshaw",-,-,-,-,-,-,-,-
1373,61515,19/08/2026,LWMC,"Tehsil Office, Shalimar Town",LR-2327,"Door To Door Collection",12.828,5H36M,336.36,31.607490000,74.342791000,still,off,"19/08/2026 10:58 AM","19/08/2026 11:00 AM",LWMC-ShTo,"Loader Rickshaw",-,-,-,-,-,-,-,-
1374,-,19/08/2026,LWMC,"Tehsil Office, Shalimar Town",LR-2877,-,10.288,3H7M,187.06,31.605098000,74.351640000,still,off,"19/08/2026 10:57 AM","19/08/2026 11:00 AM",LWMC-ShTo,-,-,-,-,-,-,-,-,-
1375,61972,19/08/2026,LWMC,"Tehsil Office, Shalimar Town",LR-0355,"Door To Door Collection",24.141,3H30M,210.06,31.579972000,74.348617000,moving,on,"19/08/2026 10:48 AM","19/08/2026 11:00 AM",LWMC-ShTo,"Loader Rickshaw",-,-,-,-,-,-,-,-
1376,59717,19/08/2026,LWMC,"Tehsil Office, Shalimar Town",D-53,"Bulk Waste Collection",60.077,3H11M,191.36,31.608038000,74.368424000,still,off,"19/08/2026 10:16 AM","19/08/2026 11:00 AM",LWMC-ShTo,"Dumper (5CM)",-,-,-,-,-,-,-,-
1377,60958,19/08/2026,LWMC,"Tehsil Office, Shalimar Town",LR-1294,"Door To Door Collection",16.752,2H24M,144.23,31.585849000,74.342282000,moving,on,"19/08/2026 10:59 AM","19/08/2026 11:00 AM",LWMC-ShTo,"Loader Rickshaw",-,-,-,-,-,-,-,-
1378,60579,19/08/2026,LWMC,"Tehsil Office, Shalimar Town",LR-2766,"Door To Door Collection",7.215,4H45M,285.18,31.589323000,74.361834000,still,off,"19/08/2026 10:59 AM","19/08/2026 11:00 AM",LWMC-ShTo,"Loader Rickshaw",-,-,-,-,-,-,-,-
1379,-,19/08/2026,LWMC,"Tehsil Office, Shalimar Town",LR-2601,-,26.507,5H38M,337.71,31.570646000,74.382093000,moving,on,"19/08/2026 10:57 AM","19/08/2026 11:00 AM",LWMC-ShTo,-,-,-,-,-,-,-,-,-
1380,61553,19/08/2026,LWMC,"Tehsil Office, Shalimar Town",S-31,"Door To Door Collection",24.155,1H37M,96.56,31.613618000,74.350716000,still,off,"19/08/2026 10:40 AM","19/08/2026 11:00 AM",LWMC-ShTo,"Mini Dumper",-,-,-,-,-,-,-,-
1381,61229,19/08/2026,LWMC,"Tehsil Office, Shalimar Town",LR-2080,"Door To Door Collection",13.696,1H20M,80.33,31.601907000,74.358382000,moving,on,"19/08/2026 10:11 AM","19/08/2026 11:00 AM",LWMC-ShTo,"Loader Rickshaw",-,-,-,-,-,-,-,-
1382,60681,19/08/2026,LWMC,"Tehsil Office, Shalimar Town",M-112,"Bulk Waste Collection",49.049,3H26M,205.73,31.603860000,74.358333000,moving,on,"19/08/2026 10:48 AM","19/08/2026 11:00 AM",LWMC-ShTo,"Mini Dumper",-,-,-,-,-,-,-,-
1383,25273,19/08/2026,LWMC,"Tehsil Office, Shalimar Town",LR-0480,"Door To Door Collection",12.448,1H56M,115.59,31.600606000,74.377637000,moving,on,"19/08/2026 10:56 AM","19/08/2026 11:00 AM",LWMC-ShTo,"Loader Rickshaw",-,-,-,-,-,-,-,-
1384,61983,19/08/2026,LWMC,"Tehsil Office, Shalimar Town",LR-2294,"Door To Door Collection",15.884,4H51M,290.8,31.589843000,74.375524000,moving,on,"19/08/2026 10:57 AM","19/08/2026 11:00 AM",LWMC-ShTo,"Loader Rickshaw",-,-,-,-,-,-,-,-
1385,61660,19/08/2026,LWMC,"Tehsil Office, Shalimar Town",HA-09,"Container-Based Collection",50.133,5H37M,336.55,31.579903000,74.372343000,still,off,"19/08/2026 10:58 AM","19/08/2026 11:00 AM",LWMC-ShTo,"Arm Roll Truck",-,-,-,-,-,-,-,-
1386,61349,19/08/2026,LWMC,"Tehsil Office, Shalimar Town",LR-2340,"Door To Door Collection",23.468,3H57M,237.06,31.580951000,74.343189000,moving,on,"19/08/2026 10:26 AM","19/08/2026 11:00 AM",LWMC-ShTo,"Loader Rickshaw",-,-,-,-,-,-,-,-
1387,59775,19/08/2026,LWMC,"Tehsil Office, Shalimar Town",CA-154,"Bulk Waste Collection",68.579,4H10M,250.5,31.573953000,74.287806000,still,off,"19/08/2026 10:20 AM","19/08/2026 11:00 AM",LWMC-ShTo,"Chain Arm Roll",-,-,-,-,-,-,-,-
1388,19446,19/08/2026,LWMC,"Tehsil Office, Shalimar Town",MFL-13,"Door To Door Collection",27.364,5H46M,345.58,31.614998000,74.347989000,still,off,"19/08/2026 10:57 AM","19/08/2026 11:00 AM",LWMC-ShTo,"Loader Rickshaw",-,-,-,-,-,-,-,-
1389,25316,19/08/2026,LWMC,"Tehsil Office, Shalimar Town",LR-0858,"Door To Door Collection",22.08,3H4M,183.68,31.586539000,74.372764000,moving,on,"19/08/2026 10:32 AM","19/08/2026 11:00 AM",LWMC-ShTo,"Loader Rickshaw",-,-,-,-,-,-,-,-
1390,18632,19/08/2026,LWMC,"Tehsil Office, Shalimar Town",C-1331,"Container-Based Collection",46.679,3H26M,205.76,31.572859000,74.286913000,still,off,"19/08/2026 10:53 AM","19/08/2026 11:00 AM",LWMC-ShTo,"Compactor (13CM)",-,-,-,-,-,-,-,-
1391,61063,19/08/2026,LWMC,"Tehsil Office, Shalimar Town",LR-2204,"Door To Door Collection",13.439,1H43M,103.36,31.589940000,74.342593000,moving,on,"19/08/2026 10:59 AM","19/08/2026 11:00 AM",LWMC-ShTo,"Loader Rickshaw",-,-,-,-,-,-,-,-
1392,60944,19/08/2026,LWMC,"Tehsil Office, Shalimar Town",LR-2090,"Door To Door Collection",24.231,4H49M,289.36,31.607174000,74.358453000,moving,on,"19/08/2026 10:57 AM","19/08/2026 11:00 AM",LWMC-ShTo,"Loader Rickshaw",-,-,-,-,-,-,-,-
1393,25247,19/08/2026,LWMC,"Tehsil Office, Shalimar Town",LR-0133,"Door To Door Collection",11.599,5H13M,312.76,31.604341000,74.367740000,moving,on,"19/08/2026 10:59 AM","19/08/2026 11:00 AM",LWMC-ShTo,"Loader Rickshaw",-,-,-,-,-,-,-,-
1394,61799,19/08/2026,LWMC,"Tehsil Office, Shalimar Town",LR-2376,"Door To Door Collection",12.683,4H16M,256,31.590579000,74.345626000,still,off,"19/08/2026 10:58 AM","19/08/2026 11:00 AM",LWMC-ShTo,"Loader Rickshaw",-,-,-,-,-,-,-,-
1395,18779,19/08/2026,LWMC,"Tehsil Office, Shalimar Town",D-26,"TCP Fleet",73.191,4H24M,264.5,31.606209000,74.307114000,still,off,"19/08/2026 10:55 AM","19/08/2026 11:00 AM",LWMC-ShTo,"Dumper (10CM)",-,-,-,-,-,-,-,-
1396,61700,19/08/2026,LWMC,"Tehsil Office, Shalimar Town",MFL-97,"Bulk Waste Collection",4.795,6H25M,384.81,31.607379000,74.358493000,moving,on,"19/08/2026 10:57 AM","19/08/2026 11:00 AM",LWMC-ShTo,"Tractor Front Blade",-,-,-,-,-,-,-,-
1397,61342,19/08/2026,LWMC,"Tehsil Office, Shalimar Town",LR-1303,"Door To Door Collection",25.465,2H17M,137.09,31.580129000,74.343209000,moving,on,"19/08/2026 10:36 AM","19/08/2026 11:00 AM",LWMC-ShTo,"Loader Rickshaw",-,-,-,-,-,-,-,-
1398,60615,19/08/2026,LWMC,"Tehsil Office, Shalimar Town",S-71,"Door To Door Collection",35.743,2H50M,169.63,31.596653000,74.337420000,still,off,"19/08/2026 10:59 AM","19/08/2026 11:00 AM",LWMC-ShTo,"Mini Dumper",-,-,-,-,-,-,-,-
1399,62108,19/08/2026,LWMC,"Tehsil Office, Shalimar Town",LR-2499,"Door To Door Collection",27.995,3H10M,190.15,31.579193000,74.369058000,moving,on,"19/08/2026 10:49 AM","19/08/2026 11:00 AM",LWMC-ShTo,"Loader Rickshaw",-,-,-,-,-,-,-,-
1400,61601,19/08/2026,LWMC,"Tehsil Office, Shalimar Town",LR-1550,"Door To Door Collection",10.717,3H8M,188.06,31.603631000,74.346113000,still,off,"19/08/2026 10:58 AM","19/08/2026 11:00 AM",LWMC-ShTo,"Loader Rickshaw",-,-,-,-,-,-,-,-
1401,60848,19/08/2026,LWMC,"Tehsil Office, Shalimar Town",LR-2497,"Door To Door Collection",15.938,4H4M,244.06,31.580727000,74.363084000,still,off,"19/08/2026 10:57 AM","19/08/2026 11:00 AM",LWMC-ShTo,"Loader Rickshaw",-,-,-,-,-,-,-,-
1402,62182,19/08/2026,LWMC,"Tehsil Office, Shalimar Town",LR-2606,"Door To Door Collection",27.089,4H54M,293.71,31.610599000,74.381409000,still,off,"19/08/2026 10:57 AM","19/08/2026 11:03 AM",LWMC-ShTo,"Loader Rickshaw",-,-,-,-,-,-,-,-
1403,61097,19/08/2026,LWMC,"Tehsil Office, Shalimar Town",S-114,"Door To Door Collection",17.697,3H13M,192.8,31.600509000,74.357878000,moving,on,"19/08/2026 10:57 AM","19/08/2026 11:00 AM",LWMC-ShTo,"Mini Dumper",-,-,-,-,-,-,-,-
1404,61593,19/08/2026,LWMC,"Tehsil Office, Shalimar Town",S-117,"Door To Door Collection",32.807,2H50M,169.61,31.594290000,74.364793000,moving,on,"19/08/2026 11:00 AM","19/08/2026 11:00 AM",LWMC-ShTo,"Mini Dumper",-,-,-,-,-,-,-,-
1405,61608,19/08/2026,LWMC,"Tehsil Office, Shalimar Town",LR-2421,"Door To Door Collection",17.252,4H16M,255.76,31.587397000,74.351988000,still,off,"19/08/2026 10:55 AM","19/08/2026 11:00 AM",LWMC-ShTo,"Loader Rickshaw",-,-,-,-,-,-,-,-
1406,60698,19/08/2026,LWMC,"Tehsil Office, Shalimar Town",S-269,"Door To Door Collection",27.698,2H39M,158.84,31.578708000,74.367604000,moving,on,"19/08/2026 10:57 AM","19/08/2026 11:00 AM",LWMC-ShTo,"Mini Dumper",-,-,-,-,-,-,-,-
1407,62028,19/08/2026,LWMC,"Tehsil Office, Shalimar Town",S-167,"Door To Door Collection",87.69,4H33M,272.66,31.573877000,74.288107000,still,off,"19/08/2026 10:54 AM","19/08/2026 11:00 AM",LWMC-ShTo,"Mini Dumper",-,-,-,-,-,-,-,-
1408,61598,19/08/2026,LWMC,"Tehsil Office, Shalimar Town",LR-2599,"Door To Door Collection",10.391,3H0M,180.28,31.570238000,74.384759000,still,off,"19/08/2026 10:57 AM","19/08/2026 11:00 AM",LWMC-ShTo,"Loader Rickshaw",-,-,-,-,-,-,-,-
1409,-,19/08/2026,LWMC,"Tehsil Office, Shalimar Town",WR-0036,-,5.488,1H31M,91.38,31.561174000,74.296272000,still,off,"19/08/2026 10:51 AM","19/08/2026 11:00 AM",LWMC-ShTo,-,-,-,-,-,-,-,-,-
1410,-,19/08/2026,LWMC,"Tehsil Office, Shalimar Town",LR0047,-,8.707,0H30M,29.85,31.596708000,74.338174000,still,off,"19/08/2026 09:57 AM","19/08/2026 11:00 AM",LWMC-ShTo,-,-,-,-,-,-,-,-,-
1411,61864,19/08/2026,LWMC,"Tehsil Office, Shalimar Town",LR-2941,"Door To Door Collection",15.026,7H3M,422.76,31.605280000,74.358124000,still,off,"19/08/2026 10:57 AM","19/08/2026 11:00 AM",LWMC-ShTo,"Loader Rickshaw",-,-,-,-,-,-,-,-
1412,60651,19/08/2026,LWMC,"Tehsil Office, Shalimar Town",M-121,"Bulk Waste Collection",51.19,3H32M,211.91,31.609133000,74.379968000,still,off,"19/08/2026 10:30 AM","19/08/2026 11:00 AM",LWMC-ShTo,"Mini Dumper",-,-,-,-,-,-,-,-
1413,61361,19/08/2026,LWMC,"Tehsil Office, Shalimar Town",LR-2072,"Door To Door Collection",20.582,5H25M,325,31.599837000,74.357637000,moving,on,"19/08/2026 10:58 AM","19/08/2026 11:00 AM",LWMC-ShTo,"Loader Rickshaw",-,-,-,-,-,-,-,-
1414,61338,19/08/2026,LWMC,"Tehsil Office, Shalimar Town",LR-2595,"Door To Door Collection",21.251,2H48M,167.78,31.607102000,74.358002000,moving,on,"19/08/2026 10:59 AM","19/08/2026 11:00 AM",LWMC-ShTo,"Loader Rickshaw",-,-,-,-,-,-,-,-
1415,18415,19/08/2026,LWMC,"Tehsil Office, Shalimar Town",HA-37,"Container-Based Collection",-,0H0M,-,31.573244000,74.287034000,still,off,"19/08/2026 09:30 AM","19/08/2026 10:30 AM",LWMC-ShTo,"Arm Roll Truck",-,-,-,-,-,-,-,-
1416,61831,19/08/2026,LWMC,"Tehsil Office, Shalimar Town",LR-2422,"Door To Door Collection",16.083,1H30M,89.93,31.591661000,74.352943000,moving,on,"19/08/2026 10:11 AM","19/08/2026 10:30 AM",LWMC-ShTo,"Loader Rickshaw",-,-,-,-,-,-,-,-
1417,61640,19/08/2026,LWMC,"Tehsil Office, Shalimar Town",S-111,"Door To Door Collection",43.475,2H30M,150.28,31.608896000,74.355113000,moving,on,"19/08/2026 10:48 AM","19/08/2026 11:00 AM",LWMC-ShTo,"Mini Dumper",-,-,-,-,-,-,-,-
1418,61558,19/08/2026,LWMC,"Tehsil Office, Shalimar Town",LR-2785,"Door To Door Collection",10.159,1H43M,103.03,31.601499000,74.351518000,moving,on,"19/08/2026 10:58 AM","19/08/2026 11:00 AM",LWMC-ShTo,"Loader Rickshaw",-,-,-,-,-,-,-,-
1419,61093,19/08/2026,LWMC,"Tehsil Office, Shalimar Town",S-176,"Door To Door Collection",25.052,2H22M,141.96,31.587302000,74.342687000,still,off,"19/08/2026 10:50 AM","19/08/2026 11:00 AM",LWMC-ShTo,"Mini Dumper",-,-,-,-,-,-,-,-
1420,61535,19/08/2026,LWMC,"Tehsil Office, Shalimar Town",LR-2380,"Door To Door Collection",17.628,4H7M,246.88,31.587825000,74.336906000,moving,on,"19/08/2026 10:39 AM","19/08/2026 11:00 AM",LWMC-ShTo,"Loader Rickshaw",-,-,-,-,-,-,-,-
1421,60694,19/08/2026,LWMC,"Tehsil Office, Shalimar Town",S-388,"Door To Door Collection",19.555,0H60M,59.58,31.585753000,74.349985000,moving,on,"19/08/2026 10:53 AM","19/08/2026 11:00 AM",LWMC-ShTo,"Mini Dumper",-,-,-,-,-,-,-,-
1422,-,19/08/2026,LWMC,"Tehsil Office, Shalimar Town",LR-2945,-,18.481,3H54M,234.4,31.602998000,74.383768000,still,off,"19/08/2026 10:56 AM","19/08/2026 11:00 AM",LWMC-ShTo,-,-,-,-,-,-,-,-,-
1423,61524,19/08/2026,LWMC,"Tehsil Office, Shalimar Town",LR-1800,"Door To Door Collection",12.878,3H50M,230.34,31.585217000,74.337825000,moving,on,"19/08/2026 10:56 AM","19/08/2026 11:00 AM",LWMC-ShTo,"Loader Rickshaw",-,-,-,-,-,-,-,-
1424,60955,19/08/2026,LWMC,"Tehsil Office, Shalimar Town",LR-2093,"Door To Door Collection",23.433,3H56M,236.16,31.607134000,74.358358000,moving,on,"19/08/2026 10:59 AM","19/08/2026 11:00 AM",LWMC-ShTo,"Loader Rickshaw",-,-,-,-,-,-,-,-
1425,62109,19/08/2026,LWMC,"Tehsil Office, Shalimar Town",LR-2503,"Door To Door Collection",32.621,5H24M,323.55,31.576059000,74.377514000,still,off,"19/08/2026 10:57 AM","19/08/2026 11:00 AM",LWMC-ShTo,"Loader Rickshaw",-,-,-,-,-,-,-,-
1426,61568,19/08/2026,LWMC,"Tehsil Office, Shalimar Town",LR-2323,"Door To Door Collection",14.146,5H49M,349.19,31.609286000,74.380392000,moving,on,"19/08/2026 10:59 AM","19/08/2026 11:00 AM",LWMC-ShTo,"Loader Rickshaw",-,-,-,-,-,-,-,-
1427,61614,19/08/2026,LWMC,"Tehsil Office, Shalimar Town",LR-1794,"Door To Door Collection",16.455,4H52M,292.44,31.602319000,74.341507000,still,off,"19/08/2026 10:50 AM","19/08/2026 11:00 AM",LWMC-ShTo,"Loader Rickshaw",-,-,-,-,-,-,-,-
1428,25274,19/08/2026,LWMC,"Tehsil Office, Shalimar Town",LR-0481,"Door To Door Collection",14.194,1H50M,109.93,31.604028000,74.362485000,moving,on,"19/08/2026 10:48 AM","19/08/2026 11:00 AM",LWMC-ShTo,"Loader Rickshaw",-,-,-,-,-,-,-,-
1429,61505,19/08/2026,LWMC,"Tehsil Office, Shalimar Town",LR-2789,"Door To Door Collection",10.417,3H5M,185.19,31.601835000,74.369173000,moving,on,"19/08/2026 10:58 AM","19/08/2026 11:00 AM",LWMC-ShTo,"Loader Rickshaw",-,-,-,-,-,-,-,-
1430,61853,19/08/2026,LWMC,"Tehsil Office, Shalimar Town",LR-2322,"Door To Door Collection",16.02,1H28M,87.58,31.609950000,74.381371000,still,off,"19/08/2026 10:58 AM","19/08/2026 11:00 AM",LWMC-ShTo,"Loader Rickshaw",-,-,-,-,-,-,-,-
1431,25248,19/08/2026,LWMC,"Tehsil Office, Shalimar Town",LR-0145,"Door To Door Collection",12.101,2H3M,122.98,31.600071000,74.365562000,still,off,"19/08/2026 10:47 AM","19/08/2026 11:00 AM",LWMC-ShTo,"Loader Rickshaw",-,-,-,-,-,-,-,-
1432,60626,19/08/2026,LWMC,"Tehsil Office, Shalimar Town",S-96,"Door To Door Collection",33.729,5H20M,319.94,31.596459000,74.340787000,still,off,"19/08/2026 10:58 AM","19/08/2026 11:00 AM",LWMC-ShTo,"Mini Dumper",-,-,-,-,-,-,-,-
1433,60656,19/08/2026,LWMC,"Tehsil Office, Shalimar Town",S-268,"Door To Door Collection",21.561,1H35M,95.06,31.603020000,74.336169000,still,off,"19/08/2026 10:24 AM","19/08/2026 11:00 AM",LWMC-ShTo,"Mini Dumper",-,-,-,-,-,-,-,-
1434,61566,19/08/2026,LWMC,"Tehsil Office, Shalimar Town",S-27,"Door To Door Collection",25.375,2H22M,141.78,31.569503000,74.382956000,still,off,"19/08/2026 10:57 AM","19/08/2026 11:00 AM",LWMC-ShTo,"Mini Dumper",-,-,-,-,-,-,-,-
1435,61849,19/08/2026,LWMC,"Tehsil Office, Shalimar Town",LR-2328,"Door To Door Collection",22.287,3H20M,200.36,31.586112000,74.370258000,moving,on,"19/08/2026 10:59 AM","19/08/2026 11:00 AM",LWMC-ShTo,"Loader Rickshaw",-,-,-,-,-,-,-,-
1436,61571,19/08/2026,LWMC,"Tehsil Office, Shalimar Town",LR-2324,"Door To Door Collection",12.608,4H31M,270.76,31.608547000,74.355365000,moving,on,"19/08/2026 10:59 AM","19/08/2026 11:00 AM",LWMC-ShTo,"Loader Rickshaw",-,-,-,-,-,-,-,-
1437,61982,19/08/2026,LWMC,"Tehsil Office, Shalimar Town",LR-2293,"Door To Door Collection",12.307,4H19M,258.89,31.590978000,74.370147000,still,off,"19/08/2026 10:57 AM","19/08/2026 11:00 AM",LWMC-ShTo,"Loader Rickshaw",-,-,-,-,-,-,-,-
1438,60953,19/08/2026,LWMC,"Tehsil Office, Shalimar Town",S-270,"Door To Door Collection",26.072,1H58M,118.26,31.591387000,74.335379000,still,off,"19/08/2026 11:00 AM","19/08/2026 11:00 AM",LWMC-ShTo,"Mini Dumper",-,-,-,-,-,-,-,-
1439,23346,19/08/2026,LWMC,"Tehsil Office, Shalimar Town",LR-1206,"Door To Door Collection",24.252,3H40M,219.98,31.581484000,74.342663000,still,off,"19/08/2026 10:44 AM","19/08/2026 11:00 AM",LWMC-ShTo,"Loader Rickshaw",-,-,-,-,-,-,-,-
1440,61626,19/08/2026,LWMC,"Tehsil Office, Shalimar Town",LR-2424,"Door To Door Collection",12.77,4H57M,296.73,31.600821000,74.342619000,moving,on,"19/08/2026 10:59 AM","19/08/2026 11:00 AM",LWMC-ShTo,"Loader Rickshaw",-,-,-,-,-,-,-,-
1441,61600,19/08/2026,LWMC,"Tehsil Office, Shalimar Town",LR-2882,"Door To Door Collection",10.272,5H7M,306.96,31.616622000,74.344456000,moving,on,"19/08/2026 10:59 AM","19/08/2026 11:00 AM",LWMC-ShTo,"Loader Rickshaw",-,-,-,-,-,-,-,-
1442,61790,19/08/2026,LWMC,"Tehsil Office, Shalimar Town",LR-2071,"Door To Door Collection",13.551,2H8M,128.15,31.586845000,74.341353000,moving,on,"19/08/2026 10:49 AM","19/08/2026 11:00 AM",LWMC-ShTo,"Loader Rickshaw",-,-,-,-,-,-,-,-
1443,61826,19/08/2026,LWMC,"Tehsil Office, Shalimar Town",LR-2596,"Door To Door Collection",15.025,2H48M,168.11,31.600181000,74.357696000,moving,on,"19/08/2026 10:51 AM","19/08/2026 11:00 AM",LWMC-ShTo,"Loader Rickshaw",-,-,-,-,-,-,-,-
1444,61486,19/08/2026,LWMC,"Tehsil Office, Shalimar Town",LR-0855,"Door To Door Collection",17.066,1H59M,119.36,31.608699000,74.368471000,moving,on,"19/08/2026 10:59 AM","19/08/2026 11:00 AM",LWMC-ShTo,"Loader Rickshaw",-,-,-,-,-,-,-,-
1445,61095,19/08/2026,LWMC,"Tehsil Office, Shalimar Town",S-349,"Door To Door Collection",78.031,3H56M,236.48,31.478113000,74.273454000,moving,on,"19/08/2026 10:57 AM","19/08/2026 11:00 AM",LWMC-ShTo,"Mini Dumper",-,-,-,-,-,-,-,-
1446,60638,19/08/2026,LWMC,"Tehsil Office, Shalimar Town",S-186,"Door To Door Collection",32.963,2H27M,147.31,31.592511000,74.368842000,still,off,"19/08/2026 10:58 AM","19/08/2026 11:00 AM",LWMC-ShTo,"Mini Dumper",-,-,-,-,-,-,-,-
1447,25259,19/08/2026,LWMC,"Tehsil Office, Shalimar Town",LR-0132,"Door To Door Collection",14.578,4H14M,254,31.607243000,74.357939000,still,off,"19/08/2026 10:57 AM","19/08/2026 11:00 AM",LWMC-ShTo,"Loader Rickshaw",-,-,-,-,-,-,-,-
1448,59866,19/08/2026,LWMC,"Tehsil Office, Shalimar Town",CA-126,"Bulk Waste Collection",77.493,4H27M,267.05,31.609014000,74.379789000,still,off,"19/08/2026 10:25 AM","19/08/2026 11:00 AM",LWMC-ShTo,"Chain Arm Roll",-,-,-,-,-,-,-,-
1449,61835,19/08/2026,LWMC,"Tehsil Office, Shalimar Town",LR-2068,"Door To Door Collection",22.715,2H30M,150.09,31.586487000,74.351168000,moving,on,"19/08/2026 10:56 AM","19/08/2026 11:00 AM",LWMC-ShTo,"Loader Rickshaw",-,-,-,-,-,-,-,-
1450,60689,19/08/2026,LWMC,"Tehsil Office, Shalimar Town",S-86,"Door To Door Collection",24.184,1H49M,109.38,31.595383000,74.382269000,moving,on,"19/08/2026 10:57 AM","19/08/2026 11:00 AM",LWMC-ShTo,"Mini Dumper",-,-,-,-,-,-,-,-
1451,61862,19/08/2026,LWMC,"Tehsil Office, Shalimar Town",LR-2774,"Door To Door Collection",13.677,3H37M,217.3,31.596799000,74.369455000,still,off,"19/08/2026 10:58 AM","19/08/2026 11:00 AM",LWMC-ShTo,"Loader Rickshaw",-,-,-,-,-,-,-,-
1452,60904,19/08/2026,LWMC,"Tehsil Office, Shalimar Town",LR-2501,"Door To Door Collection",-,0H0M,-,31.610253000,74.381525000,still,off,"19/08/2026 09:47 AM","19/08/2026 11:00 AM",LWMC-ShTo,"Loader Rickshaw",-,-,-,-,-,-,-,-
1453,59734,19/08/2026,LWMC,"Tehsil Office, Shalimar Town",D-67,"Bulk Waste Collection",65.231,2H56M,176.28,31.607262000,74.357889000,moving,on,"19/08/2026 10:41 AM","19/08/2026 11:00 AM",LWMC-ShTo,"Dumper (5CM)",-,-,-,-,-,-,-,-
1454,61847,19/08/2026,LWMC,"Tehsil Office, Shalimar Town",LR-2330,"Door To Door Collection",23.926,4H8M,248.05,31.586417000,74.374644000,moving,on,"19/08/2026 10:35 AM","19/08/2026 11:00 AM",LWMC-ShTo,"Loader Rickshaw",-,-,-,-,-,-,-,-
1455,25245,19/08/2026,LWMC,"Tehsil Office, Shalimar Town",LR-0129,"Door To Door Collection",10.732,5H39M,338.63,31.602033000,74.359629000,still,off,"19/08/2026 10:57 AM","19/08/2026 11:00 AM",LWMC-ShTo,"Loader Rickshaw",-,-,-,-,-,-,-,-
1456,18781,19/08/2026,LWMC,"Tehsil Office, Shalimar Town",D-21,"Landfill Site Fleet",3.575,2H8M,127.88,31.616994000,74.419216000,still,off,"19/08/2026 10:58 AM","19/08/2026 11:00 AM",LWMC-ShTo,"Dumper (10CM)",-,-,-,-,-,-,-,-
1457,61050,19/08/2026,LWMC,"Tehsil Office, Shalimar Town",LR-2788,"Door To Door Collection",13.639,7H4M,423.96,31.584721000,74.341850000,still,off,"19/08/2026 10:57 AM","19/08/2026 11:00 AM",LWMC-ShTo,"Loader Rickshaw",-,-,-,-,-,-,-,-
1458,29206,19/08/2026,LWMC,"Tehsil Office, Shalimar Town",C-1320,"Bulk Waste Collection",60.002,5H4M,303.83,31.592547000,74.335185000,still,off,"19/08/2026 10:58 AM","19/08/2026 11:00 AM",LWMC-ShTo,"Compactor (13CM)",-,-,-,-,-,-,-,-
1459,61669,19/08/2026,LWMC,"Tehsil Office, Shalimar Town",MFL-84,"Bulk Waste Collection",10.765,6H6M,365.75,31.597062000,74.359568000,still,off,"19/08/2026 10:57 AM","19/08/2026 11:00 AM",LWMC-ShTo,"Tractor Loader",-,-,-,-,-,-,-,-
1460,60830,19/08/2026,LWMC,"Tehsil Office, Shalimar Town",LR-2600,"Door To Door Collection",36.374,5H28M,327.75,31.601923000,74.369176000,moving,on,"19/08/2026 10:58 AM","19/08/2026 11:00 AM",LWMC-ShTo,"Loader Rickshaw",-,-,-,-,-,-,-,-
1461,25256,19/08/2026,LWMC,"Tehsil Office, Shalimar Town",LR-0126,"Door To Door Collection",19.251,3H13M,193.13,31.598028000,74.374849000,still,off,"19/08/2026 10:59 AM","19/08/2026 11:00 AM",LWMC-ShTo,"Loader Rickshaw",-,-,-,-,-,-,-,-
1462,61613,19/08/2026,LWMC,"Tehsil Office, Shalimar Town",LR-1793,"Door To Door Collection",19.788,5H12M,312.14,31.601877000,74.341608000,still,off,"19/08/2026 10:55 AM","19/08/2026 11:00 AM",LWMC-ShTo,"Loader Rickshaw",-,-,-,-,-,-,-,-
1463,25269,19/08/2026,LWMC,"Tehsil Office, Shalimar Town",LR-0356,"Door To Door Collection",17.702,2H11M,131.05,31.579051000,74.349403000,still,off,"19/08/2026 10:48 AM","19/08/2026 11:00 AM",LWMC-ShTo,"Loader Rickshaw",-,-,-,-,-,-,-,-
1464,60890,19/08/2026,LWMC,"Tehsil Office, Shalimar Town",LR-1790,"Door To Door Collection",13.352,4H33M,273.06,31.584029000,74.335011000,still,off,"19/08/2026 10:58 AM","19/08/2026 11:00 AM",LWMC-ShTo,"Loader Rickshaw",-,-,-,-,-,-,-,-
1465,-,19/08/2026,LWMC,"Tehsil Office, Shalimar Town",LR-2878,-,26.635,3H20M,200.38,31.574579000,74.387708000,moving,on,"19/08/2026 10:57 AM","19/08/2026 11:00 AM",LWMC-ShTo,-,-,-,-,-,-,-,-,-
1466,60858,19/08/2026,LWMC,"Tehsil Office, Shalimar Town",LR-2495,"Door To Door Collection",22.028,4H59M,299.21,31.579340000,74.363194000,still,off,"19/08/2026 10:58 AM","19/08/2026 11:00 AM",LWMC-ShTo,"Loader Rickshaw",-,-,-,-,-,-,-,-
1467,60861,19/08/2026,LWMC,"Tehsil Office, Shalimar Town",LR-2610,"Door To Door Collection",32.664,8H18M,497.96,31.583982000,74.384007000,still,off,"19/08/2026 10:57 AM","19/08/2026 11:00 AM",LWMC-ShTo,"Loader Rickshaw",-,-,-,-,-,-,-,-
1468,61480,19/08/2026,LWMC,"Tehsil Office, Shalimar Town",LR-2879,"Door To Door Collection",18.96,3H45M,224.8,31.612583000,74.349237000,still,off,"19/08/2026 10:59 AM","19/08/2026 11:00 AM",LWMC-ShTo,"Loader Rickshaw",-,-,-,-,-,-,-,-
1469,61548,19/08/2026,LWMC,"Tehsil Office, Shalimar Town",S-79,"Door To Door Collection",30.114,1H32M,92.11,31.608823000,74.354814000,moving,on,"19/08/2026 10:58 AM","19/08/2026 11:00 AM",LWMC-ShTo,"Mini Dumper",-,-,-,-,-,-,-,-
1470,61532,19/08/2026,LWMC,"Tehsil Office, Shalimar Town",LR-2205,"Door To Door Collection",15.524,3H22M,201.94,31.587479000,74.342734000,moving,on,"19/08/2026 10:58 AM","19/08/2026 11:00 AM",LWMC-ShTo,"Loader Rickshaw",-,-,-,-,-,-,-,-
1471,61611,19/08/2026,LWMC,"Tehsil Office, Shalimar Town",LR-2104,"Door To Door Collection",11.044,5H39M,339.48,31.603981000,74.349938000,still,off,"19/08/2026 10:58 AM","19/08/2026 11:00 AM",LWMC-ShTo,"Loader Rickshaw",-,-,-,-,-,-,-,-
1472,62164,19/08/2026,LWMC,"Tehsil Office, Shalimar Town",LR-2496,"Door To Door Collection",29.954,3H34M,214.43,31.610323000,74.381538000,moving,on,"19/08/2026 10:44 AM","19/08/2026 11:03 AM",LWMC-ShTo,"Loader Rickshaw",-,-,-,-,-,-,-,-
1473,60969,19/08/2026,LWMC,"Tehsil Office, Shalimar Town",LR-2378,"Door To Door Collection",16.172,4H44M,284.39,31.589264000,74.345423000,moving,on,"19/08/2026 10:58 AM","19/08/2026 11:00 AM",LWMC-ShTo,"Loader Rickshaw",-,-,-,-,-,-,-,-
1474,61527,19/08/2026,LWMC,"Tehsil Office, Shalimar Town",LR-2876,"Door To Door Collection",12.912,2H43M,163.38,31.610731000,74.381558000,moving,on,"19/08/2026 10:56 AM","19/08/2026 11:00 AM",LWMC-ShTo,"Loader Rickshaw",-,-,-,-,-,-,-,-
1475,23335,19/08/2026,LWMC,"Tehsil Office, Shalimar Town",LR-0970,"Door To Door Collection",23.882,2H10M,130.05,31.592067000,74.378186000,moving,on,"19/08/2026 10:55 AM","19/08/2026 11:00 AM",LWMC-ShTo,"Loader Rickshaw",-,-,-,-,-,-,-,-
1476,60948,19/08/2026,LWMC,"Tehsil Office, Shalimar Town",SD-04,"Bulk Waste Collection",54.769,3H12M,192.43,31.581560000,74.337798000,moving,on,"19/08/2026 10:44 AM","19/08/2026 11:00 AM",LWMC-ShTo,"Dumper (10CM)",-,-,-,-,-,-,-,-
1477,61630,19/08/2026,LWMC,"Tehsil Office, Shalimar Town",LR-2790,"Door To Door Collection",17.703,3H38M,218.26,31.604628000,74.335349000,still,off,"19/08/2026 10:58 AM","19/08/2026 11:00 AM",LWMC-ShTo,"Loader Rickshaw",-,-,-,-,-,-,-,-
1478,60605,19/08/2026,LWMC,"Tehsil Office, Shalimar Town",S-32,"Door To Door Collection",35.621,1H57M,117.29,31.609197000,74.379930000,moving,on,"19/08/2026 10:42 AM","19/08/2026 11:00 AM",LWMC-ShTo,"Mini Dumper",-,-,-,-,-,-,-,-
1479,25270,19/08/2026,LWMC,"Tehsil Office, Shalimar Town",LR-0357,"Door To Door Collection",17.151,2H23M,142.55,31.579589000,74.346554000,moving,on,"19/08/2026 10:46 AM","19/08/2026 11:00 AM",LWMC-ShTo,"Loader Rickshaw",-,-,-,-,-,-,-,-
1480,60911,19/08/2026,LWMC,"Tehsil Office, Shalimar Town",LR-1297,"Door To Door Collection",15.964,5H46M,345.96,31.594972000,74.343659000,moving,on,"19/08/2026 10:58 AM","19/08/2026 11:00 AM",LWMC-ShTo,"Loader Rickshaw",-,-,-,-,-,-,-,-
1481,61609,19/08/2026,LWMC,"Tehsil Office, Shalimar Town",LR-2103,"Door To Door Collection",10.179,2H13M,132.86,31.604360000,74.349558000,moving,on,"19/08/2026 10:32 AM","19/08/2026 11:00 AM",LWMC-ShTo,"Loader Rickshaw",-,-,-,-,-,-,-,-
1482,60899,19/08/2026,LWMC,"Tehsil Office, Shalimar Town",LR-1788,"Door To Door Collection",10.641,0H42M,41.7,31.585157000,74.337233000,still,off,"19/08/2026 10:08 AM","19/08/2026 11:00 AM",LWMC-ShTo,"Loader Rickshaw",-,-,-,-,-,-,-,-
1483,62005,19/08/2026,LWMC,"Tehsil Office, Shalimar Town",LR-2331,"Door To Door Collection",28.184,3H2M,182.36,31.581373000,74.388798000,still,off,"19/08/2026 10:56 AM","19/08/2026 11:00 AM",LWMC-ShTo,"Loader Rickshaw",-,-,-,-,-,-,-,-
1484,61832,19/08/2026,LWMC,"Tehsil Office, Shalimar Town",LR-2063,"Door To Door Collection",16.748,3H1M,180.66,31.588524000,74.352955000,still,off,"19/08/2026 10:57 AM","19/08/2026 11:00 AM",LWMC-ShTo,"Loader Rickshaw",-,-,-,-,-,-,-,-
1485,60844,19/08/2026,LWMC,"Tehsil Office, Shalimar Town",S-110,"Door To Door Collection",26.131,1H55M,115.18,31.586926000,74.336343000,still,off,"19/08/2026 11:00 AM","19/08/2026 11:00 AM",LWMC-ShTo,"Mini Dumper",-,-,-,-,-,-,-,-
1486,61599,19/08/2026,LWMC,"Tehsil Office, Shalimar Town",S-396,"Door To Door Collection",31.232,2H49M,169.06,31.601943000,74.347811000,moving,on,"19/08/2026 10:51 AM","19/08/2026 11:00 AM",LWMC-ShTo,"Mini Dumper",-,-,-,-,-,-,-,-
1487,19791,19/08/2026,LWMC,"Tehsil Office, Gulberg Town",M-70,"Bulk Waste Collection",72.423,4H14M,253.98,31.507575000,74.349893000,moving,on,"19/08/2026 10:59 AM","19/08/2026 11:00 AM",LWMC-GuTo,"Mini Dumper",2,Distance,5,1,-,-,-,-
1488,61294,19/08/2026,LWMC,"Tehsil Office, Gulberg Town",LR-0613,"Door To Door Collection",23.31,1H22M,82.43,31.477725000,74.345808000,moving,on,"19/08/2026 10:54 AM","19/08/2026 11:00 AM",LWMC-GuTo,"Loader Rickshaw",2,Distance,5,-,-,-,-,-
1489,19826,19/08/2026,LWMC,"Tehsil Office, Gulberg Town",S-327,"Bulk Waste Collection",41.623,1H45M,104.63,31.503719000,74.344574000,still,off,"19/08/2026 10:59 AM","19/08/2026 11:00 AM",LWMC-GuTo,"Mini Dumper",2,Distance,5,-,-,-,-,-
1490,22561,19/08/2026,LWMC,"Tehsil Office, Gulberg Town",LR-1127,"Door To Door Collection",17.585,2H19M,138.63,31.495529000,74.316667000,moving,on,"19/08/2026 11:00 AM","19/08/2026 11:00 AM",LWMC-GuTo,"Loader Rickshaw",2,Distance,5,1,-,-,-,-
1491,59750,19/08/2026,LWMC,"Tehsil Office, Gulberg Town",D-17,"Bulk Waste Collection",30.464,8H3M,482.98,31.609592000,74.381892000,moving,on,"19/08/2026 10:58 AM","19/08/2026 11:00 AM",LWMC-GuTo,"Dumper (10CM)",3,Ignition,-,1,-,-,-,-
1492,18562,19/08/2026,LWMC,"Tehsil Office, Gulberg Town",C-1340,"Container-Based Collection",58.536,4H26M,266.18,31.510991000,74.343474000,still,off,"19/08/2026 10:57 AM","19/08/2026 11:00 AM",LWMC-GuTo,"Compactor (13CM)",3,Distance,10,1,-,-,-,-
1493,19790,19/08/2026,LWMC,"Tehsil Office, Gulberg Town",M-69,"Bulk Waste Collection",35.696,3H1M,181.08,31.504797000,74.339433000,moving,on,"19/08/2026 10:56 AM","19/08/2026 11:00 AM",LWMC-GuTo,"Mini Dumper",2,Distance,5,1,-,-,-,-
1494,59870,19/08/2026,LWMC,"Tehsil Office, Gulberg Town",LD-07,"Bulk Waste Collection",12.236,1H14M,73.88,31.518002000,74.326075000,moving,on,"19/08/2026 10:50 AM","19/08/2026 11:00 AM",LWMC-GuTo,"Tractor Loader",3,Ignition,-,-,-,-,-,-
1495,18561,19/08/2026,LWMC,"Tehsil Office, Gulberg Town",C-1356,"Container-Based Collection",68.322,5H42M,342.41,31.477732000,74.342919000,moving,on,"19/08/2026 10:57 AM","19/08/2026 11:00 AM",LWMC-GuTo,"Compactor (13CM)",3,Distance,10,1,-,-,-,-
1496,19813,19/08/2026,LWMC,"Tehsil Office, Gulberg Town",S-329,"Bulk Waste Collection",43.749,2H12M,131.58,31.555556000,74.345633000,moving,on,"19/08/2026 10:58 AM","19/08/2026 11:00 AM",LWMC-GuTo,"Mini Dumper",2,Distance,5,1,-,-,-,-
1497,-,19/08/2026,LWMC,"Tehsil Office, Gulberg Town",LR-3115,-,21.15,1H25M,84.98,31.320607000,74.411854000,moving,on,"19/08/2026 10:58 AM","19/08/2026 11:00 AM",LWMC-GuTo,-,-,-,-,-,-,-,-,-
1498,18566,19/08/2026,LWMC,"Tehsil Office, Gulberg Town",C-1338,"Container-Based Collection",52.627,5H17M,317.21,31.563071000,74.346335000,still,off,"19/08/2026 10:58 AM","19/08/2026 11:00 AM",LWMC-GuTo,"Compactor (13CM)",3,Distance,10,1,-,-,-,-
1499,59730,19/08/2026,LWMC,"Tehsil Office, Gulberg Town",D-22,"Bulk Waste Collection",40.083,2H31M,151.18,31.587782000,74.404223000,moving,on,"19/08/2026 10:59 AM","19/08/2026 11:00 AM",LWMC-GuTo,"Dumper (10CM)",3,Ignition,-,-,-,-,-,-
1500,19803,19/08/2026,LWMC,"Tehsil Office, Gulberg Town",M-47,"Bulk Waste Collection",31.074,2H42M,161.8,31.502890000,74.327127000,moving,on,"19/08/2026 10:59 AM","19/08/2026 11:00 AM",LWMC-GuTo,"Mini Dumper",2,Distance,5,1,-,-,-,-
1501,19810,19/08/2026,LWMC,"Tehsil Office, Gulberg Town",M-1,"Bulk Waste Collection",31.309,2H29M,149.15,31.456094000,74.337220000,still,off,"19/08/2026 10:57 AM","19/08/2026 11:00 AM",LWMC-GuTo,"Mini Dumper",2,Distance,5,1,-,-,-,-
1502,22564,19/08/2026,LWMC,"Tehsil Office, Gulberg Town",LR-1130,"Door To Door Collection",15.645,1H33M,93.38,31.502829000,74.326930000,moving,on,"19/08/2026 10:59 AM","19/08/2026 11:00 AM",LWMC-GuTo,"Loader Rickshaw",2,Distance,5,-,-,-,-,-
1503,60864,19/08/2026,LWMC,"Tehsil Office, Gulberg Town",LR-1133,"Door To Door Collection",31.506,5H26M,325.81,31.472534000,74.311742000,moving,on,"19/08/2026 10:59 AM","19/08/2026 11:00 AM",LWMC-GuTo,"Loader Rickshaw",2,Distance,5,1,-,-,-,-
1504,22536,19/08/2026,LWMC,"Tehsil Office, Gulberg Town",LR-1147,"Door To Door Collection",-,0H0M,-,31.532981000,74.360729000,still,off,"19/08/2026 09:40 AM","19/08/2026 11:00 AM",LWMC-GuTo,"Loader Rickshaw",2,Distance,5,-,-,-,-,-
1505,19794,19/08/2026,LWMC,"Tehsil Office, Gulberg Town",S-276,"Bulk Waste Collection",25.293,1H55M,115.29,31.508591000,74.352906000,still,off,"19/08/2026 10:46 AM","19/08/2026 11:00 AM",LWMC-GuTo,"Mini Dumper",2,Distance,5,-,-,-,-,-
1506,60768,19/08/2026,LWMC,"Tehsil Office, Gulberg Town",LR-2577,"Door To Door Collection",26.373,1H34M,94.33,31.496909000,74.354490000,still,off,"19/08/2026 10:58 AM","19/08/2026 11:00 AM",LWMC-GuTo,"Loader Rickshaw",2,Distance,5,-,-,-,-,-
1507,22587,19/08/2026,LWMC,"Tehsil Office, Gulberg Town",LR-0988,"Door To Door Collection",25.456,5H13M,313.05,31.460153000,74.333788000,moving,on,"19/08/2026 10:58 AM","19/08/2026 11:00 AM",LWMC-GuTo,"Loader Rickshaw",2,Distance,5,1,-,-,-,-
1508,22509,19/08/2026,LWMC,"Tehsil Office, Gulberg Town",LR-0515,"Door To Door Collection",30.139,4H58M,298.38,31.563940000,74.349351000,still,off,"19/08/2026 10:58 AM","19/08/2026 11:00 AM",LWMC-GuTo,"Loader Rickshaw",2,Distance,5,1,-,-,-,-
1509,61125,19/08/2026,LWMC,"Tehsil Office, Gulberg Town",LR-3064,"Door To Door Collection",14.39,1H14M,74.13,31.469118000,74.337527000,moving,on,"19/08/2026 10:59 AM","19/08/2026 11:00 AM",LWMC-GuTo,"Loader Rickshaw",2,Distance,5,-,-,-,-,-
1510,-,19/08/2026,LWMC,"Tehsil Office, Gulberg Town",LR-3116,-,11.149,2H53M,172.66,31.385954000,74.364603000,still,off,"19/08/2026 10:59 AM","19/08/2026 11:00 AM",LWMC-GuTo,-,-,-,-,-,-,-,-,-
1511,22579,19/08/2026,LWMC,"Tehsil Office, Gulberg Town",LR-0658,"Door To Door Collection",-,0H0M,-,31.533045000,74.360733000,still,off,"19/08/2026 09:59 AM","19/08/2026 11:00 AM",LWMC-GuTo,"Loader Rickshaw",2,Distance,5,-,-,-,-,-
1512,22572,19/08/2026,LWMC,"Tehsil Office, Gulberg Town",LR-1043,"Door To Door Collection",38.954,5H44M,344.16,31.485751000,74.305391000,moving,on,"19/08/2026 10:59 AM","19/08/2026 11:00 AM",LWMC-GuTo,"Loader Rickshaw",2,Distance,5,1,-,-,-,-
1513,61174,19/08/2026,LWMC,"Tehsil Office, Gulberg Town",LR-1941,"Door To Door Collection",21.577,3H14M,194.13,31.466417000,74.330987000,moving,on,"19/08/2026 10:59 AM","19/08/2026 11:00 AM",LWMC-GuTo,"Loader Rickshaw",2,Distance,5,1,-,-,-,-
1514,19797,19/08/2026,LWMC,"Tehsil Office, Gulberg Town",S-119,"Bulk Waste Collection",41.99,5H2M,301.5,31.565813000,74.369979000,moving,on,"19/08/2026 10:58 AM","19/08/2026 11:00 AM",LWMC-GuTo,"Mini Dumper",2,Distance,5,1,-,-,-,-
1515,19836,19/08/2026,LWMC,"Tehsil Office, Gulberg Town",S-113,"Bulk Waste Collection",29.445,2H34M,154.46,31.507273000,74.329915000,still,off,"19/08/2026 10:59 AM","19/08/2026 11:00 AM",LWMC-GuTo,"Mini Dumper",2,Distance,5,1,-,-,-,-
1516,18568,19/08/2026,LWMC,"Tehsil Office, Gulberg Town",C-1351,"Container-Based Collection",49.084,4H52M,291.66,31.587043000,74.404589000,moving,on,"19/08/2026 10:58 AM","19/08/2026 11:00 AM",LWMC-GuTo,"Compactor (13CM)",3,Distance,10,1,-,-,-,-
1517,22519,19/08/2026,LWMC,"Tehsil Office, Gulberg Town",LR-1142,"Door To Door Collection",27.99,5H16M,316.13,31.565511000,74.340903000,still,off,"19/08/2026 10:58 AM","19/08/2026 11:00 AM",LWMC-GuTo,"Loader Rickshaw",2,Distance,5,1,-,-,-,-
1518,60465,19/08/2026,LWMC,"Tehsil Office, Gulberg Town",LR-1560,"Door To Door Collection",20.019,5H28M,328.1,31.568491000,74.357535000,still,off,"19/08/2026 10:57 AM","19/08/2026 11:00 AM",LWMC-GuTo,"Loader Rickshaw",2,Distance,5,1,-,-,-,-
1519,22530,19/08/2026,LWMC,"Tehsil Office, Gulberg Town",LR-0983,"Door To Door Collection",12.651,2H43M,162.68,31.530643000,74.343284000,still,off,"19/08/2026 10:59 AM","19/08/2026 11:00 AM",LWMC-GuTo,"Loader Rickshaw",2,Distance,5,1,-,-,-,-
1520,19811,19/08/2026,LWMC,"Tehsil Office, Gulberg Town",S-191,"Bulk Waste Collection",29.624,1H54M,113.66,31.462403000,74.329297000,moving,on,"19/08/2026 10:18 AM","19/08/2026 11:00 AM",LWMC-GuTo,"Mini Dumper",2,Distance,5,-,-,-,-,-
1521,61123,19/08/2026,LWMC,"Tehsil Office, Gulberg Town",LR-1989,"Door To Door Collection",19.768,2H11M,131.05,31.468263000,74.337555000,moving,on,"19/08/2026 10:49 AM","19/08/2026 11:00 AM",LWMC-GuTo,"Loader Rickshaw",2,Distance,5,1,-,-,-,-
1522,19814,19/08/2026,LWMC,"Tehsil Office, Gulberg Town",S-252,"Bulk Waste Collection",38.395,2H30M,149.56,31.529883000,74.356947000,moving,on,"19/08/2026 10:56 AM","19/08/2026 11:00 AM",LWMC-GuTo,"Mini Dumper",2,Distance,5,1,-,-,-,-
1523,22541,19/08/2026,LWMC,"Tehsil Office, Gulberg Town",LR-1034,"Door To Door Collection",20.409,4H42M,281.71,31.506795000,74.332464000,moving,on,"19/08/2026 10:57 AM","19/08/2026 11:00 AM",LWMC-GuTo,"Loader Rickshaw",2,Distance,5,1,-,-,-,-
1524,22538,19/08/2026,LWMC,"Tehsil Office, Gulberg Town",LR-1031,"Door To Door Collection",20.741,5H28M,327.93,31.507198000,74.333187000,still,off,"19/08/2026 10:58 AM","19/08/2026 11:00 AM",LWMC-GuTo,"Loader Rickshaw",2,Distance,5,1,-,-,-,-
1525,19827,19/08/2026,LWMC,"Tehsil Office, Gulberg Town",M-23,"Bulk Waste Collection",31.971,1H44M,104.31,31.465713000,74.333541000,moving,on,"19/08/2026 10:32 AM","19/08/2026 11:00 AM",LWMC-GuTo,"Mini Dumper",2,Distance,5,-,-,-,-,-
1526,18560,19/08/2026,LWMC,"Tehsil Office, Gulberg Town",C-1341,"Container-Based Collection",22.702,10H3M,603.29,31.570142000,74.329767000,still,off,"19/08/2026 10:58 AM","19/08/2026 11:00 AM",LWMC-GuTo,"Compactor (13CM)",3,Distance,10,1,-,-,-,-
1527,18564,19/08/2026,LWMC,"Tehsil Office, Gulberg Town",C-1337,"Container-Based Collection",0.003,0H2M,1.69,31.478231000,74.344047000,still,off,"19/08/2026 09:41 AM","19/08/2026 11:00 AM",LWMC-GuTo,"Compactor (13CM)",3,Distance,10,-,-,-,-,-
1528,19808,19/08/2026,LWMC,"Tehsil Office, Gulberg Town",M-81,"Bulk Waste Collection",45.494,2H41M,160.75,31.538432000,74.356389000,still,off,"19/08/2026 10:38 AM","19/08/2026 11:00 AM",LWMC-GuTo,"Mini Dumper",2,Distance,5,1,-,-,-,-
1529,19809,19/08/2026,LWMC,"Tehsil Office, Gulberg Town",S-190,"Bulk Waste Collection",22.607,5H6M,306.14,31.525651000,74.345182000,moving,on,"19/08/2026 10:58 AM","19/08/2026 11:00 AM",LWMC-GuTo,"Mini Dumper",2,Distance,5,1,-,-,-,-
1530,22563,19/08/2026,LWMC,"Tehsil Office, Gulberg Town",LR-1129,"Door To Door Collection",28.771,5H6M,306.05,31.484118000,74.310881000,still,off,"19/08/2026 10:57 AM","19/08/2026 11:00 AM",LWMC-GuTo,"Loader Rickshaw",2,Distance,5,1,-,-,-,-
1531,18460,19/08/2026,LWMC,"Tehsil Office, Gulberg Town",CA-118,"Container-Based Collection",118.568,4H21M,261.08,31.477397000,74.344626000,moving,on,"19/08/2026 10:48 AM","19/08/2026 11:00 AM",LWMC-GuTo,"Chain Arm Roll",3,Distance,10,1,-,-,-,-
1532,61507,19/08/2026,LWMC,"Tehsil Office, Gulberg Town",LR-1572,"Door To Door Collection",21.868,1H59M,119.06,31.565654000,74.347041000,moving,on,"19/08/2026 10:05 AM","19/08/2026 11:00 AM",LWMC-GuTo,"Loader Rickshaw",2,Distance,5,-,-,-,-,-
1533,18463,19/08/2026,LWMC,"Tehsil Office, Gulberg Town",CA-113,"Container-Based Collection",85.276,4H57M,297.35,31.513233000,74.354784000,moving,on,"19/08/2026 10:58 AM","19/08/2026 11:00 AM",LWMC-GuTo,"Chain Arm Roll",3,Distance,10,1,-,-,-,-
1534,18462,19/08/2026,LWMC,"Tehsil Office, Gulberg Town",CA-172,"Container-Based Collection",99.934,4H14M,253.61,31.609174000,74.396637000,moving,on,"19/08/2026 10:58 AM","19/08/2026 11:00 AM",LWMC-GuTo,"Chain Arm Roll",3,Distance,10,1,-,-,-,-
1535,19823,19/08/2026,LWMC,"Tehsil Office, Gulberg Town",S-11,"Bulk Waste Collection",37.068,1H48M,107.75,31.570534000,74.344935000,moving,on,"19/08/2026 10:56 AM","19/08/2026 11:00 AM",LWMC-GuTo,"Mini Dumper",2,Distance,5,-,-,-,-,-
1536,18671,19/08/2026,LWMC,"Tehsil Office, Gulberg Town",C-735,"Container-Based Collection",65.171,5H37M,337.19,31.609351000,74.380731000,moving,on,"19/08/2026 10:59 AM","19/08/2026 11:00 AM",LWMC-GuTo,"Compactor (7CM)",3,Distance,10,1,-,-,-,-
1537,-,19/08/2026,LWMC,"Tehsil Office, Gulberg Town",S-360,-,28.745,2H6M,125.81,31.568118000,74.371191000,moving,on,"19/08/2026 10:14 AM","19/08/2026 11:00 AM",LWMC-GuTo,-,-,-,-,-,-,-,-,-
1538,59874,19/08/2026,LWMC,"Tehsil Office, Gulberg Town",D-10,"Bulk Waste Collection",-,0H0M,-,31.478509000,74.343887000,still,off,"19/08/2026 10:18 AM","19/08/2026 11:00 AM",LWMC-GuTo,"Dumper (10CM)",3,Ignition,-,-,-,-,-,-
1539,19792,19/08/2026,LWMC,"Tehsil Office, Gulberg Town",S-275,"Bulk Waste Collection",0.123,3H26M,206.5,31.478669000,74.343826000,still,off,"19/08/2026 10:08 AM","19/08/2026 11:00 AM",LWMC-GuTo,"Mini Dumper",2,Distance,5,-,-,-,-,-
1540,60443,19/08/2026,LWMC,"Tehsil Office, Gulberg Town",MFL-48,"Bulk Waste Collection",7.943,4H59M,299.14,31.465829000,74.338531000,still,off,"19/08/2026 10:57 AM","19/08/2026 11:00 AM",LWMC-GuTo,"Tractor Loader",3,Ignition,-,1,-,-,-,-
1541,22589,19/08/2026,LWMC,"Tehsil Office, Gulberg Town",LR-0990,"Door To Door Collection",26.885,2H54M,174.19,31.459608000,74.328251000,still,off,"19/08/2026 10:27 AM","19/08/2026 11:00 AM",LWMC-GuTo,"Loader Rickshaw",2,Distance,5,1,-,-,-,-
1542,59656,19/08/2026,LWMC,"Tehsil Office, Gulberg Town",LR-3059,"Door To Door Collection",28.72,3H15M,195.06,31.459117000,74.339199000,moving,on,"19/08/2026 10:57 AM","19/08/2026 11:00 AM",LWMC-GuTo,"Loader Rickshaw",2,Distance,5,1,-,-,-,-
1543,60044,19/08/2026,LWMC,"Tehsil Office, Gulberg Town",D-56,"Bulk Waste Collection",81.914,3H8M,188.03,31.585351000,74.389494000,moving,on,"19/08/2026 10:48 AM","19/08/2026 11:00 AM",LWMC-GuTo,"Dumper (7CM)",3,Ignition,-,1,-,-,-,-
1544,-,19/08/2026,LWMC,"Tehsil Office, Gulberg Town",C-1355,-,15.504,2H40M,160.48,31.526520000,74.355905000,still,off,"19/08/2026 10:45 AM","19/08/2026 11:00 AM",LWMC-GuTo,-,-,-,-,-,-,-,-,-
1545,19807,19/08/2026,LWMC,"Tehsil Office, Gulberg Town",M-21,"Bulk Waste Collection",29.935,3H0M,180.03,31.499881000,74.357174000,still,off,"19/08/2026 10:15 AM","19/08/2026 11:00 AM",LWMC-GuTo,"Mini Dumper",2,Distance,5,1,-,-,-,-
1546,59318,19/08/2026,LWMC,"Tehsil Office, Gulberg Town",LR-0639,"Door To Door Collection",18.815,1H17M,76.63,31.540926000,74.346908000,moving,on,"19/08/2026 10:20 AM","19/08/2026 11:00 AM",LWMC-GuTo,"Loader Rickshaw",2,Distance,5,-,-,-,-,-
1547,60678,19/08/2026,LWMC,"Tehsil Office, Gulberg Town",LR-1714,"Door To Door Collection",27.637,2H37M,156.69,31.494465000,74.357188000,moving,on,"19/08/2026 11:00 AM","19/08/2026 11:00 AM",LWMC-GuTo,"Loader Rickshaw",2,Distance,5,1,-,-,-,-
1548,59955,19/08/2026,LWMC,"Tehsil Office, Gulberg Town",LD-05,"Bulk Waste Collection",20.65,2H27M,147.3,31.512378000,74.334788000,moving,on,"19/08/2026 10:58 AM","19/08/2026 11:00 AM",LWMC-GuTo,"Tractor Loader",3,Ignition,-,-,-,-,-,-
1549,61236,19/08/2026,LWMC,"Tehsil Office, Gulberg Town",LR-1716,"Door To Door Collection",28.465,2H37M,156.91,31.495734000,74.354857000,moving,on,"19/08/2026 10:45 AM","19/08/2026 11:00 AM",LWMC-GuTo,"Loader Rickshaw",2,Distance,5,1,-,-,-,-
1550,61411,19/08/2026,LWMC,"Tehsil Office, Gulberg Town",LR-1581,"Door To Door Collection",15.916,1H3M,63.01,31.557403000,74.353207000,moving,on,"19/08/2026 10:52 AM","19/08/2026 11:00 AM",LWMC-GuTo,"Loader Rickshaw",2,Distance,5,-,-,-,-,-
1551,-,19/08/2026,LWMC,"Tehsil Office, Gulberg Town",LR-3095,-,-,0H0M,-,31.368016000,74.365073000,still,off,"19/08/2026 09:57 AM","19/08/2026 11:00 AM",LWMC-GuTo,-,-,-,-,-,-,-,-,-
1552,59596,19/08/2026,LWMC,"Tehsil Office, Gulberg Town",LR-1997,"Door To Door Collection",24.193,2H35M,154.53,31.458802000,74.332605000,still,off,"19/08/2026 10:59 AM","19/08/2026 11:00 AM",LWMC-GuTo,"Loader Rickshaw",2,Distance,5,1,-,-,-,-
1553,-,19/08/2026,LWMC,"Tehsil Office, Gulberg Town",C-721,-,-,0H0M,-,31.478420000,74.343922000,still,off,"19/08/2026 09:46 AM","19/08/2026 11:00 AM",LWMC-GuTo,-,-,-,-,-,-,-,-,-
1554,61126,19/08/2026,LWMC,"Tehsil Office, Gulberg Town",LR-3062,"Door To Door Collection",16.819,1H32M,91.76,31.461223000,74.340252000,moving,on,"19/08/2026 10:58 AM","19/08/2026 11:00 AM",LWMC-GuTo,"Loader Rickshaw",2,Distance,5,-,-,-,-,-
1555,18668,19/08/2026,LWMC,"Tehsil Office, Gulberg Town",C-739,"Container-Based Collection",64.469,4H21M,261.25,31.523343000,74.343907000,still,off,"19/08/2026 10:53 AM","19/08/2026 11:00 AM",LWMC-GuTo,"Compactor (7CM)",3,Distance,10,1,-,-,-,-
1556,59877,19/08/2026,LWMC,"Tehsil Office, Gulberg Town",D-48,"Bulk Waste Collection",45.448,3H36M,215.66,31.525740000,74.331974000,moving,on,"19/08/2026 10:57 AM","19/08/2026 11:00 AM",LWMC-GuTo,"Dumper (7CM)",3,Ignition,-,1,-,-,-,-
1557,60823,19/08/2026,LWMC,"Tehsil Office, Gulberg Town",LR-2576,"Door To Door Collection",32.64,4H47M,286.73,31.501228000,74.352308000,still,off,"19/08/2026 10:57 AM","19/08/2026 11:00 AM",LWMC-GuTo,"Loader Rickshaw",2,Distance,5,1,-,-,-,-
1558,19806,19/08/2026,LWMC,"Tehsil Office, Gulberg Town",M-74,"Bulk Waste Collection",38.045,3H18M,198.03,31.506242000,74.346825000,moving,on,"19/08/2026 10:36 AM","19/08/2026 11:00 AM",LWMC-GuTo,"Mini Dumper",2,Distance,5,1,-,-,-,-
1559,61317,19/08/2026,LWMC,"Tehsil Office, Gulberg Town",LR-1999,"Door To Door Collection",13.839,1H5M,64.78,31.577113000,74.371289000,moving,on,"19/08/2026 10:45 AM","19/08/2026 11:00 AM",LWMC-GuTo,"Loader Rickshaw",2,Distance,5,-,-,-,-,-
1560,59662,19/08/2026,LWMC,"Tehsil Office, Gulberg Town",LR-1991,"Door To Door Collection",26.753,4H58M,297.78,31.462224000,74.335760000,still,off,"19/08/2026 10:58 AM","19/08/2026 11:00 AM",LWMC-GuTo,"Loader Rickshaw",2,Distance,5,1,-,-,-,-
1561,-,19/08/2026,LWMC,"Tehsil Office, Gulberg Town",LR-3105,-,20.35,2H28M,147.83,31.370916000,74.370432000,still,off,"19/08/2026 10:58 AM","19/08/2026 11:00 AM",LWMC-GuTo,-,-,-,-,-,-,-,-,-
1562,-,19/08/2026,LWMC,"Tehsil Office, Gulberg Town",LR-3103,-,19.801,5H35M,335.43,31.377862000,74.364508000,moving,on,"19/08/2026 10:57 AM","19/08/2026 11:00 AM",LWMC-GuTo,-,-,-,-,-,-,-,-,-
1563,22526,19/08/2026,LWMC,"Tehsil Office, Gulberg Town",LR-1140,"Door To Door Collection",-,0H0M,-,31.532576000,74.360755000,still,off,"19/08/2026 09:35 AM","19/08/2026 11:00 AM",LWMC-GuTo,"Loader Rickshaw",2,Distance,5,-,-,-,-,-
1564,22542,19/08/2026,LWMC,"Tehsil Office, Gulberg Town",LR-1035,"Door To Door Collection",26.268,4H54M,293.63,31.457647000,74.338356000,still,off,"19/08/2026 10:59 AM","19/08/2026 11:00 AM",LWMC-GuTo,"Loader Rickshaw",2,Distance,5,1,-,-,-,-
1565,-,19/08/2026,LWMC,"Tehsil Office, Gulberg Town",LR-1934,-,-,0H0M,-,31.367935000,74.364580000,still,off,"19/08/2026 09:44 AM","19/08/2026 11:00 AM",LWMC-GuTo,-,-,-,-,-,-,-,-,-
1566,-,19/08/2026,LWMC,"Tehsil Office, Gulberg Town",C-1353,-,20.033,3H36M,215.91,31.511536000,74.318572000,moving,on,"19/08/2026 10:58 AM","19/08/2026 11:00 AM",LWMC-GuTo,-,-,-,-,-,-,-,-,-
1567,61414,19/08/2026,LWMC,"Tehsil Office, Gulberg Town",LR-2580,"Door To Door Collection",37.85,2H15M,134.58,31.557064000,74.353316000,still,off,"19/08/2026 11:00 AM","19/08/2026 11:00 AM",LWMC-GuTo,"Loader Rickshaw",2,Distance,5,1,-,-,-,-
1568,18558,19/08/2026,LWMC,"Tehsil Office, Gulberg Town",C-1323,"Container-Based Collection",47.512,3H7M,186.81,31.491592000,74.336721000,moving,on,"19/08/2026 10:57 AM","19/08/2026 11:00 AM",LWMC-GuTo,"Compactor (13CM)",3,Distance,10,1,-,-,-,-
1569,19829,19/08/2026,LWMC,"Tehsil Office, Gulberg Town",M-71,"Bulk Waste Collection",38.253,2H48M,168.43,31.496819000,74.317711000,moving,on,"19/08/2026 10:54 AM","19/08/2026 11:00 AM",LWMC-GuTo,"Mini Dumper",2,Distance,5,1,-,-,-,-
1570,60764,19/08/2026,LWMC,"Tehsil Office, Gulberg Town",LR-2574,"Door To Door Collection",38.257,3H39M,218.88,31.515072000,74.336924000,moving,on,"19/08/2026 10:57 AM","19/08/2026 11:00 AM",LWMC-GuTo,"Loader Rickshaw",2,Distance,5,1,-,-,-,-
1571,18565,19/08/2026,LWMC,"Tehsil Office, Gulberg Town",C-1318,"Container-Based Collection",74.533,5H26M,325.68,31.466062000,74.310768000,moving,on,"19/08/2026 10:57 AM","19/08/2026 11:00 AM",LWMC-GuTo,"Compactor (13CM)",3,Distance,10,1,-,-,-,-
1572,59905,19/08/2026,LWMC,"Tehsil Office, Gulberg Town",MFL-23,"Bulk Waste Collection",12.104,5H27M,326.81,31.527249000,74.334511000,still,off,"19/08/2026 10:58 AM","19/08/2026 11:00 AM",LWMC-GuTo,"Tractor Loader",3,Ignition,-,1,-,-,-,-
1573,60790,19/08/2026,LWMC,"Tehsil Office, Gulberg Town",LR-3053,"Door To Door Collection",20.867,1H43M,103,31.489855000,74.344319000,moving,on,"19/08/2026 10:58 AM","19/08/2026 11:00 AM",LWMC-GuTo,"Loader Rickshaw",2,Distance,5,-,-,-,-,-
1574,22506,19/08/2026,LWMC,"Tehsil Office, Gulberg Town",LR-0502,"Door To Door Collection",-,0H0M,-,31.532916000,74.360719000,still,off,"19/08/2026 10:12 AM","19/08/2026 11:00 AM",LWMC-GuTo,"Loader Rickshaw",2,Distance,5,-,-,-,-,-
1575,-,19/08/2026,LWMC,"Tehsil Office, Gulberg Town",LR-3109,-,12.21,1H37M,96.71,31.367670000,74.368824000,moving,on,"19/08/2026 10:51 AM","19/08/2026 11:00 AM",LWMC-GuTo,-,-,-,-,-,-,-,-,-
1576,-,19/08/2026,LWMC,"Tehsil Office, Gulberg Town",M-02,-,45.208,2H18M,138.4,31.563138000,74.385578000,moving,on,"19/08/2026 10:58 AM","19/08/2026 11:00 AM",LWMC-GuTo,-,-,-,-,-,-,-,-,-
1577,59809,19/08/2026,LWMC,"Tehsil Office, Gulberg Town",SD-17,"Bulk Waste Collection",46.118,5H15M,315.3,31.603746000,74.400256000,moving,on,"19/08/2026 10:59 AM","19/08/2026 11:00 AM",LWMC-GuTo,"Dumper (10CM)",3,Ignition,-,1,-,-,-,-
1578,-,19/08/2026,LWMC,"Tehsil Office, Gulberg Town",WBR-22,-,21.756,1H33M,93.18,31.483454000,74.294652000,still,off,"19/08/2026 10:15 AM","19/08/2026 11:00 AM",LWMC-GuTo,-,-,-,-,-,-,-,-,-
1579,22534,19/08/2026,LWMC,"Tehsil Office, Gulberg Town",LR-1145,"Door To Door Collection",13.956,1H6M,66.34,31.525045000,74.358121000,moving,on,"19/08/2026 10:27 AM","19/08/2026 11:00 AM",LWMC-GuTo,"Loader Rickshaw",2,Distance,5,-,-,-,-,-
1580,19819,19/08/2026,LWMC,"Tehsil Office, Gulberg Town",M-37,"Bulk Waste Collection",45.017,2H32M,152.5,31.504107000,74.331992000,moving,on,"19/08/2026 10:59 AM","19/08/2026 11:00 AM",LWMC-GuTo,"Mini Dumper",2,Distance,5,1,-,-,-,-
1581,61247,19/08/2026,LWMC,"Tehsil Office, Gulberg Town",LR-2569,"Door To Door Collection",18.162,1H29M,89.01,31.522687000,74.354464000,moving,on,"19/08/2026 10:55 AM","19/08/2026 11:00 AM",LWMC-GuTo,"Loader Rickshaw",2,Distance,5,-,-,-,-,-
1582,59911,19/08/2026,LWMC,"Tehsil Office, Gulberg Town",HA-28,"Bulk Waste Collection",69.527,4H9M,248.58,31.585212000,74.387923000,moving,on,"19/08/2026 10:57 AM","19/08/2026 11:00 AM",LWMC-GuTo,"Arm Roll Truck",3,Distance,10,1,-,-,-,-
1583,61490,19/08/2026,LWMC,"Tehsil Office, Gulberg Town",LR-3097,"Door To Door Collection",-,0H0M,-,31.532279000,74.360713000,still,off,"19/08/2026 09:43 AM","19/08/2026 11:00 AM",LWMC-GuTo,"Loader Rickshaw",2,Distance,5,-,-,-,-,-
1584,-,19/08/2026,LWMC,"Tehsil Office, Gulberg Town",LR-3094,-,17.256,2H36M,156.16,31.388337000,74.358220000,still,off,"19/08/2026 10:59 AM","19/08/2026 11:00 AM",LWMC-GuTo,-,-,-,-,-,-,-,-,-
1585,22508,19/08/2026,LWMC,"Tehsil Office, Gulberg Town",LR-0514,"Door To Door Collection",28.084,2H47M,166.78,31.559853000,74.345457000,moving,on,"19/08/2026 10:57 AM","19/08/2026 11:00 AM",LWMC-GuTo,"Loader Rickshaw",2,Distance,5,1,-,-,-,-
1586,18569,19/08/2026,LWMC,"Tehsil Office, Gulberg Town",C-1306,"Container-Based Collection",51.165,5H3M,302.61,31.513589000,74.328854000,moving,on,"19/08/2026 10:58 AM","19/08/2026 11:00 AM",LWMC-GuTo,"Compactor (13CM)",3,Distance,10,1,-,-,-,-
1587,19799,19/08/2026,LWMC,"Tehsil Office, Gulberg Town",S-335,"Bulk Waste Collection",26.341,2H10M,130.21,31.481264000,74.311361000,still,off,"19/08/2026 09:41 AM","19/08/2026 11:00 AM",LWMC-GuTo,"Mini Dumper",2,Distance,5,1,-,-,-,-
1588,22580,19/08/2026,LWMC,"Tehsil Office, Gulberg Town",LR-0659,"Door To Door Collection",20.019,2H1M,121.48,31.469793000,74.325370000,moving,on,"19/08/2026 10:57 AM","19/08/2026 11:00 AM",LWMC-GuTo,"Loader Rickshaw",2,Distance,5,1,-,-,-,-
1589,60929,19/08/2026,LWMC,"Tehsil Office, Gulberg Town",LR-1563,"Door To Door Collection",19.945,4H36M,276.28,31.563402000,74.350163000,moving,on,"19/08/2026 11:00 AM","19/08/2026 11:00 AM",LWMC-GuTo,"Loader Rickshaw",2,Distance,5,1,-,-,-,-
1590,61169,19/08/2026,LWMC,"Tehsil Office, Gulberg Town",LR-1566,"Door To Door Collection",25.215,2H24M,144.11,31.456666000,74.337733000,still,off,"19/08/2026 10:54 AM","19/08/2026 11:00 AM",LWMC-GuTo,"Loader Rickshaw",2,Distance,5,1,-,-,-,-
1591,18555,19/08/2026,LWMC,"Tehsil Office, Gulberg Town",C-1329,"Container-Based Collection",58.499,4H31M,270.53,31.504404000,74.320299000,still,off,"19/08/2026 10:57 AM","19/08/2026 11:00 AM",LWMC-GuTo,"Compactor (13CM)",3,Distance,10,1,-,-,-,-
1592,22505,19/08/2026,LWMC,"Tehsil Office, Gulberg Town",LR-0501,"Door To Door Collection",25.705,2H24M,144.28,31.571708000,74.347409000,still,off,"19/08/2026 10:52 AM","19/08/2026 11:00 AM",LWMC-GuTo,"Loader Rickshaw",2,Distance,5,1,-,-,-,-
1593,22555,19/08/2026,LWMC,"Tehsil Office, Gulberg Town",LR-0648,"Door To Door Collection",12.91,1H24M,83.66,31.506221000,74.325374000,moving,on,"19/08/2026 10:52 AM","19/08/2026 11:00 AM",LWMC-GuTo,"Loader Rickshaw",2,Distance,5,-,-,-,-,-
1594,22582,19/08/2026,LWMC,"Tehsil Office, Gulberg Town",LR-0663,"Door To Door Collection",27.633,2H3M,122.91,31.465512000,74.332929000,moving,on,"19/08/2026 10:56 AM","19/08/2026 11:00 AM",LWMC-GuTo,"Loader Rickshaw",2,Distance,5,1,-,-,-,-
1595,18458,19/08/2026,LWMC,"Tehsil Office, Gulberg Town",CA-170,"Container-Based Collection",98.611,4H23M,263.18,31.542868000,74.348899000,moving,on,"19/08/2026 10:58 AM","19/08/2026 11:00 AM",LWMC-GuTo,"Chain Arm Roll",3,Distance,10,1,-,-,-,-
1596,62067,19/08/2026,LWMC,"Tehsil Office, Data Gunj Baksh Town",LR-1590,"Door To Door Collection",7.988,0H52M,51.76,31.590409000,74.294193000,still,off,"19/08/2026 10:16 AM","19/08/2026 11:00 AM",LWMC-DaGB,"Loader Rickshaw",2,Distance,5,-,-,-,-,-
1597,-,19/08/2026,LWMC,"Tehsil Office, Data Gunj Baksh Town",LR-2517,-,19.198,5H40M,339.8,31.593987000,74.258398000,still,off,"19/08/2026 10:57 AM","19/08/2026 11:00 AM",LWMC-DaGB,-,-,-,-,-,-,-,-,-
1598,61785,19/08/2026,LWMC,"Tehsil Office, Data Gunj Baksh Town",LR-2506,"Door To Door Collection",27.862,3H15M,194.51,31.537618000,74.329794000,moving,on,"19/08/2026 10:39 AM","19/08/2026 11:00 AM",LWMC-DaGB,"Loader Rickshaw",2,Distance,5,1,-,-,-,-
1599,61929,19/08/2026,LWMC,"Tehsil Office, Data Gunj Baksh Town",LR-2583,"Door To Door Collection",23.07,1H23M,82.56,31.595481000,74.295811000,moving,on,"19/08/2026 10:34 AM","19/08/2026 11:00 AM",LWMC-DaGB,"Loader Rickshaw",2,Distance,5,-,-,-,-,-
1600,-,19/08/2026,LWMC,"Tehsil Office, Data Gunj Baksh Town",CA-86,-,87.862,5H21M,320.68,31.572463000,74.286417000,moving,on,"19/08/2026 10:52 AM","19/08/2026 11:00 AM",LWMC-DaGB,-,-,-,-,-,-,-,-,-
1601,-,19/08/2026,LWMC,"Tehsil Office, Data Gunj Baksh Town",MS-5,-,41.416,4H33M,273.39,31.602128000,74.549623000,moving,on,"19/08/2026 10:48 AM","19/08/2026 11:00 AM",LWMC-DaGB,-,-,-,-,-,-,-,-,-
1602,19073,19/08/2026,LWMC,"Tehsil Office, Data Gunj Baksh Town",MFL-58,"Bulk Waste Collection",19.576,6H3M,363.43,31.573280000,74.292254000,moving,on,"19/08/2026 10:46 AM","19/08/2026 11:00 AM",LWMC-DaGB,"Tractor Loader",3,Ignition,-,1,-,-,-,-
1603,62152,19/08/2026,LWMC,"Tehsil Office, Data Gunj Baksh Town",LR-2561,"Door To Door Collection",22.579,1H34M,93.84,31.537656000,74.329921000,still,off,"19/08/2026 10:57 AM","19/08/2026 11:00 AM",LWMC-DaGB,"Loader Rickshaw",2,Distance,5,-,-,-,-,-
1604,18449,19/08/2026,LWMC,"Tehsil Office, Data Gunj Baksh Town",CA-119,"Container-Based Collection",73.591,5H15M,315.03,31.566296000,74.319262000,still,off,"19/08/2026 10:58 AM","19/08/2026 11:00 AM",LWMC-DaGB,"Chain Arm Roll",3,Distance,10,1,-,-,-,-
1605,-,19/08/2026,LWMC,"Tehsil Office, Data Gunj Baksh Town",LR-0702,-,15.038,1H60M,119.51,31.593338000,74.258331000,moving,on,"19/08/2026 10:55 AM","19/08/2026 11:00 AM",LWMC-DaGB,-,-,-,-,-,-,-,-,-
1606,19747,19/08/2026,LWMC,"Tehsil Office, Data Gunj Baksh Town",S-156,"Bulk Waste Collection",33.031,2H19M,138.8,31.573117000,74.291849000,moving,on,"19/08/2026 10:57 AM","19/08/2026 11:00 AM",LWMC-DaGB,"Mini Dumper",2,Distance,5,1,-,-,-,-
1607,19740,19/08/2026,LWMC,"Tehsil Office, Data Gunj Baksh Town",S-352,"Bulk Waste Collection",25.975,2H20M,139.78,31.576777000,74.287406000,moving,on,"19/08/2026 10:49 AM","19/08/2026 11:00 AM",LWMC-DaGB,"Mini Dumper",2,Distance,5,1,-,-,-,-
1608,-,19/08/2026,LWMC,"Tehsil Office, Data Gunj Baksh Town",MFL-105,-,6.356,4H9M,249.13,31.532956000,74.302218000,still,off,"19/08/2026 09:37 AM","19/08/2026 11:00 AM",LWMC-DaGB,-,-,-,-,-,-,-,-,-
1609,18659,19/08/2026,LWMC,"Tehsil Office, Data Gunj Baksh Town",C-744,"Container-Based Collection",63.517,2H56M,176.43,31.542419000,74.331304000,moving,on,"19/08/2026 10:58 AM","19/08/2026 11:00 AM",LWMC-DaGB,"Compactor (7CM)",3,Distance,10,-,-,-,-,-
1610,18541,19/08/2026,LWMC,"Tehsil Office, Data Gunj Baksh Town",C13-68,"Container-Based Collection",33.823,4H11M,250.9,31.561490000,74.320893000,still,off,"19/08/2026 10:57 AM","19/08/2026 11:00 AM",LWMC-DaGB,"Compactor (13CM)",3,Distance,10,1,-,-,-,-
1611,-,19/08/2026,LWMC,"Tehsil Office, Data Gunj Baksh Town",WR-0038,-,11.061,1H26M,85.96,31.543004000,74.320324000,still,off,"19/08/2026 10:55 AM","19/08/2026 11:00 AM",LWMC-DaGB,-,-,-,-,-,-,-,-,-
1612,19739,19/08/2026,LWMC,"Tehsil Office, Data Gunj Baksh Town",S-203,"Bulk Waste Collection",37.419,2H41M,161.01,31.573366000,74.292170000,still,off,"19/08/2026 10:20 AM","19/08/2026 11:00 AM",LWMC-DaGB,"Mini Dumper",2,Distance,5,1,-,-,-,-
1613,19727,19/08/2026,LWMC,"Tehsil Office, Data Gunj Baksh Town",S-301,"Bulk Waste Collection",38.545,2H43M,163.08,31.573227000,74.291952000,moving,on,"19/08/2026 10:44 AM","19/08/2026 11:00 AM",LWMC-DaGB,"Mini Dumper",2,Distance,5,1,-,-,-,-
1614,61968,19/08/2026,LWMC,"Tehsil Office, Data Gunj Baksh Town",LR-2524,"Door To Door Collection",15.706,5H57M,357.3,31.592414000,74.258905000,still,off,"19/08/2026 10:57 AM","19/08/2026 11:00 AM",LWMC-DaGB,"Loader Rickshaw",2,Distance,5,1,-,-,-,-
1615,19765,19/08/2026,LWMC,"Tehsil Office, Data Gunj Baksh Town",M-127,"Bulk Waste Collection",68.251,4H23M,262.89,31.560679000,74.308200000,moving,on,"19/08/2026 10:59 AM","19/08/2026 11:00 AM",LWMC-DaGB,"Mini Dumper",2,Distance,5,1,-,-,-,-
1616,61468,19/08/2026,LWMC,"Tehsil Office, Data Gunj Baksh Town",SD-19,"Bulk Waste Collection",87.908,4H51M,290.68,31.554761000,74.305026000,moving,on,"19/08/2026 10:59 AM","19/08/2026 11:00 AM",LWMC-DaGB,"Dumper (10CM)",3,Ignition,-,1,-,-,-,-
1617,-,19/08/2026,LWMC,"Tehsil Office, Data Gunj Baksh Town",VS-41,-,52.235,4H14M,253.63,31.609122000,74.335433000,moving,on,"19/08/2026 10:58 AM","19/08/2026 11:00 AM",LWMC-DaGB,-,-,-,-,-,-,-,-,-
1618,61820,19/08/2026,LWMC,"Tehsil Office, Data Gunj Baksh Town",LR-2523,"Door To Door Collection",16.369,1H34M,93.88,31.594662000,74.258605000,moving,on,"19/08/2026 09:42 AM","19/08/2026 11:00 AM",LWMC-DaGB,"Loader Rickshaw",2,Distance,5,-,-,-,-,-
1619,19734,19/08/2026,LWMC,"Tehsil Office, Data Gunj Baksh Town",S-90,"Bulk Waste Collection",37.547,2H22M,141.94,31.565847000,74.327489000,moving,on,"19/08/2026 10:58 AM","19/08/2026 11:00 AM",LWMC-DaGB,"Mini Dumper",2,Distance,5,1,-,-,-,-
1620,19784,19/08/2026,LWMC,"Tehsil Office, Data Gunj Baksh Town",S-267,"Bulk Waste Collection",141.634,5H45M,344.98,31.572962000,74.291846000,still,off,"19/08/2026 10:55 AM","19/08/2026 11:00 AM",LWMC-DaGB,"Mini Dumper",2,Distance,5,1,-,-,-,-
1621,-,19/08/2026,LWMC,"Tehsil Office, Data Gunj Baksh Town",LR-0342,-,15.245,1H17M,77.18,31.562162000,74.288447000,moving,on,"19/08/2026 10:39 AM","19/08/2026 11:00 AM",LWMC-DaGB,-,-,-,-,-,-,-,-,-
1622,62101,19/08/2026,LWMC,"Tehsil Office, Data Gunj Baksh Town",LR-1486,"Door To Door Collection",10.104,5H47M,347.28,31.573175000,74.291715000,still,off,"19/08/2026 10:57 AM","19/08/2026 11:00 AM",LWMC-DaGB,"Loader Rickshaw",2,Distance,5,1,-,-,-,-
1623,19769,19/08/2026,LWMC,"Tehsil Office, Data Gunj Baksh Town",S-103,"Bulk Waste Collection",35.045,2H11M,130.53,31.573251000,74.292182000,still,off,"19/08/2026 10:33 AM","19/08/2026 11:00 AM",LWMC-DaGB,"Mini Dumper",2,Distance,5,1,-,-,-,-
1624,-,19/08/2026,LWMC,"Tehsil Office, Data Gunj Baksh Town",LR-2483,-,18.302,3H4M,184.15,31.564408000,74.293609000,moving,on,"19/08/2026 10:59 AM","19/08/2026 11:00 AM",LWMC-DaGB,-,-,-,-,-,-,-,-,-
1625,19785,19/08/2026,LWMC,"Tehsil Office, Data Gunj Baksh Town",S-98,"Bulk Waste Collection",23.199,1H42M,101.88,31.554253000,74.314027000,still,off,"19/08/2026 10:56 AM","19/08/2026 11:00 AM",LWMC-DaGB,"Mini Dumper",2,Distance,5,-,-,-,-,-
1626,19778,19/08/2026,LWMC,"Tehsil Office, Data Gunj Baksh Town",S-16,"Bulk Waste Collection",24.023,1H58M,118.34,31.571141000,74.311397000,moving,on,"19/08/2026 10:58 AM","19/08/2026 11:00 AM",LWMC-DaGB,"Mini Dumper",2,Distance,5,-,-,-,-,-
1627,18539,19/08/2026,LWMC,"Tehsil Office, Data Gunj Baksh Town",C13-1086,"Container-Based Collection",40.129,5H6M,306.33,31.581454000,74.306256000,moving,on,"19/08/2026 10:58 AM","19/08/2026 11:00 AM",LWMC-DaGB,"Compactor (13CM)",3,Distance,10,1,-,-,-,-
1628,19788,19/08/2026,LWMC,"Tehsil Office, Data Gunj Baksh Town",S-21,"Bulk Waste Collection",38.735,2H26M,145.5,31.573334000,74.292164000,still,off,"19/08/2026 10:32 AM","19/08/2026 11:00 AM",LWMC-DaGB,"Mini Dumper",2,Distance,5,1,-,-,-,-
1629,60274,19/08/2026,LWMC,"Tehsil Office, Data Gunj Baksh Town",S-69,"Bulk Waste Collection",42.531,2H48M,167.84,31.573326000,74.292082000,still,off,"19/08/2026 10:48 AM","19/08/2026 11:00 AM",LWMC-DaGB,"Mini Dumper",2,Distance,5,1,-,-,-,-
1630,61979,19/08/2026,LWMC,"Tehsil Office, Data Gunj Baksh Town",LR-2535,"Door To Door Collection",-,0H0M,-,31.592929000,74.259333000,still,off,"19/08/2026 09:47 AM","19/08/2026 11:00 AM",LWMC-DaGB,"Loader Rickshaw",2,Distance,5,-,-,-,-,-
1631,61759,19/08/2026,LWMC,"Tehsil Office, Data Gunj Baksh Town",LR-1591,"Door To Door Collection",11.389,1H56M,115.61,31.557339000,74.279454000,still,off,"19/08/2026 10:57 AM","19/08/2026 11:00 AM",LWMC-DaGB,"Loader Rickshaw",2,Distance,5,-,-,-,-,-
1632,60368,19/08/2026,LWMC,"Tehsil Office, Data Gunj Baksh Town",D-19,"Bulk Waste Collection",62.84,4H7M,247.33,31.578526000,74.264413000,still,off,"19/08/2026 10:59 AM","19/08/2026 11:00 AM",LWMC-DaGB,"Dumper (10CM)",3,Ignition,-,1,-,-,-,-
1633,19753,19/08/2026,LWMC,"Tehsil Office, Data Gunj Baksh Town",S-157,"Bulk Waste Collection",44.656,3H26M,205.93,31.605549000,74.251610000,moving,on,"19/08/2026 10:56 AM","19/08/2026 11:03 AM",LWMC-DaGB,"Mini Dumper",2,Distance,5,1,-,-,-,-
1634,19787,19/08/2026,LWMC,"Tehsil Office, Data Gunj Baksh Town",S-187,"Bulk Waste Collection",17.657,2H4M,123.65,31.597847000,74.296322000,moving,on,"19/08/2026 10:58 AM","19/08/2026 11:00 AM",LWMC-DaGB,"Mini Dumper",2,Distance,5,1,-,-,-,-
1635,19745,19/08/2026,LWMC,"Tehsil Office, Data Gunj Baksh Town",S-84,"Bulk Waste Collection",24.648,2H51M,170.88,31.554063000,74.335364000,moving,on,"19/08/2026 10:59 AM","19/08/2026 11:00 AM",LWMC-DaGB,"Mini Dumper",2,Distance,5,1,-,-,-,-
1636,19775,19/08/2026,LWMC,"Tehsil Office, Data Gunj Baksh Town",S-217,"Bulk Waste Collection",37.017,3H10M,189.81,31.573335000,74.291556000,moving,on,"19/08/2026 10:57 AM","19/08/2026 11:00 AM",LWMC-DaGB,"Mini Dumper",2,Distance,5,1,-,-,-,-
1637,-,19/08/2026,LWMC,"Tehsil Office, Data Gunj Baksh Town",WR-0035,-,15.383,1H44M,103.93,31.573293000,74.292277000,moving,on,"19/08/2026 10:25 AM","19/08/2026 11:00 AM",LWMC-DaGB,-,-,-,-,-,-,-,-,-
1638,62118,19/08/2026,LWMC,"Tehsil Office, Data Gunj Baksh Town",LR-2542,"Door To Door Collection",34.553,2H30M,150.16,31.537849000,74.329904000,moving,on,"19/08/2026 10:58 AM","19/08/2026 11:00 AM",LWMC-DaGB,"Loader Rickshaw",2,Distance,5,1,-,-,-,-
1639,60377,19/08/2026,LWMC,"Tehsil Office, Data Gunj Baksh Town",D-44,"Bulk Waste Collection",81.259,3H53M,233.09,31.554056000,74.325529000,still,off,"19/08/2026 10:32 AM","19/08/2026 11:00 AM",LWMC-DaGB,"Dumper (7CM)",3,Ignition,-,1,-,-,-,-
1640,18644,19/08/2026,LWMC,"Tehsil Office, Data Gunj Baksh Town",C25-089,"Container-Based Collection",37.271,5H10M,309.75,31.573188000,74.291952000,moving,on,"19/08/2026 10:43 AM","19/08/2026 11:00 AM",LWMC-DaGB,"Compactor (25CM)",3,Distance,10,1,-,-,-,-
1641,19736,19/08/2026,LWMC,"Tehsil Office, Data Gunj Baksh Town",S-42,"Bulk Waste Collection",40.576,3H6M,186.09,31.598778000,74.253625000,moving,on,"19/08/2026 10:57 AM","19/08/2026 11:00 AM",LWMC-DaGB,"Mini Dumper",2,Distance,5,1,-,-,-,-
1642,61971,19/08/2026,LWMC,"Tehsil Office, Data Gunj Baksh Town",LR-1488,"Door To Door Collection",9.53,1H10M,70.11,31.572398000,74.293286000,moving,on,"19/08/2026 10:53 AM","19/08/2026 11:00 AM",LWMC-DaGB,"Loader Rickshaw",2,Distance,5,-,-,-,-,-
1643,19731,19/08/2026,LWMC,"Tehsil Office, Data Gunj Baksh Town",S-34,"Bulk Waste Collection",36.256,2H16M,135.94,31.573219000,74.292216000,still,off,"19/08/2026 10:59 AM","19/08/2026 11:00 AM",LWMC-DaGB,"Mini Dumper",2,Distance,5,1,-,-,-,-
1644,19077,19/08/2026,LWMC,"Tehsil Office, Data Gunj Baksh Town",R-20,"Bulk Waste Collection",-,0H0M,-,31.572968000,74.291865000,still,off,"19/08/2026 09:38 AM","19/08/2026 11:00 AM",LWMC-DaGB,"Rickshaw Shower",2,Distance,5,-,-,-,-,-
1645,19750,19/08/2026,LWMC,"Tehsil Office, Data Gunj Baksh Town",S-109,"Bulk Waste Collection",39.87,2H31M,150.98,31.573302000,74.292065000,moving,on,"19/08/2026 10:42 AM","19/08/2026 11:00 AM",LWMC-DaGB,"Mini Dumper",2,Distance,5,1,-,-,-,-
1646,19072,19/08/2026,LWMC,"Tehsil Office, Data Gunj Baksh Town",MFL-51,"Bulk Waste Collection",15.112,2H11M,130.55,31.569928000,74.311958000,moving,on,"19/08/2026 10:49 AM","19/08/2026 11:00 AM",LWMC-DaGB,"Tractor Loader",3,Ignition,-,-,-,-,-,-
1647,18386,19/08/2026,LWMC,"Tehsil Office, Data Gunj Baksh Town",HA-11,"Container-Based Collection",76.602,4H10M,250.23,31.573312000,74.278068000,moving,on,"19/08/2026 10:56 AM","19/08/2026 11:00 AM",LWMC-DaGB,"Arm Roll Truck",3,Distance,10,1,-,-,-,-
1648,19069,19/08/2026,LWMC,"Tehsil Office, Data Gunj Baksh Town",LD-09,"Bulk Waste Collection",13.771,5H20M,320.5,31.588715000,74.293591000,moving,on,"19/08/2026 10:59 AM","19/08/2026 11:00 AM",LWMC-DaGB,"Tractor Loader",3,Ignition,-,1,-,-,-,-
1649,-,19/08/2026,LWMC,"Tehsil Office, Data Gunj Baksh Town",WR-0039,-,7.714,0H44M,43.78,31.539148000,74.325253000,still,off,"19/08/2026 09:43 AM","19/08/2026 11:00 AM",LWMC-DaGB,-,-,-,-,-,-,-,-,-
1650,19772,19/08/2026,LWMC,"Tehsil Office, Data Gunj Baksh Town",S-03,"Bulk Waste Collection",35.415,2H30M,149.98,31.573319000,74.299468000,moving,on,"19/08/2026 10:59 AM","19/08/2026 11:00 AM",LWMC-DaGB,"Mini Dumper",2,Distance,5,1,-,-,-,-
1651,-,19/08/2026,LWMC,"Tehsil Office, Data Gunj Baksh Town",MS-24,-,14.898,2H32M,152.26,31.560662000,74.308538000,still,off,"19/08/2026 10:49 AM","19/08/2026 11:00 AM",LWMC-DaGB,-,-,-,-,-,-,-,-,-
1652,19723,19/08/2026,LWMC,"Tehsil Office, Data Gunj Baksh Town",S-73,"Bulk Waste Collection",36.844,2H49M,169.01,31.547243000,74.315920000,still,off,"19/08/2026 10:58 AM","19/08/2026 11:00 AM",LWMC-DaGB,"Mini Dumper",2,Distance,5,1,-,-,-,-
1653,62124,19/08/2026,LWMC,"Tehsil Office, Data Gunj Baksh Town",LR-1483,"Door To Door Collection",18.641,1H51M,110.95,31.592498000,74.257672000,moving,on,"19/08/2026 10:11 AM","19/08/2026 11:00 AM",LWMC-DaGB,"Loader Rickshaw",2,Distance,5,-,-,-,-,-
1654,19771,19/08/2026,LWMC,"Tehsil Office, Data Gunj Baksh Town",S-147,"Bulk Waste Collection",31.296,2H42M,162.16,31.590373000,74.294224000,moving,on,"19/08/2026 10:35 AM","19/08/2026 11:00 AM",LWMC-DaGB,"Mini Dumper",2,Distance,5,1,-,-,-,-
1655,-,19/08/2026,LWMC,"Tehsil Office, Data Gunj Baksh Town",C-13-69,-,53.014,4H42M,282.01,31.537414000,74.333821000,still,off,"19/08/2026 10:41 AM","19/08/2026 11:00 AM",LWMC-DaGB,-,-,-,-,-,-,-,-,-
1656,30806,19/08/2026,LWMC,"Tehsil Office, Data Gunj Baksh Town",LR-0756,"Door To Door Collection",25.384,1H48M,108.34,31.560358000,74.321321000,moving,on,"19/08/2026 10:56 AM","19/08/2026 11:00 AM",LWMC-DaGB,"Loader Rickshaw",2,Distance,5,-,-,-,-,-
1657,19759,19/08/2026,LWMC,"Tehsil Office, Data Gunj Baksh Town",S-328,"Bulk Waste Collection",29.886,2H1M,120.66,31.539585000,74.318808000,still,off,"19/08/2026 10:53 AM","19/08/2026 11:00 AM",LWMC-DaGB,"Mini Dumper",2,Distance,5,1,-,-,-,-
1658,19737,19/08/2026,LWMC,"Tehsil Office, Data Gunj Baksh Town",S-324,"Bulk Waste Collection",37.191,2H29M,149.06,31.573259000,74.292386000,still,off,"19/08/2026 10:50 AM","19/08/2026 11:00 AM",LWMC-DaGB,"Mini Dumper",2,Distance,5,1,-,-,-,-
1659,19761,19/08/2026,LWMC,"Tehsil Office, Data Gunj Baksh Town",S-172,"Bulk Waste Collection",32.412,3H14M,193.88,31.529549000,74.328166000,moving,on,"19/08/2026 10:52 AM","19/08/2026 11:03 AM",LWMC-DaGB,"Mini Dumper",2,Distance,5,1,-,-,-,-
1660,61584,19/08/2026,LWMC,"Tehsil Office, Data Gunj Baksh Town",LR-2799,"Door To Door Collection",24.549,2H30M,150.03,31.555148000,74.333984000,moving,on,"19/08/2026 10:59 AM","19/08/2026 11:00 AM",LWMC-DaGB,"Loader Rickshaw",2,Distance,5,1,-,-,-,-
1661,19751,19/08/2026,LWMC,"Tehsil Office, Data Gunj Baksh Town",S-242,"Bulk Waste Collection",23.238,1H50M,109.71,31.550383000,74.314272000,moving,on,"19/08/2026 10:57 AM","19/08/2026 11:00 AM",LWMC-DaGB,"Mini Dumper",2,Distance,5,-,-,-,-,-
1662,61617,19/08/2026,LWMC,"Tehsil Office, Data Gunj Baksh Town",LR-2543,"Door To Door Collection",22.653,2H40M,159.53,31.570077000,74.329556000,moving,on,"19/08/2026 10:47 AM","19/08/2026 11:00 AM",LWMC-DaGB,"Loader Rickshaw",2,Distance,5,1,-,-,-,-
1663,-,19/08/2026,LWMC,"Tehsil Office, Data Gunj Baksh Town",LR-141,-,9.598,3H16M,195.63,31.576784000,74.308311000,still,off,"19/08/2026 10:58 AM","19/08/2026 11:00 AM",LWMC-DaGB,-,-,-,-,-,-,-,-,-
1664,19744,19/08/2026,LWMC,"Tehsil Office, Data Gunj Baksh Town",S-271,"Bulk Waste Collection",43.404,2H38M,158.18,31.573270000,74.292032000,moving,on,"19/08/2026 10:50 AM","19/08/2026 11:00 AM",LWMC-DaGB,"Mini Dumper",2,Distance,5,1,-,-,-,-
1665,30115,19/08/2026,LWMC,"Tehsil Office, Data Gunj Baksh Town",FTL-24,"Bulk Waste Collection",8.93,3H2M,181.78,31.585374000,74.285134000,still,off,"19/08/2026 10:57 AM","19/08/2026 11:00 AM",LWMC-DaGB,"Tractor Loader",3,Ignition,-,1,-,-,-,-
1666,60551,19/08/2026,LWMC,"Tehsil Office, Data Gunj Baksh Town",C-701,"Container-Based Collection",-,0H0M,-,31.573086000,74.291542000,still,off,"19/08/2026 09:35 AM","19/08/2026 11:00 AM",LWMC-DaGB,"Compactor (7CM)",3,Distance,10,-,-,-,-,-
1667,59667,19/08/2026,LWMC,"Tehsil Office, Data Gunj Baksh Town",C13-1074,"Container-Based Collection",31.284,3H51M,230.88,31.562294000,74.304831000,moving,on,"19/08/2026 10:58 AM","19/08/2026 11:00 AM",LWMC-DaGB,"Compactor (13CM)",3,Distance,10,1,-,-,-,-
1668,19773,19/08/2026,LWMC,"Tehsil Office, Data Gunj Baksh Town",S-386,"Bulk Waste Collection",39.759,2H55M,175.09,31.547197000,74.315964000,still,off,"19/08/2026 10:58 AM","19/08/2026 11:00 AM",LWMC-DaGB,"Mini Dumper",2,Distance,5,1,-,-,-,-
1669,19748,19/08/2026,LWMC,"Tehsil Office, Data Gunj Baksh Town",S-333,"Bulk Waste Collection",25.553,1H59M,119.09,31.558266000,74.282901000,moving,on,"19/08/2026 10:56 AM","19/08/2026 11:00 AM",LWMC-DaGB,"Mini Dumper",2,Distance,5,-,-,-,-,-
1670,19083,19/08/2026,LWMC,"Tehsil Office, Data Gunj Baksh Town",R-31,"Bulk Waste Collection",10.421,1H1M,60.93,31.533365000,74.328007000,moving,on,"19/08/2026 10:59 AM","19/08/2026 11:00 AM",LWMC-DaGB,"Rickshaw Shower",2,Distance,5,-,-,-,-,-
1671,61907,19/08/2026,LWMC,"Tehsil Office, Data Gunj Baksh Town",LR-1325,"Door To Door Collection",26.309,3H8M,188.19,31.592824000,74.255589000,moving,on,"19/08/2026 10:59 AM","19/08/2026 11:00 AM",LWMC-DaGB,"Loader Rickshaw",2,Distance,5,1,-,-,-,-
1672,19033,19/08/2026,LWMC,"Tehsil Office, Data Gunj Baksh Town",LR-0242,"Bulk Waste Collection",22.489,2H11M,131.11,31.593102000,74.260016000,moving,on,"19/08/2026 09:55 AM","19/08/2026 11:00 AM",LWMC-DaGB,"Loader Rickshaw",2,Distance,5,1,-,-,-,-
1673,19758,19/08/2026,LWMC,"Tehsil Office, Data Gunj Baksh Town",S-350,"Bulk Waste Collection",34.804,2H51M,170.65,31.573297000,74.292056000,moving,on,"19/08/2026 10:48 AM","19/08/2026 11:00 AM",LWMC-DaGB,"Mini Dumper",2,Distance,5,1,-,-,-,-
1674,19757,19/08/2026,LWMC,"Tehsil Office, Data Gunj Baksh Town",S-162,"Bulk Waste Collection",33.983,2H54M,173.98,31.573189000,74.292037000,still,off,"19/08/2026 10:51 AM","19/08/2026 11:00 AM",LWMC-DaGB,"Mini Dumper",2,Distance,5,1,-,-,-,-
1675,30812,19/08/2026,LWMC,"Tehsil Office, Data Gunj Baksh Town",LR-0698,"Door To Door Collection",14.235,1H32M,92.01,31.588141000,74.301602000,still,off,"19/08/2026 10:51 AM","19/08/2026 11:00 AM",LWMC-DaGB,"Loader Rickshaw",2,Distance,5,-,-,-,-,-
1676,19760,19/08/2026,LWMC,"Tehsil Office, Data Gunj Baksh Town",S-108,"Bulk Waste Collection",36.753,2H21M,141.3,31.573199000,74.292239000,moving,on,"19/08/2026 10:41 AM","19/08/2026 11:00 AM",LWMC-DaGB,"Mini Dumper",2,Distance,5,1,-,-,-,-
1677,30192,19/08/2026,LWMC,"Tehsil Office, Data Gunj Baksh Town",S-45,"Bulk Waste Collection",27.701,2H56M,175.63,31.548742000,74.337631000,moving,on,"19/08/2026 10:42 AM","19/08/2026 11:00 AM",LWMC-DaGB,"Compactor (25CM)",3,Distance,10,-,-,-,-,-
1678,19767,19/08/2026,LWMC,"Tehsil Office, Data Gunj Baksh Town",S-101,"Bulk Waste Collection",35.077,2H37M,156.91,31.573148000,74.292047000,moving,on,"19/08/2026 10:53 AM","19/08/2026 11:00 AM",LWMC-DaGB,"Mini Dumper",2,Distance,5,1,-,-,-,-
1679,18660,19/08/2026,LWMC,"Tehsil Office, Data Gunj Baksh Town",C-743,"Container-Based Collection",71.246,3H8M,187.88,31.573324000,74.292229000,moving,on,"19/08/2026 10:57 AM","19/08/2026 11:00 AM",LWMC-DaGB,"Compactor (7CM)",3,Distance,10,1,-,-,-,-
1680,-,19/08/2026,LWMC,"Tehsil Office, Data Gunj Baksh Town",LR-1485,-,8.715,5H48M,348.25,31.572523000,74.288599000,still,off,"19/08/2026 10:57 AM","19/08/2026 11:00 AM",LWMC-DaGB,-,-,-,-,-,-,-,-,-
1681,18452,19/08/2026,LWMC,"Tehsil Office, Data Gunj Baksh Town",CA-155,"Container-Based Collection",73.136,4H40M,280.44,31.572626000,74.279752000,moving,on,"19/08/2026 10:58 AM","19/08/2026 11:00 AM",LWMC-DaGB,"Chain Arm Roll",3,Distance,10,1,-,-,-,-
1682,19735,19/08/2026,LWMC,"Tehsil Office, Data Gunj Baksh Town",S-47,"Bulk Waste Collection",35.922,3H4M,183.8,31.572638000,74.280095000,moving,on,"19/08/2026 10:57 AM","19/08/2026 11:00 AM",LWMC-DaGB,"Mini Dumper",2,Distance,5,1,-,-,-,-
1683,41284,19/08/2026,LWMC,"Tehsil Office, Samnabad Town",LR-1676,"Door To Door Collection",35.327,6H43M,402.53,31.449070000,74.205356000,still,off,"19/08/2026 10:57 AM","19/08/2026 11:00 AM",LWMC-SaTo,"Loader Rickshaw",2,Distance,5,1,-,-,-,-
1684,59471,19/08/2026,LWMC,"Tehsil Office, Samnabad Town",LR-2662,"Door To Door Collection",24.8,3H53M,233.34,31.518043000,74.286778000,still,off,"19/08/2026 10:58 AM","19/08/2026 11:00 AM",LWMC-SaTo,"Loader Rickshaw",2,Distance,5,1,-,-,-,-
1685,39146,19/08/2026,LWMC,"Tehsil Office, Samnabad Town",D-46,"Bulk Waste Collection",11.763,1H7M,67.31,31.508414000,74.311499000,still,off,"19/08/2026 10:59 AM","19/08/2026 11:00 AM",LWMC-SaTo,"Dumper (7CM)",3,Ignition,-,-,-,-,-,-
1686,41351,19/08/2026,LWMC,"Tehsil Office, Samnabad Town",LR-2252,"Door To Door Collection",36.901,2H37M,156.76,31.526659000,74.304923000,moving,on,"19/08/2026 10:48 AM","19/08/2026 11:00 AM",LWMC-SaTo,"Loader Rickshaw",2,Distance,5,1,-,-,-,-
1687,41343,19/08/2026,LWMC,"Tehsil Office, Samnabad Town",LR-2244,"Door To Door Collection",18.031,6H15M,375.43,31.533832000,74.309796000,moving,on,"19/08/2026 10:59 AM","19/08/2026 11:00 AM",LWMC-SaTo,"Loader Rickshaw",2,Distance,5,1,-,-,-,-
1688,60497,19/08/2026,LWMC,"Tehsil Office, Samnabad Town",LR-2667,"Door To Door Collection",24.054,5H15M,315.03,31.516833000,74.289164000,still,off,"19/08/2026 10:57 AM","19/08/2026 11:00 AM",LWMC-SaTo,"Loader Rickshaw",2,Distance,5,1,-,-,-,-
1689,-,19/08/2026,LWMC,"Tehsil Office, Samnabad Town",WR-0028,-,20.761,1H31M,90.88,31.473106000,74.295488000,moving,on,"19/08/2026 10:31 AM","19/08/2026 11:00 AM",LWMC-SaTo,-,-,-,-,-,-,-,-,-
1690,40360,19/08/2026,LWMC,"Tehsil Office, Samnabad Town",LR-0818,"Door To Door Collection",41.354,6H59M,418.96,31.539087000,74.268547000,still,off,"19/08/2026 10:58 AM","19/08/2026 11:00 AM",LWMC-SaTo,"Loader Rickshaw",2,Distance,5,1,-,-,-,-
1691,41373,19/08/2026,LWMC,"Tehsil Office, Samnabad Town",LR-2274,"Door To Door Collection",31.449,5H42M,341.73,31.528351000,74.304726000,still,off,"19/08/2026 10:57 AM","19/08/2026 11:00 AM",LWMC-SaTo,"Loader Rickshaw",2,Distance,5,1,-,-,-,-
1692,39136,19/08/2026,LWMC,"Tehsil Office, Samnabad Town",C-1366L,"Container-Based Collection",42.314,4H53M,292.93,31.493767000,74.295451000,still,off,"19/08/2026 10:58 AM","19/08/2026 11:00 AM",LWMC-SaTo,"Compactor (13CM)",3,Distance,10,1,-,-,-,-
1693,60433,19/08/2026,LWMC,"Tehsil Office, Samnabad Town",MFL-50,"Bulk Waste Collection",19.159,4H13M,253.21,31.546337000,74.269318000,still,off,"19/08/2026 10:58 AM","19/08/2026 11:00 AM",LWMC-SaTo,Loader,3,Ignition,-,1,-,-,-,-
1694,60984,19/08/2026,LWMC,"Tehsil Office, Samnabad Town",LR-2815,"Door To Door Collection",17.448,5H42M,341.68,31.576323000,74.271717000,still,off,"19/08/2026 09:42 AM","19/08/2026 11:00 AM",LWMC-SaTo,"Loader Rickshaw",2,Distance,5,1,-,-,-,-
1695,60431,19/08/2026,LWMC,"Tehsil Office, Samnabad Town",MFL-87,"Bulk Waste Collection",1.467,2H32M,151.98,31.506410000,74.292637000,still,off,"19/08/2026 10:14 AM","19/08/2026 11:00 AM",LWMC-SaTo,Loader,3,Ignition,-,-,-,-,-,-
1696,39291,19/08/2026,LWMC,"Tehsil Office, Samnabad Town",LR-0490,"Door To Door Collection",37.786,3H35M,215.18,31.518521000,74.324289000,moving,on,"19/08/2026 10:57 AM","19/08/2026 11:00 AM",LWMC-SaTo,"Loader Rickshaw",2,Distance,5,1,-,-,-,-
1697,40310,19/08/2026,LWMC,"Tehsil Office, Samnabad Town",LR-0495,"Door To Door Collection",40.292,2H51M,171.23,31.506503000,74.313344000,still,off,"19/08/2026 10:41 AM","19/08/2026 11:00 AM",LWMC-SaTo,"Loader Rickshaw",2,Distance,5,1,-,-,-,-
1698,59995,19/08/2026,LWMC,"Tehsil Office, Samnabad Town",LR-2445,"Door To Door Collection",37.273,4H1M,240.55,31.533319000,74.302576000,still,off,"19/08/2026 10:45 AM","19/08/2026 11:00 AM",LWMC-SaTo,"Loader Rickshaw",2,Distance,5,1,-,-,-,-
1699,41249,19/08/2026,LWMC,"Tehsil Office, Samnabad Town",LR-1258,"Door To Door Collection",18.342,3H5M,184.71,31.536989000,74.299118000,moving,on,"19/08/2026 10:46 AM","19/08/2026 11:00 AM",LWMC-SaTo,"Loader Rickshaw",2,Distance,5,1,-,-,-,-
1700,39170,19/08/2026,LWMC,"Tehsil Office, Samnabad Town",S-195,"Bulk Waste Collection",45.066,3H44M,224.46,31.547754000,74.278863000,still,off,"19/08/2026 11:00 AM","19/08/2026 11:00 AM",LWMC-SaTo,"Mini Dumper",2,Distance,5,1,-,-,-,-
1701,41334,19/08/2026,LWMC,"Tehsil Office, Samnabad Town",LR-2240,"Door To Door Collection",40.693,5H30M,329.58,31.505892000,74.311091000,still,off,"19/08/2026 10:53 AM","19/08/2026 11:00 AM",LWMC-SaTo,"Loader Rickshaw",2,Distance,5,1,-,-,-,-
1702,60826,19/08/2026,LWMC,"Tehsil Office, Samnabad Town",LR-1184,"Door To Door Collection",38.902,3H33M,213.21,31.574524000,74.274211000,moving,on,"19/08/2026 10:59 AM","19/08/2026 11:00 AM",LWMC-SaTo,"Loader Rickshaw",2,Distance,5,1,-,-,-,-
1703,41371,19/08/2026,LWMC,"Tehsil Office, Samnabad Town",LR-2272,"Door To Door Collection",15.988,9H50M,589.86,31.533261000,74.316258000,moving,on,"19/08/2026 10:39 AM","19/08/2026 11:00 AM",LWMC-SaTo,"Loader Rickshaw",2,Distance,5,1,-,-,-,-
1704,60629,19/08/2026,LWMC,"Tehsil Office, Samnabad Town",LR-2809,"Door To Door Collection",22.07,2H0M,120.31,31.511889000,74.278924000,moving,on,"19/08/2026 10:56 AM","19/08/2026 11:00 AM",LWMC-SaTo,"Loader Rickshaw",2,Distance,5,1,-,-,-,-
1705,40327,19/08/2026,LWMC,"Tehsil Office, Samnabad Town",LR-0974,"Door To Door Collection",-,9H53M,593.25,31.463783000,74.224836000,still,off,"19/08/2026 09:59 AM","19/08/2026 11:00 AM",LWMC-SaTo,"Loader Rickshaw",2,Distance,5,-,-,-,-,-
1706,60988,19/08/2026,LWMC,"Tehsil Office, Samnabad Town",LR-2820,"Door To Door Collection",26.537,2H33M,153.31,31.547556000,74.290296000,moving,on,"19/08/2026 10:59 AM","19/08/2026 11:00 AM",LWMC-SaTo,"Loader Rickshaw",2,Distance,5,1,-,-,-,-
1707,41345,19/08/2026,LWMC,"Tehsil Office, Samnabad Town",LR-2246,"Door To Door Collection",11.664,2H35M,155.33,31.531445000,74.294463000,still,off,"19/08/2026 10:58 AM","19/08/2026 11:00 AM",LWMC-SaTo,"Loader Rickshaw",2,Distance,5,1,-,-,-,-
1708,60778,19/08/2026,LWMC,"Tehsil Office, Samnabad Town",LR-2651,"Door To Door Collection",15.876,4H50M,289.94,31.538801000,74.309522000,still,off,"19/08/2026 10:57 AM","19/08/2026 11:00 AM",LWMC-SaTo,"Loader Rickshaw",2,Distance,5,1,-,-,-,-
1709,60604,19/08/2026,LWMC,"Tehsil Office, Samnabad Town",MFL-67,"Bulk Waste Collection",15.743,2H10M,130.43,31.575869000,74.273350000,moving,on,"19/08/2026 10:27 AM","19/08/2026 11:00 AM",LWMC-SaTo,Loader,3,Ignition,-,-,-,-,-,-
1710,39293,19/08/2026,LWMC,"Tehsil Office, Samnabad Town",LR-0492,"Door To Door Collection",32.499,1H39M,98.53,31.505751000,74.292871000,moving,on,"19/08/2026 10:40 AM","19/08/2026 11:00 AM",LWMC-SaTo,"Loader Rickshaw",2,Distance,5,-,-,-,-,-
1711,60388,19/08/2026,LWMC,"Tehsil Office, Samnabad Town",SD-13,"Bulk Waste Collection",36.851,2H27M,147.33,31.515544000,74.276120000,moving,on,"19/08/2026 11:00 AM","19/08/2026 11:00 AM",LWMC-SaTo,"Dumper (10CM)",3,Ignition,-,-,-,-,-,-
1712,60821,19/08/2026,LWMC,"Tehsil Office, Samnabad Town",LR-2660,"Door To Door Collection",33.544,4H11M,250.78,31.519603000,74.291222000,still,off,"19/08/2026 10:58 AM","19/08/2026 11:00 AM",LWMC-SaTo,"Loader Rickshaw",2,Distance,5,1,-,-,-,-
1713,59432,19/08/2026,LWMC,"Tehsil Office, Samnabad Town",LR-2806,"Door To Door Collection",11.43,1H3M,63.16,31.483728000,74.295326000,still,off,"19/08/2026 10:57 AM","19/08/2026 11:00 AM",LWMC-SaTo,"Loader Rickshaw",2,Distance,5,-,-,-,-,-
1714,60285,19/08/2026,LWMC,"Tehsil Office, Samnabad Town",LR-2823,"Door To Door Collection",25.804,2H47M,167.44,31.548258000,74.296453000,still,off,"19/08/2026 09:45 AM","19/08/2026 11:00 AM",LWMC-SaTo,"Loader Rickshaw",2,Distance,5,1,-,-,-,-
1715,60799,19/08/2026,LWMC,"Tehsil Office, Samnabad Town",LR-2652,"Door To Door Collection",32.778,2H28M,148.03,31.539151000,74.308464000,moving,on,"19/08/2026 09:39 AM","19/08/2026 11:00 AM",LWMC-SaTo,"Loader Rickshaw",2,Distance,5,1,-,-,-,-
1716,41233,19/08/2026,LWMC,"Tehsil Office, Samnabad Town",LR-1182,"Door To Door Collection",37.08,3H4M,184.34,31.545569000,74.267403000,moving,on,"19/08/2026 10:49 AM","19/08/2026 11:00 AM",LWMC-SaTo,"Loader Rickshaw",2,Distance,5,1,-,-,-,-
1717,59967,19/08/2026,LWMC,"Tehsil Office, Samnabad Town",LR-2811,"Door To Door Collection",25.336,1H57M,116.54,31.563715000,74.274813000,moving,on,"19/08/2026 10:24 AM","19/08/2026 11:00 AM",LWMC-SaTo,"Loader Rickshaw",2,Distance,5,-,-,-,-,-
1718,41356,19/08/2026,LWMC,"Tehsil Office, Samnabad Town",LR-2257,"Door To Door Collection",27.196,2H40M,159.63,31.521429000,74.302983000,moving,on,"19/08/2026 10:51 AM","19/08/2026 11:00 AM",LWMC-SaTo,"Loader Rickshaw",2,Distance,5,1,-,-,-,-
1719,60641,19/08/2026,LWMC,"Tehsil Office, Samnabad Town",LR-2437,"Door To Door Collection",-,0H0M,-,31.463906000,74.224970000,still,off,"19/08/2026 09:52 AM","19/08/2026 11:00 AM",LWMC-SaTo,"Loader Rickshaw",2,Distance,5,-,-,-,-,-
1720,60189,19/08/2026,LWMC,"Tehsil Office, Samnabad Town",LR-2816,"Door To Door Collection",29.652,2H44M,164.09,31.553632000,74.268333000,moving,on,"19/08/2026 10:49 AM","19/08/2026 11:00 AM",LWMC-SaTo,"Loader Rickshaw",2,Distance,5,1,-,-,-,-
1721,41344,19/08/2026,LWMC,"Tehsil Office, Samnabad Town",LR-2245,"Door To Door Collection",30.289,6H4M,364.36,31.480262000,74.248904000,still,off,"19/08/2026 10:57 AM","19/08/2026 11:00 AM",LWMC-SaTo,"Loader Rickshaw",2,Distance,5,1,-,-,-,-
1722,60776,19/08/2026,LWMC,"Tehsil Office, Samnabad Town",LR-1257,"Door To Door Collection",28.517,10H21M,620.51,31.533370000,74.302612000,still,off,"19/08/2026 10:57 AM","19/08/2026 11:00 AM",LWMC-SaTo,"Loader Rickshaw",2,Distance,5,1,-,-,-,-
1723,61002,19/08/2026,LWMC,"Tehsil Office, Samnabad Town",LR-2817,"Door To Door Collection",39.105,3H25M,205.03,31.552833000,74.264626000,still,off,"19/08/2026 10:45 AM","19/08/2026 11:00 AM",LWMC-SaTo,"Loader Rickshaw",2,Distance,5,1,-,-,-,-
1724,59778,19/08/2026,LWMC,"Tehsil Office, Samnabad Town",LR-2439,"Door To Door Collection",-,0H0M,-,31.464014000,74.225020000,still,off,"19/08/2026 09:50 AM","19/08/2026 11:00 AM",LWMC-SaTo,"Loader Rickshaw",2,Distance,5,-,-,-,-,-
1725,41348,19/08/2026,LWMC,"Tehsil Office, Samnabad Town",LR-2249,"Door To Door Collection",35.133,4H44M,283.51,31.526757000,74.303624000,still,off,"19/08/2026 10:57 AM","19/08/2026 11:00 AM",LWMC-SaTo,"Loader Rickshaw",2,Distance,5,1,-,-,-,-
1726,41236,19/08/2026,LWMC,"Tehsil Office, Samnabad Town",LR-1185,"Door To Door Collection",29.327,2H13M,133.46,31.557641000,74.276564000,moving,on,"19/08/2026 10:57 AM","19/08/2026 11:00 AM",LWMC-SaTo,"Loader Rickshaw",2,Distance,5,1,-,-,-,-
1727,41329,19/08/2026,LWMC,"Tehsil Office, Samnabad Town",LR-2179,"Door To Door Collection",37.785,2H59M,178.98,31.539713000,74.281700000,still,off,"19/08/2026 10:57 AM","19/08/2026 11:00 AM",LWMC-SaTo,"Loader Rickshaw",2,Distance,5,1,-,-,-,-
1728,60991,19/08/2026,LWMC,"Tehsil Office, Samnabad Town",LR-2444,"Door To Door Collection",44.133,9H34M,573.73,31.495186000,74.263766000,moving,on,"19/08/2026 10:57 AM","19/08/2026 11:00 AM",LWMC-SaTo,"Loader Rickshaw",2,Distance,5,1,-,-,-,-
1729,59797,19/08/2026,LWMC,"Tehsil Office, Samnabad Town",LR-2671,"Door To Door Collection",33.746,6H20M,380,31.506082000,74.292799000,moving,on,"19/08/2026 11:00 AM","19/08/2026 11:00 AM",LWMC-SaTo,"Loader Rickshaw",2,Distance,5,1,-,-,-,-
1730,59926,19/08/2026,LWMC,"Tehsil Office, Samnabad Town",LR-2833,"Door To Door Collection",23.752,4H23M,263.39,31.517978000,74.301097000,moving,on,"19/08/2026 10:57 AM","19/08/2026 11:00 AM",LWMC-SaTo,"Loader Rickshaw",2,Distance,5,1,-,-,-,-
1731,41278,19/08/2026,LWMC,"Tehsil Office, Samnabad Town",LR-1463,"Door To Door Collection",32.853,3H36M,215.96,31.506035000,74.292938000,moving,on,"19/08/2026 10:58 AM","19/08/2026 11:00 AM",LWMC-SaTo,"Loader Rickshaw",2,Distance,5,1,-,-,-,-
1732,40357,19/08/2026,LWMC,"Tehsil Office, Samnabad Town",LR-0999,"Door To Door Collection",-,0H0M,-,31.464116000,74.225193000,still,off,"19/08/2026 10:10 AM","19/08/2026 11:00 AM",LWMC-SaTo,"Loader Rickshaw",2,Distance,5,-,-,-,-,-
1733,59769,19/08/2026,LWMC,"Tehsil Office, Samnabad Town",LR-2438,"Door To Door Collection",-,0H0M,-,31.463878000,74.224968000,still,off,"19/08/2026 09:45 AM","19/08/2026 11:00 AM",LWMC-SaTo,"Loader Rickshaw",2,Distance,5,-,-,-,-,-
1734,60719,19/08/2026,LWMC,"Tehsil Office, Samnabad Town",LR-2819,"Door To Door Collection",28.758,5H5M,304.89,31.556183000,74.265714000,moving,on,"19/08/2026 10:59 AM","19/08/2026 11:00 AM",LWMC-SaTo,"Loader Rickshaw",2,Distance,5,1,-,-,-,-
1735,-,19/08/2026,LWMC,"Tehsil Office, Samnabad Town",VS-50,-,0.156,0H21M,21.41,31.464381000,74.225572000,still,off,"19/08/2026 09:50 AM","19/08/2026 11:00 AM",LWMC-SaTo,-,-,-,-,-,-,-,-,-
1736,60392,19/08/2026,LWMC,"Tehsil Office, Samnabad Town",S-122,"Bulk Waste Collection",27.059,1H41M,100.84,31.543279000,74.313641000,moving,on,"19/08/2026 10:48 AM","19/08/2026 11:00 AM",LWMC-SaTo,"Mini Dumper",2,Distance,5,-,-,-,-,-
1737,39142,19/08/2026,LWMC,"Tehsil Office, Samnabad Town",CA-123,"Container-Based Collection",91.913,3H38M,217.61,31.475502000,74.227643000,moving,on,"19/08/2026 10:58 AM","19/08/2026 11:00 AM",LWMC-SaTo,"Chain Arm Roll",3,Distance,10,1,-,-,-,-
1738,41372,19/08/2026,LWMC,"Tehsil Office, Samnabad Town",LR-2273,"Door To Door Collection",33.166,2H36M,155.59,31.528187000,74.304098000,moving,on,"19/08/2026 10:49 AM","19/08/2026 11:00 AM",LWMC-SaTo,"Loader Rickshaw",2,Distance,5,1,-,-,-,-
1739,60491,19/08/2026,LWMC,"Tehsil Office, Samnabad Town",LR-2658,"Door To Door Collection",33.548,5H23M,323.25,31.524454000,74.294333000,still,off,"19/08/2026 10:57 AM","19/08/2026 11:00 AM",LWMC-SaTo,"Loader Rickshaw",2,Distance,5,1,-,-,-,-
1740,41358,19/08/2026,LWMC,"Tehsil Office, Samnabad Town",LR-2259,"Door To Door Collection",50.121,4H57M,297.14,31.541739000,74.279238000,still,off,"19/08/2026 10:57 AM","19/08/2026 11:00 AM",LWMC-SaTo,"Loader Rickshaw",2,Distance,5,1,-,-,-,-
1741,41255,19/08/2026,LWMC,"Tehsil Office, Samnabad Town",LR-1264,"Door To Door Collection",30.603,3H23M,203.16,31.541130000,74.303101000,moving,on,"19/08/2026 10:57 AM","19/08/2026 11:00 AM",LWMC-SaTo,"Loader Rickshaw",2,Distance,5,1,-,-,-,-
1742,59605,19/08/2026,LWMC,"Tehsil Office, Samnabad Town",LR-0498,"Door To Door Collection",35.632,6H37M,397.44,31.513299000,74.314808000,still,off,"19/08/2026 10:55 AM","19/08/2026 11:00 AM",LWMC-SaTo,"Loader Rickshaw",2,Distance,5,1,-,-,-,-
1743,59786,19/08/2026,LWMC,"Tehsil Office, Samnabad Town",LR-2447,"Door To Door Collection",29.696,6H3M,363.41,31.525277000,74.291506000,still,off,"19/08/2026 10:58 AM","19/08/2026 11:00 AM",LWMC-SaTo,"Loader Rickshaw",2,Distance,5,1,-,-,-,-
1744,59738,19/08/2026,LWMC,"Tehsil Office, Samnabad Town",LR-2433,"Door To Door Collection",36.061,10H8M,607.81,31.500574000,74.322243000,moving,on,"19/08/2026 10:46 AM","19/08/2026 11:00 AM",LWMC-SaTo,"Loader Rickshaw",2,Distance,5,1,-,-,-,-
1745,39123,19/08/2026,LWMC,"Tehsil Office, Samnabad Town",C-1367,"Container-Based Collection",48.569,6H1M,361.19,31.524824000,74.296304000,still,off,"19/08/2026 10:58 AM","19/08/2026 11:00 AM",LWMC-SaTo,"Compactor (13CM)",3,Distance,10,1,-,-,-,-
1746,41300,19/08/2026,LWMC,"Tehsil Office, Samnabad Town",LR-1902,"Door To Door Collection",27.55,1H40M,100.4,31.549772000,74.269328000,moving,on,"19/08/2026 10:59 AM","19/08/2026 11:00 AM",LWMC-SaTo,"Loader Rickshaw",2,Distance,5,-,-,-,-,-
1747,59902,19/08/2026,LWMC,"Tehsil Office, Samnabad Town",LR-2808,"Door To Door Collection",8.587,1H35M,94.95,31.505008000,74.279102000,moving,on,"19/08/2026 10:50 AM","19/08/2026 11:00 AM",LWMC-SaTo,"Loader Rickshaw",2,Distance,5,-,-,-,-,-
1748,41285,19/08/2026,LWMC,"Tehsil Office, Samnabad Town",LR-1677,"Door To Door Collection",18.048,2H55M,175.43,31.535703000,74.317669000,still,off,"19/08/2026 10:18 AM","19/08/2026 10:30 AM",LWMC-SaTo,"Loader Rickshaw",2,Distance,5,1,-,-,-,-
1749,59598,19/08/2026,LWMC,"Tehsil Office, Samnabad Town",M-102,"Container-Based Collection",26.051,2H58M,178.05,31.574957000,74.274482000,moving,on,"19/08/2026 10:55 AM","19/08/2026 11:00 AM",LWMC-SaTo,Pickup,2,Distance,5,1,-,-,-,-
1750,-,19/08/2026,LWMC,"Tehsil Office, Samnabad Town",WR-0041,-,24.009,1H46M,106.48,31.539901000,74.346340000,moving,on,"19/08/2026 10:51 AM","19/08/2026 11:00 AM",LWMC-SaTo,-,-,-,-,-,-,-,-,-
1751,61140,19/08/2026,LWMC,"Tehsil Office, Samnabad Town",LR-1852,"Door To Door Collection",44.631,4H30M,270.05,31.485434000,74.256674000,still,off,"19/08/2026 10:59 AM","19/08/2026 11:00 AM",LWMC-SaTo,"Loader Rickshaw",2,Distance,5,1,-,-,-,-
1752,59736,19/08/2026,LWMC,"Tehsil Office, Samnabad Town",LR-2431,"Door To Door Collection",33.825,3H40M,219.65,31.512460000,74.320006000,still,off,"19/08/2026 10:58 AM","19/08/2026 11:00 AM",LWMC-SaTo,"Loader Rickshaw",2,Distance,5,1,-,-,-,-
1753,-,19/08/2026,LWMC,"Tehsil Office, Samnabad Town",S-19,-,-,0H0M,-,31.465397000,74.225460000,still,off,"19/08/2026 09:56 AM","19/08/2026 11:00 AM",LWMC-SaTo,-,-,-,-,-,-,-,-,-
1754,59729,19/08/2026,LWMC,"Tehsil Office, Samnabad Town",LR-2430,"Door To Door Collection",24.503,6H15M,375.33,31.520007000,74.327198000,still,off,"19/08/2026 09:40 AM","19/08/2026 11:00 AM",LWMC-SaTo,"Loader Rickshaw",2,Distance,5,1,-,-,-,-
1755,41332,19/08/2026,LWMC,"Tehsil Office, Samnabad Town",LR-2238,"Door To Door Collection",25.238,3H9M,189.4,31.538712000,74.269345000,still,off,"19/08/2026 10:57 AM","19/08/2026 11:00 AM",LWMC-SaTo,"Loader Rickshaw",2,Distance,5,1,-,-,-,-
1756,60773,19/08/2026,LWMC,"Tehsil Office, Samnabad Town",LR-2831,"Door To Door Collection",49.475,7H50M,470.44,31.460619000,74.221427000,moving,on,"19/08/2026 10:35 AM","19/08/2026 11:00 AM",LWMC-SaTo,"Loader Rickshaw",2,Distance,5,1,-,-,-,-
1757,-,19/08/2026,LWMC,"Tehsil Office, Samnabad Town",MFT-9,-,14.68,2H34M,153.63,31.565564000,74.276402000,still,off,"19/08/2026 09:39 AM","19/08/2026 11:00 AM",LWMC-SaTo,-,-,-,-,-,-,-,-,-
1758,40311,19/08/2026,LWMC,"Tehsil Office, Samnabad Town",LR-0496,"Door To Door Collection",31.127,2H19M,139,31.518583000,74.319756000,still,off,"19/08/2026 10:58 AM","19/08/2026 11:00 AM",LWMC-SaTo,"Loader Rickshaw",2,Distance,5,1,-,-,-,-
1759,-,19/08/2026,LWMC,"Tehsil Office, Samnabad Town",LR-2989,-,0.06,0H9M,8.78,31.465141000,74.225474000,still,off,"19/08/2026 09:36 AM","19/08/2026 10:00 AM",LWMC-SaTo,-,-,-,-,-,-,-,-,-
1760,-,19/08/2026,LWMC,"Tehsil Office, Samnabad Town",LR-2663,-,32.721,4H50M,290.16,31.490256000,74.260736000,still,off,"19/08/2026 10:53 AM","19/08/2026 11:00 AM",LWMC-SaTo,-,-,-,-,-,-,-,-,-
1761,41219,19/08/2026,LWMC,"Tehsil Office, Samnabad Town",LR-0779,"Door To Door Collection",30.85,4H13M,252.65,31.576342000,74.271660000,moving,on,"19/08/2026 11:00 AM","19/08/2026 11:00 AM",LWMC-SaTo,"Loader Rickshaw",2,Distance,5,1,-,-,-,-
1762,20233,19/08/2026,LWMC,"Tehsil Office, Samnabad Town",WR-014,Washing,39.459,2H15M,134.96,31.460626000,74.218099000,moving,on,"19/08/2026 10:57 AM","19/08/2026 11:00 AM",LWMC-SaTo,"Rickshaw Washer",-,-,-,-,-,-,-,-
1763,60525,19/08/2026,LWMC,"Tehsil Office, Samnabad Town",LR-2835,"Door To Door Collection",41.46,8H56M,535.78,31.522369000,74.296809000,moving,on,"19/08/2026 10:59 AM","19/08/2026 11:00 AM",LWMC-SaTo,"Loader Rickshaw",2,Distance,5,1,-,-,-,-
1764,40356,19/08/2026,LWMC,"Tehsil Office, Samnabad Town",LR-0998,"Door To Door Collection",21.186,2H13M,132.91,31.535747000,74.317723000,moving,on,"19/08/2026 11:00 AM","19/08/2026 11:00 AM",LWMC-SaTo,"Loader Rickshaw",2,Distance,5,1,-,-,-,-
1765,41244,19/08/2026,LWMC,"Tehsil Office, Samnabad Town",LR-1253,"Door To Door Collection",21.659,3H44M,224.06,31.549077000,74.302674000,still,off,"19/08/2026 10:57 AM","19/08/2026 11:00 AM",LWMC-SaTo,"Loader Rickshaw",2,Distance,5,1,-,-,-,-
1766,60621,19/08/2026,LWMC,"Tehsil Office, Samnabad Town",LR-2440,"Door To Door Collection",-,0H0M,-,31.463890000,74.224923000,still,off,"19/08/2026 09:58 AM","19/08/2026 11:00 AM",LWMC-SaTo,"Loader Rickshaw",2,Distance,5,-,-,-,-,-
1767,41352,19/08/2026,LWMC,"Tehsil Office, Samnabad Town",LR-2253,"Door To Door Collection",29.93,6H22M,381.6,31.523434000,74.304044000,moving,on,"19/08/2026 10:59 AM","19/08/2026 11:00 AM",LWMC-SaTo,"Loader Rickshaw",2,Distance,5,1,-,-,-,-
1768,20232,19/08/2026,LWMC,"Tehsil Office, Samnabad Town",WR-013,Washing,18.05,1H24M,83.96,31.525038000,74.283707000,still,off,"19/08/2026 09:38 AM","19/08/2026 11:00 AM",LWMC-SaTo,"Rickshaw Washer",-,-,-,-,-,-,-,-
1769,39152,19/08/2026,LWMC,"Tehsil Office, Samnabad Town",D-31,"Bulk Waste Collection",67.23,4H9M,248.66,31.508833000,74.305298000,moving,on,"19/08/2026 10:55 AM","19/08/2026 11:00 AM",LWMC-SaTo,"Dumper (10CM)",3,Ignition,-,1,-,-,-,-
1770,59420,19/08/2026,LWMC,"Tehsil Office, Samnabad Town",LR-0821,"Door To Door Collection",-,0H0M,-,31.463506000,74.224813000,still,off,"19/08/2026 05:46 AM","19/08/2026 07:00 AM",LWMC-SaTo,"Loader Rickshaw",2,Distance,5,-,-,-,-,-
1771,60818,19/08/2026,LWMC,"Tehsil Office, Samnabad Town",LR-2435,"Door To Door Collection",44.241,3H7M,187.34,31.481227000,74.282762000,still,off,"19/08/2026 10:58 AM","19/08/2026 11:00 AM",LWMC-SaTo,"Loader Rickshaw",2,Distance,5,1,-,-,-,-
1772,41250,19/08/2026,LWMC,"Tehsil Office, Samnabad Town",LR-1259,"Door To Door Collection",18.051,5H6M,305.91,31.533189000,74.294283000,moving,on,"19/08/2026 10:58 AM","19/08/2026 11:00 AM",LWMC-SaTo,"Loader Rickshaw",2,Distance,5,1,-,-,-,-
1773,61138,19/08/2026,LWMC,"Tehsil Office, Samnabad Town",LR-2442,"Door To Door Collection",35.719,3H7M,186.61,31.534918000,74.303608000,moving,on,"19/08/2026 10:59 AM","19/08/2026 11:00 AM",LWMC-SaTo,"Loader Rickshaw",2,Distance,5,1,-,-,-,-
1774,39187,19/08/2026,LWMC,"Tehsil Office, Samnabad Town",S-247,"Bulk Waste Collection",29.438,1H51M,111.01,31.546507000,74.260691000,moving,on,"19/08/2026 10:51 AM","19/08/2026 11:00 AM",LWMC-SaTo,"Mini Dumper",2,Distance,5,-,-,-,-,-
1775,41289,19/08/2026,LWMC,"Tehsil Office, Samnabad Town",LR-1681,"Door To Door Collection",20.08,1H50M,110.25,31.489057000,74.237273000,moving,on,"19/08/2026 10:13 AM","19/08/2026 11:00 AM",LWMC-SaTo,"Loader Rickshaw",2,Distance,5,-,-,-,-,-
1776,60812,19/08/2026,LWMC,"Tehsil Office, Samnabad Town",LR-0379,"Door To Door Collection",26.704,3H41M,221.23,31.508757000,74.289420000,still,off,"19/08/2026 10:52 AM","19/08/2026 11:00 AM",LWMC-SaTo,"Loader Rickshaw",2,Distance,5,1,-,-,-,-
1777,40345,19/08/2026,LWMC,"Tehsil Office, Samnabad Town",LR-0813,"Door To Door Collection",17.977,1H43M,103.36,31.535757000,74.317706000,moving,on,"19/08/2026 10:55 AM","19/08/2026 11:00 AM",LWMC-SaTo,"Loader Rickshaw",2,Distance,5,-,-,-,-,-
1778,-,19/08/2026,LWMC,"Tehsil Office, Samnabad Town",LR-2832,-,16.877,1H23M,82.9,31.410225000,74.222471000,still,off,"19/08/2026 10:55 AM","19/08/2026 11:00 AM",LWMC-SaTo,-,-,-,-,-,-,-,-,-
1779,-,19/08/2026,LWMC,"Tehsil Office, Samnabad Town",LR-2429,-,26.314,6H9M,369.26,31.525473000,74.267236000,moving,on,"19/08/2026 10:58 AM","19/08/2026 11:00 AM",LWMC-SaTo,-,-,-,-,-,-,-,-,-
1780,60618,19/08/2026,LWMC,"Tehsil Office, Samnabad Town",LR-2436,"Door To Door Collection",-,0H0M,-,31.463828000,74.224964000,still,off,"19/08/2026 09:38 AM","19/08/2026 11:00 AM",LWMC-SaTo,"Loader Rickshaw",2,Distance,5,-,-,-,-,-
1781,59999,19/08/2026,LWMC,"Tehsil Office, Samnabad Town",LR-2826,"Door To Door Collection",2.057,4H28M,267.91,31.471496000,74.242160000,still,off,"19/08/2026 10:57 AM","19/08/2026 11:00 AM",LWMC-SaTo,"Loader Rickshaw",2,Distance,5,-,-,-,-,-
1782,59742,19/08/2026,LWMC,"Tehsil Office, Samnabad Town",LR-2434,"Door To Door Collection",52.728,3H46M,226.11,31.511277000,74.319161000,moving,on,"19/08/2026 10:49 AM","19/08/2026 11:00 AM",LWMC-SaTo,"Loader Rickshaw",2,Distance,5,1,-,-,-,-
1783,23435,19/08/2026,LWMC,"Tehsil Office, Ravi Town",LR-0087,"Door To Door Collection",12.317,3H38M,218.33,31.610018000,74.277273000,still,off,"19/08/2026 10:54 AM","19/08/2026 11:00 AM",LWMC-RaTo,"Loader Rickshaw",2,Distance,5,1,-,-,-,-
1784,61274,19/08/2026,LWMC,"Tehsil Office, Ravi Town",LR-1606,"Door To Door Collection",8.46,4H17M,257.14,31.590614000,74.321169000,moving,on,"19/08/2026 10:50 AM","19/08/2026 11:00 AM",LWMC-RaTo,"Loader Rickshaw",2,Distance,5,1,-,-,-,-
1785,19323,19/08/2026,LWMC,"Tehsil Office, Ravi Town",LR-0437,"Bulk Waste Collection",13.142,4H9M,248.65,31.598337000,74.306984000,still,off,"19/08/2026 10:58 AM","19/08/2026 11:00 AM",LWMC-RaTo,"Loader Rickshaw",2,Distance,5,1,-,-,-,-
1786,61175,19/08/2026,LWMC,"Tehsil Office, Ravi Town",LR-1818,"Door To Door Collection",11.504,5H9M,308.68,31.583833000,74.308133000,still,off,"19/08/2026 10:58 AM","19/08/2026 11:00 AM",LWMC-RaTo,"Loader Rickshaw",2,Distance,5,1,-,-,-,-
1787,19958,19/08/2026,LWMC,"Tehsil Office, Ravi Town",S-182,"Bulk Waste Collection",26.419,2H7M,126.65,31.573419000,74.287523000,moving,on,"19/08/2026 10:52 AM","19/08/2026 11:00 AM",LWMC-RaTo,"Mini Dumper",2,Distance,5,1,-,-,-,-
1788,-,19/08/2026,LWMC,"Tehsil Office, Ravi Town",HA-2,-,77.137,4H60M,299.56,31.573131000,74.286847000,still,off,"19/08/2026 10:58 AM","19/08/2026 11:00 AM",LWMC-RaTo,-,-,-,-,-,-,-,-,-
1789,61145,19/08/2026,LWMC,"Tehsil Office, Ravi Town",LR-1610,"Door To Door Collection",9.642,5H30M,330.38,31.601359000,74.316884000,moving,on,"19/08/2026 10:57 AM","19/08/2026 11:00 AM",LWMC-RaTo,"Loader Rickshaw",2,Distance,5,1,-,-,-,-
1790,18684,19/08/2026,LWMC,"Tehsil Office, Ravi Town",C-729,"Container-Based Collection",71.459,4H35M,275.41,31.611533000,74.311398000,moving,on,"19/08/2026 11:00 AM","19/08/2026 11:00 AM",LWMC-RaTo,"Compactor (7CM)",2,Distance,10,1,-,-,-,-
1791,61559,19/08/2026,LWMC,"Tehsil Office, Ravi Town",LR-1503,"Door To Door Collection",12.696,1H11M,70.58,31.609994000,74.277406000,moving,on,"19/08/2026 10:56 AM","19/08/2026 11:00 AM",LWMC-RaTo,"Loader Rickshaw",2,Distance,5,-,-,-,-,-
1792,19301,19/08/2026,LWMC,"Tehsil Office, Ravi Town",LR-0162,"Bulk Waste Collection",17.181,4H46M,286.06,31.629896000,74.281852000,still,off,"19/08/2026 10:57 AM","19/08/2026 11:00 AM",LWMC-RaTo,"Loader Rickshaw",2,Distance,5,1,-,-,-,-
1793,61934,19/08/2026,LWMC,"Tehsil Office, Ravi Town",LR-2130,"Door To Door Collection",17.615,3H13M,193.36,31.624026000,74.287078000,still,off,"19/08/2026 11:00 AM","19/08/2026 11:00 AM",LWMC-RaTo,"Loader Rickshaw",2,Distance,5,1,-,-,-,-
1794,18476,19/08/2026,LWMC,"Tehsil Office, Ravi Town",CA-169,"Container-Based Collection",80.383,4H56M,295.58,31.626436000,74.309710000,moving,on,"19/08/2026 10:58 AM","19/08/2026 11:00 AM",LWMC-RaTo,"Chain Arm Roll",3,Distance,10,1,-,-,-,-
1795,61100,19/08/2026,LWMC,"Tehsil Office, Ravi Town",LR-1615,"Door To Door Collection",11.057,5H4M,303.53,31.590513000,74.321276000,still,off,"19/08/2026 10:57 AM","19/08/2026 11:00 AM",LWMC-RaTo,"Loader Rickshaw",2,Distance,5,1,-,-,-,-
1796,61544,19/08/2026,LWMC,"Tehsil Office, Ravi Town",LR-1946,"Door To Door Collection",13.149,2H2M,122.46,31.609992000,74.277421000,still,off,"19/08/2026 10:55 AM","19/08/2026 11:00 AM",LWMC-RaTo,"Loader Rickshaw",2,Distance,5,1,-,-,-,-
1797,-,19/08/2026,LWMC,"Tehsil Office, Ravi Town",C-1378,-,54.219,5H10M,310.01,31.616619000,74.301494000,moving,on,"19/08/2026 11:00 AM","19/08/2026 11:00 AM",LWMC-RaTo,-,-,-,-,-,-,-,-,-
1798,18680,19/08/2026,LWMC,"Tehsil Office, Ravi Town",C-741,"Container-Based Collection",70.326,4H47M,286.69,31.646121000,74.290491000,still,off,"19/08/2026 11:00 AM","19/08/2026 11:00 AM",LWMC-RaTo,"Compactor (7CM)",2,Distance,10,1,-,-,-,-
1799,23369,19/08/2026,LWMC,"Tehsil Office, Ravi Town",LR-430,"Door To Door Collection",18.506,5H7M,307,31.602158000,74.305508000,moving,on,"19/08/2026 10:59 AM","19/08/2026 11:00 AM",LWMC-RaTo,"Loader Rickshaw",2,Distance,5,1,-,-,-,-
1800,18408,19/08/2026,LWMC,"Tehsil Office, Ravi Town",HA-08,"Container-Based Collection",89.822,4H13M,253.11,31.573908000,74.287704000,still,off,"19/08/2026 10:21 AM","19/08/2026 11:00 AM",LWMC-RaTo,"Arm Roll Truck",3,Distance,10,1,-,-,-,-
1801,61195,19/08/2026,LWMC,"Tehsil Office, Ravi Town",LR-1235,"Door To Door Collection",10.531,2H1M,121.28,31.591018000,74.317867000,still,off,"19/08/2026 10:58 AM","19/08/2026 11:00 AM",LWMC-RaTo,"Loader Rickshaw",2,Distance,5,1,-,-,-,-
1802,18477,19/08/2026,LWMC,"Tehsil Office, Ravi Town",CA-142,"Container-Based Collection",105.217,5H4M,303.78,31.611534000,74.311274000,moving,on,"19/08/2026 10:58 AM","19/08/2026 11:00 AM",LWMC-RaTo,"Chain Arm Roll",3,Distance,10,1,-,-,-,-
1803,19298,19/08/2026,LWMC,"Tehsil Office, Ravi Town",LR-0164,"Bulk Waste Collection",0.012,0H0M,0.05,31.593039000,74.258923000,moving,on,"19/08/2026 10:09 AM","19/08/2026 11:00 AM",LWMC-RaTo,"Loader Rickshaw",2,Distance,5,-,-,-,-,-
1804,-,19/08/2026,LWMC,"Tehsil Office, Ravi Town",S-368,-,22.313,1H47M,106.81,31.619949000,74.296531000,moving,on,"19/08/2026 10:46 AM","19/08/2026 11:00 AM",LWMC-RaTo,-,-,-,-,-,-,-,-,-
1805,61731,19/08/2026,LWMC,"Tehsil Office, Ravi Town",LR-1507,"Door To Door Collection",14.183,3H21M,200.61,31.630998000,74.306700000,still,off,"19/08/2026 10:22 AM","19/08/2026 11:00 AM",LWMC-RaTo,"Loader Rickshaw",2,Distance,5,1,-,-,-,-
1806,18474,19/08/2026,LWMC,"Tehsil Office, Ravi Town",CA-149,"Container-Based Collection",84.487,4H11M,250.84,31.584128000,74.330025000,moving,on,"19/08/2026 10:59 AM","19/08/2026 11:00 AM",LWMC-RaTo,"Chain Arm Roll",3,Distance,10,1,-,-,-,-
1807,-,19/08/2026,LWMC,"Tehsil Office, Ravi Town",LR-1686,-,20.04,1H15M,75.31,31.634111000,74.312761000,moving,on,"19/08/2026 10:53 AM","19/08/2026 11:00 AM",LWMC-RaTo,-,-,-,-,-,-,-,-,-
1808,19293,19/08/2026,LWMC,"Tehsil Office, Ravi Town",LR-0251,"Bulk Waste Collection",9.226,2H45M,165.03,31.590213000,74.321376000,moving,on,"19/08/2026 10:48 AM","19/08/2026 11:00 AM",LWMC-RaTo,"Loader Rickshaw",2,Distance,5,1,-,-,-,-
1809,23457,19/08/2026,LWMC,"Tehsil Office, Ravi Town",LR-0560,"Door To Door Collection",15.125,1H1M,60.53,31.611417000,74.277989000,still,off,"19/08/2026 10:58 AM","19/08/2026 11:00 AM",LWMC-RaTo,"Loader Rickshaw",2,Distance,5,-,-,-,-,-
1810,59373,19/08/2026,LWMC,"Tehsil Office, Wahgha Town",LR-1783,"Door To Door Collection",27.428,3H55M,235.38,31.493560000,74.494347000,moving,on,"19/08/2026 10:59 AM","19/08/2026 11:00 AM",LWMC-WaTo,"Loader Rickshaw",2,Distance,5,1,-,-,-,-
1811,59297,19/08/2026,LWMC,"Tehsil Office, Wahgha Town",LR-2162,"Door To Door Collection",21.968,1H14M,74.46,31.390583000,74.565986000,still,off,"19/08/2026 09:14 AM","19/08/2026 09:30 AM",LWMC-WaTo,"Loader Rickshaw",2,Distance,5,-,-,-,-,-
1812,59627,19/08/2026,LWMC,"Tehsil Office, Wahgha Town",LR-2905,"Door To Door Collection",18.174,4H52M,291.63,31.444637000,74.569284000,still,off,"19/08/2026 10:58 AM","19/08/2026 11:00 AM",LWMC-WaTo,"Loader Rickshaw",2,Distance,5,1,-,-,-,-
1813,23591,19/08/2026,LWMC,"Tehsil Office, Wahgha Town",LR-0822,"Door To Door Collection",19.884,1H22M,81.59,31.590497000,74.396168000,still,off,"19/08/2026 10:22 AM","19/08/2026 11:00 AM",LWMC-WaTo,"Loader Rickshaw",2,Distance,5,-,-,-,-,-
1814,60529,19/08/2026,LWMC,"Tehsil Office, Wahgha Town",WR-0025,Washing,7.242,1H6M,65.91,31.600413000,74.534032000,still,off,"19/08/2026 09:42 AM","19/08/2026 11:00 AM",LWMC-WaTo,"Rickshaw Washer",2,Distance,5,-,-,-,-,-
1815,60125,19/08/2026,LWMC,"Tehsil Office, Wahgha Town",M-83,Commercial,54.719,2H50M,170.01,31.596297000,74.495974000,moving,on,"19/08/2026 10:59 AM","19/08/2026 11:00 AM",LWMC-WaTo,"Mini Tipper Diesel",2,Distance,5,1,-,-,-,-
1816,60769,19/08/2026,LWMC,"Tehsil Office, Wahgha Town",LR-0511,"Door To Door Collection",20.559,4H53M,293.16,31.585831000,74.409918000,still,off,"19/08/2026 10:58 AM","19/08/2026 11:00 AM",LWMC-WaTo,"Loader Rickshaw",2,Distance,5,1,-,-,-,-
1817,60233,19/08/2026,LWMC,"Tehsil Office, Wahgha Town",S-20,Commercial,38.799,2H56M,175.61,31.597397000,74.402804000,still,off,"19/08/2026 10:13 AM","19/08/2026 11:00 AM",LWMC-WaTo,"Mini Dumper",2,Distance,5,1,-,-,-,-
1818,60706,19/08/2026,LWMC,"Tehsil Office, Wahgha Town",S-291,Commercial,51.421,2H35M,155.48,31.602467000,74.494213000,moving,on,"19/08/2026 10:57 AM","19/08/2026 11:00 AM",LWMC-WaTo,"Mini Dumper",2,Distance,5,1,-,-,-,-
1819,61445,19/08/2026,LWMC,"Tehsil Office, Wahgha Town",LR-0931,"Door To Door Collection",16.481,1H18M,77.68,31.589338000,74.390332000,still,off,"19/08/2026 10:46 AM","19/08/2026 11:00 AM",LWMC-WaTo,"Loader Rickshaw",2,Distance,5,-,-,-,-,-
1820,61450,19/08/2026,LWMC,"Tehsil Office, Wahgha Town",LR-0934,"Door To Door Collection",17.227,5H25M,325.35,31.588657000,74.386682000,still,off,"19/08/2026 10:57 AM","19/08/2026 11:00 AM",LWMC-WaTo,"Loader Rickshaw",2,Distance,5,1,-,-,-,-
1821,59243,19/08/2026,LWMC,"Tehsil Office, Wahgha Town",C-734,"Container-Based Collection",77.604,4H23M,263.16,31.608622000,74.391608000,moving,on,"19/08/2026 10:58 AM","19/08/2026 11:00 AM",LWMC-WaTo,"Compactor (7CM)",3,Distance,10,1,-,-,-,-
1822,59700,19/08/2026,LWMC,"Tehsil Office, Wahgha Town",S-106,Commercial,26.233,2H15M,134.86,31.608666000,74.367627000,moving,on,"19/08/2026 10:59 AM","19/08/2026 11:00 AM",LWMC-WaTo,"Mini Dumper",2,Distance,5,1,-,-,-,-
1823,59381,19/08/2026,LWMC,"Tehsil Office, Wahgha Town",LR-2158,"Door To Door Collection",10.268,1H31M,91.04,31.568615000,74.442247000,still,off,"19/08/2026 10:57 AM","19/08/2026 11:00 AM",LWMC-WaTo,"Loader Rickshaw",2,Distance,5,-,-,-,-,-
1824,59270,19/08/2026,LWMC,"Tehsil Office, Wahgha Town",M-125,Commercial,33.953,1H56M,116.06,31.530299000,74.547531000,still,off,"19/08/2026 10:59 AM","19/08/2026 11:00 AM",LWMC-WaTo,"Mini Tipper Diesel",2,Distance,5,-,-,-,-,-
1825,60332,19/08/2026,LWMC,"Tehsil Office, Wahgha Town",LR-0402,"Door To Door Collection",11.189,1H35M,95.04,31.596133000,74.495718000,moving,on,"19/08/2026 10:58 AM","19/08/2026 11:00 AM",LWMC-WaTo,"Loader Rickshaw",2,Distance,5,-,-,-,-,-
1826,59562,19/08/2026,LWMC,"Tehsil Office, Wahgha Town",LR-1730,"Door To Door Collection",21.898,4H23M,263.1,31.513697000,74.481742000,moving,on,"19/08/2026 10:59 AM","19/08/2026 11:00 AM",LWMC-WaTo,"Loader Rickshaw",2,Distance,5,1,-,-,-,-
1827,61634,19/08/2026,LWMC,"Tehsil Office, Wahgha Town",LR-0406,"Door To Door Collection",23.584,5H39M,339.01,31.594454000,74.396604000,moving,on,"19/08/2026 10:58 AM","19/08/2026 11:00 AM",LWMC-WaTo,"Loader Rickshaw",2,Distance,5,1,-,-,-,-
1828,59632,19/08/2026,LWMC,"Tehsil Office, Wahgha Town",LR-0152,"Door To Door Collection",49.249,5H12M,311.94,31.590625000,74.436984000,moving,on,"19/08/2026 10:59 AM","19/08/2026 11:00 AM",LWMC-WaTo,"Loader Rickshaw",2,Distance,5,1,-,-,-,-
1829,25346,19/08/2026,LWMC,"Tehsil Office, Wahgha Town",LR-0462,"Door To Door Collection",22.856,2H12M,132.26,31.592947000,74.421043000,still,off,"19/08/2026 11:00 AM","19/08/2026 11:00 AM",LWMC-WaTo,"Loader Rickshaw",2,Distance,5,1,-,-,-,-
1830,23582,19/08/2026,LWMC,"Tehsil Office, Wahgha Town",LR-0630,"Door To Door Collection",4.823,0H22M,22.13,31.602354000,74.485921000,moving,on,"19/08/2026 10:01 AM","19/08/2026 11:00 AM",LWMC-WaTo,"Loader Rickshaw",2,Distance,5,-,-,-,-,-
1831,59254,19/08/2026,LWMC,"Tehsil Office, Wahgha Town",HA-03,"Container-Based Collection",56.87,5H32M,331.51,31.609598000,74.381889000,still,off,"19/08/2026 10:54 AM","19/08/2026 11:00 AM",LWMC-WaTo,"Arm Roll Truck",3,Distance,10,1,-,-,-,-
1832,60267,19/08/2026,LWMC,"Tehsil Office, Wahgha Town",S-257,Commercial,33.333,2H29M,149.33,31.547724000,74.525915000,still,off,"19/08/2026 10:56 AM","19/08/2026 11:00 AM",LWMC-WaTo,"Mini Dumper",2,Distance,5,1,-,-,-,-
1833,60632,19/08/2026,LWMC,"Tehsil Office, Wahgha Town",S-357,Commercial,46.532,2H29M,149.44,31.603227000,74.424428000,still,off,"19/08/2026 10:49 AM","19/08/2026 11:00 AM",LWMC-WaTo,"Mini Dumper",2,Distance,5,1,-,-,-,-
1834,59418,19/08/2026,LWMC,"Tehsil Office, Wahgha Town",LR-2305,"Door To Door Collection",14.318,0H53M,53.04,31.518622000,74.504039000,still,off,"19/08/2026 10:58 AM","19/08/2026 11:00 AM",LWMC-WaTo,"Loader Rickshaw",2,Distance,5,-,-,-,-,-
1835,59366,19/08/2026,LWMC,"Tehsil Office, Wahgha Town",D-13,"Bulk Waste Collection",97.793,4H32M,272.46,31.609163000,74.380162000,moving,on,"19/08/2026 10:53 AM","19/08/2026 11:00 AM",LWMC-WaTo,"Dumper (7CM)",3,Ignition,-,1,-,-,-,-
1836,60699,19/08/2026,LWMC,"Tehsil Office, Wahgha Town",LR-2950,"Door To Door Collection",21.738,1H57M,116.65,31.639903000,74.369247000,moving,on,"19/08/2026 10:58 AM","19/08/2026 11:00 AM",LWMC-WaTo,"Loader Rickshaw",2,Distance,5,-,-,-,-,-
1837,60340,19/08/2026,LWMC,"Tehsil Office, Wahgha Town",LR-0948,"Door To Door Collection",5.667,1H6M,66.15,31.598590000,74.517941000,still,off,"19/08/2026 10:59 AM","19/08/2026 11:00 AM",LWMC-WaTo,"Loader Rickshaw",2,Distance,5,-,-,-,-,-
1838,59234,19/08/2026,LWMC,"Tehsil Office, Wahgha Town",C-1311,"Container-Based Collection",84.685,5H24M,324.44,31.443633000,74.556980000,still,off,"19/08/2026 10:57 AM","19/08/2026 11:00 AM",LWMC-WaTo,"Compactor (13CM)",3,Distance,10,1,-,-,-,-
1839,59276,19/08/2026,LWMC,"Tehsil Office, Wahgha Town",M-76,Commercial,53.052,2H50M,170.25,31.603601000,74.400323000,still,off,"19/08/2026 10:40 AM","19/08/2026 11:00 AM",LWMC-WaTo,"Mini Tipper Diesel",2,Distance,5,1,-,-,-,-
1840,25332,19/08/2026,LWMC,"Tehsil Office, Wahgha Town",LR-0404,"Door To Door Collection",14.064,4H11M,251.3,31.600877000,74.388198000,still,off,"19/08/2026 10:58 AM","19/08/2026 11:00 AM",LWMC-WaTo,"Loader Rickshaw",2,Distance,5,1,-,-,-,-
1841,59261,19/08/2026,LWMC,"Tehsil Office, Wahgha Town",LR-1833,"Door To Door Collection",19.512,4H6M,245.8,31.477872000,74.512798000,still,off,"19/08/2026 10:58 AM","19/08/2026 11:00 AM",LWMC-WaTo,"Loader Rickshaw",2,Distance,5,1,-,-,-,-
1842,59251,19/08/2026,LWMC,"Tehsil Office, Wahgha Town",CA-82,"Container-Based Collection",0.062,0H4M,4.08,31.609849000,74.381613000,still,off,"19/08/2026 09:34 AM","19/08/2026 11:00 AM",LWMC-WaTo,"Chain Arm Roll",3,Distance,10,-,-,-,-,-
1843,59694,19/08/2026,LWMC,"Tehsil Office, Wahgha Town",LR-1778,"Door To Door Collection",30.619,4H4M,243.71,31.485667000,74.500461000,still,off,"19/08/2026 10:59 AM","19/08/2026 11:00 AM",LWMC-WaTo,"Loader Rickshaw",2,Distance,5,1,-,-,-,-
1844,59353,19/08/2026,LWMC,"Tehsil Office, Wahgha Town",LR-2164,"Door To Door Collection",21.848,1H15M,74.78,31.392946000,74.509004000,moving,on,"19/08/2026 08:50 AM","19/08/2026 09:00 AM",LWMC-WaTo,"Loader Rickshaw",2,Distance,5,-,-,-,-,-
1845,18652,19/08/2026,LWMC,"Tehsil Office, Aziz Bhatti Town",C-706,"Container-Based Collection",87.18,5H14M,314.05,31.567990000,74.407992000,moving,on,"19/08/2026 10:58 AM","19/08/2026 11:00 AM",LWMC-AzBT,"Compactor (7CM)",3,Distance,10,1,-,-,-,-
1846,59347,19/08/2026,LWMC,"Tehsil Office, Aziz Bhatti Town",LR-0329,"Door To Door Collection",15.854,2H31M,150.63,31.556239000,74.432077000,still,off,"19/08/2026 10:58 AM","19/08/2026 11:00 AM",LWMC-AzBT,"Loader Rickshaw",2,Distance,5,1,-,-,-,-
1847,59431,19/08/2026,LWMC,"Tehsil Office, Aziz Bhatti Town",LR-1966,"Door To Door Collection",17.709,3H19M,199.21,31.562277000,74.399320000,still,off,"19/08/2026 11:00 AM","19/08/2026 11:00 AM",LWMC-AzBT,"Loader Rickshaw",2,Distance,5,1,-,-,-,-
1848,59675,19/08/2026,LWMC,"Tehsil Office, Aziz Bhatti Town",LR-0288,"Door To Door Collection",-,0H0M,-,31.575177000,74.370702000,still,off,"19/08/2026 10:14 AM","19/08/2026 11:00 AM",LWMC-AzBT,"Loader Rickshaw",2,Distance,5,-,-,-,-,-
1849,59652,19/08/2026,LWMC,"Tehsil Office, Aziz Bhatti Town",WR-0023,"Door To Door Collection",15.259,1H47M,107.26,31.569843000,74.415731000,still,off,"19/08/2026 10:10 AM","19/08/2026 11:00 AM",LWMC-AzBT,"Road Washer",2,Distance,5,-,-,-,-,-
1850,60903,19/08/2026,LWMC,"Tehsil Office, Aziz Bhatti Town",LR-1098,"Door To Door Collection",37.719,4H39M,279.39,31.587292000,74.404954000,moving,on,"19/08/2026 10:59 AM","19/08/2026 11:00 AM",LWMC-AzBT,"Loader Rickshaw",2,Distance,5,1,-,-,-,-
1851,60165,19/08/2026,LWMC,"Tehsil Office, Aziz Bhatti Town",LR-1915,"Door To Door Collection",0.006,0H0M,0.11,31.575057000,74.370580000,still,off,"19/08/2026 09:47 AM","19/08/2026 11:00 AM",LWMC-AzBT,"Loader Rickshaw",2,Distance,5,-,-,-,-,-
1852,60495,19/08/2026,LWMC,"Tehsil Office, Aziz Bhatti Town",LR-1645,"Door To Door Collection",20.908,4H23M,263.05,31.475206000,74.433753000,still,off,"19/08/2026 10:57 AM","19/08/2026 11:00 AM",LWMC-AzBT,"Loader Rickshaw",2,Distance,5,1,-,-,-,-
1853,59658,19/08/2026,LWMC,"Tehsil Office, Aziz Bhatti Town",WR-012,Washing,16.402,8H29M,509.46,31.560376000,74.389268000,moving,on,"19/08/2026 10:59 AM","19/08/2026 11:00 AM",LWMC-AzBT,"Road Washer",2,Distance,5,1,-,-,-,-
1854,59396,19/08/2026,LWMC,"Tehsil Office, Aziz Bhatti Town",LR-1001,"Door To Door Collection",-,9H59M,599.48,31.575286000,74.370346000,still,off,"19/08/2026 10:12 AM","19/08/2026 11:00 AM",LWMC-AzBT,"Loader Rickshaw",2,Distance,5,-,-,-,-,-
1855,60006,19/08/2026,LWMC,"Tehsil Office, Aziz Bhatti Town",LR-1964,"Door To Door Collection",36.711,5H52M,351.66,31.587057000,74.412994000,moving,on,"19/08/2026 10:59 AM","19/08/2026 11:00 AM",LWMC-AzBT,"Loader Rickshaw",2,Distance,5,1,-,-,-,-
1856,60158,19/08/2026,LWMC,"Tehsil Office, Aziz Bhatti Town",LR-1646,"Door To Door Collection",11.521,3H1M,181.34,31.557657000,74.374142000,still,off,"19/08/2026 10:53 AM","19/08/2026 11:00 AM",LWMC-AzBT,"Loader Rickshaw",2,Distance,5,1,-,-,-,-
1857,61627,19/08/2026,LWMC,"Tehsil Office, Aziz Bhatti Town",LR-1193,"Door To Door Collection",31.087,2H36M,155.63,31.587653000,74.409332000,moving,on,"19/08/2026 11:00 AM","19/08/2026 11:00 AM",LWMC-AzBT,"Loader Rickshaw",2,Distance,5,1,-,-,-,-
1858,59501,19/08/2026,LWMC,"Tehsil Office, Aziz Bhatti Town",LR-0745,"Door To Door Collection",-,0H0M,-,31.575161000,74.370697000,still,off,"19/08/2026 09:42 AM","19/08/2026 11:00 AM",LWMC-AzBT,"Loader Rickshaw",2,Distance,5,-,-,-,-,-
1859,60919,19/08/2026,LWMC,"Tehsil Office, Aziz Bhatti Town",LR-1954,"Door To Door Collection",13.65,5H29M,329.13,31.559573000,74.392402000,still,off,"19/08/2026 10:57 AM","19/08/2026 11:00 AM",LWMC-AzBT,"Loader Rickshaw",2,Distance,5,1,-,-,-,-
1860,-,19/08/2026,LWMC,"Tehsil Office, Nishter Town",LR-169,-,18.548,1H46M,105.81,31.429408000,74.364053000,moving,on,"19/08/2026 11:00 AM","19/08/2026 11:00 AM",LWMC-NiTo,-,-,-,-,-,-,-,-,-
1861,60585,19/08/2026,LWMC,"Tehsil Office, Nishter Town",LR-2360,"Door To Door Collection",16.364,3H49M,228.84,31.439768000,74.365246000,moving,on,"19/08/2026 10:25 AM","19/08/2026 11:00 AM",LWMC-NiTo,"Loader Rickshaw",2,Distance,5,1,-,-,-,-
1862,61678,19/08/2026,LWMC,"Tehsil Office, Nishter Town",LR-0334,"Door To Door Collection",22.089,1H54M,114.2,31.430477000,74.324050000,moving,on,"19/08/2026 10:50 AM","19/08/2026 11:00 AM",LWMC-NiTo,"Loader Rickshaw",2,Distance,5,-,-,-,-,-
1863,-,19/08/2026,LWMC,"Tehsil Office, Nishter Town",LR-0119,-,21.521,2H38M,157.81,31.446322000,74.364549000,moving,on,"19/08/2026 10:59 AM","19/08/2026 11:00 AM",LWMC-NiTo,-,-,-,-,-,-,-,-,-
1864,-,19/08/2026,LWMC,"Tehsil Office, Nishter Town",LR-2735,-,40.772,2H55M,175.28,31.416254000,74.366112000,moving,on,"19/08/2026 10:48 AM","19/08/2026 11:00 AM",LWMC-NiTo,-,-,-,-,-,-,-,-,-
1865,60486,19/08/2026,LWMC,"Tehsil Office, Nishter Town",LR-2722,"Door To Door Collection",11.929,3H21M,201.3,31.456316000,74.440098000,moving,on,"19/08/2026 10:13 AM","19/08/2026 11:00 AM",LWMC-NiTo,"Loader Rickshaw",2,Distance,5,1,-,-,-,-
1866,60307,19/08/2026,LWMC,"Tehsil Office, Nishter Town",S-127,"Door To Door Collection",43.991,2H21M,140.78,31.449389000,74.311226000,still,off,"19/08/2026 10:01 AM","19/08/2026 11:00 AM",LWMC-NiTo,"Mini Dumper",2,Distance,5,1,-,-,-,-
1867,60809,19/08/2026,LWMC,"Tehsil Office, Nishter Town",LR-1888,"Door To Door Collection",17.891,4H52M,292.44,31.446339000,74.354070000,still,off,"19/08/2026 10:57 AM","19/08/2026 11:00 AM",LWMC-NiTo,"Loader Rickshaw",2,Distance,5,1,-,-,-,-
1868,60875,19/08/2026,LWMC,"Tehsil Office, Nishter Town",C-1031,"Container-Based Collection",42.424,5H3M,302.63,31.388605000,74.345237000,still,off,"19/08/2026 10:14 AM","19/08/2026 11:00 AM",LWMC-NiTo,"Compactor (13CM)",3,Distance,10,1,-,-,-,-
1869,19888,19/08/2026,LWMC,"Tehsil Office, Nishter Town",S-375,"Bulk Waste Collection",49.563,2H27M,146.58,31.444839000,74.296214000,moving,on,"19/08/2026 10:56 AM","19/08/2026 11:00 AM",LWMC-NiTo,"Mini Dumper",2,Distance,5,1,-,-,-,-
1870,18674,19/08/2026,LWMC,"Tehsil Office, Nishter Town",C-728,"Container-Based Collection",-,0H0M,-,31.449140000,74.310949000,still,off,"19/08/2026 09:57 AM","19/08/2026 11:00 AM",LWMC-NiTo,"Compactor (7CM)",3,Distance,10,-,-,-,-,-
1871,-,19/08/2026,LWMC,"Tehsil Office, Nishter Town",LR-1882,-,13.781,3H25M,205.01,31.443775000,74.342936000,still,off,"19/08/2026 10:43 AM","19/08/2026 11:00 AM",LWMC-NiTo,-,-,-,-,-,-,-,-,-
1872,18592,19/08/2026,LWMC,"Tehsil Office, Nishter Town",C-1020,"Container-Based Collection",46.368,5H18M,318.26,31.358823000,74.331965000,still,off,"19/08/2026 10:55 AM","19/08/2026 11:00 AM",LWMC-NiTo,"Compactor (13CM)",3,Distance,10,1,-,-,-,-
1873,-,19/08/2026,LWMC,"Tehsil Office, Nishter Town",C-1304,-,48.385,5H20M,319.98,31.338657000,74.237050000,moving,on,"19/08/2026 11:00 AM","19/08/2026 11:00 AM",LWMC-NiTo,-,-,-,-,-,-,-,-,-
1874,60186,19/08/2026,LWMC,"Tehsil Office, Nishter Town",LR-0908,"Door To Door Collection",16.284,1H22M,82.04,31.369745000,74.427183000,moving,on,"19/08/2026 10:58 AM","19/08/2026 11:00 AM",LWMC-NiTo,"Loader Rickshaw",2,Distance,5,-,-,-,-,-
1875,60619,19/08/2026,LWMC,"Tehsil Office, Nishter Town",LR-2407,"Door To Door Collection",13.863,2H39M,158.91,31.383369000,74.471326000,moving,on,"19/08/2026 10:58 AM","19/08/2026 11:00 AM",LWMC-NiTo,"Loader Rickshaw",2,Distance,5,1,-,-,-,-
1876,61763,19/08/2026,LWMC,"Tehsil Office, Nishter Town",LR-1885,"Door To Door Collection",14.698,4H21M,260.53,31.453111000,74.340078000,still,off,"19/08/2026 10:58 AM","19/08/2026 11:00 AM",LWMC-NiTo,"Loader Rickshaw",2,Distance,5,1,-,-,-,-
1877,61392,19/08/2026,LWMC,"Tehsil Office, Nishter Town",LR-0081,"Door To Door Collection",44.978,3H6M,186.33,31.388756000,74.344281000,moving,on,"19/08/2026 10:58 AM","19/08/2026 11:00 AM",LWMC-NiTo,"Loader Rickshaw",2,Distance,5,1,-,-,-,-
1878,61365,19/08/2026,LWMC,"Tehsil Office, Nishter Town",LR-1760,"Door To Door Collection",29.235,3H56M,236.31,31.428691000,74.370488000,still,off,"19/08/2026 10:57 AM","19/08/2026 11:00 AM",LWMC-NiTo,"Loader Rickshaw",2,Distance,5,1,-,-,-,-
1879,-,19/08/2026,LWMC,"Tehsil Office, Nishter Town",LR-2280,-,25.669,2H5M,124.66,31.443984000,74.375724000,still,off,"19/08/2026 10:57 AM","19/08/2026 11:00 AM",LWMC-NiTo,-,-,-,-,-,-,-,-,-
1880,18590,19/08/2026,LWMC,"Tehsil Office, Nishter Town",C13-1097,"Container-Based Collection",50.825,4H59M,298.89,31.456635000,74.351256000,moving,on,"19/08/2026 10:57 AM","19/08/2026 11:00 AM",LWMC-NiTo,"Compactor (13CM)",3,Distance,10,1,-,-,-,-
1881,19849,19/08/2026,LWMC,"Tehsil Office, Nishter Town",S-15,"Bulk Waste Collection",53.818,7H24M,444.33,31.456327000,74.335853000,still,off,"19/08/2026 10:58 AM","19/08/2026 11:00 AM",LWMC-NiTo,"Mini Dumper",2,Distance,5,1,-,-,-,-
1882,60732,19/08/2026,LWMC,"Tehsil Office, Nishter Town",LR-2845,"Door To Door Collection",16.189,3H7M,187.25,31.454073000,74.337208000,moving,on,"19/08/2026 10:58 AM","19/08/2026 11:00 AM",LWMC-NiTo,"Loader Rickshaw",2,Distance,5,1,-,-,-,-
1883,60550,19/08/2026,LWMC,"Tehsil Office, Nishter Town",LR-3048,"Door To Door Collection",24.391,2H22M,141.59,31.448802000,74.352431000,moving,on,"19/08/2026 11:00 AM","19/08/2026 11:00 AM",LWMC-NiTo,"Loader Rickshaw",2,Distance,5,1,-,-,-,-
1884,61761,19/08/2026,LWMC,"Tehsil Office, Nishter Town",LR-2858,"Door To Door Collection",17.414,2H39M,159.4,31.458484000,74.345699000,still,off,"19/08/2026 10:58 AM","19/08/2026 11:00 AM",LWMC-NiTo,"Loader Rickshaw",2,Distance,5,1,-,-,-,-
1885,-,19/08/2026,LWMC,"Tehsil Office, Nishter Town",LR-2343,-,11.305,3H7M,186.9,31.449929000,74.348332000,still,off,"19/08/2026 10:58 AM","19/08/2026 11:00 AM",LWMC-NiTo,-,-,-,-,-,-,-,-,-
1886,59897,19/08/2026,LWMC,"Tehsil Office, Allama Iqbal Town",LR-2621,"Door To Door Collection",20.787,5H18M,318,31.528522000,74.267758000,still,off,"19/08/2026 10:55 AM","19/08/2026 11:00 AM",LWMC-AlIT,"Loader Rickshaw",2,Distance,5,1,-,-,-,-
1887,60164,19/08/2026,LWMC,"Tehsil Office, Allama Iqbal Town",LR-2371,"Door To Door Collection",32.389,2H57M,176.76,31.424579000,74.229819000,moving,on,"19/08/2026 10:29 AM","19/08/2026 11:00 AM",LWMC-AlIT,"Loader Rickshaw",2,Distance,5,1,-,-,-,-
1888,19664,19/08/2026,LWMC,"Tehsil Office, Allama Iqbal Town",M-10,"Bulk Waste Collection",58.673,2H26M,145.81,31.414077000,74.222656000,still,off,"19/08/2026 10:57 AM","19/08/2026 11:00 AM",LWMC-AlIT,"Mini Dumper",2,Distance,5,1,-,-,-,-
1889,19644,19/08/2026,LWMC,"Tehsil Office, Allama Iqbal Town",S-17,"Bulk Waste Collection",25.088,2H8M,127.95,31.534253000,74.273392000,still,off,"19/08/2026 10:55 AM","19/08/2026 11:00 AM",LWMC-AlIT,"Mini Dumper",2,Distance,5,1,-,-,-,-
1890,60344,19/08/2026,LWMC,"Tehsil Office, Allama Iqbal Town",LR-0922,"Door To Door Collection",24.999,2H19M,138.58,31.394517000,74.153281000,moving,on,"19/08/2026 10:44 AM","19/08/2026 11:00 AM",LWMC-AlIT,"Loader Rickshaw",2,Distance,5,1,-,-,-,-
1891,22866,19/08/2026,LWMC,"Tehsil Office, Allama Iqbal Town",LR-0469,"Door To Door Collection",-,0H0M,-,31.465177000,74.225521000,still,off,"19/08/2026 09:59 AM","19/08/2026 11:00 AM",LWMC-AlIT,"Loader Rickshaw",2,Distance,5,-,-,-,-,-
1892,18526,19/08/2026,LWMC,"Tehsil Office, Allama Iqbal Town",C-1319,"Container-Based Collection",70.11,5H58M,358.41,31.416698000,74.205215000,moving,on,"19/08/2026 10:59 AM","19/08/2026 11:00 AM",LWMC-AlIT,"Compactor (13CM)",3,Distance,10,1,-,-,-,-
1893,60112,19/08/2026,LWMC,"Tehsil Office, Allama Iqbal Town",LR-2754,"Door To Door Collection",14.37,1H3M,62.88,31.349079000,74.238656000,moving,on,"19/08/2026 10:54 AM","19/08/2026 11:00 AM",LWMC-AlIT,"Loader Rickshaw",2,Distance,5,-,-,-,-,-
1894,61295,19/08/2026,LWMC,"Tehsil Office, Allama Iqbal Town",C13-1060,"Container-Based Collection",51.499,5H35M,335.1,31.465282000,74.225307000,still,off,"19/08/2026 10:58 AM","19/08/2026 11:00 AM",LWMC-AlIT,"Compactor (25CM)",3,Distance,10,1,-,-,-,-
1895,60515,19/08/2026,LWMC,"Tehsil Office, Allama Iqbal Town",D-58,"Bulk Waste Collection",56.416,3H42M,221.63,31.515229000,74.276017000,moving,on,"19/08/2026 10:58 AM","19/08/2026 11:00 AM",LWMC-AlIT,"Dumper (7CM)",3,Ignition,-,1,-,-,-,-
1896,60552,19/08/2026,LWMC,"Tehsil Office, Allama Iqbal Town",LR-0518,"Door To Door Collection",14.303,5H24M,324.11,31.534276000,74.272006000,still,off,"19/08/2026 10:58 AM","19/08/2026 11:00 AM",LWMC-AlIT,"Loader Rickshaw",2,Distance,5,1,-,-,-,-
1897,19671,19/08/2026,LWMC,"Tehsil Office, Allama Iqbal Town",M-58,"Bulk Waste Collection",25.52,1H51M,111.34,31.558892000,74.335346000,still,off,"19/08/2026 10:58 AM","19/08/2026 11:00 AM",LWMC-AlIT,"Mini Dumper",2,Distance,5,-,-,-,-,-
1898,19679,19/08/2026,LWMC,"Tehsil Office, Allama Iqbal Town",M-66,"Bulk Waste Collection",49.591,2H46M,166.4,31.302387000,74.077242000,still,off,"19/08/2026 10:52 AM","19/08/2026 11:00 AM",LWMC-AlIT,"Mini Dumper",2,Distance,5,1,-,-,-,-
1899,18528,19/08/2026,LWMC,"Tehsil Office, Allama Iqbal Town",C-1321,"Container-Based Collection",89.818,9H57M,596.58,31.281375000,74.199451000,still,off,"19/08/2026 10:57 AM","19/08/2026 11:00 AM",LWMC-AlIT,"Compactor (13CM)",3,Distance,10,1,-,-,-,-
1900,19640,19/08/2026,LWMC,"Tehsil Office, Allama Iqbal Town",S-393,"Bulk Waste Collection",40.711,2H13M,133.36,31.302349000,74.217222000,still,off,"19/08/2026 10:58 AM","19/08/2026 11:00 AM",LWMC-AlIT,"Mini Dumper",2,Distance,5,1,-,-,-,-
1901,19712,19/08/2026,LWMC,"Tehsil Office, Allama Iqbal Town",S-128,"Bulk Waste Collection",60.811,2H33M,153.15,31.457876000,74.217824000,moving,on,"19/08/2026 11:00 AM","19/08/2026 11:00 AM",LWMC-AlIT,"Mini Dumper",2,Distance,5,1,-,-,-,-
1902,60076,19/08/2026,LWMC,"Tehsil Office, Allama Iqbal Town",LR-2927,"Door To Door Collection",17.282,1H56M,116.28,31.392351000,74.278351000,still,off,"19/08/2026 10:57 AM","19/08/2026 11:00 AM",LWMC-AlIT,"Loader Rickshaw",2,Distance,5,-,-,-,-,-
1903,19665,19/08/2026,LWMC,"Tehsil Office, Allama Iqbal Town",M-33,"Bulk Waste Collection",64.282,3H13M,192.96,31.465043000,74.225085000,still,off,"19/08/2026 10:02 AM","19/08/2026 11:00 AM",LWMC-AlIT,"Mini Dumper",2,Distance,5,1,-,-,-,-
1904,18655,19/08/2026,LWMC,"Tehsil Office, Allama Iqbal Town",C-723,"Container-Based Collection",57.334,3H13M,192.69,31.536311000,74.267553000,moving,on,"19/08/2026 10:59 AM","19/08/2026 11:00 AM",LWMC-AlIT,"Compactor (7CM)",3,Distance,10,1,-,-,-,-
1905,59861,19/08/2026,LWMC,"Tehsil Office, Allama Iqbal Town",LR-2059,"Door To Door Collection",23.668,2H10M,129.83,31.524004000,74.279002000,moving,on,"19/08/2026 10:56 AM","19/08/2026 11:00 AM",LWMC-AlIT,"Loader Rickshaw",2,Distance,5,1,-,-,-,-
1906,59854,19/08/2026,LWMC,"Tehsil Office, Allama Iqbal Town",LR-2493,"Door To Door Collection",0.006,0H0M,0.01,31.314221000,74.076377000,still,off,"19/08/2026 09:52 AM","19/08/2026 11:00 AM",LWMC-AlIT,"Loader Rickshaw",2,Distance,5,-,-,-,-,-
1907,18658,19/08/2026,LWMC,"Tehsil Office, Allama Iqbal Town",C-722,"Container-Based Collection",84.571,6H40M,400.18,31.428073000,74.183187000,still,off,"19/08/2026 10:58 AM","19/08/2026 11:00 AM",LWMC-AlIT,"Compactor (7CM)",3,Distance,10,1,-,-,-,-
1908,60210,19/08/2026,LWMC,"Tehsil Office, Allama Iqbal Town",LR-2168,"Door To Door Collection",28.881,5H53M,353.35,31.407709000,74.197724000,still,off,"19/08/2026 11:00 AM","19/08/2026 11:00 AM",LWMC-AlIT,"Loader Rickshaw",2,Distance,5,1,-,-,-,-
1909,59842,19/08/2026,LWMC,"Tehsil Office, Allama Iqbal Town",LR-2029,"Door To Door Collection",17.847,5H53M,352.68,31.534262000,74.267280000,still,off,"19/08/2026 10:57 AM","19/08/2026 11:00 AM",LWMC-AlIT,"Loader Rickshaw",2,Distance,5,1,-,-,-,-
1910,19690,19/08/2026,LWMC,"Tehsil Office, Allama Iqbal Town",S-94,"Bulk Waste Collection",42.892,2H19M,138.76,31.241881000,74.208300000,moving,on,"19/08/2026 10:46 AM","19/08/2026 11:00 AM",LWMC-AlIT,"Mini Dumper",2,Distance,5,1,-,-,-,-
1911,19669,19/08/2026,LWMC,"Tehsil Office, Allama Iqbal Town",S-367,"Bulk Waste Collection",37.002,2H15M,135.48,31.474268000,74.242117000,moving,on,"19/08/2026 11:00 AM","19/08/2026 11:00 AM",LWMC-AlIT,"Mini Dumper",2,Distance,5,1,-,-,-,-
1912,19684,19/08/2026,LWMC,"Tehsil Office, Allama Iqbal Town",S-89,"Bulk Waste Collection",77.478,3H49M,229.28,31.345743000,74.215219000,moving,on,"19/08/2026 10:57 AM","19/08/2026 11:00 AM",LWMC-AlIT,"Mini Dumper",2,Distance,5,1,-,-,-,-
1913,59475,19/08/2026,LWMC,"Tehsil Office, Allama Iqbal Town",D-42,"Bulk Waste Collection",101.937,3H6M,185.56,31.527034000,74.267403000,moving,on,"19/08/2026 10:24 AM","19/08/2026 11:00 AM",LWMC-AlIT,"Dumper (7CM)",3,Ignition,-,1,-,-,-,-
1914,19672,19/08/2026,LWMC,"Tehsil Office, Allama Iqbal Town",S-200,"Bulk Waste Collection",50.409,2H48M,168.21,31.467839000,74.228536000,moving,on,"19/08/2026 10:58 AM","19/08/2026 11:00 AM",LWMC-AlIT,"Mini Dumper",2,Distance,5,1,-,-,-,-
1915,19710,19/08/2026,LWMC,"Tehsil Office, Allama Iqbal Town",S-139,"Bulk Waste Collection",42.142,3H43M,222.8,31.462524000,74.312798000,moving,on,"19/08/2026 10:53 AM","19/08/2026 11:00 AM",LWMC-AlIT,"Mini Dumper",2,Distance,5,1,-,-,-,-
1916,18527,19/08/2026,LWMC,"Tehsil Office, Allama Iqbal Town",C-1344,"Container-Based Collection",60.565,5H53M,353,31.215177000,74.204888000,still,off,"19/08/2026 10:51 AM","19/08/2026 11:00 AM",LWMC-AlIT,"Compactor (13CM)",3,Distance,10,1,-,-,-,-
1917,59304,19/08/2026,LWMC,"Tehsil Office, Allama Iqbal Town",D-70,"Bulk Waste Collection",118.346,4H14M,254.11,31.437458000,74.173626000,moving,on,"19/08/2026 10:54 AM","19/08/2026 11:00 AM",LWMC-AlIT,"Dumper (5CM)",3,Distance,10,1,-,-,-,-
1918,60366,19/08/2026,LWMC,"Tehsil Office, Allama Iqbal Town",LR-1090,"Door To Door Collection",34.393,6H23M,382.69,31.320430000,74.147797000,still,off,"19/08/2026 10:57 AM","19/08/2026 11:00 AM",LWMC-AlIT,"Loader Rickshaw",2,Distance,5,1,-,-,-,-
1919,-,19/08/2026,LWMC,"Tehsil Office, Allama Iqbal Town",WR-0020,-,8.175,0H37M,37.04,31.510984000,74.265992000,moving,on,"19/08/2026 09:57 AM","19/08/2026 11:00 AM",LWMC-AlIT,-,-,-,-,-,-,-,-,-
1920,59859,19/08/2026,LWMC,"Tehsil Office, Allama Iqbal Town",LR-2058,"Door To Door Collection",26.113,2H43M,163.36,31.523162000,74.280476000,still,off,"19/08/2026 10:43 AM","19/08/2026 11:00 AM",LWMC-AlIT,"Loader Rickshaw",2,Distance,5,1,-,-,-,-
1921,59600,19/08/2026,LWMC,"Tehsil Office, Allama Iqbal Town",MFT-11,"Bulk Waste Collection",8.169,1H23M,82.81,31.301071000,74.198576000,still,off,"19/08/2026 10:13 AM","19/08/2026 11:00 AM",LWMC-AlIT,"Tractor Trolley",2,Distance,10,-,-,-,-,-
1922,18514,19/08/2026,LWMC,"Tehsil Office, Allama Iqbal Town",C-1312,"Container-Based Collection",43.273,5H32M,331.68,31.452857000,74.299575000,moving,on,"19/08/2026 10:58 AM","19/08/2026 11:00 AM",LWMC-AlIT,"Compactor (13CM)",3,Distance,10,1,-,-,-,-
1923,18521,19/08/2026,LWMC,"Tehsil Office, Allama Iqbal Town",C-1345,"Container-Based Collection",54.421,6H2M,361.81,31.469724000,74.272482000,still,off,"19/08/2026 10:59 AM","19/08/2026 11:00 AM",LWMC-AlIT,"Compactor (13CM)",3,Distance,10,1,-,-,-,-
1924,22843,19/08/2026,LWMC,"Tehsil Office, Allama Iqbal Town",LR-0310,"Door To Door Collection",32.128,2H41M,160.76,31.465218000,74.225357000,moving,on,"19/08/2026 10:48 AM","19/08/2026 11:00 AM",LWMC-AlIT,"Loader Rickshaw",2,Distance,5,1,-,-,-,-
1925,22841,19/08/2026,LWMC,"Tehsil Office, Allama Iqbal Town",LR-0306,"Door To Door Collection",17.516,4H35M,275.39,31.530131000,74.278986000,still,off,"19/08/2026 10:59 AM","19/08/2026 11:00 AM",LWMC-AlIT,"Loader Rickshaw",2,Distance,5,1,-,-,-,-
1926,60397,19/08/2026,LWMC,"Tehsil Office, Allama Iqbal Town",LR-0231,"Door To Door Collection",25.643,3H43M,222.94,31.280810000,74.230276000,moving,on,"19/08/2026 10:50 AM","19/08/2026 11:00 AM",LWMC-AlIT,"Loader Rickshaw",2,Distance,5,1,-,-,-,-
1927,59594,19/08/2026,LWMC,"Tehsil Office, Allama Iqbal Town",MFL-68,"Bulk Waste Collection",32.044,3H50M,229.71,31.300897000,74.198246000,still,off,"19/08/2026 10:57 AM","19/08/2026 11:00 AM",LWMC-AlIT,"Tractor Loader",3,Ignition,-,1,-,-,-,-
1928,59825,19/08/2026,LWMC,"Tehsil Office, Allama Iqbal Town",LR-1749,"Door To Door Collection",22.857,2H53M,173.05,31.508764000,74.262826000,moving,on,"19/08/2026 10:59 AM","19/08/2026 11:00 AM",LWMC-AlIT,"Loader Rickshaw",2,Distance,5,1,-,-,-,-
1929,18525,19/08/2026,LWMC,"Tehsil Office, Allama Iqbal Town",C-1363,"Container-Based Collection",62.175,5H12M,312.18,31.525642000,74.279347000,moving,on,"19/08/2026 11:00 AM","19/08/2026 11:00 AM",LWMC-AlIT,"Compactor (13CM)",3,Distance,10,1,-,-,-,-
1930,19717,19/08/2026,LWMC,"Tehsil Office, Allama Iqbal Town",S-36,"Bulk Waste Collection",25.915,2H12M,131.69,31.523608000,74.275079000,moving,on,"19/08/2026 10:58 AM","19/08/2026 11:00 AM",LWMC-AlIT,"Mini Dumper",2,Distance,5,1,-,-,-,-
1931,22930,19/08/2026,LWMC,"Tehsil Office, Allama Iqbal Town",LR-0835,"Door To Door Collection",20.029,4H30M,270.26,31.477037000,74.293674000,still,off,"19/08/2026 10:58 AM","19/08/2026 11:00 AM",LWMC-AlIT,"Loader Rickshaw",2,Distance,5,1,-,-,-,-
1932,19705,19/08/2026,LWMC,"Tehsil Office, Allama Iqbal Town",S-255,"Bulk Waste Collection",48.715,3H10M,189.91,31.475559000,74.227823000,moving,on,"19/08/2026 10:58 AM","19/08/2026 11:00 AM",LWMC-AlIT,"Mini Dumper",2,Distance,5,1,-,-,-,-
1933,60284,19/08/2026,LWMC,"Tehsil Office, Allama Iqbal Town",LR-2410,"Door To Door Collection",-,0H0M,-,31.275921000,74.253291000,moving,on,"19/08/2026 10:19 AM","19/08/2026 11:00 AM",LWMC-AlIT,"Loader Rickshaw",2,Distance,5,-,-,-,-,-
1934,18441,19/08/2026,LWMC,"Tehsil Office, Allama Iqbal Town",CA-85,"TCP Fleet",70.046,4H33M,273.41,31.554046000,74.245828000,moving,on,"19/08/2026 10:57 AM","19/08/2026 11:00 AM",LWMC-AlIT,"Chain Arm Roll",3,Distance,10,1,-,-,-,-
1935,19670,19/08/2026,LWMC,"Tehsil Office, Allama Iqbal Town",M-6,"Bulk Waste Collection",23.365,1H31M,90.71,31.428254000,74.228470000,moving,on,"19/08/2026 10:59 AM","19/08/2026 11:00 AM",LWMC-AlIT,"Mini Dumper",2,Distance,5,-,-,-,-,-
1936,19709,19/08/2026,LWMC,"Tehsil Office, Allama Iqbal Town",S-136,"Bulk Waste Collection",54.97,3H31M,211.28,31.383463000,74.229926000,moving,on,"19/08/2026 10:39 AM","19/08/2026 11:00 AM",LWMC-AlIT,"Mini Dumper",2,Distance,5,1,-,-,-,-
1937,19682,19/08/2026,LWMC,"Tehsil Office, Allama Iqbal Town",M-31,"Bulk Waste Collection",40.407,2H45M,165.44,31.433311000,74.235253000,still,off,"19/08/2026 10:57 AM","19/08/2026 11:00 AM",LWMC-AlIT,"Mini Dumper",2,Distance,5,1,-,-,-,-
1938,61867,19/08/2026,LWMC,"Tehsil Office, Allama Iqbal Town",MFL-82,"Bulk Waste Collection",7.445,5H38M,337.96,31.494605000,74.250242000,still,off,"19/08/2026 10:58 AM","19/08/2026 11:00 AM",LWMC-AlIT,"Tractor Loader",3,Ignition,-,1,-,-,-,-
1939,-,19/08/2026,LWMC,"Tehsil Office, Allama Iqbal Town",LR-3099,-,16.743,10H30M,630.5,31.386554000,74.361319000,still,off,"19/08/2026 10:58 AM","19/08/2026 11:00 AM",LWMC-AlIT,-,-,-,-,-,-,-,-,-
1940,62034,19/08/2026,LWMC,"Tehsil Office, Shalimar Town",LR-2095,"Door To Door Collection",15.484,2H16M,135.84,31.579207000,74.370370000,still,off,"19/08/2026 10:58 AM","19/08/2026 11:00 AM",LWMC-ShTo,"Loader Rickshaw",-,-,-,-,-,-,-,-
1941,-,19/08/2026,LWMC,"Tehsil Office, Shalimar Town",LR-1551,-,7.049,0H34M,34.04,31.576158000,74.367390000,still,off,"19/08/2026 10:54 AM","19/08/2026 11:00 AM",LWMC-ShTo,-,-,-,-,-,-,-,-,-
1942,19443,19/08/2026,LWMC,"Tehsil Office, Shalimar Town",MFL-15,"Bulk Waste Collection",6.614,6H12M,371.8,31.597547000,74.342886000,still,off,"19/08/2026 10:57 AM","19/08/2026 11:00 AM",LWMC-ShTo,"Tractor Loader",-,-,-,-,-,-,-,-
1943,61506,19/08/2026,LWMC,"Tehsil Office, Shalimar Town",S-10,"Door To Door Collection",26.519,2H60M,179.88,31.578289000,74.346788000,moving,on,"19/08/2026 10:56 AM","19/08/2026 11:00 AM",LWMC-ShTo,"Mini Dumper",-,-,-,-,-,-,-,-
1944,61796,19/08/2026,LWMC,"Tehsil Office, Shalimar Town",LR-2183,"Door To Door Collection",11.317,4H36M,276.44,31.584724000,74.337631000,still,off,"19/08/2026 10:57 AM","19/08/2026 11:00 AM",LWMC-ShTo,"Loader Rickshaw",-,-,-,-,-,-,-,-
1945,61576,19/08/2026,LWMC,"Tehsil Office, Shalimar Town",S-184,"Door To Door Collection",34.073,2H37M,157.09,31.604704000,74.380941000,moving,on,"19/08/2026 10:59 AM","19/08/2026 11:00 AM",LWMC-ShTo,"Mini Dumper",-,-,-,-,-,-,-,-
1946,61194,19/08/2026,LWMC,"Tehsil Office, Shalimar Town",S-105,"Door To Door Collection",0.161,0H1M,1.41,31.573930000,74.287783000,still,off,"19/08/2026 10:09 AM","19/08/2026 11:00 AM",LWMC-ShTo,"Mini Dumper",-,-,-,-,-,-,-,-
1947,61836,19/08/2026,LWMC,"Tehsil Office, Shalimar Town",LR-2420,"Door To Door Collection",16.215,4H19M,259.06,31.587672000,74.355124000,moving,on,"19/08/2026 10:59 AM","19/08/2026 11:00 AM",LWMC-ShTo,"Loader Rickshaw",-,-,-,-,-,-,-,-
1948,61201,19/08/2026,LWMC,"Tehsil Office, Shalimar Town",LR-2077,"Door To Door Collection",15.768,1H53M,113.06,31.590111000,74.357478000,moving,on,"19/08/2026 10:49 AM","19/08/2026 11:00 AM",LWMC-ShTo,"Loader Rickshaw",-,-,-,-,-,-,-,-
1949,61692,19/08/2026,LWMC,"Tehsil Office, Shalimar Town",MFL-31,"Bulk Waste Collection",8.805,5H35M,334.91,31.609586000,74.328263000,still,off,"19/08/2026 10:58 AM","19/08/2026 11:00 AM",LWMC-ShTo,"Tractor Front Blade",-,-,-,-,-,-,-,-
1950,23334,19/08/2026,LWMC,"Tehsil Office, Shalimar Town",LR-0969,"Door To Door Collection",11.856,4H20M,260.3,31.593022000,74.374644000,still,off,"19/08/2026 10:57 AM","19/08/2026 11:00 AM",LWMC-ShTo,"Loader Rickshaw",-,-,-,-,-,-,-,-
1951,61075,19/08/2026,LWMC,"Tehsil Office, Shalimar Town",LR-2604,"Door To Door Collection",13.824,4H5M,244.75,31.582133000,74.333086000,moving,on,"19/08/2026 10:40 AM","19/08/2026 11:00 AM",LWMC-ShTo,"Loader Rickshaw",-,-,-,-,-,-,-,-
1952,61196,19/08/2026,LWMC,"Tehsil Office, Shalimar Town",LR-2079,"Door To Door Collection",10.331,2H18M,138.3,31.597223000,74.356979000,still,off,"19/08/2026 10:58 AM","19/08/2026 11:00 AM",LWMC-ShTo,"Loader Rickshaw",-,-,-,-,-,-,-,-
1953,61531,19/08/2026,LWMC,"Tehsil Office, Shalimar Town",S-326,"Door To Door Collection",26.252,2H18M,137.56,31.606973000,74.357991000,moving,on,"19/08/2026 10:42 AM","19/08/2026 11:00 AM",LWMC-ShTo,"Mini Dumper",-,-,-,-,-,-,-,-
1954,59869,19/08/2026,LWMC,"Tehsil Office, Shalimar Town",CA-125,"Bulk Waste Collection",78.282,4H58M,297.86,31.608975000,74.379764000,still,off,"19/08/2026 10:08 AM","19/08/2026 11:00 AM",LWMC-ShTo,"Chain Arm Roll",-,-,-,-,-,-,-,-
1955,25252,19/08/2026,LWMC,"Tehsil Office, Shalimar Town",LR-0149,"Door to Door Collection",8.29,3H39M,218.9,31.601802000,74.367172000,still,off,"19/08/2026 10:58 AM","19/08/2026 11:00 AM",LWMC-ShTo,"Loader Rickshaw",-,-,-,-,-,-,-,-
1956,61595,19/08/2026,LWMC,"Tehsil Office, Shalimar Town",S-66,"Door To Door Collection",15.813,0H58M,57.5,31.573200000,74.287259000,still,off,"19/08/2026 10:56 AM","19/08/2026 11:00 AM",LWMC-ShTo,"Mini Dumper",-,-,-,-,-,-,-,-
1957,-,19/08/2026,LWMC,"Tehsil Office, Gulberg Town",VS-11,-,63.749,5H17M,316.81,31.464354000,74.225642000,still,off,"19/08/2026 09:49 AM","19/08/2026 11:00 AM",LWMC-GuTo,-,-,-,-,-,-,-,-,-
1958,-,19/08/2026,LWMC,"Tehsil Office, Gulberg Town","TLD-03 (MFL-01)",-,8.062,10H41M,640.61,31.485414000,74.301436000,still,off,"19/08/2026 10:59 AM","19/08/2026 11:00 AM",LWMC-GuTo,-,-,-,-,-,-,-,-,-
1959,-,19/08/2026,LWMC,"Tehsil Office, Gulberg Town",C-1354,-,66.307,5H54M,353.76,31.476000000,74.306589000,moving,on,"19/08/2026 11:00 AM","19/08/2026 11:00 AM",LWMC-GuTo,-,-,-,-,-,-,-,-,-
1960,22588,19/08/2026,LWMC,"Tehsil Office, Gulberg Town",LR-0989,"Door To Door Collection",21.636,3H35M,214.9,31.459974000,74.327337000,moving,on,"19/08/2026 10:47 AM","19/08/2026 11:00 AM",LWMC-GuTo,"Loader Rickshaw",2,Distance,5,1,-,-,-,-
1961,22529,19/08/2026,LWMC,"Tehsil Office, Gulberg Town",LR-0982,"Door To Door Collection",11.363,1H49M,108.84,31.524139000,74.344049000,still,off,"19/08/2026 10:54 AM","19/08/2026 11:00 AM",LWMC-GuTo,"Loader Rickshaw",2,Distance,5,-,-,-,-,-
1962,22553,19/08/2026,LWMC,"Tehsil Office, Gulberg Town",LR-0644,"Door To Door Collection",12.553,1H20M,80.41,31.516005000,74.326867000,still,off,"19/08/2026 10:59 AM","19/08/2026 11:00 AM",LWMC-GuTo,"Loader Rickshaw",2,Distance,5,-,-,-,-,-
1963,19834,19/08/2026,LWMC,"Tehsil Office, Gulberg Town",M-41,"Bulk Waste Collection",42.953,1H53M,112.84,31.516290000,74.325747000,moving,on,"19/08/2026 10:59 AM","19/08/2026 11:00 AM",LWMC-GuTo,"Mini Dumper",2,Distance,5,-,-,-,-,-
1964,18670,19/08/2026,LWMC,"Tehsil Office, Gulberg Town",C-720,"Container-Based Collection",37.013,2H30M,150.43,31.608781000,74.393010000,moving,on,"19/08/2026 10:57 AM","19/08/2026 11:00 AM",LWMC-GuTo,"Compactor (7CM)",3,Distance,10,-,-,-,-,-
1965,61848,19/08/2026,LWMC,"Tehsil Office, Data Gunj Baksh Town",LR-2527,"Door To Door Collection",17.863,1H34M,94.2,31.594486000,74.258287000,still,off,"19/08/2026 10:58 AM","19/08/2026 11:00 AM",LWMC-DaGB,"Loader Rickshaw",2,Distance,5,-,-,-,-,-
1966,61964,19/08/2026,LWMC,"Tehsil Office, Data Gunj Baksh Town",LR-0240,"Door To Door Collection",21.204,2H14M,134.4,31.592875000,74.255628000,moving,on,"19/08/2026 10:59 AM","19/08/2026 11:00 AM",LWMC-DaGB,"Loader Rickshaw",2,Distance,5,1,-,-,-,-
1967,-,19/08/2026,LWMC,"Tehsil Office, Data Gunj Baksh Town",LR-2507,-,24.122,1H40M,100.08,31.587026000,74.257368000,moving,on,"19/08/2026 10:58 AM","19/08/2026 11:00 AM",LWMC-DaGB,-,-,-,-,-,-,-,-,-
1968,-,19/08/2026,LWMC,"Tehsil Office, Data Gunj Baksh Town",LR-2540,-,31.894,2H7M,127.29,31.569267000,74.323112000,moving,on,"19/08/2026 10:58 AM","19/08/2026 11:00 AM",LWMC-DaGB,-,-,-,-,-,-,-,-,-
1969,19724,19/08/2026,LWMC,"Tehsil Office, Data Gunj Baksh Town",M-88,"Bulk Waste Collection",74.703,4H45M,285.06,31.585380000,74.285164000,still,off,"19/08/2026 10:48 AM","19/08/2026 11:00 AM",LWMC-DaGB,"Mini Dumper",2,Distance,5,1,-,-,-,-
1970,61967,19/08/2026,LWMC,"Tehsil Office, Data Gunj Baksh Town",LR-0694,"Door To Door Collection",13.9,4H7M,246.55,31.558341000,74.299616000,still,off,"19/08/2026 10:49 AM","19/08/2026 11:00 AM",LWMC-DaGB,"Loader Rickshaw",2,Distance,5,1,-,-,-,-
1971,-,19/08/2026,LWMC,"Tehsil Office, Data Gunj Baksh Town",LR-1493,-,15.128,1H17M,76.59,31.572427000,74.281604000,moving,on,"19/08/2026 10:58 AM","19/08/2026 11:00 AM",LWMC-DaGB,-,-,-,-,-,-,-,-,-
1972,19763,19/08/2026,LWMC,"Tehsil Office, Data Gunj Baksh Town",S-256,"Bulk Waste Collection",25.831,1H42M,101.56,31.572513000,74.298063000,moving,on,"19/08/2026 10:30 AM","19/08/2026 11:00 AM",LWMC-DaGB,"Mini Dumper",2,Distance,5,-,-,-,-,-
1973,18545,19/08/2026,LWMC,"Tehsil Office, Data Gunj Baksh Town",C13-24,"Container-Based Collection",40.211,4H28M,268.11,31.583864000,74.302884000,moving,on,"19/08/2026 10:59 AM","19/08/2026 11:00 AM",LWMC-DaGB,"Compactor (13CM)",3,Distance,10,1,-,-,-,-
1974,-,19/08/2026,LWMC,"Tehsil Office, Data Gunj Baksh Town",C-709,-,-,0H0M,-,31.572700000,74.292320000,still,off,"19/08/2026 10:06 AM","19/08/2026 11:00 AM",LWMC-DaGB,-,-,-,-,-,-,-,-,-
1975,-,19/08/2026,LWMC,"Tehsil Office, Data Gunj Baksh Town",CA-89,-,79.924,4H59M,299.26,31.549909000,74.314584000,moving,on,"19/08/2026 10:59 AM","19/08/2026 11:00 AM",LWMC-DaGB,-,-,-,-,-,-,-,-,-
1976,60372,19/08/2026,LWMC,"Tehsil Office, Data Gunj Baksh Town",D-28,"Bulk Waste Collection",84.227,4H25M,264.69,31.578550000,74.264453000,still,off,"19/08/2026 10:58 AM","19/08/2026 11:00 AM",LWMC-DaGB,"Dumper (10CM)",3,Ignition,-,1,-,-,-,-
1977,19742,19/08/2026,LWMC,"Tehsil Office, Data Gunj Baksh Town",M-28,"Bulk Waste Collection",26.047,1H52M,111.61,31.558964000,74.335212000,still,off,"19/08/2026 10:58 AM","19/08/2026 11:00 AM",LWMC-DaGB,"Mini Dumper",2,Distance,5,-,-,-,-,-
1978,18661,19/08/2026,LWMC,"Tehsil Office, Data Gunj Baksh Town",C-731,"Container-Based Collection",65.08,4H27M,266.66,31.590539000,74.306194000,moving,on,"19/08/2026 10:58 AM","19/08/2026 11:00 AM",LWMC-DaGB,"Compactor (7CM)",3,Distance,10,1,-,-,-,-
1979,19721,19/08/2026,LWMC,"Tehsil Office, Data Gunj Baksh Town",M-49,"Bulk Waste Collection",46.147,3H19M,199.33,31.583719000,74.286000000,still,off,"19/08/2026 10:54 AM","19/08/2026 11:00 AM",LWMC-DaGB,"Mini Dumper",2,Distance,5,1,-,-,-,-
1980,19786,19/08/2026,LWMC,"Tehsil Office, Data Gunj Baksh Town",S-339,"Bulk Waste Collection",26.402,1H52M,111.86,31.558264000,74.325702000,still,off,"19/08/2026 10:12 AM","19/08/2026 11:00 AM",LWMC-DaGB,"Mini Dumper",2,Distance,5,-,-,-,-,-
1981,18540,19/08/2026,LWMC,"Tehsil Office, Data Gunj Baksh Town",C13-84,"Container-Based Collection",29.199,4H10M,249.81,31.569386000,74.313713000,moving,on,"19/08/2026 10:59 AM","19/08/2026 11:00 AM",LWMC-DaGB,"Compactor (13CM)",3,Distance,10,1,-,-,-,-
1982,61961,19/08/2026,LWMC,"Tehsil Office, Data Gunj Baksh Town",LR-1475,"Door To Door Collection",11.091,3H41M,220.98,31.580441000,74.265013000,moving,on,"19/08/2026 10:31 AM","19/08/2026 11:00 AM",LWMC-DaGB,"Loader Rickshaw",2,Distance,5,1,-,-,-,-
1983,19777,19/08/2026,LWMC,"Tehsil Office, Data Gunj Baksh Town",S-192,"Bulk Waste Collection",34.392,2H31M,151.48,31.549760000,74.340270000,moving,on,"19/08/2026 10:56 AM","19/08/2026 11:00 AM",LWMC-DaGB,"Mini Dumper",2,Distance,5,1,-,-,-,-
1984,19080,19/08/2026,LWMC,"Tehsil Office, Data Gunj Baksh Town",R-23,"Bulk Waste Collection",12.988,1H2M,61.54,31.560594000,74.322464000,moving,on,"19/08/2026 10:59 AM","19/08/2026 11:00 AM",LWMC-DaGB,"Rickshaw Shower",2,Distance,5,-,-,-,-,-
1985,-,19/08/2026,LWMC,"Tehsil Office, Data Gunj Baksh Town",LR-2539,-,30.022,4H18M,257.51,31.537620000,74.329769000,still,off,"19/08/2026 10:58 AM","19/08/2026 11:00 AM",LWMC-DaGB,-,-,-,-,-,-,-,-,-
1986,18534,19/08/2026,LWMC,"Tehsil Office, Data Gunj Baksh Town",C13-71,"Container-Based Collection",41.81,5H24M,324.5,31.562974000,74.292926000,moving,on,"19/08/2026 10:57 AM","19/08/2026 11:00 AM",LWMC-DaGB,"Compactor (13CM)",3,Distance,10,1,-,-,-,-
1987,19774,19/08/2026,LWMC,"Tehsil Office, Data Gunj Baksh Town",S-272,"Bulk Waste Collection",36.822,2H51M,171.25,31.583918000,74.291306000,moving,on,"19/08/2026 10:57 AM","19/08/2026 11:00 AM",LWMC-DaGB,"Mini Dumper",2,Distance,5,1,-,-,-,-
1988,-,19/08/2026,LWMC,"Tehsil Office, Data Gunj Baksh Town",MFL-106,-,22.564,5H46M,345.76,31.376177000,74.351686000,moving,on,"19/08/2026 10:58 AM","19/08/2026 11:00 AM",LWMC-DaGB,-,-,-,-,-,-,-,-,-
1989,-,19/08/2026,LWMC,"Tehsil Office, Data Gunj Baksh Town",LR-1490,-,15.718,1H32M,91.78,31.573333000,74.277252000,moving,on,"19/08/2026 10:45 AM","19/08/2026 11:00 AM",LWMC-DaGB,-,-,-,-,-,-,-,-,-
1990,18537,19/08/2026,LWMC,"Tehsil Office, Data Gunj Baksh Town",C13-13,"Container-Based Collection",38.119,4H46M,286.36,31.573122000,74.291660000,still,off,"19/08/2026 10:25 AM","19/08/2026 11:00 AM",LWMC-DaGB,"Compactor (13CM)",3,Distance,10,1,-,-,-,-
1991,-,19/08/2026,LWMC,"Tehsil Office, Data Gunj Baksh Town",D-45,-,65.341,3H53M,232.78,31.573306000,74.278058000,moving,on,"19/08/2026 10:41 AM","19/08/2026 11:00 AM",LWMC-DaGB,-,-,-,-,-,-,-,-,-
1992,18538,19/08/2026,LWMC,"Tehsil Office, Data Gunj Baksh Town",C13-35,"Container-Based Collection",69.354,5H26M,326.33,31.535041000,74.340718000,moving,on,"19/08/2026 10:59 AM","19/08/2026 11:00 AM",LWMC-DaGB,"Compactor (13CM)",3,Distance,10,1,-,-,-,-
1993,62081,19/08/2026,LWMC,"Tehsil Office, Data Gunj Baksh Town",LR-1476,"Door To Door Collection",10.695,2H50M,169.76,31.573143000,74.291833000,moving,on,"19/08/2026 10:48 AM","19/08/2026 11:00 AM",LWMC-DaGB,"Loader Rickshaw",2,Distance,5,1,-,-,-,-
1994,19082,19/08/2026,LWMC,"Tehsil Office, Data Gunj Baksh Town",R-36,"Bulk Waste Collection",15.788,1H30M,90.46,31.559682000,74.323928000,still,off,"19/08/2026 10:53 AM","19/08/2026 11:00 AM",LWMC-DaGB,"Rickshaw Shower",2,Distance,5,-,-,-,-,-
1995,19779,19/08/2026,LWMC,"Tehsil Office, Data Gunj Baksh Town",S-197,"Bulk Waste Collection",38.513,2H54M,173.73,31.573259000,74.291883000,still,off,"19/08/2026 10:44 AM","19/08/2026 11:00 AM",LWMC-DaGB,"Mini Dumper",2,Distance,5,1,-,-,-,-
1996,19764,19/08/2026,LWMC,"Tehsil Office, Data Gunj Baksh Town",S-183,"Bulk Waste Collection",18.444,1H12M,71.81,31.564234000,74.319848000,moving,on,"19/08/2026 10:50 AM","19/08/2026 11:00 AM",LWMC-DaGB,"Mini Dumper",2,Distance,5,-,-,-,-,-
1997,19733,19/08/2026,LWMC,"Tehsil Office, Data Gunj Baksh Town",S-33,"Bulk Waste Collection",30.293,2H23M,143.21,31.572377000,74.282658000,moving,on,"19/08/2026 10:57 AM","19/08/2026 11:00 AM",LWMC-DaGB,"Mini Dumper",2,Distance,5,1,-,-,-,-
1998,-,19/08/2026,LWMC,"Tehsil Office, Data Gunj Baksh Town",C13-70,-,-,0H0M,-,31.478552000,74.343907000,still,off,"19/08/2026 10:09 AM","19/08/2026 11:00 AM",LWMC-DaGB,-,-,-,-,-,-,-,-,-
1999,18663,19/08/2026,LWMC,"Tehsil Office, Data Gunj Baksh Town",C-727,"Container-Based Collection",45.651,4H47M,286.73,31.591659000,74.293748000,moving,on,"19/08/2026 10:57 AM","19/08/2026 11:00 AM",LWMC-DaGB,"Compactor (7CM)",3,Distance,10,1,-,-,-,-
2000,-,19/08/2026,LWMC,"Tehsil Office, Data Gunj Baksh Town",ALB-272,-,9.695,1H11M,70.93,31.539299000,74.325155000,still,off,"19/08/2026 10:09 AM","19/08/2026 11:00 AM",LWMC-DaGB,-,-,-,-,-,-,-,-,-
2001,60272,19/08/2026,LWMC,"Tehsil Office, Data Gunj Baksh Town",S-18,"Bulk Waste Collection",37.603,2H49M,169.23,31.573308000,74.292117000,still,off,"19/08/2026 10:28 AM","19/08/2026 10:30 AM",LWMC-DaGB,"Mini Dumper",2,Distance,5,1,-,-,-,-
2002,18662,19/08/2026,LWMC,"Tehsil Office, Data Gunj Baksh Town",C-732,"Container-Based Collection",56.446,5H24M,323.55,31.573347000,74.291527000,still,off,"19/08/2026 10:57 AM","19/08/2026 11:00 AM",LWMC-DaGB,"Compactor (7CM)",3,Distance,10,1,-,-,-,-
2003,19725,19/08/2026,LWMC,"Tehsil Office, Data Gunj Baksh Town",M-113,"Bulk Waste Collection",50.472,3H28M,208.06,31.573129000,74.292076000,still,off,"19/08/2026 10:59 AM","19/08/2026 11:00 AM",LWMC-DaGB,"Mini Dumper",2,Distance,5,1,-,-,-,-
2004,18548,19/08/2026,LWMC,"Tehsil Office, Data Gunj Baksh Town",C13-1081,"Container-Based Collection",47.686,5H21M,320.81,31.577870000,74.264278000,moving,on,"19/08/2026 10:59 AM","19/08/2026 11:00 AM",LWMC-DaGB,"Compactor (13CM)",3,Distance,10,1,-,-,-,-
2005,18543,19/08/2026,LWMC,"Tehsil Office, Data Gunj Baksh Town",C13-16,"Container-Based Collection",39.982,5H33M,332.94,31.567064000,74.324778000,still,off,"19/08/2026 10:57 AM","19/08/2026 11:00 AM",LWMC-DaGB,"Compactor (13CM)",3,Distance,10,1,-,-,-,-
2006,-,19/08/2026,LWMC,"Tehsil Office, Data Gunj Baksh Town",C-719,-,77.372,4H59M,298.66,31.573094000,74.291696000,still,off,"19/08/2026 10:50 AM","19/08/2026 11:00 AM",LWMC-DaGB,-,-,-,-,-,-,-,-,-
2007,61966,19/08/2026,LWMC,"Tehsil Office, Data Gunj Baksh Town",LR-1478,"Door To Door Collection",8.269,1H5M,65.26,31.573107000,74.291888000,moving,on,"19/08/2026 10:59 AM","19/08/2026 11:00 AM",LWMC-DaGB,"Loader Rickshaw",2,Distance,5,-,-,-,-,-
2008,19781,19/08/2026,LWMC,"Tehsil Office, Data Gunj Baksh Town",S-229,"Bulk Waste Collection",42.636,2H57M,177.44,31.527796000,74.333503000,moving,on,"19/08/2026 10:46 AM","19/08/2026 11:00 AM",LWMC-DaGB,"Mini Dumper",2,Distance,5,1,-,-,-,-
2009,-,19/08/2026,LWMC,"Tehsil Office, Data Gunj Baksh Town",WR-006,-,8.799,0H43M,42.91,31.576876000,74.306876000,still,off,"19/08/2026 10:06 AM","19/08/2026 11:00 AM",LWMC-DaGB,-,-,-,-,-,-,-,-,-
2010,60674,19/08/2026,LWMC,"Tehsil Office, Data Gunj Baksh Town",P-49,"Bulk Waste Collection",21.769,2H23M,142.9,31.573849000,74.293572000,moving,on,"19/08/2026 11:00 AM","19/08/2026 11:00 AM",LWMC-DaGB,Pickup,2,Distance,5,1,-,-,-,-
2011,61477,19/08/2026,LWMC,"Tehsil Office, Data Gunj Baksh Town",LR-0710,"Door To Door Collection",29.267,1H60M,119.73,31.592496000,74.255832000,still,off,"19/08/2026 09:45 AM","19/08/2026 11:00 AM",LWMC-DaGB,"Loader Rickshaw",2,Distance,5,-,-,-,-,-
2012,59722,19/08/2026,LWMC,"Tehsil Office, Samnabad Town",S-322,"Door To Door Collection",40.124,1H28M,87.7,31.481179000,74.282774000,moving,on,"19/08/2026 10:43 AM","19/08/2026 11:00 AM",LWMC-SaTo,Pickup,2,Distance,5,-,-,-,-,-
2013,40365,19/08/2026,LWMC,"Tehsil Office, Samnabad Town",LR-0656,"Door To Door Collection",39.841,7H59M,478.6,31.550639000,74.266678000,moving,on,"19/08/2026 10:59 AM","19/08/2026 11:00 AM",LWMC-SaTo,"Loader Rickshaw",2,Distance,5,1,-,-,-,-
2014,41303,19/08/2026,LWMC,"Tehsil Office, Samnabad Town",LR-1845,"Door To Door Collection",28.26,3H18M,198.3,31.571961000,74.278386000,still,off,"19/08/2026 10:53 AM","19/08/2026 11:00 AM",LWMC-SaTo,"Loader Rickshaw",2,Distance,5,1,-,-,-,-
2015,39288,19/08/2026,LWMC,"Tehsil Office, Samnabad Town",LR-0039,"Door To Door Collection",27.057,1H51M,111.18,31.535609000,74.294120000,moving,on,"19/08/2026 10:57 AM","19/08/2026 11:00 AM",LWMC-SaTo,"Loader Rickshaw",2,Distance,5,-,-,-,-,-
2016,41258,19/08/2026,LWMC,"Tehsil Office, Samnabad Town",LR-1267,"Door To Door Collection",16.969,6H15M,375.25,31.529687000,74.310348000,moving,on,"19/08/2026 10:59 AM","19/08/2026 11:00 AM",LWMC-SaTo,"Loader Rickshaw",2,Distance,5,1,-,-,-,-
2017,40333,19/08/2026,LWMC,"Tehsil Office, Samnabad Town",LR-0381,"Door To Door Collection",29.648,2H59M,178.91,31.506334000,74.292791000,moving,on,"19/08/2026 10:56 AM","19/08/2026 11:00 AM",LWMC-SaTo,"Loader Rickshaw",2,Distance,5,1,-,-,-,-
2018,41342,19/08/2026,LWMC,"Tehsil Office, Samnabad Town",LR-2243,"Door To Door Collection",19.7,8H58M,537.95,31.540088000,74.293054000,moving,on,"19/08/2026 10:59 AM","19/08/2026 11:00 AM",LWMC-SaTo,"Loader Rickshaw",2,Distance,5,1,-,-,-,-
2019,41346,19/08/2026,LWMC,"Tehsil Office, Samnabad Town",LR-2247,"Door To Door Collection",44.24,4H54M,293.66,31.480329000,74.248958000,still,off,"19/08/2026 10:57 AM","19/08/2026 11:00 AM",LWMC-SaTo,"Loader Rickshaw",2,Distance,5,1,-,-,-,-
2020,40308,19/08/2026,LWMC,"Tehsil Office, Samnabad Town",LR-0493,"Door To Door Collection",39.008,2H41M,161.44,31.513391000,74.318967000,moving,on,"19/08/2026 10:59 AM","19/08/2026 11:00 AM",LWMC-SaTo,"Loader Rickshaw",2,Distance,5,1,-,-,-,-
2021,-,19/08/2026,LWMC,"Tehsil Office, Samnabad Town",LEG-1435,-,20.711,2H26M,146.08,31.459772000,74.220223000,moving,on,"19/08/2026 10:56 AM","19/08/2026 11:00 AM",LWMC-SaTo,-,-,-,-,-,-,-,-,-
2022,40335,19/08/2026,LWMC,"Tehsil Office, Samnabad Town",LR-0383,"Door To Door Collection",26.36,5H20M,319.6,31.510633000,74.290457000,moving,on,"19/08/2026 10:58 AM","19/08/2026 11:00 AM",LWMC-SaTo,"Loader Rickshaw",2,Distance,5,1,-,-,-,-
2023,-,19/08/2026,LWMC,"Tehsil Office, Samnabad Town",WR-0040,-,21.706,1H35M,94.71,31.550991000,74.300573000,still,off,"19/08/2026 10:47 AM","19/08/2026 11:00 AM",LWMC-SaTo,-,-,-,-,-,-,-,-,-
2024,-,19/08/2026,LWMC,"Tehsil Office, Samnabad Town",WR-0015,-,20.023,1H44M,104.09,31.486398000,74.293142000,moving,on,"19/08/2026 10:48 AM","19/08/2026 11:00 AM",LWMC-SaTo,-,-,-,-,-,-,-,-,-
2025,39197,19/08/2026,LWMC,"Tehsil Office, Samnabad Town",S-299,"Bulk Waste Collection",44.071,2H28M,148.05,31.494267000,74.286699000,moving,on,"19/08/2026 10:59 AM","19/08/2026 11:00 AM",LWMC-SaTo,"Mini Dumper",2,Distance,5,1,-,-,-,-
2026,41251,19/08/2026,LWMC,"Tehsil Office, Samnabad Town",LR-1260,"Door To Door Collection",17.295,2H18M,137.61,31.538474000,74.299093000,still,off,"19/08/2026 10:57 AM","19/08/2026 11:00 AM",LWMC-SaTo,"Loader Rickshaw",2,Distance,5,1,-,-,-,-
2027,59817,19/08/2026,LWMC,"Tehsil Office, Samnabad Town",S-228,"Door To Door Collection",27.247,1H47M,107.46,31.538080000,74.271763000,still,off,"19/08/2026 10:48 AM","19/08/2026 11:00 AM",LWMC-SaTo,"Mini Dumper",2,Distance,5,-,-,-,-,-
2028,41261,19/08/2026,LWMC,"Tehsil Office, Samnabad Town",LR-1270,"Door To Door Collection",19.365,2H2M,121.79,31.536748000,74.317738000,moving,on,"19/08/2026 10:45 AM","19/08/2026 11:00 AM",LWMC-SaTo,"Loader Rickshaw",2,Distance,5,1,-,-,-,-
2029,41298,19/08/2026,LWMC,"Tehsil Office, Samnabad Town",LR-1900,"Door To Door Collection",42.97,5H36M,336.44,31.576241000,74.271680000,still,off,"19/08/2026 10:57 AM","19/08/2026 11:00 AM",LWMC-SaTo,"Loader Rickshaw",2,Distance,5,1,-,-,-,-
2030,40358,19/08/2026,LWMC,"Tehsil Office, Samnabad Town",LR-1000,"Door To Door Collection",21.037,4H54M,294.18,31.508091000,74.315893000,moving,on,"19/08/2026 10:58 AM","19/08/2026 11:00 AM",LWMC-SaTo,"Loader Rickshaw",2,Distance,5,1,-,-,-,-
2031,40324,19/08/2026,LWMC,"Tehsil Office, Samnabad Town",LR-0971,"Door To Door Collection",18.863,4H53M,292.71,31.515547000,74.281405000,moving,on,"19/08/2026 10:58 AM","19/08/2026 11:00 AM",LWMC-SaTo,"Loader Rickshaw",2,Distance,5,1,-,-,-,-
2032,41234,19/08/2026,LWMC,"Tehsil Office, Samnabad Town",LR-1183,"Door To Door Collection",49.784,5H57M,356.6,31.547362000,74.267915000,moving,on,"19/08/2026 10:58 AM","19/08/2026 11:00 AM",LWMC-SaTo,"Loader Rickshaw",2,Distance,5,1,-,-,-,-
2033,40339,19/08/2026,LWMC,"Tehsil Office, Samnabad Town",LR-0925,"Door To Door Collection",21.818,2H20M,140,31.502234000,74.270088000,still,off,"19/08/2026 10:53 AM","19/08/2026 11:00 AM",LWMC-SaTo,"Loader Rickshaw",2,Distance,5,1,-,-,-,-
2034,40343,19/08/2026,LWMC,"Tehsil Office, Samnabad Town",LR-0929,"Door To Door Collection",27.851,10H32M,631.73,31.504909000,74.270104000,still,off,"19/08/2026 10:58 AM","19/08/2026 11:00 AM",LWMC-SaTo,"Loader Rickshaw",2,Distance,5,1,-,-,-,-
2035,-,19/08/2026,LWMC,"Tehsil Office, Other Sites",LES-3831,-,3.324,10H7M,606.81,31.630823000,74.445566000,still,off,"19/08/2026 10:27 AM","19/08/2026 11:00 AM",LWMC-OtSi,-,-,-,-,-,-,-,-,-
2036,-,19/08/2026,LWMC,"Tehsil Office, Other Sites",VS-42,-,48.854,4H29M,268.73,31.573197000,74.286511000,still,off,"19/08/2026 09:39 AM","19/08/2026 11:00 AM",LWMC-OtSi,-,-,-,-,-,-,-,-,-
2037,19296,19/08/2026,LWMC,"Tehsil Office, Ravi Town",LR-0198,"Bulk Waste Collection",10.86,2H42M,162.15,31.590134000,74.321442000,moving,on,"19/08/2026 10:48 AM","19/08/2026 11:00 AM",LWMC-RaTo,"Loader Rickshaw",2,Distance,5,1,-,-,-,-
2038,61357,19/08/2026,LWMC,"Tehsil Office, Ravi Town",LR-2479,"Door To Door Collection",11.13,1H18M,77.58,31.601974000,74.310985000,moving,on,"19/08/2026 10:36 AM","19/08/2026 11:00 AM",LWMC-RaTo,"Loader Rickshaw",2,Distance,5,-,-,-,-,-
2039,23442,19/08/2026,LWMC,"Tehsil Office, Ravi Town",LR-0094,"Door To Door Collection",7.586,7H56M,475.88,31.581767000,74.260376000,moving,on,"19/08/2026 10:59 AM","19/08/2026 11:00 AM",LWMC-RaTo,"Loader Rickshaw",2,Distance,5,1,-,-,-,-
2040,-,19/08/2026,LWMC,"Tehsil Office, Ravi Town",LR-0551,-,16.561,10H57M,657.28,31.536383000,74.259408000,moving,on,"19/08/2026 10:59 AM","19/08/2026 11:00 AM",LWMC-RaTo,-,-,-,-,-,-,-,-,-
2041,61833,19/08/2026,LWMC,"Tehsil Office, Ravi Town",LR-1828,"Door To Door Collection",17.613,10H59M,658.83,31.615554000,74.294139000,still,off,"19/08/2026 10:58 AM","19/08/2026 11:00 AM",LWMC-RaTo,"Loader Rickshaw",2,Distance,5,1,-,-,-,-
2042,19316,19/08/2026,LWMC,"Tehsil Office, Ravi Town",LR-0424,"Bulk Waste Collection",23.308,10H58M,657.51,31.658569000,74.305741000,still,off,"19/08/2026 10:58 AM","19/08/2026 11:00 AM",LWMC-RaTo,"Loader Rickshaw",2,Distance,5,1,-,-,-,-
2043,61431,19/08/2026,LWMC,"Tehsil Office, Ravi Town",FT-25,"Bulk Waste Collection",28.113,9H5M,545.45,31.609924000,74.311223000,moving,on,"19/08/2026 10:59 AM","19/08/2026 11:00 AM",LWMC-RaTo,"Tractor Trolley",2,Distance,10,1,-,-,-,-
2044,62017,19/08/2026,LWMC,"Tehsil Office, Ravi Town",LR-0158,"Door To Door Collection",23.889,10H35M,635.45,31.592553000,74.257427000,moving,on,"19/08/2026 10:56 AM","19/08/2026 11:00 AM",LWMC-RaTo,"Loader Rickshaw",2,Distance,5,1,-,-,-,-
2045,61828,19/08/2026,LWMC,"Tehsil Office, Ravi Town",LR-1180,"Door To Door Collection",17.5,9H31M,571.04,31.624676000,74.297838000,still,off,"19/08/2026 10:58 AM","19/08/2026 11:00 AM",LWMC-RaTo,"Loader Rickshaw",2,Distance,5,1,-,-,-,-
2046,19947,19/08/2026,LWMC,"Tehsil Office, Ravi Town",S-169,"Bulk Waste Collection",41.303,2H33M,153.13,31.607688000,74.336018000,moving,on,"19/08/2026 10:35 AM","19/08/2026 11:00 AM",LWMC-RaTo,"Mini Dumper",2,Distance,5,1,-,-,-,-
2047,61454,19/08/2026,LWMC,"Tehsil Office, Ravi Town",LR-1808,"Door To Door Collection",17.553,10H58M,658.41,31.609238000,74.308783000,moving,on,"19/08/2026 10:58 AM","19/08/2026 11:00 AM",LWMC-RaTo,"Loader Rickshaw",2,Distance,5,1,-,-,-,-
2048,-,19/08/2026,LWMC,"Tehsil Office, Ravi Town",LR-0261,-,34.324,9H52M,591.96,31.591323000,74.320367000,moving,on,"19/08/2026 10:59 AM","19/08/2026 11:00 AM",LWMC-RaTo,-,-,-,-,-,-,-,-,-
2049,61141,19/08/2026,LWMC,"Tehsil Office, Ravi Town",LR-1631,"Door To Door Collection",19.842,3H28M,207.96,31.591242000,74.320248000,still,off,"19/08/2026 10:58 AM","19/08/2026 11:00 AM",LWMC-RaTo,"Loader Rickshaw",2,Distance,5,1,-,-,-,-
2050,61512,19/08/2026,LWMC,"Tehsil Office, Ravi Town",LR-2477,"Door To Door Collection",20.14,1H50M,110.08,31.612955000,74.268904000,still,off,"19/08/2026 10:58 AM","19/08/2026 11:00 AM",LWMC-RaTo,"Loader Rickshaw",2,Distance,5,-,-,-,-,-
2051,-,19/08/2026,LWMC,"Tehsil Office, Ravi Town",LR-2475,-,6.787,0H37M,37.48,31.610504000,74.276038000,still,off,"19/08/2026 10:58 AM","19/08/2026 11:00 AM",LWMC-RaTo,-,-,-,-,-,-,-,-,-
2052,23436,19/08/2026,LWMC,"Tehsil Office, Ravi Town",LR-0088,"Door To Door Collection",24.387,3H3M,183.05,31.602415000,74.252529000,moving,on,"19/08/2026 10:58 AM","19/08/2026 11:00 AM",LWMC-RaTo,"Loader Rickshaw",2,Distance,5,1,-,-,-,-
2053,60780,19/08/2026,LWMC,"Tehsil Office, Ravi Town",LR-1813,"Door To Door Collection",35.314,10H59M,659.26,31.583937000,74.309807000,moving,on,"19/08/2026 10:58 AM","19/08/2026 11:00 AM",LWMC-RaTo,"Loader Rickshaw",2,Distance,5,1,-,-,-,-
2054,61504,19/08/2026,LWMC,"Tehsil Office, Ravi Town",LR-0811,"Door To Door Collection",10.338,3H4M,183.93,31.611517000,74.272213000,still,off,"19/08/2026 10:48 AM","19/08/2026 11:00 AM",LWMC-RaTo,"Loader Rickshaw",2,Distance,5,1,-,-,-,-
2055,-,19/08/2026,LWMC,"Tehsil Office, Ravi Town",LR-2478,-,18.571,10H18M,617.61,31.601951000,74.251653000,still,off,"19/08/2026 10:58 AM","19/08/2026 11:00 AM",LWMC-RaTo,-,-,-,-,-,-,-,-,-
2056,59918,19/08/2026,LWMC,"Tehsil Office, Ravi Town",LR-1632,"Door To Door Collection",17.97,8H4M,484.3,31.590897000,74.317805000,still,off,"19/08/2026 10:59 AM","19/08/2026 11:00 AM",LWMC-RaTo,"Loader Rickshaw",2,Distance,5,1,-,-,-,-
2057,62138,19/08/2026,LWMC,"Tehsil Office, Ravi Town",LR-2114,"Door To Door Collection",24.987,3H38M,218.44,31.627480000,74.277733000,still,off,"19/08/2026 10:57 AM","19/08/2026 11:00 AM",LWMC-RaTo,"Loader Rickshaw",2,Distance,5,1,-,-,-,-
2058,61257,19/08/2026,LWMC,"Tehsil Office, Ravi Town",LR-0065,"Door To Door Collection",21.488,2H42M,162.4,31.592988000,74.318758000,moving,on,"19/08/2026 10:59 AM","19/08/2026 11:00 AM",LWMC-RaTo,"Loader Rickshaw",2,Distance,5,1,-,-,-,-
2059,61255,19/08/2026,LWMC,"Tehsil Office, Ravi Town",LR-0591,"Door To Door Collection",15.778,1H24M,83.81,31.635788000,74.278746000,still,off,"19/08/2026 10:57 AM","19/08/2026 11:00 AM",LWMC-RaTo,"Loader Rickshaw",2,Distance,5,-,-,-,-,-
2060,61819,19/08/2026,LWMC,"Tehsil Office, Ravi Town",LR-1826,"Door To Door Collection",19.307,1H59M,119.06,31.611448000,74.296465000,still,off,"19/08/2026 10:58 AM","19/08/2026 11:00 AM",LWMC-RaTo,"Loader Rickshaw",2,Distance,5,-,-,-,-,-
2061,61461,19/08/2026,LWMC,"Tehsil Office, Ravi Town",LR-1807,"Door To Door Collection",25.282,4H1M,240.55,31.595462000,74.327312000,moving,on,"19/08/2026 10:59 AM","19/08/2026 11:00 AM",LWMC-RaTo,"Loader Rickshaw",2,Distance,5,1,-,-,-,-
2062,19267,19/08/2026,LWMC,"Tehsil Office, Ravi Town",LR-0252,"Bulk Waste Collection",5.25,1H25M,84.81,31.591085000,74.317440000,still,off,"19/08/2026 10:58 AM","19/08/2026 11:00 AM",LWMC-RaTo,"Loader Rickshaw",2,Distance,5,-,-,-,-,-
2063,19938,19/08/2026,LWMC,"Tehsil Office, Ravi Town",S-181,"Bulk Waste Collection",47.054,3H39M,219.11,31.608827000,74.268446000,moving,on,"19/08/2026 10:59 AM","19/08/2026 11:00 AM",LWMC-RaTo,"Mini Dumper",2,Distance,5,1,-,-,-,-
2064,-,19/08/2026,LWMC,"Tehsil Office, Ravi Town",LR-1671,-,12.696,1H3M,63.26,31.622304000,74.276884000,still,off,"19/08/2026 10:57 AM","19/08/2026 11:00 AM",LWMC-RaTo,-,-,-,-,-,-,-,-,-
2065,61956,19/08/2026,LWMC,"Tehsil Office, Ravi Town",LR-0806,"Door To Door Collection",21.432,2H49M,168.53,31.612698000,74.278655000,moving,on,"19/08/2026 10:32 AM","19/08/2026 11:00 AM",LWMC-RaTo,"Loader Rickshaw",2,Distance,5,1,-,-,-,-
2066,19926,19/08/2026,LWMC,"Tehsil Office, Ravi Town",S-234,"Bulk Waste Collection",4.667,1H9M,68.56,31.574849000,74.288099000,moving,on,"19/08/2026 10:48 AM","19/08/2026 11:00 AM",LWMC-RaTo,"Mini Dumper",2,Distance,5,-,-,-,-,-
2067,61188,19/08/2026,LWMC,"Tehsil Office, Ravi Town",LR-0803,"Door To Door Collection",18.587,1H34M,94.11,31.622899000,74.271561000,moving,on,"19/08/2026 10:58 AM","19/08/2026 11:00 AM",LWMC-RaTo,"Loader Rickshaw",2,Distance,5,-,-,-,-,-
2068,19327,19/08/2026,LWMC,"Tehsil Office, Ravi Town",LR-0433,"Bulk Waste Collection",17.211,10H57M,656.81,31.602132000,74.310213000,still,off,"19/08/2026 10:57 AM","19/08/2026 11:00 AM",LWMC-RaTo,"Loader Rickshaw",2,Distance,5,1,-,-,-,-
2069,61813,19/08/2026,LWMC,"Tehsil Office, Ravi Town",LR-2474,"Door To Door Collection",20.661,1H52M,112.48,31.631091000,74.306071000,moving,on,"19/08/2026 11:00 AM","19/08/2026 11:00 AM",LWMC-RaTo,"Loader Rickshaw",2,Distance,5,-,-,-,-,-
2070,18478,19/08/2026,LWMC,"Tehsil Office, Ravi Town",CA-171,"Container-Based Collection",108.288,6H29M,388.88,31.609450000,74.311115000,moving,on,"19/08/2026 10:56 AM","19/08/2026 11:00 AM",LWMC-RaTo,"Chain Arm Roll",3,Distance,10,1,-,-,-,-
2071,18475,19/08/2026,LWMC,"Tehsil Office, Ravi Town",CA-143,"Container-Based Collection",97.141,6H23M,383.28,31.610152000,74.304926000,moving,on,"19/08/2026 11:00 AM","19/08/2026 11:00 AM",LWMC-RaTo,"Chain Arm Roll",3,Distance,10,1,-,-,-,-
2072,61707,19/08/2026,LWMC,"Tehsil Office, Ravi Town",LR-2678,"Door To Door Collection",20.433,1H37M,97.06,31.639234000,74.287206000,still,off,"19/08/2026 10:57 AM","19/08/2026 11:00 AM",LWMC-RaTo,"Loader Rickshaw",2,Distance,5,-,-,-,-,-
2073,61402,19/08/2026,LWMC,"Tehsil Office, Ravi Town",LR-1612,"Door To Door Collection",37.329,10H29M,628.51,31.604158000,74.314700000,still,off,"19/08/2026 10:53 AM","19/08/2026 11:00 AM",LWMC-RaTo,"Loader Rickshaw",2,Distance,5,1,-,-,-,-
2074,60535,19/08/2026,LWMC,"Tehsil Office, Ravi Town",LR-2136,"Door To Door Collection",21.819,8H18M,498.16,31.590763000,74.320628000,moving,on,"19/08/2026 10:59 AM","19/08/2026 11:00 AM",LWMC-RaTo,"Loader Rickshaw",2,Distance,5,1,-,-,-,-
2075,-,19/08/2026,LWMC,"Tehsil Office, Ravi Town",LR-0902,-,10.101,10H23M,622.98,31.602796000,74.314116000,still,off,"19/08/2026 10:58 AM","19/08/2026 11:00 AM",LWMC-RaTo,-,-,-,-,-,-,-,-,-
2076,23458,19/08/2026,LWMC,"Tehsil Office, Ravi Town",LR-0561,"Door To Door Collection",18.023,1H29M,89.33,31.617037000,74.289621000,still,off,"19/08/2026 10:59 AM","19/08/2026 11:00 AM",LWMC-RaTo,"Loader Rickshaw",2,Distance,5,-,-,-,-,-
2077,59987,19/08/2026,LWMC,"Tehsil Office, Ravi Town",LR-1668,"Door To Door Collection",17.657,7H4M,424.35,31.620966000,74.269075000,still,off,"19/08/2026 10:59 AM","19/08/2026 11:00 AM",LWMC-RaTo,"Loader Rickshaw",2,Distance,5,1,-,-,-,-
2078,19324,19/08/2026,LWMC,"Tehsil Office, Ravi Town",LR-0436,"Bulk Waste Collection",14.273,10H6M,605.64,31.609107000,74.303588000,moving,on,"19/08/2026 10:58 AM","19/08/2026 11:00 AM",LWMC-RaTo,"Loader Rickshaw",2,Distance,5,1,-,-,-,-
2079,19954,19/08/2026,LWMC,"Tehsil Office, Ravi Town",S-338,"Bulk Waste Collection",73.745,6H44M,403.66,31.593523000,74.305969000,moving,on,"19/08/2026 10:29 AM","19/08/2026 11:00 AM",LWMC-RaTo,"Mini Dumper",2,Distance,5,1,-,-,-,-
2080,61384,19/08/2026,LWMC,"Tehsil Office, Ravi Town",LR-1222,"Door To Door Collection",16.721,5H38M,338.21,31.590833000,74.317873000,still,off,"19/08/2026 10:59 AM","19/08/2026 11:00 AM",LWMC-RaTo,"Loader Rickshaw",2,Distance,5,1,-,-,-,-
2081,19303,19/08/2026,LWMC,"Tehsil Office, Ravi Town",LR-0159,"Bulk Waste Collection",34.443,6H23M,383.16,31.592860000,74.258858000,moving,on,"19/08/2026 10:59 AM","19/08/2026 11:00 AM",LWMC-RaTo,"Loader Rickshaw",2,Distance,5,1,-,-,-,-
2082,59771,19/08/2026,LWMC,"Tehsil Office, Ravi Town",LR-0807,"Door To Door Collection",13.403,2H34M,153.94,31.610215000,74.276008000,still,off,"19/08/2026 10:58 AM","19/08/2026 11:00 AM",LWMC-RaTo,"Loader Rickshaw",2,Distance,5,1,-,-,-,-
2083,19320,19/08/2026,LWMC,"Tehsil Office, Ravi Town",LR-0420,"Bulk Waste Collection",28.791,5H35M,334.51,31.647517000,74.287740000,still,off,"19/08/2026 10:57 AM","19/08/2026 11:00 AM",LWMC-RaTo,"Loader Rickshaw",2,Distance,5,1,-,-,-,-
2084,61084,19/08/2026,LWMC,"Tehsil Office, Ravi Town",LR-1622,"Door To Door Collection",14.427,2H6M,126.08,31.591102000,74.317248000,still,off,"19/08/2026 10:59 AM","19/08/2026 11:00 AM",LWMC-RaTo,"Loader Rickshaw",2,Distance,5,1,-,-,-,-
2085,60113,19/08/2026,LWMC,"Tehsil Office, Ravi Town",LR-1803,"Door To Door Collection",15.84,4H47M,286.88,31.590978000,74.317745000,still,off,"19/08/2026 10:48 AM","19/08/2026 11:00 AM",LWMC-RaTo,"Loader Rickshaw",2,Distance,5,1,-,-,-,-
2086,60215,19/08/2026,LWMC,"Tehsil Office, Ravi Town",LR-1812,"Door To Door Collection",18.737,4H44M,284.36,31.605648000,74.312085000,moving,on,"19/08/2026 10:58 AM","19/08/2026 11:00 AM",LWMC-RaTo,"Loader Rickshaw",2,Distance,5,1,-,-,-,-
2087,-,19/08/2026,LWMC,"Tehsil Office, Ravi Town",LR-0903,-,15.22,1H21M,80.79,31.591026000,74.318710000,moving,on,"19/08/2026 11:00 AM","19/08/2026 11:00 AM",LWMC-RaTo,-,-,-,-,-,-,-,-,-
2088,-,19/08/2026,LWMC,"Tehsil Office, Ravi Town",LR-0258,-,14.58,2H16M,136.44,31.585542000,74.311713000,moving,on,"19/08/2026 10:53 AM","19/08/2026 11:00 AM",LWMC-RaTo,-,-,-,-,-,-,-,-,-
2089,59958,19/08/2026,LWMC,"Tehsil Office, Ravi Town",LR-1604,"Door To Door Collection",18.25,4H49M,289,31.591257000,74.320222000,still,off,"19/08/2026 10:57 AM","19/08/2026 11:00 AM",LWMC-RaTo,"Loader Rickshaw",2,Distance,5,1,-,-,-,-
2090,-,19/08/2026,LWMC,"Tehsil Office, Ravi Town",LR-0681,-,7.903,1H44M,104.5,31.590327000,74.326237000,moving,on,"19/08/2026 11:00 AM","19/08/2026 11:00 AM",LWMC-RaTo,-,-,-,-,-,-,-,-,-
2091,61038,19/08/2026,LWMC,"Tehsil Office, Ravi Town",LR-1246,"Door To Door Collection",14.554,4H46M,285.81,31.584337000,74.326870000,moving,on,"19/08/2026 11:00 AM","19/08/2026 11:00 AM",LWMC-RaTo,"Loader Rickshaw",2,Distance,5,1,-,-,-,-
2092,19325,19/08/2026,LWMC,"Tehsil Office, Ravi Town",LR-0435,"Bulk Waste Collection",14.201,4H23M,262.53,31.591012000,74.317855000,still,off,"19/08/2026 10:50 AM","19/08/2026 11:00 AM",LWMC-RaTo,"Loader Rickshaw",2,Distance,5,1,-,-,-,-
2093,61372,19/08/2026,LWMC,"Tehsil Office, Ravi Town",LR-2038,"Door To Door Collection",15.83,4H54M,294.5,31.610910000,74.311198000,moving,on,"19/08/2026 10:58 AM","19/08/2026 11:00 AM",LWMC-RaTo,"Loader Rickshaw",2,Distance,5,1,-,-,-,-
2094,-,19/08/2026,LWMC,"Tehsil Office, Ravi Town",LR-0675,-,14.464,1H45M,104.53,31.598005000,74.320755000,still,off,"19/08/2026 10:50 AM","19/08/2026 11:00 AM",LWMC-RaTo,-,-,-,-,-,-,-,-,-
2095,61265,19/08/2026,LWMC,"Tehsil Office, Ravi Town",LR-1599,"Door To Door Collection",16.124,5H8M,308.26,31.598033000,74.314435000,moving,on,"19/08/2026 10:59 AM","19/08/2026 11:00 AM",LWMC-RaTo,"Loader Rickshaw",2,Distance,5,1,-,-,-,-
2096,61116,19/08/2026,LWMC,"Tehsil Office, Ravi Town",LR-1627,"Door To Door Collection",21.319,2H49M,169.38,31.591192000,74.318025000,still,off,"19/08/2026 10:48 AM","19/08/2026 11:00 AM",LWMC-RaTo,"Loader Rickshaw",2,Distance,5,1,-,-,-,-
2097,19291,19/08/2026,LWMC,"Tehsil Office, Ravi Town",LR-0250,"Bulk Waste Collection",23.428,5H50M,350.41,31.586775000,74.330575000,still,off,"19/08/2026 10:58 AM","19/08/2026 11:00 AM",LWMC-RaTo,"Loader Rickshaw",2,Distance,5,1,-,-,-,-
2098,-,19/08/2026,LWMC,"Tehsil Office, Ravi Town",LR-0951,-,18.129,1H54M,114.41,31.595047000,74.303790000,still,off,"19/08/2026 10:49 AM","19/08/2026 11:00 AM",LWMC-RaTo,-,-,-,-,-,-,-,-,-
2099,-,19/08/2026,LWMC,"Tehsil Office, Ravi Town",LR-0138,-,20.93,3H47M,226.51,31.581342000,74.310628000,still,off,"19/08/2026 10:48 AM","19/08/2026 11:00 AM",LWMC-RaTo,-,-,-,-,-,-,-,-,-
2100,-,19/08/2026,LWMC,"Tehsil Office, Ravi Town",LR-0678,-,-,0H0M,-,31.591045000,74.318108000,still,off,"19/08/2026 10:50 AM","19/08/2026 11:00 AM",LWMC-RaTo,-,-,-,-,-,-,-,-,-
2101,60775,19/08/2026,LWMC,"Tehsil Office, Ravi Town",LR-1814,"Door To Door Collection",21.76,3H1M,180.68,31.591135000,74.317858000,still,off,"19/08/2026 10:48 AM","19/08/2026 11:00 AM",LWMC-RaTo,"Loader Rickshaw",2,Distance,5,1,-,-,-,-
2102,23380,19/08/2026,LWMC,"Tehsil Office, Ravi Town",LR-247,"Door To Door Collection",16.567,4H10M,249.58,31.590400000,74.333283000,moving,on,"19/08/2026 10:59 AM","19/08/2026 11:00 AM",LWMC-RaTo,"Loader Rickshaw",2,Distance,5,1,-,-,-,-
2103,-,19/08/2026,LWMC,"Tehsil Office, Ravi Town",LR-0257,-,23.212,5H8M,307.61,31.588568000,74.318125000,moving,on,"19/08/2026 11:00 AM","19/08/2026 11:00 AM",LWMC-RaTo,-,-,-,-,-,-,-,-,-
2104,60763,19/08/2026,LWMC,"Tehsil Office, Ravi Town",LR-2036,"Door To Door Collection",11.989,2H53M,173.28,31.591130000,74.320342000,still,off,"19/08/2026 10:58 AM","19/08/2026 11:00 AM",LWMC-RaTo,"Loader Rickshaw",2,Distance,5,1,-,-,-,-
2105,-,19/08/2026,LWMC,"Tehsil Office, Ravi Town",LR-0134,-,13.025,1H35M,95.13,31.581683000,74.312485000,still,off,"19/08/2026 10:48 AM","19/08/2026 11:00 AM",LWMC-RaTo,-,-,-,-,-,-,-,-,-
2106,23450,19/08/2026,LWMC,"Tehsil Office, Ravi Town",LR-0553,"Door To Door Collection",18.741,4H53M,292.96,31.617875000,74.289987000,moving,on,"19/08/2026 10:58 AM","19/08/2026 11:00 AM",LWMC-RaTo,"Loader Rickshaw",2,Distance,5,1,-,-,-,-
2107,-,19/08/2026,LWMC,"Tehsil Office, Ravi Town",LR-0676,-,16.913,3H35M,215.34,31.590983000,74.317515000,still,off,"19/08/2026 10:47 AM","19/08/2026 11:00 AM",LWMC-RaTo,-,-,-,-,-,-,-,-,-
2108,59383,19/08/2026,LWMC,"Tehsil Office, Ravi Town",LR-2481,"Door To Door Collection",9.195,0H50M,50.48,31.601787000,74.311139000,still,off,"19/08/2026 10:58 AM","19/08/2026 11:00 AM",LWMC-RaTo,"Loader Rickshaw",2,Distance,5,-,-,-,-,-
2109,61209,19/08/2026,LWMC,"Tehsil Office, Ravi Town",LR-1232,"Door To Door Collection",11.927,2H50M,169.96,31.590150000,74.317873000,moving,on,"19/08/2026 10:59 AM","19/08/2026 11:00 AM",LWMC-RaTo,"Loader Rickshaw",2,Distance,5,1,-,-,-,-
2110,-,19/08/2026,LWMC,"Tehsil Office, Ravi Town",LR-1970,-,39.416,3H56M,236.34,31.556973000,74.322710000,still,off,"19/08/2026 10:59 AM","19/08/2026 11:00 AM",LWMC-RaTo,-,-,-,-,-,-,-,-,-
2111,61313,19/08/2026,LWMC,"Tehsil Office, Ravi Town",LR-1226,"Door To Door Collection",9.054,4H48M,288.06,31.588302000,74.324390000,moving,on,"19/08/2026 10:59 AM","19/08/2026 11:00 AM",LWMC-RaTo,"Loader Rickshaw",2,Distance,5,1,-,-,-,-
2112,23441,19/08/2026,LWMC,"Tehsil Office, Ravi Town",LR-0093,"Door To Door Collection",14.483,1H9M,69.03,31.612393000,74.269538000,moving,on,"19/08/2026 10:59 AM","19/08/2026 11:00 AM",LWMC-RaTo,"Loader Rickshaw",2,Distance,5,-,-,-,-,-
2113,61087,19/08/2026,LWMC,"Tehsil Office, Ravi Town",LR-1819,"Door To Door Collection",16.697,2H21M,140.71,31.584733000,74.316222000,moving,on,"19/08/2026 10:59 AM","19/08/2026 11:00 AM",LWMC-RaTo,"Loader Rickshaw",2,Distance,5,1,-,-,-,-
2114,-,19/08/2026,LWMC,"Tehsil Office, Ravi Town",LR-0956,-,22.657,2H46M,165.59,31.593395000,74.318405000,moving,on,"19/08/2026 10:59 AM","19/08/2026 11:00 AM",LWMC-RaTo,-,-,-,-,-,-,-,-,-
2115,-,19/08/2026,LWMC,"Tehsil Office, Ravi Town",LR-0896,-,21.755,4H50M,289.78,31.600822000,74.314215000,still,off,"19/08/2026 10:58 AM","19/08/2026 11:00 AM",LWMC-RaTo,-,-,-,-,-,-,-,-,-
2116,-,19/08/2026,LWMC,"Tehsil Office, Ravi Town",LR-0894,-,27.139,5H6M,305.53,31.600090000,74.317787000,moving,on,"19/08/2026 10:59 AM","19/08/2026 11:00 AM",LWMC-RaTo,-,-,-,-,-,-,-,-,-
2117,19322,19/08/2026,LWMC,"Tehsil Office, Ravi Town",LR-0438,"Bulk Waste Collection",10.558,3H57M,236.71,31.599852000,74.310532000,still,off,"19/08/2026 10:47 AM","19/08/2026 11:00 AM",LWMC-RaTo,"Loader Rickshaw",2,Distance,5,1,-,-,-,-
2118,61137,19/08/2026,LWMC,"Tehsil Office, Ravi Town",LR-1811,"Door To Door Collection",24.035,5H47M,347.26,31.591147000,74.320492000,still,off,"19/08/2026 10:58 AM","19/08/2026 11:00 AM",LWMC-RaTo,"Loader Rickshaw",2,Distance,5,1,-,-,-,-
2119,-,19/08/2026,LWMC,"Tehsil Office, Ravi Town",LR-1827,-,16.43,2H55M,175.15,31.619207000,74.296708000,still,off,"19/08/2026 10:50 AM","19/08/2026 11:00 AM",LWMC-RaTo,-,-,-,-,-,-,-,-,-
2120,60504,19/08/2026,LWMC,"Tehsil Office, Ravi Town",LR-1815,"Door To Door Collection",19.926,5H47M,346.75,31.590950000,74.320583000,moving,on,"19/08/2026 10:59 AM","19/08/2026 11:00 AM",LWMC-RaTo,"Loader Rickshaw",2,Distance,5,1,-,-,-,-
2121,61339,19/08/2026,LWMC,"Tehsil Office, Ravi Town",LR-1227,"Door To Door Collection",11.755,4H22M,262.13,31.590793000,74.317483000,still,off,"19/08/2026 10:59 AM","19/08/2026 11:00 AM",LWMC-RaTo,"Loader Rickshaw",2,Distance,5,1,-,-,-,-
2122,60753,19/08/2026,LWMC,"Tehsil Office, Ravi Town",LR-1628,"Door To Door Collection",13.113,1H32M,91.63,31.591137000,74.317623000,still,off,"19/08/2026 10:49 AM","19/08/2026 11:00 AM",LWMC-RaTo,"Loader Rickshaw",2,Distance,5,-,-,-,-,-
2123,61296,19/08/2026,LWMC,"Tehsil Office, Ravi Town",LR-2035,"Door To Door Collection",7.724,5H4M,304.39,31.590908000,74.320385000,still,off,"19/08/2026 10:58 AM","19/08/2026 11:00 AM",LWMC-RaTo,"Loader Rickshaw",2,Distance,5,1,-,-,-,-
2124,61376,19/08/2026,LWMC,"Tehsil Office, Ravi Town",LR-1239,"Door To Door Collection",16.893,5H10M,309.58,31.605713000,74.325728000,moving,on,"19/08/2026 10:59 AM","19/08/2026 11:00 AM",LWMC-RaTo,"Loader Rickshaw",2,Distance,5,1,-,-,-,-
2125,-,19/08/2026,LWMC,"Tehsil Office, Ravi Town",LR-0195,-,10.042,1H31M,91,31.580140000,74.312948000,moving,on,"19/08/2026 11:00 AM","19/08/2026 11:00 AM",LWMC-RaTo,-,-,-,-,-,-,-,-,-
2126,60736,19/08/2026,LWMC,"Tehsil Office, Ravi Town",LR-2132,"Door To Door Collection",20.914,5H13M,312.85,31.591328000,74.320330000,still,off,"19/08/2026 10:58 AM","19/08/2026 11:00 AM",LWMC-RaTo,"Loader Rickshaw",2,Distance,5,1,-,-,-,-
2127,-,19/08/2026,LWMC,"Tehsil Office, Ravi Town",LR-0256,-,11.722,3H48M,227.9,31.582938000,74.310148000,still,off,"19/08/2026 10:58 AM","19/08/2026 11:00 AM",LWMC-RaTo,-,-,-,-,-,-,-,-,-
2128,-,19/08/2026,LWMC,"Tehsil Office, Ravi Town",LR-0137,-,13.005,1H33M,93.2,31.588708000,74.318943000,moving,on,"19/08/2026 10:59 AM","19/08/2026 11:00 AM",LWMC-RaTo,-,-,-,-,-,-,-,-,-
2129,60537,19/08/2026,LWMC,"Tehsil Office, Ravi Town",LR-2133,"Door To Door Collection",12.364,3H43M,223.41,31.591340000,74.320117000,still,off,"19/08/2026 11:00 AM","19/08/2026 11:00 AM",LWMC-RaTo,"Loader Rickshaw",2,Distance,5,1,-,-,-,-
2130,62029,19/08/2026,LWMC,"Tehsil Office, Ravi Town",LR-1501,"Door To Door Collection",-,0H0M,-,31.592703000,74.258807000,still,off,"19/08/2026 10:45 AM","19/08/2026 11:00 AM",LWMC-RaTo,"Loader Rickshaw",2,Distance,5,-,-,-,-,-
2131,61083,19/08/2026,LWMC,"Tehsil Office, Ravi Town",LR-1630,"Door To Door Collection",10.076,3H52M,231.5,31.591228000,74.320327000,still,off,"19/08/2026 10:57 AM","19/08/2026 11:00 AM",LWMC-RaTo,"Loader Rickshaw",2,Distance,5,1,-,-,-,-
2132,-,19/08/2026,LWMC,"Tehsil Office, Ravi Town",LR-0280,-,25.656,4H5M,244.93,31.580267000,74.312357000,still,off,"19/08/2026 10:49 AM","19/08/2026 11:00 AM",LWMC-RaTo,-,-,-,-,-,-,-,-,-
2133,61143,19/08/2026,LWMC,"Tehsil Office, Ravi Town",LR-1221,"Door To Door Collection",17.19,5H8M,307.83,31.605767000,74.317943000,moving,on,"19/08/2026 10:59 AM","19/08/2026 11:00 AM",LWMC-RaTo,"Loader Rickshaw",2,Distance,5,1,-,-,-,-
2134,-,19/08/2026,LWMC,"Tehsil Office, Ravi Town",LR-2112,-,16.871,1H19M,78.9,31.634270000,74.287121000,still,off,"19/08/2026 10:58 AM","19/08/2026 11:00 AM",LWMC-RaTo,-,-,-,-,-,-,-,-,-
2135,23439,19/08/2026,LWMC,"Tehsil Office, Ravi Town",LR-0091,"Door To Door Collection",11.761,0H55M,55.23,31.612839000,74.268876000,still,off,"19/08/2026 10:57 AM","19/08/2026 11:00 AM",LWMC-RaTo,"Loader Rickshaw",2,Distance,5,-,-,-,-,-
2136,59940,19/08/2026,LWMC,"Tehsil Office, Ravi Town",LR-1634,"Door To Door Collection",24.513,5H16M,316.28,31.596992000,74.301298000,moving,on,"19/08/2026 10:59 AM","19/08/2026 11:00 AM",LWMC-RaTo,"Loader Rickshaw",2,Distance,5,1,-,-,-,-
2137,-,19/08/2026,LWMC,"Tehsil Office, Ravi Town",LR-1502,-,11.947,1H1M,61.06,31.605064000,74.274812000,still,off,"19/08/2026 10:57 AM","19/08/2026 11:00 AM",LWMC-RaTo,-,-,-,-,-,-,-,-,-
2138,61102,19/08/2026,LWMC,"Tehsil Office, Ravi Town",LR-2140,"Door To Door Collection",14.042,1H55M,114.95,31.589967000,74.332397000,moving,on,"19/08/2026 10:58 AM","19/08/2026 11:00 AM",LWMC-RaTo,"Loader Rickshaw",2,Distance,5,-,-,-,-,-
2139,-,19/08/2026,LWMC,"Tehsil Office, Ravi Town",LR-0687,-,9.169,1H48M,108.04,31.590737000,74.323848000,moving,on,"19/08/2026 10:58 AM","19/08/2026 11:00 AM",LWMC-RaTo,-,-,-,-,-,-,-,-,-
2140,61113,19/08/2026,LWMC,"Tehsil Office, Ravi Town",LR-1219,"Door To Door Collection",17.675,2H11M,131,31.577995000,74.322108000,moving,on,"19/08/2026 10:52 AM","19/08/2026 11:00 AM",LWMC-RaTo,"Loader Rickshaw",2,Distance,5,1,-,-,-,-
2141,60517,19/08/2026,LWMC,"Tehsil Office, Ravi Town",LR-1614,"Door To Door Collection",22.146,4H29M,268.64,31.591450000,74.319978000,moving,on,"19/08/2026 10:58 AM","19/08/2026 11:00 AM",LWMC-RaTo,"Loader Rickshaw",2,Distance,5,1,-,-,-,-
2142,59369,19/08/2026,LWMC,"Tehsil Office, Ravi Town",LR-1236,"Door To Door Collection",15.94,3H15M,194.65,31.585142000,74.316155000,moving,on,"19/08/2026 10:59 AM","19/08/2026 11:00 AM",LWMC-RaTo,"Loader Rickshaw",2,Distance,5,1,-,-,-,-
2143,60725,19/08/2026,LWMC,"Tehsil Office, Ravi Town",LR-1244,"Door To Door Collection",14.959,2H0M,120.2,31.590085000,74.317750000,moving,on,"19/08/2026 10:59 AM","19/08/2026 11:00 AM",LWMC-RaTo,"Loader Rickshaw",2,Distance,5,1,-,-,-,-
2144,61082,19/08/2026,LWMC,"Tehsil Office, Ravi Town",LR-2134,"Door To Door Collection",14.644,2H34M,153.61,31.580118000,74.315215000,still,off,"19/08/2026 10:20 AM","19/08/2026 10:30 AM",LWMC-RaTo,"Loader Rickshaw",2,Distance,5,1,-,-,-,-
2145,19332,19/08/2026,LWMC,"Tehsil Office, Ravi Town",LR-0157,"Bulk Waste Collection",25.447,5H58M,357.96,31.632948000,74.278977000,moving,on,"19/08/2026 10:54 AM","19/08/2026 11:00 AM",LWMC-RaTo,"Loader Rickshaw",2,Distance,5,1,-,-,-,-
2146,23451,19/08/2026,LWMC,"Tehsil Office, Ravi Town",LR-0554,"Door To Door Collection",30.319,3H20M,200.5,31.616547000,74.290418000,moving,on,"19/08/2026 10:36 AM","19/08/2026 11:00 AM",LWMC-RaTo,"Loader Rickshaw",2,Distance,5,1,-,-,-,-
2147,61173,19/08/2026,LWMC,"Tehsil Office, Ravi Town",LR-1217,"Door To Door Collection",12.885,1H58M,117.66,31.585230000,74.316293000,moving,on,"19/08/2026 10:59 AM","19/08/2026 11:00 AM",LWMC-RaTo,"Loader Rickshaw",2,Distance,5,-,-,-,-,-
2148,62040,19/08/2026,LWMC,"Tehsil Office, Ravi Town",LR-0804,"Door To Door Collection",19.159,2H54M,173.91,31.623243000,74.280255000,still,off,"19/08/2026 10:57 AM","19/08/2026 11:00 AM",LWMC-RaTo,"Loader Rickshaw",2,Distance,5,1,-,-,-,-
2149,61115,19/08/2026,LWMC,"Tehsil Office, Ravi Town",LR-1231,"Door To Door Collection",12.006,3H49M,228.93,31.591300000,74.317278000,moving,on,"19/08/2026 10:58 AM","19/08/2026 11:00 AM",LWMC-RaTo,"Loader Rickshaw",2,Distance,5,1,-,-,-,-
2150,60758,19/08/2026,LWMC,"Tehsil Office, Ravi Town",LR-1216,"Door To Door Collection",20.285,3H4M,184.44,31.591480000,74.320455000,still,off,"19/08/2026 10:59 AM","19/08/2026 11:00 AM",LWMC-RaTo,"Loader Rickshaw",2,Distance,5,1,-,-,-,-
2151,61399,19/08/2026,LWMC,"Tehsil Office, Ravi Town",LR-0067,"Door To Door Collection",9.733,4H17M,257.36,31.608600000,74.308708000,still,off,"19/08/2026 10:59 AM","19/08/2026 11:00 AM",LWMC-RaTo,"Loader Rickshaw",2,Distance,5,1,-,-,-,-
2152,61386,19/08/2026,LWMC,"Tehsil Office, Ravi Town",LR-1243,"Door To Door Collection",0.013,0H0M,0.33,31.591055000,74.317935000,still,off,"19/08/2026 10:48 AM","19/08/2026 11:00 AM",LWMC-RaTo,"Loader Rickshaw",2,Distance,5,-,-,-,-,-
2153,23437,19/08/2026,LWMC,"Tehsil Office, Ravi Town",LR-0089,"Door To Door Collection",13.591,1H16M,75.59,31.610279000,74.276688000,moving,on,"19/08/2026 10:58 AM","19/08/2026 11:00 AM",LWMC-RaTo,"Loader Rickshaw",2,Distance,5,-,-,-,-,-
2154,60772,19/08/2026,LWMC,"Tehsil Office, Ravi Town",LR-1237,"Door To Door Collection",14.105,1H52M,112.31,31.591497000,74.320472000,moving,on,"19/08/2026 10:59 AM","19/08/2026 11:00 AM",LWMC-RaTo,"Loader Rickshaw",2,Distance,5,-,-,-,-,-
2155,60524,19/08/2026,LWMC,"Tehsil Office, Ravi Town",LR-1600,"Door To Door Collection",15.99,6H4M,363.5,31.593017000,74.305735000,still,off,"19/08/2026 10:57 AM","19/08/2026 11:00 AM",LWMC-RaTo,"Loader Rickshaw",2,Distance,5,1,-,-,-,-
2156,-,19/08/2026,LWMC,"Tehsil Office, Ravi Town",LR-0954,-,26.88,5H24M,323.6,31.591320000,74.320247000,still,off,"19/08/2026 10:48 AM","19/08/2026 11:00 AM",LWMC-RaTo,-,-,-,-,-,-,-,-,-
2157,61460,19/08/2026,LWMC,"Tehsil Office, Ravi Town",LR-1806,"Door To Door Collection",14.483,2H4M,124.08,31.604040000,74.309970000,still,off,"19/08/2026 10:58 AM","19/08/2026 11:00 AM",LWMC-RaTo,"Loader Rickshaw",2,Distance,5,1,-,-,-,-
2158,-,19/08/2026,LWMC,"Tehsil Office, Ravi Town",LR-0684,-,13.118,3H56M,235.61,31.592103000,74.327480000,moving,on,"19/08/2026 10:58 AM","19/08/2026 11:00 AM",LWMC-RaTo,-,-,-,-,-,-,-,-,-
2159,-,19/08/2026,LWMC,"Tehsil Office, Ravi Town",LR-0680,-,17.451,2H55M,174.78,31.590562000,74.321317000,moving,on,"19/08/2026 10:59 AM","19/08/2026 11:00 AM",LWMC-RaTo,-,-,-,-,-,-,-,-,-
2160,61170,19/08/2026,LWMC,"Tehsil Office, Ravi Town",LR-0810,"Door To Door Collection",-,0H0M,-,31.635017000,74.287170000,still,off,"19/08/2026 10:48 AM","19/08/2026 11:00 AM",LWMC-RaTo,"Loader Rickshaw",2,Distance,5,-,-,-,-,-
2161,-,19/08/2026,LWMC,"Tehsil Office, Ravi Town",LR-1589,-,-,0H0M,-,31.575345000,74.329925000,still,off,"19/08/2026 10:46 AM","19/08/2026 11:00 AM",LWMC-RaTo,-,-,-,-,-,-,-,-,-
2162,-,19/08/2026,LWMC,"Tehsil Office, Ravi Town",LR-0683,-,25.331,2H18M,138.21,31.590908000,74.317608000,still,off,"19/08/2026 10:49 AM","19/08/2026 11:00 AM",LWMC-RaTo,-,-,-,-,-,-,-,-,-
2163,61400,19/08/2026,LWMC,"Tehsil Office, Ravi Town",LR-0062,"Door To Door Collection",19.915,5H18M,318.3,31.601482000,74.330762000,moving,on,"19/08/2026 10:59 AM","19/08/2026 11:00 AM",LWMC-RaTo,"Loader Rickshaw",2,Distance,5,1,-,-,-,-
2164,61004,19/08/2026,LWMC,"Tehsil Office, Ravi Town",LR-2040,"Door To Door Collection",15.578,5H17M,316.61,31.577855000,74.315947000,moving,on,"19/08/2026 11:00 AM","19/08/2026 11:00 AM",LWMC-RaTo,"Loader Rickshaw",2,Distance,5,1,-,-,-,-
2165,59910,19/08/2026,LWMC,"Tehsil Office, Ravi Town",LR-1597,"Door To Door Collection",16.851,5H51M,351.06,31.595895000,74.317005000,moving,on,"19/08/2026 10:58 AM","19/08/2026 11:00 AM",LWMC-RaTo,"Loader Rickshaw",2,Distance,5,1,-,-,-,-
2166,61091,19/08/2026,LWMC,"Tehsil Office, Ravi Town",LR-1633,"Door To Door Collection",12.228,1H24M,83.53,31.591317000,74.320435000,still,off,"19/08/2026 10:58 AM","19/08/2026 11:00 AM",LWMC-RaTo,"Loader Rickshaw",2,Distance,5,-,-,-,-,-
2167,61189,19/08/2026,LWMC,"Tehsil Office, Ravi Town",LR-1596,"Door To Door Collection",12.272,3H28M,208.06,31.582543000,74.308993000,still,off,"19/08/2026 10:51 AM","19/08/2026 11:00 AM",LWMC-RaTo,"Loader Rickshaw",2,Distance,5,1,-,-,-,-
2168,61086,19/08/2026,LWMC,"Tehsil Office, Ravi Town",LR-1602,"Door To Door Collection",24.914,5H55M,355.39,31.590673000,74.320677000,still,off,"19/08/2026 10:59 AM","19/08/2026 11:00 AM",LWMC-RaTo,"Loader Rickshaw",2,Distance,5,1,-,-,-,-
2169,61811,19/08/2026,LWMC,"Tehsil Office, Ravi Town",LR-1825,"Door To Door Collection",26.743,1H39M,99.16,31.617599000,74.284840000,moving,on,"19/08/2026 10:59 AM","19/08/2026 11:00 AM",LWMC-RaTo,"Loader Rickshaw",2,Distance,5,-,-,-,-,-
2170,-,19/08/2026,LWMC,"Tehsil Office, Ravi Town",LR-0263,-,10.044,5H9M,309.48,31.591460000,74.315782000,still,off,"19/08/2026 10:57 AM","19/08/2026 11:00 AM",LWMC-RaTo,-,-,-,-,-,-,-,-,-
2171,-,19/08/2026,LWMC,"Tehsil Office, Ravi Town",LR-0255,-,19.485,5H2M,302,31.590713000,74.320622000,moving,on,"19/08/2026 10:59 AM","19/08/2026 11:00 AM",LWMC-RaTo,-,-,-,-,-,-,-,-,-
2172,61221,19/08/2026,LWMC,"Tehsil Office, Ravi Town",LR-1225,"Door To Door Collection",13.151,1H35M,94.81,31.582555000,74.328078000,moving,on,"19/08/2026 10:59 AM","19/08/2026 11:00 AM",LWMC-RaTo,"Loader Rickshaw",2,Distance,5,-,-,-,-,-
2173,61462,19/08/2026,LWMC,"Tehsil Office, Ravi Town",LR-1609,"Door To Door Collection",19.45,4H33M,272.61,31.602935000,74.321183000,moving,on,"19/08/2026 11:00 AM","19/08/2026 11:00 AM",LWMC-RaTo,"Loader Rickshaw",2,Distance,5,1,-,-,-,-
2174,-,19/08/2026,LWMC,"Tehsil Office, Ravi Town",LR-0677,-,10.908,2H56M,176.38,31.590967000,74.317588000,still,off,"19/08/2026 10:47 AM","19/08/2026 11:00 AM",LWMC-RaTo,-,-,-,-,-,-,-,-,-
2175,61182,19/08/2026,LWMC,"Tehsil Office, Ravi Town",LR-2032,"Door To Door Collection",14.958,1H33M,93.28,31.580782000,74.326185000,still,off,"19/08/2026 10:57 AM","19/08/2026 11:00 AM",LWMC-RaTo,"Loader Rickshaw",2,Distance,5,-,-,-,-,-
2176,19957,19/08/2026,LWMC,"Tehsil Office, Ravi Town",S-65,"Bulk Waste Collection",39.501,5H17M,316.51,31.605298000,74.323811000,moving,on,"19/08/2026 10:58 AM","19/08/2026 11:00 AM",LWMC-RaTo,"Mini Dumper",2,Distance,5,1,-,-,-,-
2177,23438,19/08/2026,LWMC,"Tehsil Office, Ravi Town",LR-0090,"Door To Door Collection",17.696,0H58M,57.78,31.599743000,74.245056000,moving,on,"19/08/2026 10:56 AM","19/08/2026 11:00 AM",LWMC-RaTo,"Loader Rickshaw",2,Distance,5,-,-,-,-,-
2178,-,19/08/2026,LWMC,"Tehsil Office, Ravi Town",LR-0895,-,16.796,5H21M,321.08,31.591092000,74.317275000,still,off,"19/08/2026 10:56 AM","19/08/2026 11:00 AM",LWMC-RaTo,-,-,-,-,-,-,-,-,-
2179,61458,19/08/2026,LWMC,"Tehsil Office, Ravi Town",LR-2034,"Door To Door Collection",13.724,4H39M,278.64,31.602207000,74.325868000,moving,on,"19/08/2026 11:00 AM","19/08/2026 11:00 AM",LWMC-RaTo,"Loader Rickshaw",2,Distance,5,1,-,-,-,-
2180,19328,19/08/2026,LWMC,"Tehsil Office, Ravi Town",LR-0432,"Bulk Waste Collection",18.756,5H42M,341.91,31.591412000,74.320148000,still,off,"19/08/2026 10:58 AM","19/08/2026 11:00 AM",LWMC-RaTo,"Loader Rickshaw",2,Distance,5,1,-,-,-,-
2181,61019,19/08/2026,LWMC,"Tehsil Office, Ravi Town",LR-1224,"Door To Door Collection",17.441,6H7M,367.31,31.590003000,74.317690000,still,off,"19/08/2026 10:58 AM","19/08/2026 11:00 AM",LWMC-RaTo,"Loader Rickshaw",2,Distance,5,1,-,-,-,-
2182,-,19/08/2026,LWMC,"Tehsil Office, Ravi Town",LR-1975,-,30.793,5H58M,358.48,31.567678000,74.322747000,still,off,"19/08/2026 10:57 AM","19/08/2026 11:00 AM",LWMC-RaTo,-,-,-,-,-,-,-,-,-
2183,59380,19/08/2026,LWMC,"Tehsil Office, Ravi Town",LR-1241,"Door To Door Collection",18.955,4H37M,277.16,31.583757000,74.329222000,moving,on,"19/08/2026 10:58 AM","19/08/2026 11:00 AM",LWMC-RaTo,"Loader Rickshaw",2,Distance,5,1,-,-,-,-
2184,60008,19/08/2026,LWMC,"Tehsil Office, Ravi Town",LR-1809,"Door To Door Collection",35.887,6H4M,363.75,31.600755000,74.327718000,moving,on,"19/08/2026 10:59 AM","19/08/2026 11:00 AM",LWMC-RaTo,"Loader Rickshaw",2,Distance,5,1,-,-,-,-
2185,61094,19/08/2026,LWMC,"Tehsil Office, Ravi Town",LR-1620,"Door To Door Collection",15.623,3H36M,215.63,31.581397000,74.316693000,moving,on,"19/08/2026 11:00 AM","19/08/2026 11:00 AM",LWMC-RaTo,"Loader Rickshaw",2,Distance,5,1,-,-,-,-
2186,61085,19/08/2026,LWMC,"Tehsil Office, Ravi Town",LR-1619,"Door To Door Collection",11.347,4H7M,247.16,31.591207000,74.317998000,still,off,"19/08/2026 10:50 AM","19/08/2026 11:00 AM",LWMC-RaTo,"Loader Rickshaw",2,Distance,5,1,-,-,-,-
2187,61337,19/08/2026,LWMC,"Tehsil Office, Ravi Town",LR-1613,"Door To Door Collection",11.889,4H10M,250.16,31.591285000,74.322798000,moving,on,"19/08/2026 10:59 AM","19/08/2026 11:00 AM",LWMC-RaTo,"Loader Rickshaw",2,Distance,5,1,-,-,-,-
2188,19319,19/08/2026,LWMC,"Tehsil Office, Ravi Town",LR-0421,"Bulk Waste Collection",19.739,5H54M,354.11,31.645928000,74.304021000,moving,on,"19/08/2026 10:57 AM","19/08/2026 11:00 AM",LWMC-RaTo,"Loader Rickshaw",2,Distance,5,1,-,-,-,-
2189,61200,19/08/2026,LWMC,"Tehsil Office, Ravi Town",LR-1601,"Door To Door Collection",19.935,4H58M,298.08,31.591003000,74.318195000,still,off,"19/08/2026 10:50 AM","19/08/2026 11:00 AM",LWMC-RaTo,"Loader Rickshaw",2,Distance,5,1,-,-,-,-
2190,61121,19/08/2026,LWMC,"Tehsil Office, Ravi Town",LR-1218,"Door To Door Collection",19.851,5H27M,326.76,31.584925000,74.326402000,moving,on,"19/08/2026 10:30 AM","19/08/2026 11:00 AM",LWMC-RaTo,"Loader Rickshaw",2,Distance,5,1,-,-,-,-
2191,-,19/08/2026,LWMC,"Tehsil Office, Ravi Town",LR-0893,-,13.591,4H4M,244.26,31.600398000,74.314332000,moving,on,"19/08/2026 10:59 AM","19/08/2026 11:00 AM",LWMC-RaTo,-,-,-,-,-,-,-,-,-
2192,-,19/08/2026,LWMC,"Tehsil Office, Ravi Town",LR-0685,-,12.113,2H55M,174.94,31.590375000,74.326483000,moving,on,"19/08/2026 11:00 AM","19/08/2026 11:00 AM",LWMC-RaTo,-,-,-,-,-,-,-,-,-
2193,61457,19/08/2026,LWMC,"Tehsil Office, Ravi Town",LR-1238,"Door To Door Collection",13.302,2H3M,123.01,31.604295000,74.323350000,still,off,"19/08/2026 11:00 AM","19/08/2026 11:00 AM",LWMC-RaTo,"Loader Rickshaw",2,Distance,5,1,-,-,-,-
2194,19288,19/08/2026,LWMC,"Tehsil Office, Ravi Town",LR-0249,"Bulk Waste Collection",16.155,4H11M,251.4,31.590037000,74.331808000,still,off,"19/08/2026 10:58 AM","19/08/2026 11:00 AM",LWMC-RaTo,"Loader Rickshaw",2,Distance,5,1,-,-,-,-
2195,19331,19/08/2026,LWMC,"Tehsil Office, Ravi Town",LR-0429,"Bulk Waste Collection",22.06,5H25M,324.56,31.603840000,74.303537000,moving,on,"19/08/2026 10:58 AM","19/08/2026 11:00 AM",LWMC-RaTo,"Loader Rickshaw",2,Distance,5,1,-,-,-,-
2196,61079,19/08/2026,LWMC,"Tehsil Office, Ravi Town",LR-1223,"Door To Door Collection",17.11,3H7M,187.36,31.590658000,74.320687000,moving,on,"19/08/2026 10:58 AM","19/08/2026 11:00 AM",LWMC-RaTo,"Loader Rickshaw",2,Distance,5,1,-,-,-,-
2197,59382,19/08/2026,LWMC,"Tehsil Office, Ravi Town",LR-1248,"Door To Door Collection",36.953,6H47M,407.05,31.580555000,74.319897000,still,off,"19/08/2026 10:59 AM","19/08/2026 11:00 AM",LWMC-RaTo,"Loader Rickshaw",2,Distance,5,1,-,-,-,-
2198,61089,19/08/2026,LWMC,"Tehsil Office, Ravi Town",LR-2041,"Door To Door Collection",12.193,1H12M,71.63,31.591303000,74.317258000,moving,on,"19/08/2026 10:56 AM","19/08/2026 11:00 AM",LWMC-RaTo,"Loader Rickshaw",2,Distance,5,-,-,-,-,-
2199,61514,19/08/2026,LWMC,"Tehsil Office, Ravi Town",LR-0808,"Door To Door Collection",13.045,4H4M,243.56,31.609665000,74.278280000,moving,on,"19/08/2026 10:56 AM","19/08/2026 11:00 AM",LWMC-RaTo,"Loader Rickshaw",2,Distance,5,1,-,-,-,-
2200,-,19/08/2026,LWMC,"Tehsil Office, Ravi Town",LR-0953,-,25.325,4H50M,289.93,31.591642000,74.319503000,moving,on,"19/08/2026 10:57 AM","19/08/2026 11:00 AM",LWMC-RaTo,-,-,-,-,-,-,-,-,-
2201,61711,19/08/2026,LWMC,"Tehsil Office, Ravi Town",LR-2122,"Door To Door Collection",15.385,0H60M,59.83,31.633883000,74.312896000,still,off,"19/08/2026 10:58 AM","19/08/2026 11:00 AM",LWMC-RaTo,"Loader Rickshaw",2,Distance,5,-,-,-,-,-
2202,61101,19/08/2026,LWMC,"Tehsil Office, Ravi Town",LR-2137,"Door To Door Collection",17.921,2H4M,124.5,31.591065000,74.317853000,still,off,"19/08/2026 10:46 AM","19/08/2026 11:00 AM",LWMC-RaTo,"Loader Rickshaw",2,Distance,5,1,-,-,-,-
2203,19933,19/08/2026,LWMC,"Tehsil Office, Ravi Town",S-232,"Bulk Waste Collection",22.103,1H28M,88.43,31.618052000,74.289682000,moving,on,"19/08/2026 10:59 AM","19/08/2026 11:00 AM",LWMC-RaTo,"Mini Dumper",2,Distance,5,-,-,-,-,-
2204,19326,19/08/2026,LWMC,"Tehsil Office, Ravi Town",LR-0434,"Bulk Waste Collection",8.616,3H18M,197.83,31.601637000,74.310728000,moving,on,"19/08/2026 10:58 AM","19/08/2026 11:00 AM",LWMC-RaTo,"Loader Rickshaw",2,Distance,5,1,-,-,-,-
2205,60554,19/08/2026,LWMC,"Tehsil Office, Ravi Town",LR-1598,"Door To Door Collection",10.85,4H59M,298.6,31.591358000,74.320170000,still,off,"19/08/2026 10:57 AM","19/08/2026 11:00 AM",LWMC-RaTo,"Loader Rickshaw",2,Distance,5,1,-,-,-,-
2206,61745,19/08/2026,LWMC,"Tehsil Office, Ravi Town",LR-1824,"Door To Door Collection",20.073,4H55M,295.21,31.612652000,74.293632000,still,off,"19/08/2026 10:58 AM","19/08/2026 11:00 AM",LWMC-RaTo,"Loader Rickshaw",2,Distance,5,1,-,-,-,-
2207,62020,19/08/2026,LWMC,"Tehsil Office, Ravi Town",LR-1947,"Door To Door Collection",-,0H0M,-,31.592716000,74.258864000,still,off,"19/08/2026 10:57 AM","19/08/2026 11:00 AM",LWMC-RaTo,"Loader Rickshaw",2,Distance,5,-,-,-,-,-
2208,61533,19/08/2026,LWMC,"Tehsil Office, Ravi Town",LR-2042,"Door To Door Collection",16.058,1H11M,70.73,31.626059000,74.276571000,still,off,"19/08/2026 10:57 AM","19/08/2026 11:00 AM",LWMC-RaTo,"Loader Rickshaw",2,Distance,5,-,-,-,-,-
2209,-,19/08/2026,LWMC,"Tehsil Office, Ravi Town",LR-0259,-,34.226,5H34M,334.1,31.584375000,74.310997000,moving,on,"19/08/2026 11:00 AM","19/08/2026 11:00 AM",LWMC-RaTo,-,-,-,-,-,-,-,-,-
2210,59583,19/08/2026,LWMC,"Tehsil Office, Wahgha Town",LR-2304,"Door To Door Collection",19.991,8H45M,525.04,31.430219000,74.586120000,moving,on,"19/08/2026 08:45 AM","19/08/2026 11:00 AM",LWMC-WaTo,"Loader Rickshaw",2,Distance,5,1,-,-,-,-
2211,61886,19/08/2026,LWMC,"Tehsil Office, Wahgha Town",LR-2310,"Door To Door Collection",31.138,9H13M,552.93,31.606232000,74.416068000,still,off,"19/08/2026 10:58 AM","19/08/2026 11:00 AM",LWMC-WaTo,"Loader Rickshaw",2,Distance,5,1,-,-,-,-
2212,61882,19/08/2026,LWMC,"Tehsil Office, Wahgha Town",LR-0507,"Door To Door Collection",21.848,10H49M,649.35,31.584812000,74.411809000,moving,on,"19/08/2026 10:59 AM","19/08/2026 11:00 AM",LWMC-WaTo,"Loader Rickshaw",2,Distance,5,1,-,-,-,-
2213,-,19/08/2026,LWMC,"Tehsil Office, Wahgha Town",C-25-082,-,44.812,10H53M,653.06,31.610225000,74.381831000,still,off,"19/08/2026 10:57 AM","19/08/2026 11:00 AM",LWMC-WaTo,-,-,-,-,-,-,-,-,-
2214,59278,19/08/2026,LWMC,"Tehsil Office, Wahgha Town",LR-1527,"Door To Door Collection",16.603,9H55M,595.01,31.514229000,74.500824000,still,off,"19/08/2026 10:57 AM","19/08/2026 11:00 AM",LWMC-WaTo,"Loader Rickshaw",2,Distance,5,1,-,-,-,-
2215,23561,19/08/2026,LWMC,"Tehsil Office, Wahgha Town",LR-0284,"Door To Door Collection",12.335,10H59M,659.2,31.604594000,74.457037000,still,off,"19/08/2026 11:00 AM","19/08/2026 11:00 AM",LWMC-WaTo,"Loader Rickshaw",2,Distance,5,1,-,-,-,-
2216,61293,19/08/2026,LWMC,"Tehsil Office, Wahgha Town",LR-2394,"Door To Door Collection",14.601,4H14M,254.28,31.598563000,74.405707000,still,off,"19/08/2026 10:58 AM","19/08/2026 11:00 AM",LWMC-WaTo,"Loader Rickshaw",2,Distance,5,1,-,-,-,-
2217,61872,19/08/2026,LWMC,"Tehsil Office, Wahgha Town",LR-2896,"Door To Door Collection",-,0H0M,-,31.610337000,74.381763000,still,off,"19/08/2026 10:45 AM","19/08/2026 11:00 AM",LWMC-WaTo,"Loader Rickshaw",2,Distance,5,-,-,-,-,-
2218,23640,19/08/2026,LWMC,"Tehsil Office, Wahgha Town",LR-1072,"Door To Door Collection",8.648,0H39M,39.18,31.575162000,74.527838000,still,off,"19/08/2026 10:57 AM","19/08/2026 11:00 AM",LWMC-WaTo,"Loader Rickshaw",2,Distance,5,-,-,-,-,-
2219,-,19/08/2026,LWMC,"Tehsil Office, Wahgha Town",LR-0276,-,14.181,0H56M,56.13,31.602472000,74.494124000,still,off,"19/08/2026 10:57 AM","19/08/2026 11:00 AM",LWMC-WaTo,-,-,-,-,-,-,-,-,-
2220,61307,19/08/2026,LWMC,"Tehsil Office, Wahgha Town",LR-2885,"Door To Door Collection",64.115,4H7M,246.58,31.591310000,74.481205000,still,off,"19/08/2026 10:58 AM","19/08/2026 11:00 AM",LWMC-WaTo,"Loader Rickshaw",2,Distance,5,1,-,-,-,-
2221,59358,19/08/2026,LWMC,"Tehsil Office, Wahgha Town",ND-38,"Bulk Waste Collection",52.496,3H10M,190.06,31.614342000,74.417473000,moving,on,"19/08/2026 10:57 AM","19/08/2026 11:00 AM",LWMC-WaTo,"Dumper (5CM)",3,Distance,10,1,-,-,-,-
2222,59212,19/08/2026,LWMC,"Tehsil Office, Wahgha Town",LR-2155,"Door To Door Collection",15.65,1H11M,71.29,31.527933000,74.503522000,moving,on,"19/08/2026 10:57 AM","19/08/2026 11:00 AM",LWMC-WaTo,"Loader Rickshaw",2,Distance,5,-,-,-,-,-
2223,61723,19/08/2026,LWMC,"Tehsil Office, Wahgha Town",LR-2874,"Door To Door Collection",28.513,5H32M,332.14,31.594438000,74.400830000,still,off,"19/08/2026 10:58 AM","19/08/2026 11:00 AM",LWMC-WaTo,"Loader Rickshaw",2,Distance,5,1,-,-,-,-
2224,-,19/08/2026,LWMC,"Tehsil Office, Wahgha Town",MS-47,-,25.62,5H43M,342.51,31.608576000,74.374437000,moving,on,"19/08/2026 10:58 AM","19/08/2026 11:00 AM",LWMC-WaTo,-,-,-,-,-,-,-,-,-
2225,59601,19/08/2026,LWMC,"Tehsil Office, Wahgha Town",LR-0282,"Door To Door Collection",0.184,0H1M,1.21,31.578993000,74.503936000,moving,on,"19/08/2026 06:04 AM","19/08/2026 06:30 AM",LWMC-WaTo,"Loader Rickshaw",2,Distance,5,-,-,-,-,-
2226,61908,19/08/2026,LWMC,"Tehsil Office, Wahgha Town",LR-2453,"Door To Door Collection",28.066,1H25M,85.08,31.593908000,74.433097000,moving,on,"19/08/2026 10:59 AM","19/08/2026 11:00 AM",LWMC-WaTo,"Loader Rickshaw",2,Distance,5,-,-,-,-,-
2227,59257,19/08/2026,LWMC,"Tehsil Office, Wahgha Town",HA-21,"Container-Based Collection",67.056,3H3M,183.15,31.623629000,74.421462000,still,off,"19/08/2026 10:58 AM","19/08/2026 11:00 AM",LWMC-WaTo,"Arm Roll Truck",3,Distance,10,1,-,-,-,-
2228,61747,19/08/2026,LWMC,"Tehsil Office, Wahgha Town",LR-2309,"Door To Door Collection",-,0H0M,-,31.610760000,74.381908000,still,off,"19/08/2026 05:04 AM","19/08/2026 05:30 AM",LWMC-WaTo,"Loader Rickshaw",2,Distance,5,-,-,-,-,-
2229,23603,19/08/2026,LWMC,"Tehsil Office, Wahgha Town",LR-0883,"Door To Door Collection",20.673,2H19M,139.48,31.589998000,74.398207000,still,off,"19/08/2026 10:58 AM","19/08/2026 11:00 AM",LWMC-WaTo,"Loader Rickshaw",2,Distance,5,1,-,-,-,-
2230,23644,19/08/2026,LWMC,"Tehsil Office, Wahgha Town",LR-1076,"Door To Door Collection",-,0H0M,-,31.610663000,74.381908000,still,off,"19/08/2026 10:58 AM","19/08/2026 11:00 AM",LWMC-WaTo,"Loader Rickshaw",2,Distance,5,-,-,-,-,-
2231,59629,19/08/2026,LWMC,"Tehsil Office, Wahgha Town",LR-2954,"Door To Door Collection",6.259,0H46M,46.39,31.585495000,74.499763000,moving,on,"19/08/2026 11:00 AM","19/08/2026 11:00 AM",LWMC-WaTo,"Loader Rickshaw",2,Distance,5,-,-,-,-,-
2232,61869,19/08/2026,LWMC,"Tehsil Office, Wahgha Town",LR-2395,"Door To Door Collection",21.866,3H1M,181.44,31.589985000,74.411715000,still,off,"19/08/2026 10:58 AM","19/08/2026 11:00 AM",LWMC-WaTo,"Loader Rickshaw",2,Distance,5,1,-,-,-,-
2233,25324,19/08/2026,LWMC,"Tehsil Office, Wahgha Town",LR-0396,"Door To Door Collection",16.048,1H21M,80.71,31.610772000,74.383149000,still,off,"19/08/2026 10:59 AM","19/08/2026 11:00 AM",LWMC-WaTo,"Loader Rickshaw",2,Distance,5,-,-,-,-,-
2234,23629,19/08/2026,LWMC,"Tehsil Office, Wahgha Town",LR-1061,"Door To Door Collection",24.641,5H29M,329.06,31.608615000,74.380513000,moving,on,"19/08/2026 10:58 AM","19/08/2026 11:00 AM",LWMC-WaTo,"Loader Rickshaw",2,Distance,5,1,-,-,-,-
2235,59409,19/08/2026,LWMC,"Tehsil Office, Wahgha Town",LR-1780,"Door To Door Collection",25.163,1H27M,87.2,31.490602000,74.493465000,still,off,"19/08/2026 10:58 AM","19/08/2026 11:00 AM",LWMC-WaTo,"Loader Rickshaw",2,Distance,5,-,-,-,-,-
2236,59349,19/08/2026,LWMC,"Tehsil Office, Wahgha Town",LR-1843,"Door To Door Collection",22.43,4H43M,283.48,31.522791000,74.542752000,moving,on,"19/08/2026 10:59 AM","19/08/2026 11:00 AM",LWMC-WaTo,"Loader Rickshaw",2,Distance,5,1,-,-,-,-
2237,61269,19/08/2026,LWMC,"Tehsil Office, Wahgha Town",LR-0510,"Door To Door Collection",24.472,2H23M,143.36,31.601308000,74.401373000,moving,on,"19/08/2026 11:00 AM","19/08/2026 11:00 AM",LWMC-WaTo,"Loader Rickshaw",2,Distance,5,1,-,-,-,-
2238,23581,19/08/2026,LWMC,"Tehsil Office, Wahgha Town",LR-0629,"Door To Door Collection",16.388,1H7M,66.81,31.610603000,74.476789000,moving,on,"19/08/2026 11:00 AM","19/08/2026 11:00 AM",LWMC-WaTo,"Loader Rickshaw",2,Distance,5,-,-,-,-,-
2239,61315,19/08/2026,LWMC,"Tehsil Office, Wahgha Town",LR-2899,"Door To Door Collection",7.098,1H37M,97.16,31.620198000,74.363417000,still,off,"19/08/2026 10:53 AM","19/08/2026 11:00 AM",LWMC-WaTo,"Loader Rickshaw",2,Distance,5,-,-,-,-,-
2240,61889,19/08/2026,LWMC,"Tehsil Office, Wahgha Town",LR-2872,"Door To Door Collection",28.269,5H25M,325.05,31.604052000,74.400525000,moving,on,"19/08/2026 11:00 AM","19/08/2026 11:00 AM",LWMC-WaTo,"Loader Rickshaw",2,Distance,5,1,-,-,-,-
2241,61913,19/08/2026,LWMC,"Tehsil Office, Wahgha Town",LR-2452,"Door To Door Collection",62.757,2H18M,138.16,31.597067000,74.485758000,still,off,"19/08/2026 10:58 AM","19/08/2026 11:00 AM",LWMC-WaTo,"Loader Rickshaw",2,Distance,5,1,-,-,-,-
2242,60543,19/08/2026,LWMC,"Tehsil Office, Wahgha Town",LR-2951,"Door To Door Collection",21.436,2H23M,143.15,31.639205000,74.367360000,still,off,"19/08/2026 10:55 AM","19/08/2026 11:00 AM",LWMC-WaTo,"Loader Rickshaw",2,Distance,5,1,-,-,-,-
2243,61438,19/08/2026,LWMC,"Tehsil Office, Wahgha Town",LR-2388,"Door To Door Collection",25.826,5H41M,340.88,31.599935000,74.384938000,moving,on,"19/08/2026 10:59 AM","19/08/2026 11:00 AM",LWMC-WaTo,"Loader Rickshaw",2,Distance,5,1,-,-,-,-
2244,61888,19/08/2026,LWMC,"Tehsil Office, Wahgha Town",LR-0100,"Door To Door Collection",20.876,1H36M,95.5,31.605192000,74.413183000,moving,on,"19/08/2026 10:59 AM","19/08/2026 11:00 AM",LWMC-WaTo,"Loader Rickshaw",2,Distance,5,-,-,-,-,-
2245,61446,19/08/2026,LWMC,"Tehsil Office, Wahgha Town",LR-0939,"Door To Door Collection",8.584,4H31M,271.13,31.592616000,74.391372000,still,off,"19/08/2026 10:58 AM","19/08/2026 11:00 AM",LWMC-WaTo,"Loader Rickshaw",2,Distance,5,1,-,-,-,-
2246,61299,19/08/2026,LWMC,"Tehsil Office, Wahgha Town",LR-2448,"Door To Door Collection",-,0H0M,-,31.609838000,74.381733000,still,off,"19/08/2026 10:57 AM","19/08/2026 11:00 AM",LWMC-WaTo,"Loader Rickshaw",2,Distance,5,-,-,-,-,-
2247,61870,19/08/2026,LWMC,"Tehsil Office, Wahgha Town",LR-2312,"Door To Door Collection",-,0H0M,-,31.610582000,74.381795000,still,off,"19/08/2026 10:37 AM","19/08/2026 11:00 AM",LWMC-WaTo,"Loader Rickshaw",2,Distance,5,-,-,-,-,-
2248,59393,19/08/2026,LWMC,"Tehsil Office, Wahgha Town",LR-1533,"Door To Door Collection",13.476,3H50M,229.86,31.528098000,74.503505000,still,off,"19/08/2026 10:59 AM","19/08/2026 11:00 AM",LWMC-WaTo,"Loader Rickshaw",2,Distance,5,1,-,-,-,-
2249,61880,19/08/2026,LWMC,"Tehsil Office, Wahgha Town",LR-0513,"Door To Door Collection",29.887,5H25M,324.88,31.609360000,74.380547000,moving,on,"19/08/2026 11:00 AM","19/08/2026 11:00 AM",LWMC-WaTo,"Loader Rickshaw",2,Distance,5,1,-,-,-,-
2250,59221,19/08/2026,LWMC,"Tehsil Office, Wahgha Town",LR-2156,"Door To Door Collection",28.371,2H13M,132.55,31.549727000,74.488278000,moving,on,"19/08/2026 10:59 AM","19/08/2026 11:00 AM",LWMC-WaTo,"Loader Rickshaw",2,Distance,5,1,-,-,-,-
2251,59273,19/08/2026,LWMC,"Tehsil Office, Wahgha Town",M-133,Commercial,38.609,2H10M,129.53,31.610877000,74.382833000,moving,on,"19/08/2026 10:59 AM","19/08/2026 11:00 AM",LWMC-WaTo,"Mini Tipper Diesel",2,Distance,5,1,-,-,-,-
2252,61647,19/08/2026,LWMC,"Tehsil Office, Wahgha Town",LR-2391,"Door To Door Collection",23.901,2H1M,120.68,31.593280000,74.394913000,still,off,"19/08/2026 10:58 AM","19/08/2026 11:00 AM",LWMC-WaTo,"Loader Rickshaw",2,Distance,5,1,-,-,-,-
2253,59214,19/08/2026,LWMC,"Tehsil Office, Wahgha Town",LR-1841,"Door To Door Collection",19.631,1H29M,89.36,31.548958000,74.524678000,moving,on,"19/08/2026 10:58 AM","19/08/2026 11:00 AM",LWMC-WaTo,"Loader Rickshaw",2,Distance,5,-,-,-,-,-
2254,59356,19/08/2026,LWMC,"Tehsil Office, Wahgha Town",LR-2161,"Door To Door Collection",17.657,1H28M,87.91,31.530488000,74.545739000,still,off,"19/08/2026 10:58 AM","19/08/2026 11:00 AM",LWMC-WaTo,"Loader Rickshaw",2,Distance,5,-,-,-,-,-
2255,59372,19/08/2026,LWMC,"Tehsil Office, Wahgha Town",LR-2159,"Door To Door Collection",15.419,1H9M,69.33,31.529993000,74.545495000,still,off,"19/08/2026 10:58 AM","19/08/2026 11:00 AM",LWMC-WaTo,"Loader Rickshaw",2,Distance,5,-,-,-,-,-
2256,25323,19/08/2026,LWMC,"Tehsil Office, Wahgha Town",LR-0395,"Door To Door Collection",14.741,2H26M,145.98,31.603442000,74.391768000,still,off,"19/08/2026 10:59 AM","19/08/2026 11:00 AM",LWMC-WaTo,"Loader Rickshaw",2,Distance,5,1,-,-,-,-
2257,61451,19/08/2026,LWMC,"Tehsil Office, Wahgha Town",LR-1277,"Door To Door Collection",23.531,1H59M,119.11,31.594393000,74.387125000,still,off,"19/08/2026 10:47 AM","19/08/2026 11:00 AM",LWMC-WaTo,"Loader Rickshaw",2,Distance,5,-,-,-,-,-
2258,59523,19/08/2026,LWMC,"Tehsil Office, Wahgha Town",LR-1931,"Door To Door Collection",11.122,3H3M,182.98,31.601853000,74.451469000,still,off,"19/08/2026 10:46 AM","19/08/2026 11:00 AM",LWMC-WaTo,"Loader Rickshaw",2,Distance,5,1,-,-,-,-
2259,59588,19/08/2026,LWMC,"Tehsil Office, Wahgha Town",LR-2949,"Door To Door Collection",36.31,4H5M,244.73,31.644918000,74.377902000,still,off,"19/08/2026 11:00 AM","19/08/2026 11:00 AM",LWMC-WaTo,"Loader Rickshaw",2,Distance,5,1,-,-,-,-
2260,25365,19/08/2026,LWMC,"Tehsil Office, Wahgha Town",LR-0267,"Door To Door Collection",0.661,1H57M,116.73,31.610815000,74.381788000,moving,on,"19/08/2026 10:59 AM","19/08/2026 11:00 AM",LWMC-WaTo,"Loader Rickshaw",2,Distance,5,-,-,-,-,-
2261,23573,19/08/2026,LWMC,"Tehsil Office, Wahgha Town",LR-0375,"Door To Door Collection",7.712,0H25M,24.81,31.636172000,74.505749000,still,off,"19/08/2026 08:54 AM","19/08/2026 09:00 AM",LWMC-WaTo,"Loader Rickshaw",2,Distance,5,-,-,-,-,-
2262,59394,19/08/2026,LWMC,"Tehsil Office, Wahgha Town",LR-2306,"Door To Door Collection",18.822,1H56M,115.9,31.532088000,74.559954000,moving,on,"19/08/2026 08:13 AM","19/08/2026 08:30 AM",LWMC-WaTo,"Loader Rickshaw",2,Distance,5,-,-,-,-,-
2263,61883,19/08/2026,LWMC,"Tehsil Office, Wahgha Town",LR-2397,"Door To Door Collection",28.639,2H13M,132.76,31.587575000,74.431858000,moving,on,"19/08/2026 10:58 AM","19/08/2026 11:00 AM",LWMC-WaTo,"Loader Rickshaw",2,Distance,5,1,-,-,-,-
2264,59330,19/08/2026,LWMC,"Tehsil Office, Wahgha Town",LR-2154,"Door To Door Collection",12.862,1H9M,69.15,31.514653000,74.500548000,still,off,"19/08/2026 10:57 AM","19/08/2026 11:00 AM",LWMC-WaTo,"Loader Rickshaw",2,Distance,5,-,-,-,-,-
2265,59386,19/08/2026,LWMC,"Tehsil Office, Wahgha Town",LR-1781,"Door To Door Collection",32.723,2H16M,135.96,31.478150000,74.513755000,still,off,"19/08/2026 10:58 AM","19/08/2026 11:00 AM",LWMC-WaTo,"Loader Rickshaw",2,Distance,5,1,-,-,-,-
2266,59681,19/08/2026,LWMC,"Tehsil Office, Wahgha Town",LR-2165,"Door To Door Collection",18.575,2H12M,131.53,31.542263000,74.577576000,moving,on,"19/08/2026 08:31 AM","19/08/2026 09:00 AM",LWMC-WaTo,"Loader Rickshaw",2,Distance,5,1,-,-,-,-
2267,59258,19/08/2026,LWMC,"Tehsil Office, Wahgha Town",LR-1782,"Door To Door Collection",25.254,1H38M,97.53,31.434139000,74.525260000,still,off,"19/08/2026 10:59 AM","19/08/2026 11:00 AM",LWMC-WaTo,"Loader Rickshaw",2,Distance,5,-,-,-,-,-
2268,59352,19/08/2026,LWMC,"Tehsil Office, Wahgha Town",LR-2153,"Door To Door Collection",27.233,2H21M,140.8,31.506532000,74.498802000,still,off,"19/08/2026 10:58 AM","19/08/2026 11:00 AM",LWMC-WaTo,"Loader Rickshaw",2,Distance,5,1,-,-,-,-
2269,59608,19/08/2026,LWMC,"Tehsil Office, Wahgha Town",LR-1729,"Door To Door Collection",27.232,4H52M,292.46,31.395822000,74.536039000,moving,on,"19/08/2026 10:55 AM","19/08/2026 11:00 AM",LWMC-WaTo,"Loader Rickshaw",2,Distance,5,1,-,-,-,-
2270,59336,19/08/2026,LWMC,"Tehsil Office, Wahgha Town",LR-2298,"Door To Door Collection",20.194,3H57M,236.91,31.443692000,74.569045000,still,off,"19/08/2026 10:57 AM","19/08/2026 11:00 AM",LWMC-WaTo,"Loader Rickshaw",2,Distance,5,1,-,-,-,-
2271,59266,19/08/2026,LWMC,"Tehsil Office, Wahgha Town",LR-2301,"Door To Door Collection",27.889,2H39M,159.25,31.488735000,74.505164000,still,off,"19/08/2026 10:58 AM","19/08/2026 11:00 AM",LWMC-WaTo,"Loader Rickshaw",2,Distance,5,1,-,-,-,-
2272,59310,19/08/2026,LWMC,"Tehsil Office, Wahgha Town",LR-2148,"Door To Door Collection",26.098,1H56M,116.25,31.441164000,74.544990000,still,off,"19/08/2026 10:58 AM","19/08/2026 11:00 AM",LWMC-WaTo,"Loader Rickshaw",2,Distance,5,-,-,-,-,-
2273,59646,19/08/2026,LWMC,"Tehsil Office, Wahgha Town",LR-2166,"Door To Door Collection",29.909,1H56M,116.4,31.431337000,74.523404000,still,off,"19/08/2026 10:58 AM","19/08/2026 11:00 AM",LWMC-WaTo,"Loader Rickshaw",2,Distance,5,-,-,-,-,-
2274,61437,19/08/2026,LWMC,"Tehsil Office, Wahgha Town",LR-2389,"Door To Door Collection",19.913,2H49M,168.59,31.600217000,74.383713000,still,off,"19/08/2026 10:59 AM","19/08/2026 11:00 AM",LWMC-WaTo,"Loader Rickshaw",2,Distance,5,1,-,-,-,-
2275,59296,19/08/2026,LWMC,"Tehsil Office, Wahgha Town",LR-2151,"Door To Door Collection",36.002,3H45M,225.28,31.521504000,74.461564000,still,off,"19/08/2026 10:58 AM","19/08/2026 11:00 AM",LWMC-WaTo,"Loader Rickshaw",2,Distance,5,1,-,-,-,-
2276,59253,19/08/2026,LWMC,"Tehsil Office, Wahgha Town",LR-2157,"Door To Door Collection",26.494,1H52M,112.31,31.490737000,74.522969000,still,off,"19/08/2026 10:59 AM","19/08/2026 11:00 AM",LWMC-WaTo,"Loader Rickshaw",2,Distance,5,-,-,-,-,-
2277,59047,19/08/2026,LWMC,"Tehsil Office, Aziz Bhatti Town",C-713,"Container-Based Collection",70.918,3H33M,213.33,31.608612000,74.366972000,moving,on,"19/08/2026 10:58 AM","19/08/2026 11:00 AM",LWMC-AzBT,"Compactor (7CM)",3,Distance,10,1,-,-,-,-
2278,59458,19/08/2026,LWMC,"Tehsil Office, Aziz Bhatti Town",LR-2771,"Door To Door Collection",34.694,8H3M,483.3,31.577194000,74.467402000,moving,on,"19/08/2026 10:58 AM","19/08/2026 11:00 AM",LWMC-AzBT,"Loader Rickshaw",2,Distance,5,1,-,-,-,-
2279,-,19/08/2026,LWMC,"Tehsil Office, Aziz Bhatti Town",SD-08,-,184.744,8H34M,514.36,31.577718000,74.270023000,moving,on,"19/08/2026 10:58 AM","19/08/2026 11:00 AM",LWMC-AzBT,-,-,-,-,-,-,-,-,-
2280,-,19/08/2026,LWMC,"Tehsil Office, Aziz Bhatti Town",LR-2518,-,19.197,2H12M,131.68,31.593968000,74.258446000,still,off,"19/08/2026 10:58 AM","19/08/2026 11:00 AM",LWMC-AzBT,-,-,-,-,-,-,-,-,-
2281,-,19/08/2026,LWMC,"Tehsil Office, Aziz Bhatti Town",SMA-179,-,150.794,10H58M,658.06,31.627518000,74.420100000,still,off,"19/08/2026 10:57 AM","19/08/2026 11:00 AM",LWMC-AzBT,-,-,-,-,-,-,-,-,-
2282,60263,19/08/2026,LWMC,"Tehsil Office, Aziz Bhatti Town",LR-2893,"Door To Door Collection",31.447,10H50M,650.13,31.561085000,74.394553000,still,off,"19/08/2026 10:57 AM","19/08/2026 11:00 AM",LWMC-AzBT,"Loader Rickshaw",2,Distance,5,1,-,-,-,-
2283,59351,19/08/2026,LWMC,"Tehsil Office, Aziz Bhatti Town",LR-1124,"Door To Door Collection",-,10H58M,657.86,31.575244000,74.370839000,still,off,"19/08/2026 10:57 AM","19/08/2026 11:00 AM",LWMC-AzBT,"Loader Rickshaw",2,Distance,5,-,-,-,-,-
2284,59427,19/08/2026,LWMC,"Tehsil Office, Aziz Bhatti Town",LR-1909,"Door To Door Collection",37.086,10H58M,658.43,31.608883000,74.392676000,moving,on,"19/08/2026 10:59 AM","19/08/2026 11:00 AM",LWMC-AzBT,"Loader Rickshaw",2,Distance,5,1,-,-,-,-
2285,60256,19/08/2026,LWMC,"Tehsil Office, Aziz Bhatti Town",LR-2591,"Door To Door Collection",39.414,10H25M,624.58,31.585284000,74.413117000,moving,on,"19/08/2026 10:59 AM","19/08/2026 11:00 AM",LWMC-AzBT,"Loader Rickshaw",2,Distance,5,1,-,-,-,-
2286,59395,19/08/2026,LWMC,"Tehsil Office, Aziz Bhatti Town",LR-0572,"Door To Door Collection",15.296,10H6M,605.89,31.559397000,74.372658000,still,off,"19/08/2026 10:58 AM","19/08/2026 11:00 AM",LWMC-AzBT,"Loader Rickshaw",2,Distance,5,1,-,-,-,-
2287,59492,19/08/2026,LWMC,"Tehsil Office, Aziz Bhatti Town",LR-1119,"Door To Door Collection",22.117,8H23M,502.96,31.582936000,74.422076000,still,off,"19/08/2026 10:56 AM","19/08/2026 11:00 AM",LWMC-AzBT,"Loader Rickshaw",2,Distance,5,1,-,-,-,-
2288,59618,19/08/2026,LWMC,"Tehsil Office, Aziz Bhatti Town",LR-1003,"Door To Door Collection",18.231,10H41M,641.31,31.566011000,74.380641000,moving,on,"19/08/2026 10:58 AM","19/08/2026 11:00 AM",LWMC-AzBT,"Loader Rickshaw",2,Distance,5,1,-,-,-,-
2289,60278,19/08/2026,LWMC,"Tehsil Office, Aziz Bhatti Town",LR-1409,"Door To Door Collection",15.415,6H50M,410.21,31.547240000,74.423692000,moving,on,"19/08/2026 10:58 AM","19/08/2026 11:00 AM",LWMC-AzBT,"Loader Rickshaw",2,Distance,5,1,-,-,-,-
2290,59476,19/08/2026,LWMC,"Tehsil Office, Aziz Bhatti Town",LR-1642,"Door To Door Collection",16.417,8H4M,483.78,31.550345000,74.417313000,moving,on,"19/08/2026 11:00 AM","19/08/2026 11:00 AM",LWMC-AzBT,"Loader Rickshaw",2,Distance,5,1,-,-,-,-
2291,59421,19/08/2026,LWMC,"Tehsil Office, Aziz Bhatti Town",LR-0200,"Door To Door Collection",14.675,6H43M,402.51,31.571414000,74.400955000,still,off,"19/08/2026 10:58 AM","19/08/2026 11:00 AM",LWMC-AzBT,"Loader Rickshaw",2,Distance,5,1,-,-,-,-
2292,59707,19/08/2026,LWMC,"Tehsil Office, Aziz Bhatti Town",LR-1388,"Door To Door Collection",23.647,7H59M,479.14,31.585562000,74.394843000,moving,on,"19/08/2026 10:59 AM","19/08/2026 11:00 AM",LWMC-AzBT,"Loader Rickshaw",2,Distance,5,1,-,-,-,-
2293,60714,19/08/2026,LWMC,"Tehsil Office, Aziz Bhatti Town",LR-1118,"Door To Door Collection",-,8H47M,526.53,31.574921000,74.370569000,still,off,"19/08/2026 10:58 AM","19/08/2026 11:00 AM",LWMC-AzBT,"Loader Rickshaw",2,Distance,5,-,-,-,-,-
2294,59302,19/08/2026,LWMC,"Tehsil Office, Aziz Bhatti Town",LR-2770,"Door To Door Collection",21.905,10H34M,634.38,31.572164000,74.452082000,still,off,"19/08/2026 10:47 AM","19/08/2026 11:00 AM",LWMC-AzBT,"Loader Rickshaw",2,Distance,5,1,-,-,-,-
2295,60221,19/08/2026,LWMC,"Tehsil Office, Aziz Bhatti Town",LR-1958,"Door To Door Collection",15.887,8H0M,480.35,31.558046000,74.392551000,still,off,"19/08/2026 10:58 AM","19/08/2026 11:00 AM",LWMC-AzBT,"Loader Rickshaw",2,Distance,5,1,-,-,-,-
2296,59505,19/08/2026,LWMC,"Tehsil Office, Aziz Bhatti Town",LR-0333,"Door To Door Collection",21.136,7H23M,442.51,31.552233000,74.418248000,still,off,"19/08/2026 10:59 AM","19/08/2026 11:00 AM",LWMC-AzBT,"Loader Rickshaw",2,Distance,5,1,-,-,-,-
2297,59365,19/08/2026,LWMC,"Tehsil Office, Aziz Bhatti Town",LR-2772,"Door To Door Collection",27.416,8H29M,508.51,31.575326000,74.460382000,still,off,"19/08/2026 10:58 AM","19/08/2026 11:00 AM",LWMC-AzBT,"Loader Rickshaw",2,Distance,5,1,-,-,-,-
2298,60022,19/08/2026,LWMC,"Tehsil Office, Aziz Bhatti Town",LR-2593,"Door To Door Collection",44.201,10H56M,656.26,31.609748000,74.367968000,moving,on,"19/08/2026 11:00 AM","19/08/2026 11:00 AM",LWMC-AzBT,"Loader Rickshaw",2,Distance,5,1,-,-,-,-
2299,60309,19/08/2026,LWMC,"Tehsil Office, Aziz Bhatti Town",LR-1658,"Door To Door Collection",14.356,6H10M,370.36,31.552462000,74.409398000,still,off,"19/08/2026 10:57 AM","19/08/2026 11:00 AM",LWMC-AzBT,"Loader Rickshaw",2,Distance,5,1,-,-,-,-
2300,60311,19/08/2026,LWMC,"Tehsil Office, Aziz Bhatti Town",LR-1095,"Door To Door Collection",43.995,2H49M,169.21,31.579327000,74.413563000,moving,on,"19/08/2026 11:00 AM","19/08/2026 11:00 AM",LWMC-AzBT,"Loader Rickshaw",2,Distance,5,1,-,-,-,-
2301,60234,19/08/2026,LWMC,"Tehsil Office, Aziz Bhatti Town",LR-1955,"Door To Door Collection",19.486,4H46M,286.18,31.559792000,74.391753000,still,off,"19/08/2026 11:00 AM","19/08/2026 11:00 AM",LWMC-AzBT,"Loader Rickshaw",2,Distance,5,1,-,-,-,-
2302,59048,19/08/2026,LWMC,"Tehsil Office, Aziz Bhatti Town",A-73,"Container-Based Collection",68.733,3H57M,236.66,31.573013000,74.435152000,moving,on,"19/08/2026 10:58 AM","19/08/2026 11:00 AM",LWMC-AzBT,"Arm Roll Truck",3,Distance,10,1,-,-,-,-
2303,59788,19/08/2026,LWMC,"Tehsil Office, Aziz Bhatti Town",S-76,"Bulk Waste Collection",52.512,2H50M,170.43,31.588103000,74.413585000,moving,on,"19/08/2026 10:57 AM","19/08/2026 11:00 AM",LWMC-AzBT,"Mini Dumper",2,Distance,5,1,-,-,-,-
2304,59770,19/08/2026,LWMC,"Tehsil Office, Aziz Bhatti Town",S-372,"Bulk Waste Collection",46.942,2H44M,164.3,31.586072000,74.401647000,moving,on,"19/08/2026 11:00 AM","19/08/2026 11:00 AM",LWMC-AzBT,"Mini Dumper",2,Distance,5,1,-,-,-,-
2305,59624,19/08/2026,LWMC,"Tehsil Office, Aziz Bhatti Town",LR-1637,"Door To Door Collection",18.493,1H28M,87.96,31.546239000,74.421036000,still,off,"19/08/2026 10:58 AM","19/08/2026 11:00 AM",LWMC-AzBT,"Loader Rickshaw",2,Distance,5,-,-,-,-,-
2306,59732,19/08/2026,LWMC,"Tehsil Office, Aziz Bhatti Town",S-137,"Bulk Waste Collection",43.256,2H8M,127.78,31.609575000,74.381702000,moving,on,"19/08/2026 10:58 AM","19/08/2026 11:00 AM",LWMC-AzBT,"Mini Dumper",2,Distance,5,1,-,-,-,-
2307,59316,19/08/2026,LWMC,"Tehsil Office, Aziz Bhatti Town",LR-2584,"Door To Door Collection",21.083,1H19M,78.88,31.573996000,74.440493000,moving,on,"19/08/2026 11:00 AM","19/08/2026 11:00 AM",LWMC-AzBT,"Loader Rickshaw",2,Distance,5,-,-,-,-,-
2308,59807,19/08/2026,LWMC,"Tehsil Office, Aziz Bhatti Town",S-97,"Bulk Waste Collection",-,0H0M,-,31.623215000,74.421407000,still,off,"19/08/2026 10:49 AM","19/08/2026 11:00 AM",LWMC-AzBT,"Mini Dumper",2,Distance,5,-,-,-,-,-
2309,59567,19/08/2026,LWMC,"Tehsil Office, Aziz Bhatti Town",M-57,"Bulk Waste Collection",37.497,2H25M,145.18,31.567385000,74.403717000,moving,on,"19/08/2026 10:58 AM","19/08/2026 11:00 AM",LWMC-AzBT,"Mini Tipper Diesel",2,Distance,5,1,-,-,-,-
2310,59773,19/08/2026,LWMC,"Tehsil Office, Aziz Bhatti Town",S-390,"Bulk Waste Collection",39.203,2H43M,162.55,31.570615000,74.422835000,moving,on,"19/08/2026 10:57 AM","19/08/2026 11:00 AM",LWMC-AzBT,"Mini Dumper",2,Distance,5,1,-,-,-,-
2311,60092,19/08/2026,LWMC,"Tehsil Office, Aziz Bhatti Town",LR-1908,"Door To Door Collection",16.879,0H53M,52.53,31.562803000,74.418515000,moving,on,"19/08/2026 10:59 AM","19/08/2026 11:00 AM",LWMC-AzBT,"Loader Rickshaw",2,Distance,5,-,-,-,-,-
2312,59748,19/08/2026,LWMC,"Tehsil Office, Aziz Bhatti Town",S-188,"Bulk Waste Collection",25.238,1H48M,108.43,31.578730000,74.434970000,still,off,"19/08/2026 10:45 AM","19/08/2026 11:00 AM",LWMC-AzBT,"Mini Dumper",2,Distance,5,-,-,-,-,-
2313,61404,19/08/2026,LWMC,"Tehsil Office, Aziz Bhatti Town",LR-2460,"Door To Door Collection",36.096,2H13M,132.71,31.604004000,74.400027000,moving,on,"19/08/2026 10:59 AM","19/08/2026 11:00 AM",LWMC-AzBT,"Loader Rickshaw",2,Distance,5,1,-,-,-,-
2314,59805,19/08/2026,LWMC,"Tehsil Office, Aziz Bhatti Town",S-93,"Bulk Waste Collection",37.185,2H16M,135.86,31.608553000,74.380702000,moving,on,"19/08/2026 11:00 AM","19/08/2026 11:00 AM",LWMC-AzBT,"Mini Dumper",2,Distance,5,1,-,-,-,-
2315,59554,19/08/2026,LWMC,"Tehsil Office, Aziz Bhatti Town",CA-145,"Container-Based Collection",100.674,5H31M,330.88,31.557007000,74.407530000,still,off,"19/08/2026 10:58 AM","19/08/2026 11:00 AM",LWMC-AzBT,"Chain Arm Roll",3,Distance,10,1,-,-,-,-
2316,18511,19/08/2026,LWMC,"Tehsil Office, Aziz Bhatti Town",C13-1062,"Container-Based Collection",56.333,3H3M,182.98,31.602453000,74.400967000,still,off,"19/08/2026 10:57 AM","19/08/2026 11:00 AM",LWMC-AzBT,"Compactor (13CM)",3,Distance,10,1,-,-,-,-
2317,59585,19/08/2026,LWMC,"Tehsil Office, Aziz Bhatti Town",LR-0584,"Door To Door Collection",10.396,0H51M,51.23,31.559001000,74.370753000,moving,on,"19/08/2026 10:59 AM","19/08/2026 11:00 AM",LWMC-AzBT,"Loader Rickshaw",2,Distance,5,-,-,-,-,-
2318,59720,19/08/2026,LWMC,"Tehsil Office, Aziz Bhatti Town",S-118,"Bulk Waste Collection",32.984,2H36M,155.61,31.567398000,74.429473000,moving,on,"19/08/2026 10:54 AM","19/08/2026 11:00 AM",LWMC-AzBT,"Mini Dumper",2,Distance,5,1,-,-,-,-
2319,18509,19/08/2026,LWMC,"Tehsil Office, Aziz Bhatti Town",C13-1068,"Container-Based Collection",-,0H0M,-,31.623760000,74.421228000,still,off,"19/08/2026 10:41 AM","19/08/2026 11:00 AM",LWMC-AzBT,"Compactor (13CM)",3,Distance,10,-,-,-,-,-
2320,59798,19/08/2026,LWMC,"Tehsil Office, Aziz Bhatti Town",S-87,"Bulk Waste Collection",31.103,2H7M,127.31,31.566382000,74.433945000,still,off,"19/08/2026 10:59 AM","19/08/2026 11:00 AM",LWMC-AzBT,"Mini Dumper",2,Distance,5,1,-,-,-,-
2321,60273,19/08/2026,LWMC,"Tehsil Office, Aziz Bhatti Town",LR-2589,"Door To Door Collection",42.007,2H4M,123.88,31.572142000,74.412363000,still,off,"19/08/2026 10:58 AM","19/08/2026 11:00 AM",LWMC-AzBT,"Loader Rickshaw",2,Distance,5,1,-,-,-,-
2322,60952,19/08/2026,LWMC,"Tehsil Office, Aziz Bhatti Town",LR-1640,"Door To Door Collection",0.03,0H1M,1.1,31.575296000,74.370433000,still,off,"19/08/2026 10:58 AM","19/08/2026 11:00 AM",LWMC-AzBT,"Loader Rickshaw",2,Distance,5,-,-,-,-,-
2323,59413,19/08/2026,LWMC,"Tehsil Office, Aziz Bhatti Town",LR-2459,"Door To Door Collection",34.698,2H28M,147.71,31.599398000,74.401451000,moving,on,"19/08/2026 10:58 AM","19/08/2026 11:00 AM",LWMC-AzBT,"Loader Rickshaw",2,Distance,5,1,-,-,-,-
2324,60026,19/08/2026,LWMC,"Tehsil Office, Aziz Bhatti Town",LR-0718,"Door To Door Collection",0.006,0H0M,-,31.575232000,74.370578000,still,off,"19/08/2026 10:58 AM","19/08/2026 11:00 AM",LWMC-AzBT,"Loader Rickshaw",2,Distance,5,-,-,-,-,-
2325,59303,19/08/2026,LWMC,"Tehsil Office, Aziz Bhatti Town",LR-0191,"Door To Door Collection",-,0H0M,-,31.575272000,74.370509000,still,off,"19/08/2026 10:57 AM","19/08/2026 11:00 AM",LWMC-AzBT,"Loader Rickshaw",2,Distance,5,-,-,-,-,-
2326,59762,19/08/2026,LWMC,"Tehsil Office, Aziz Bhatti Town",S-341,"Bulk Waste Collection",33.144,2H23M,142.81,31.608645000,74.391855000,moving,on,"19/08/2026 10:58 AM","19/08/2026 11:00 AM",LWMC-AzBT,"Mini Dumper",2,Distance,5,1,-,-,-,-
2327,59726,19/08/2026,LWMC,"Tehsil Office, Aziz Bhatti Town",S-131,"Bulk Waste Collection",46.294,2H31M,151.41,31.608680000,74.397185000,moving,on,"19/08/2026 10:59 AM","19/08/2026 11:00 AM",LWMC-AzBT,"Mini Dumper",2,Distance,5,1,-,-,-,-
2328,59510,19/08/2026,LWMC,"Tehsil Office, Aziz Bhatti Town",LR-2592,"Door To Door Collection",25.17,1H20M,79.83,31.569847000,74.412038000,still,off,"19/08/2026 10:57 AM","19/08/2026 11:00 AM",LWMC-AzBT,"Loader Rickshaw",2,Distance,5,-,-,-,-,-
2329,-,19/08/2026,LWMC,"Tehsil Office, Aziz Bhatti Town",LR2387,-,41.262,2H45M,165.3,31.552191000,74.406634000,moving,on,"19/08/2026 10:59 AM","19/08/2026 11:00 AM",LWMC-AzBT,-,-,-,-,-,-,-,-,-
2330,60710,19/08/2026,LWMC,"Tehsil Office, Aziz Bhatti Town",LR-2373,"Door To Door Collection",43.504,2H6M,126.09,31.542534000,74.407297000,moving,on,"19/08/2026 10:59 AM","19/08/2026 11:00 AM",LWMC-AzBT,"Loader Rickshaw",2,Distance,5,1,-,-,-,-
2331,60530,19/08/2026,LWMC,"Tehsil Office, Aziz Bhatti Town",LR-0332,"Door To Door Collection",-,0H0M,-,31.575147000,74.370754000,still,off,"19/08/2026 10:58 AM","19/08/2026 11:00 AM",LWMC-AzBT,"Loader Rickshaw",2,Distance,5,-,-,-,-,-
2332,59558,19/08/2026,LWMC,"Tehsil Office, Aziz Bhatti Town",D-65,"Bulk Waste Collection",94.781,3H48M,227.88,31.570420000,74.390865000,still,off,"19/08/2026 10:49 AM","19/08/2026 11:00 AM",LWMC-AzBT,"Dumper (10CM)",3,Ignition,-,1,-,-,-,-
2333,-,19/08/2026,LWMC,"Tehsil Office, Aziz Bhatti Town",LR-2519,-,17.988,1H20M,80.15,31.594668000,74.258474000,still,off,"19/08/2026 10:58 AM","19/08/2026 11:00 AM",LWMC-AzBT,-,-,-,-,-,-,-,-,-
2334,59619,19/08/2026,LWMC,"Tehsil Office, Aziz Bhatti Town",MFL-81,"Bulk Waste Collection",3.005,5H55M,354.78,31.610670000,74.383227000,still,off,"19/08/2026 10:59 AM","19/08/2026 11:00 AM",LWMC-AzBT,Loader,3,Ignition,-,1,-,-,-,-
2335,60261,19/08/2026,LWMC,"Tehsil Office, Aziz Bhatti Town",LR-1194,"Door To Door Collection",-,0H0M,-,31.574914000,74.370522000,still,off,"19/08/2026 10:58 AM","19/08/2026 11:00 AM",LWMC-AzBT,"Loader Rickshaw",2,Distance,5,-,-,-,-,-
2336,59753,19/08/2026,LWMC,"Tehsil Office, Aziz Bhatti Town",S-298,"Bulk Waste Collection",53.3,3H27M,207.15,31.592985000,74.433417000,moving,on,"19/08/2026 10:58 AM","19/08/2026 11:00 AM",LWMC-AzBT,"Mini Dumper",2,Distance,5,1,-,-,-,-
2337,59566,19/08/2026,LWMC,"Tehsil Office, Aziz Bhatti Town",M-45,"Bulk Waste Collection",42.941,5H16M,315.75,31.576547000,74.460970000,still,off,"19/08/2026 10:57 AM","19/08/2026 11:00 AM",LWMC-AzBT,"Mini Tipper Diesel",2,Distance,5,1,-,-,-,-
2338,59777,19/08/2026,LWMC,"Tehsil Office, Aziz Bhatti Town",S-395,"Bulk Waste Collection",35.598,2H32M,152.5,31.613525000,74.411242000,moving,on,"19/08/2026 10:59 AM","19/08/2026 11:00 AM",LWMC-AzBT,"Mini Dumper",2,Distance,5,1,-,-,-,-
2339,59785,19/08/2026,LWMC,"Tehsil Office, Aziz Bhatti Town",S-68,"Bulk Waste Collection",44.692,3H11M,191.46,31.580460000,74.451185000,moving,on,"19/08/2026 10:59 AM","19/08/2026 11:00 AM",LWMC-AzBT,"Mini Dumper",2,Distance,5,1,-,-,-,-
2340,59042,19/08/2026,LWMC,"Tehsil Office, Aziz Bhatti Town",C25-081,"Container-Based Collection",62.145,5H28M,327.53,31.610878000,74.382808000,moving,on,"19/08/2026 10:58 AM","19/08/2026 11:00 AM",LWMC-AzBT,"Compactor (25CM)",3,Distance,10,1,-,-,-,-
2341,59831,19/08/2026,LWMC,"Tehsil Office, Aziz Bhatti Town",S-61,"Bulk Waste Collection",51.402,2H42M,161.59,31.579277000,74.441742000,still,off,"19/08/2026 10:53 AM","19/08/2026 11:00 AM",LWMC-AzBT,"Mini Dumper",2,Distance,5,1,-,-,-,-
2342,60718,19/08/2026,LWMC,"Tehsil Office, Aziz Bhatti Town",LR-1111,"Door To Door Collection",49.813,2H33M,153.41,31.580132000,74.430560000,moving,on,"19/08/2026 10:51 AM","19/08/2026 11:00 AM",LWMC-AzBT,"Loader Rickshaw",2,Distance,5,1,-,-,-,-
2343,18436,19/08/2026,LWMC,"Tehsil Office, Aziz Bhatti Town",CA-115,"Container-Based Collection",-,0H0M,-,31.623703000,74.421378000,still,off,"19/08/2026 10:49 AM","19/08/2026 11:00 AM",LWMC-AzBT,"Chain Arm Roll",3,Distance,10,-,-,-,-,-
2344,59412,19/08/2026,LWMC,"Tehsil Office, Aziz Bhatti Town",LR-2458,"Door To Door Collection",36.195,1H54M,114.43,31.585308000,74.421692000,still,off,"19/08/2026 10:57 AM","19/08/2026 11:00 AM",LWMC-AzBT,"Loader Rickshaw",2,Distance,5,-,-,-,-,-
2345,60269,19/08/2026,LWMC,"Tehsil Office, Aziz Bhatti Town",LR-1411,"Door To Door Collection",29.06,1H52M,112.4,31.561018000,74.372168000,moving,on,"19/08/2026 10:58 AM","19/08/2026 11:00 AM",LWMC-AzBT,"Loader Rickshaw",2,Distance,5,-,-,-,-,-
2346,60915,19/08/2026,LWMC,"Tehsil Office, Aziz Bhatti Town",LR-1651,"Door To Door Collection",19.078,1H16M,75.66,31.549350000,74.423866000,still,off,"19/08/2026 10:58 AM","19/08/2026 11:00 AM",LWMC-AzBT,"Loader Rickshaw",2,Distance,5,-,-,-,-,-
2347,59781,19/08/2026,LWMC,"Tehsil Office, Aziz Bhatti Town",S-41,"Bulk Waste Collection",18.719,2H25M,145.33,31.557765000,74.411423000,still,off,"19/08/2026 10:50 AM","19/08/2026 11:00 AM",LWMC-AzBT,"Mini Dumper",2,Distance,5,1,-,-,-,-
2348,-,19/08/2026,LWMC,"Tehsil Office, Aziz Bhatti Town",M-78-,-,49.553,3H13M,193.18,31.611205000,74.383232000,still,off,"19/08/2026 10:58 AM","19/08/2026 11:00 AM",LWMC-AzBT,-,-,-,-,-,-,-,-,-
2349,59759,19/08/2026,LWMC,"Tehsil Office, Aziz Bhatti Town",S-317,"Bulk Waste Collection",44.865,2H34M,153.58,31.559252000,74.372295000,moving,on,"19/08/2026 10:57 AM","19/08/2026 11:00 AM",LWMC-AzBT,"Mini Dumper",2,Distance,5,1,-,-,-,-
2350,60950,19/08/2026,LWMC,"Tehsil Office, Aziz Bhatti Town",LR-2462,"Door To Door Collection",54.951,2H25M,145.4,31.579732000,74.367794000,still,off,"19/08/2026 10:59 AM","19/08/2026 11:00 AM",LWMC-AzBT,"Loader Rickshaw",2,Distance,5,1,-,-,-,-
2351,59293,19/08/2026,LWMC,"Tehsil Office, Aziz Bhatti Town",LR-0192,"Door To Door Collection",16.986,1H35M,95.38,31.544344000,74.405511000,still,off,"19/08/2026 10:58 AM","19/08/2026 11:00 AM",LWMC-AzBT,"Loader Rickshaw",2,Distance,5,-,-,-,-,-
2352,60131,19/08/2026,LWMC,"Tehsil Office, Aziz Bhatti Town",LR-1953,"Door To Door Collection",27.88,1H20M,79.93,31.586591000,74.401619000,moving,on,"19/08/2026 10:55 AM","19/08/2026 11:00 AM",LWMC-AzBT,"Loader Rickshaw",2,Distance,5,-,-,-,-,-
2353,60496,19/08/2026,LWMC,"Tehsil Office, Aziz Bhatti Town",LR-0193,"Door To Door Collection",17.516,1H12M,71.83,31.552276000,74.413935000,still,off,"19/08/2026 10:58 AM","19/08/2026 11:00 AM",LWMC-AzBT,"Loader Rickshaw",2,Distance,5,-,-,-,-,-
2354,-,19/08/2026,LWMC,"Tehsil Office, Aziz Bhatti Town",LR-1519,-,15.252,0H49M,48.81,31.297314000,74.180472000,still,off,"19/08/2026 11:00 AM","19/08/2026 11:00 AM",LWMC-AzBT,-,-,-,-,-,-,-,-,-
2355,62171,19/08/2026,LWMC,"Tehsil Office, Aziz Bhatti Town",S-99,"Bulk Waste Collection",-,0H0M,-,31.609172000,74.380265000,still,off,"19/08/2026 10:50 AM","19/08/2026 11:03 AM",LWMC-AzBT,"Mini Dumper",2,Distance,5,-,-,-,-,-
2356,59575,19/08/2026,LWMC,"Tehsil Office, Aziz Bhatti Town",M-99,"Bulk Waste Collection",51.18,3H3M,183.18,31.575763000,74.397217000,moving,on,"19/08/2026 10:59 AM","19/08/2026 11:00 AM",LWMC-AzBT,"Mini Tipper Diesel",2,Distance,5,1,-,-,-,-
2357,59557,19/08/2026,LWMC,"Tehsil Office, Aziz Bhatti Town",D-39,"Bulk Waste Collection",124.266,4H0M,240.41,31.609197000,74.380140000,moving,on,"19/08/2026 10:58 AM","19/08/2026 11:00 AM",LWMC-AzBT,"Dumper (10CM)",3,Ignition,-,1,-,-,-,-
2358,59764,19/08/2026,LWMC,"Tehsil Office, Aziz Bhatti Town",S-345,"Bulk Waste Collection",24.174,2H9M,129.38,31.552368000,74.413895000,still,off,"19/08/2026 10:58 AM","19/08/2026 11:00 AM",LWMC-AzBT,"Mini Dumper",2,Distance,5,1,-,-,-,-
2359,59573,19/08/2026,LWMC,"Tehsil Office, Aziz Bhatti Town",M-89,"Bulk Waste Collection",48.48,3H15M,195.41,31.545638000,74.416357000,still,off,"19/08/2026 10:59 AM","19/08/2026 11:00 AM",LWMC-AzBT,"Mini Tipper Diesel",2,Distance,5,1,-,-,-,-
2360,59457,19/08/2026,LWMC,"Tehsil Office, Aziz Bhatti Town",LR-1654,"Door To Door Collection",-,0H0M,-,31.575040000,74.370815000,still,off,"19/08/2026 10:57 AM","19/08/2026 11:00 AM",LWMC-AzBT,"Loader Rickshaw",2,Distance,5,-,-,-,-,-
2361,59739,19/08/2026,LWMC,"Tehsil Office, Aziz Bhatti Town",S-159,"Bulk Waste Collection",24.127,2H14M,134.31,31.573803000,74.435397000,moving,on,"19/08/2026 10:54 AM","19/08/2026 11:00 AM",LWMC-AzBT,"Mini Dumper",2,Distance,5,1,-,-,-,-
2362,59332,19/08/2026,LWMC,"Tehsil Office, Aziz Bhatti Town",LR-2585,"Door To Door Collection",22.046,1H15M,74.51,31.573028000,74.459076000,still,off,"19/08/2026 10:58 AM","19/08/2026 11:00 AM",LWMC-AzBT,"Loader Rickshaw",2,Distance,5,-,-,-,-,-
2363,59536,19/08/2026,LWMC,"Tehsil Office, Aziz Bhatti Town",C-1314,"Container-Based Collection",51.91,4H20M,260.19,31.568170000,74.435375000,moving,on,"19/08/2026 10:53 AM","19/08/2026 11:00 AM",LWMC-AzBT,"Compactor (13CM)",3,Distance,10,1,-,-,-,-
2364,59400,19/08/2026,LWMC,"Tehsil Office, Aziz Bhatti Town",LR-2590,"Door To Door Collection",38.595,2H16M,135.66,31.581424000,74.419723000,still,off,"19/08/2026 10:58 AM","19/08/2026 11:00 AM",LWMC-AzBT,"Loader Rickshaw",2,Distance,5,1,-,-,-,-
2365,59751,19/08/2026,LWMC,"Tehsil Office, Aziz Bhatti Town",S-277,"Bulk Waste Collection",0.009,0H0M,0.01,31.623562000,74.421522000,still,off,"19/08/2026 10:35 AM","19/08/2026 11:00 AM",LWMC-AzBT,"Mini Dumper",2,Distance,5,-,-,-,-,-
2366,60257,19/08/2026,LWMC,"Tehsil Office, Aziz Bhatti Town",LR-0720,"Door To Door Collection",31.732,3H14M,194.5,31.603722000,74.400251000,moving,on,"19/08/2026 11:00 AM","19/08/2026 11:00 AM",LWMC-AzBT,"Loader Rickshaw",2,Distance,5,1,-,-,-,-
2367,59334,19/08/2026,LWMC,"Tehsil Office, Aziz Bhatti Town",LR-2385,"Door To Door Collection",24.598,1H23M,82.84,31.608459000,74.388931000,still,off,"19/08/2026 10:58 AM","19/08/2026 11:00 AM",LWMC-AzBT,"Loader Rickshaw",2,Distance,5,-,-,-,-,-
2368,59486,19/08/2026,LWMC,"Tehsil Office, Aziz Bhatti Town",LR-1120,"Door To Door Collection",35.384,2H15M,135.41,31.576382000,74.413133000,still,off,"19/08/2026 10:58 AM","19/08/2026 11:00 AM",LWMC-AzBT,"Loader Rickshaw",2,Distance,5,1,-,-,-,-
2369,59756,19/08/2026,LWMC,"Tehsil Office, Aziz Bhatti Town",S-311,"Bulk Waste Collection",-,0H0M,-,31.623582000,74.421653000,still,off,"19/08/2026 10:49 AM","19/08/2026 11:00 AM",LWMC-AzBT,"Mini Dumper",2,Distance,5,-,-,-,-,-
2370,59792,19/08/2026,LWMC,"Tehsil Office, Aziz Bhatti Town",S-77,"Bulk Waste Collection",41.39,2H26M,145.76,31.558937000,74.380018000,moving,on,"19/08/2026 10:58 AM","19/08/2026 11:00 AM",LWMC-AzBT,"Mini Dumper",2,Distance,5,1,-,-,-,-
2371,59620,19/08/2026,LWMC,"Tehsil Office, Aziz Bhatti Town",MFL-86,"Bulk Waste Collection",11.186,6H18M,378.05,31.570295000,74.390833000,moving,on,"19/08/2026 10:57 AM","19/08/2026 11:00 AM",LWMC-AzBT,Loader,3,Ignition,-,1,-,-,-,-
2372,59569,19/08/2026,LWMC,"Tehsil Office, Aziz Bhatti Town",M-67,"Bulk Waste Collection",46.524,4H24M,263.5,31.549233000,74.366448000,moving,on,"19/08/2026 10:59 AM","19/08/2026 11:00 AM",LWMC-AzBT,"Mini Tipper Diesel",2,Distance,5,1,-,-,-,-
2373,59538,19/08/2026,LWMC,"Tehsil Office, Aziz Bhatti Town",C-1359,"Container-Based Collection",82.981,5H3M,302.71,31.609127000,74.380093000,moving,on,"19/08/2026 10:59 AM","19/08/2026 11:00 AM",LWMC-AzBT,"Compactor (13CM)",3,Distance,10,1,-,-,-,-
2374,59570,19/08/2026,LWMC,"Tehsil Office, Aziz Bhatti Town",M-68,"Bulk Waste Collection",54.709,3H5M,184.69,31.582522000,74.412385000,moving,on,"19/08/2026 10:58 AM","19/08/2026 11:00 AM",LWMC-AzBT,"Mini Tipper Diesel",2,Distance,5,1,-,-,-,-
2375,60298,19/08/2026,LWMC,"Tehsil Office, Aziz Bhatti Town",LR-1920,"Door To Door Collection",35.362,2H24M,143.96,31.570448000,74.400371000,still,off,"19/08/2026 10:58 AM","19/08/2026 11:00 AM",LWMC-AzBT,"Loader Rickshaw",2,Distance,5,1,-,-,-,-
2376,59230,19/08/2026,LWMC,"Tehsil Office, Aziz Bhatti Town",LR-1650,"Door To Door Collection",16.995,5H38M,338.26,31.552693000,74.423622000,still,off,"19/08/2026 10:58 AM","19/08/2026 11:00 AM",LWMC-AzBT,"Loader Rickshaw",2,Distance,5,1,-,-,-,-
2377,18506,19/08/2026,LWMC,"Tehsil Office, Aziz Bhatti Town",C13-1067,"Container-Based Collection",-,0H0M,-,31.623322000,74.421213000,still,off,"19/08/2026 10:48 AM","19/08/2026 11:00 AM",LWMC-AzBT,"Compactor (13CM)",3,Distance,10,-,-,-,-,-
2378,59489,19/08/2026,LWMC,"Tehsil Office, Aziz Bhatti Town",LR-1093,"Door To Door Collection",-,0H0M,-,31.575273000,74.370804000,still,off,"19/08/2026 07:30 AM","19/08/2026 08:00 AM",LWMC-AzBT,"Loader Rickshaw",2,Distance,5,-,-,-,-,-
2379,60544,19/08/2026,LWMC,"Tehsil Office, Aziz Bhatti Town",LR-2768,"Door To Door Collection",39.038,3H16M,196.03,31.582541000,74.449012000,moving,on,"19/08/2026 10:57 AM","19/08/2026 11:00 AM",LWMC-AzBT,"Loader Rickshaw",2,Distance,5,1,-,-,-,-
2380,59537,19/08/2026,LWMC,"Tehsil Office, Aziz Bhatti Town",C-1358,"Container-Based Collection",71.315,5H0M,300.18,31.564720000,74.393683000,moving,on,"19/08/2026 10:57 AM","19/08/2026 11:00 AM",LWMC-AzBT,"Compactor (13CM)",3,Distance,10,1,-,-,-,-
2381,59635,19/08/2026,LWMC,"Tehsil Office, Aziz Bhatti Town",ND-103,"Bulk Waste Collection",91.513,4H27M,267.33,31.555970000,74.420263000,still,off,"19/08/2026 10:54 AM","19/08/2026 11:00 AM",LWMC-AzBT,"Dumper (15CM)",-,-,-,-,-,-,-,-
2382,18651,19/08/2026,LWMC,"Tehsil Office, Aziz Bhatti Town",C-740,"Container-Based Collection",98.31,5H16M,316.08,31.575047000,74.442223000,still,off,"19/08/2026 10:59 AM","19/08/2026 11:00 AM",LWMC-AzBT,"Compactor (7CM)",3,Distance,10,1,-,-,-,-
2383,59795,19/08/2026,LWMC,"Tehsil Office, Aziz Bhatti Town",S-83,"Bulk Waste Collection",38.738,2H12M,131.58,31.555277000,74.364262000,still,off,"19/08/2026 10:59 AM","19/08/2026 11:00 AM",LWMC-AzBT,"Mini Dumper",2,Distance,5,1,-,-,-,-
2384,60492,19/08/2026,LWMC,"Tehsil Office, Aziz Bhatti Town",LR-2792,"Door To Door Collection",-,0H0M,-,31.574926000,74.370494000,still,off,"19/08/2026 10:57 AM","19/08/2026 11:00 AM",LWMC-AzBT,"Loader Rickshaw",2,Distance,5,-,-,-,-,-
2385,59428,19/08/2026,LWMC,"Tehsil Office, Aziz Bhatti Town",LR-0746,"Door To Door Collection",22.106,1H10M,69.65,31.547553000,74.360486000,still,off,"19/08/2026 10:57 AM","19/08/2026 11:00 AM",LWMC-AzBT,"Loader Rickshaw",2,Distance,5,-,-,-,-,-
2386,59565,19/08/2026,LWMC,"Tehsil Office, Aziz Bhatti Town",M-131,"Bulk Waste Collection",28.055,2H14M,134.05,31.607698000,74.424907000,moving,on,"19/08/2026 10:58 AM","19/08/2026 11:00 AM",LWMC-AzBT,"Mini Tipper Diesel",2,Distance,5,1,-,-,-,-
2387,59651,19/08/2026,LWMC,"Tehsil Office, Aziz Bhatti Town",S-05,"Bulk Waste Collection",35.306,1H50M,110.28,31.585215000,74.496108000,moving,on,"19/08/2026 10:57 AM","19/08/2026 11:00 AM",LWMC-AzBT,"Mini Dumper",2,Distance,5,-,-,-,-,-
2388,59836,19/08/2026,LWMC,"Tehsil Office, Aziz Bhatti Town",S-91,"Bulk Waste Collection",-,0H0M,-,31.623547000,74.421408000,still,off,"19/08/2026 10:47 AM","19/08/2026 11:00 AM",LWMC-AzBT,"Mini Dumper",2,Distance,5,-,-,-,-,-
2389,-,19/08/2026,LWMC,"Tehsil Office, Aziz Bhatti Town",LR-2915,-,26.184,1H16M,75.65,31.443348000,74.292277000,still,off,"19/08/2026 10:56 AM","19/08/2026 11:00 AM",LWMC-AzBT,-,-,-,-,-,-,-,-,-
2390,-,19/08/2026,LWMC,"Tehsil Office, Aziz Bhatti Town",LR-2933,-,7.589,1H35M,94.83,31.468799000,74.269403000,moving,on,"19/08/2026 10:58 AM","19/08/2026 11:00 AM",LWMC-AzBT,-,-,-,-,-,-,-,-,-
2391,59564,19/08/2026,LWMC,"Tehsil Office, Aziz Bhatti Town",M-130,"Bulk Waste Collection",41.459,2H16M,135.61,31.567457000,74.408492000,moving,on,"19/08/2026 10:58 AM","19/08/2026 11:00 AM",LWMC-AzBT,"Mini Tipper Diesel",2,Distance,5,1,-,-,-,-
2392,59497,19/08/2026,LWMC,"Tehsil Office, Aziz Bhatti Town",LR-1917,"Door To Door Collection",13.353,1H11M,71.41,31.578529000,74.402487000,still,off,"19/08/2026 10:58 AM","19/08/2026 11:00 AM",LWMC-AzBT,"Loader Rickshaw",2,Distance,5,-,-,-,-,-
2393,59714,19/08/2026,LWMC,"Tehsil Office, Aziz Bhatti Town",S-107,"Bulk Waste Collection",31.052,2H42M,161.58,31.580253000,74.412605000,moving,on,"19/08/2026 10:51 AM","19/08/2026 11:00 AM",LWMC-AzBT,"Mini Dumper",2,Distance,5,1,-,-,-,-
2394,59617,19/08/2026,LWMC,"Tehsil Office, Aziz Bhatti Town",MFL-60,"Bulk Waste Collection",22.448,3H38M,218.09,31.556200000,74.420223000,still,off,"19/08/2026 10:59 AM","19/08/2026 11:00 AM",LWMC-AzBT,Loader,3,Ignition,-,1,-,-,-,-
2395,60142,19/08/2026,LWMC,"Tehsil Office, Nishter Town",WR-0034,"Bulk Waste Collection",25.158,3H42M,221.58,31.370642000,74.365238000,still,off,"19/08/2026 10:58 AM","19/08/2026 11:00 AM",LWMC-NiTo,"Rickshaw Washer",2,Distance,5,1,-,-,-,-
2396,60853,19/08/2026,LWMC,"Tehsil Office, Nishter Town",LR-1361,"Door To Door Collection",12.621,5H49M,348.96,31.464296000,74.342593000,still,off,"19/08/2026 10:57 AM","19/08/2026 11:00 AM",LWMC-NiTo,"Loader Rickshaw",2,Distance,5,1,-,-,-,-
2397,18593,19/08/2026,LWMC,"Tehsil Office, Nishter Town",C13-1064,"Container-Based Collection",67.966,10H56M,655.71,31.437527000,74.355845000,moving,on,"19/08/2026 10:57 AM","19/08/2026 11:00 AM",LWMC-NiTo,"Compactor (13CM)",3,Distance,10,1,-,-,-,-
2398,60463,19/08/2026,LWMC,"Tehsil Office, Nishter Town",LR-1367,"Door To Door Collection",-,7H8M,427.8,31.368016000,74.365092000,still,off,"19/08/2026 10:57 AM","19/08/2026 11:00 AM",LWMC-NiTo,"Loader Rickshaw",2,Distance,5,-,-,-,-,-
2399,18470,19/08/2026,LWMC,"Tehsil Office, Nishter Town",C05-139,"Container-Based Collection",53.225,10H58M,658.04,31.388020000,74.349576000,still,off,"19/08/2026 10:58 AM","19/08/2026 11:00 AM",LWMC-NiTo,"Chain Arm Roll",3,Distance,10,1,-,-,-,-
2400,60520,19/08/2026,LWMC,"Tehsil Office, Nishter Town",LR-0181,"Door To Door Collection",22.643,10H38M,637.7,31.388268000,74.345073000,moving,on,"19/08/2026 10:59 AM","19/08/2026 11:00 AM",LWMC-NiTo,"Loader Rickshaw",2,Distance,5,1,-,-,-,-
2401,18591,19/08/2026,LWMC,"Tehsil Office, Nishter Town",C13-1094,"Container-Based Collection",25.551,10H60M,659.83,31.442860000,74.397963000,moving,on,"19/08/2026 11:00 AM","19/08/2026 11:00 AM",LWMC-NiTo,"Compactor (13CM)",3,Distance,10,1,-,-,-,-
2402,60663,19/08/2026,LWMC,"Tehsil Office, Nishter Town",LR-1937,"Door To Door Collection",30.936,10H51M,651.08,31.420157000,74.304403000,still,off,"19/08/2026 10:57 AM","19/08/2026 11:00 AM",LWMC-NiTo,"Loader Rickshaw",2,Distance,5,1,-,-,-,-
2403,60153,19/08/2026,LWMC,"Tehsil Office, Nishter Town",LR-0905,"Door To Door Collection",17.949,8H54M,534.29,31.447031000,74.434942000,still,off,"19/08/2026 10:57 AM","19/08/2026 11:00 AM",LWMC-NiTo,"Loader Rickshaw",2,Distance,5,1,-,-,-,-
2404,-,19/08/2026,LWMC,"Tehsil Office, Nishter Town",LR-2860,-,0.005,0H45M,44.64,31.275903000,74.253422000,still,off,"19/08/2026 12:51 AM","19/08/2026 01:00 AM",LWMC-NiTo,-,-,-,-,-,-,-,-,-
2405,60360,19/08/2026,LWMC,"Tehsil Office, Nishter Town",LR-3040,"Door To Door Collection",29.93,10H58M,657.61,31.320847000,74.411451000,still,off,"19/08/2026 10:57 AM","19/08/2026 11:00 AM",LWMC-NiTo,"Loader Rickshaw",2,Distance,5,1,-,-,-,-
2406,60757,19/08/2026,LWMC,"Tehsil Office, Nishter Town",LR-0182,"Door To Door Collection",-,9H2M,542,31.367993000,74.364764000,still,off,"19/08/2026 10:57 AM","19/08/2026 11:00 AM",LWMC-NiTo,"Loader Rickshaw",2,Distance,5,-,-,-,-,-
2407,61748,19/08/2026,LWMC,"Tehsil Office, Nishter Town",LR-1756,"Door To Door Collection",1.591,4H14M,253.78,31.454929000,74.335253000,still,off,"19/08/2026 09:33 AM","19/08/2026 11:00 AM",LWMC-NiTo,"Loader Rickshaw",2,Distance,5,-,-,-,-,-
2408,60675,19/08/2026,LWMC,"Tehsil Office, Nishter Town",LR-2200,"Door To Door Collection",21.164,10H59M,658.98,31.442493000,74.305467000,moving,on,"19/08/2026 10:59 AM","19/08/2026 11:00 AM",LWMC-NiTo,"Loader Rickshaw",2,Distance,5,1,-,-,-,-
2409,61241,19/08/2026,LWMC,"Tehsil Office, Nishter Town",LR-1755,"Door To Door Collection",21.082,6H54M,413.64,31.379289000,74.358900000,still,off,"19/08/2026 10:58 AM","19/08/2026 11:00 AM",LWMC-NiTo,"Loader Rickshaw",2,Distance,5,1,-,-,-,-
2410,19856,19/08/2026,LWMC,"Tehsil Office, Nishter Town",S-280,"Bulk Waste Collection",45.493,2H43M,162.51,31.446593000,74.392977000,still,off,"19/08/2026 10:49 AM","19/08/2026 11:00 AM",LWMC-NiTo,"Mini Dumper",2,Distance,5,1,-,-,-,-
2411,18672,19/08/2026,LWMC,"Tehsil Office, Nishter Town",C-748,"Container-Based Collection",100.192,5H8M,307.86,31.308005000,74.395920000,moving,on,"19/08/2026 10:58 AM","19/08/2026 11:00 AM",LWMC-NiTo,"Compactor (7CM)",3,Distance,10,1,-,-,-,-
2412,19869,19/08/2026,LWMC,"Tehsil Office, Nishter Town",M-108,"Bulk Waste Collection",-,0H0M,-,31.478658000,74.343822000,still,off,"19/08/2026 10:46 AM","19/08/2026 11:00 AM",LWMC-NiTo,"Mini Dumper",2,Distance,5,-,-,-,-,-
2413,61033,19/08/2026,LWMC,"Tehsil Office, Nishter Town",LR-0102,"Door To Door Collection",24.925,1H13M,72.71,31.410535000,74.378429000,moving,on,"19/08/2026 10:58 AM","19/08/2026 11:00 AM",LWMC-NiTo,"Loader Rickshaw",2,Distance,5,-,-,-,-,-
2414,61024,19/08/2026,LWMC,"Tehsil Office, Nishter Town",C13-85,"Bulk Waste Collection",81.368,5H19M,319.31,31.429708000,74.306548000,moving,on,"19/08/2026 10:58 AM","19/08/2026 11:00 AM",LWMC-NiTo,"Compactor (13CM)",3,Distance,10,1,-,-,-,-
2415,60892,19/08/2026,LWMC,"Tehsil Office, Nishter Town",C10-192,"Bulk Waste Collection",45.764,2H23M,143.06,31.376198000,74.351330000,moving,on,"19/08/2026 10:58 AM","19/08/2026 11:00 AM",LWMC-NiTo,"Dumper (10CM)",3,Ignition,-,-,-,-,-,-
2416,-,19/08/2026,LWMC,"Tehsil Office, Nishter Town",LR-1884,-,18.686,1H12M,72.48,31.446413000,74.358907000,still,off,"19/08/2026 10:59 AM","19/08/2026 11:00 AM",LWMC-NiTo,-,-,-,-,-,-,-,-,-
2417,19899,19/08/2026,LWMC,"Tehsil Office, Nishter Town",M-101,"Bulk Waste Collection",63.218,3H6M,186.19,31.478612000,74.344018000,still,off,"19/08/2026 10:50 AM","19/08/2026 11:00 AM",LWMC-NiTo,"Mini Dumper",2,Distance,5,1,-,-,-,-
2418,19884,19/08/2026,LWMC,"Tehsil Office, Nishter Town",S-225,"Bulk Waste Collection",38.432,3H19M,199.16,31.449073000,74.354288000,moving,on,"19/08/2026 10:59 AM","19/08/2026 11:00 AM",LWMC-NiTo,"Mini Dumper",2,Distance,5,1,-,-,-,-
2419,61266,19/08/2026,LWMC,"Tehsil Office, Nishter Town",LR-2351,"Door To Door Collection",-,0H0M,-,31.438755000,74.355303000,still,off,"19/08/2026 10:50 AM","19/08/2026 11:00 AM",LWMC-NiTo,"Loader Rickshaw",2,Distance,5,-,-,-,-,-
2420,-,19/08/2026,LWMC,"Tehsil Office, Nishter Town",LR-0105,-,17.217,5H6M,306.03,31.443613000,74.306945000,moving,on,"19/08/2026 10:57 AM","19/08/2026 11:00 AM",LWMC-NiTo,-,-,-,-,-,-,-,-,-
2421,61039,19/08/2026,LWMC,"Tehsil Office, Nishter Town",LR-3030,"Door To Door Collection",20.541,1H29M,88.68,31.373617000,74.352772000,still,off,"19/08/2026 10:57 AM","19/08/2026 11:00 AM",LWMC-NiTo,"Loader Rickshaw",2,Distance,5,-,-,-,-,-
2422,61280,19/08/2026,LWMC,"Tehsil Office, Nishter Town",LR-2854,"Door To Door Collection",37.546,1H46M,106.2,31.388271000,74.274438000,still,off,"19/08/2026 10:57 AM","19/08/2026 11:00 AM",LWMC-NiTo,"Loader Rickshaw",2,Distance,5,-,-,-,-,-
2423,19891,19/08/2026,LWMC,"Tehsil Office, Nishter Town",S-284,"Bulk Waste Collection",66.081,3H60M,239.66,31.458220000,74.350642000,moving,on,"19/08/2026 10:57 AM","19/08/2026 11:00 AM",LWMC-NiTo,"Mini Dumper",2,Distance,5,1,-,-,-,-
2424,61044,19/08/2026,LWMC,"Tehsil Office, Nishter Town",LR-1525,"Door To Door Collection",18.671,1H23M,83.13,31.388293000,74.362156000,moving,on,"19/08/2026 11:00 AM","19/08/2026 11:00 AM",LWMC-NiTo,"Loader Rickshaw",2,Distance,5,-,-,-,-,-
2425,-,19/08/2026,LWMC,"Tehsil Office, Nishter Town",LR-0614,-,-,0H0M,-,31.484878000,74.302210000,still,off,"19/08/2026 10:47 AM","19/08/2026 11:00 AM",LWMC-NiTo,-,-,-,-,-,-,-,-,-
2426,19861,19/08/2026,LWMC,"Tehsil Office, Nishter Town",S-201,"Bulk Waste Collection",50.033,2H38M,158.13,31.410095000,74.390590000,moving,on,"19/08/2026 10:58 AM","19/08/2026 11:00 AM",LWMC-NiTo,"Mini Dumper",2,Distance,5,1,-,-,-,-
2427,-,19/08/2026,LWMC,"Tehsil Office, Nishter Town",LR-1773,-,12.972,0H46M,45.88,31.443778000,74.356019000,still,off,"19/08/2026 10:57 AM","19/08/2026 11:00 AM",LWMC-NiTo,-,-,-,-,-,-,-,-,-
2428,61997,19/08/2026,LWMC,"Tehsil Office, Nishter Town",LR-1763,"Door To Door Collection",13.332,1H7M,67.45,31.349926000,74.372463000,still,off,"19/08/2026 10:58 AM","19/08/2026 11:00 AM",LWMC-NiTo,"Loader Rickshaw",2,Distance,5,-,-,-,-,-
2429,-,19/08/2026,LWMC,"Tehsil Office, Nishter Town",S-369,-,71.995,2H27M,146.68,31.478658000,74.344010000,still,off,"19/08/2026 10:46 AM","19/08/2026 11:00 AM",LWMC-NiTo,-,-,-,-,-,-,-,-,-
2430,19883,19/08/2026,LWMC,"Tehsil Office, Nishter Town",S-22,"Bulk Waste Collection",57.263,3H52M,232.15,31.441822000,74.317612000,moving,on,"19/08/2026 10:58 AM","19/08/2026 11:00 AM",LWMC-NiTo,"Mini Dumper",2,Distance,5,1,-,-,-,-
2431,61056,19/08/2026,LWMC,"Tehsil Office, Nishter Town",LR-0870,"Door To Door Collection",-,0H0M,-,31.363082000,74.367430000,still,off,"19/08/2026 10:44 AM","19/08/2026 11:00 AM",LWMC-NiTo,"Loader Rickshaw",2,Distance,5,-,-,-,-,-
2432,19895,19/08/2026,LWMC,"Tehsil Office, Nishter Town",S-126,"Bulk Waste Collection",64.533,3H50M,229.83,31.449458000,74.311417000,still,off,"19/08/2026 10:48 AM","19/08/2026 11:00 AM",LWMC-NiTo,"Mini Dumper",2,Distance,5,1,-,-,-,-
2433,59876,19/08/2026,LWMC,"Tehsil Office, Nishter Town",D-71,"Bulk Waste Collection",7.749,1H30M,89.76,31.478668000,74.343978000,still,off,"19/08/2026 10:46 AM","19/08/2026 11:00 AM",LWMC-NiTo,"Dumper (10CM)",3,Ignition,-,-,-,-,-,-
2434,19857,19/08/2026,LWMC,"Tehsil Office, Nishter Town",S-309,"Bulk Waste Collection",-,0H0M,-,31.478193000,74.344052000,still,off,"19/08/2026 10:47 AM","19/08/2026 11:00 AM",LWMC-NiTo,"Mini Dumper",2,Distance,5,-,-,-,-,-
2435,19868,19/08/2026,LWMC,"Tehsil Office, Nishter Town",S-09,"Bulk Waste Collection",39.225,2H27M,146.94,31.360933000,74.424525000,moving,on,"19/08/2026 10:57 AM","19/08/2026 11:00 AM",LWMC-NiTo,"Mini Dumper",2,Distance,5,1,-,-,-,-
2436,19890,19/08/2026,LWMC,"Tehsil Office, Nishter Town",S-13,"Bulk Waste Collection",-,0H0M,-,31.449343000,74.311338000,still,off,"19/08/2026 10:49 AM","19/08/2026 11:00 AM",LWMC-NiTo,"Mini Dumper",2,Distance,5,-,-,-,-,-
2437,19874,19/08/2026,LWMC,"Tehsil Office, Nishter Town",S-60,"Bulk Waste Collection",49.326,2H26M,145.81,31.426423000,74.370550000,moving,on,"19/08/2026 10:59 AM","19/08/2026 11:00 AM",LWMC-NiTo,"Mini Dumper",2,Distance,5,1,-,-,-,-
2438,19901,19/08/2026,LWMC,"Tehsil Office, Nishter Town",S-35,"Bulk Waste Collection",30.164,1H40M,100.25,31.449123000,74.353583000,moving,on,"19/08/2026 10:56 AM","19/08/2026 11:00 AM",LWMC-NiTo,"Mini Dumper",2,Distance,5,-,-,-,-,-
2439,60878,19/08/2026,LWMC,"Tehsil Office, Nishter Town",LR-2199,"Door To Door Collection",22.755,5H33M,332.96,31.432470000,74.302863000,moving,on,"19/08/2026 10:59 AM","19/08/2026 11:00 AM",LWMC-NiTo,"Loader Rickshaw",2,Distance,5,1,-,-,-,-
2440,60735,19/08/2026,LWMC,"Tehsil Office, Nishter Town",LR-0185,"Door To Door Collection",34.67,2H15M,135.34,31.438761000,74.370647000,moving,on,"19/08/2026 10:59 AM","19/08/2026 11:00 AM",LWMC-NiTo,"Loader Rickshaw",2,Distance,5,1,-,-,-,-
2441,19877,19/08/2026,LWMC,"Tehsil Office, Nishter Town",S-129,"Bulk Waste Collection",52.577,2H48M,167.94,31.388583000,74.344212000,moving,on,"19/08/2026 10:55 AM","19/08/2026 11:00 AM",LWMC-NiTo,"Mini Dumper",2,Distance,5,1,-,-,-,-
2442,61324,19/08/2026,LWMC,"Tehsil Office, Nishter Town",LR-1774,"Door To Door Collection",15.552,0H59M,59.14,31.349979000,74.372644000,still,off,"19/08/2026 10:58 AM","19/08/2026 11:00 AM",LWMC-NiTo,"Loader Rickshaw",2,Distance,5,-,-,-,-,-
2443,61767,19/08/2026,LWMC,"Tehsil Office, Nishter Town",LR-3025,"Door To Door Collection",11.153,0H59M,59.16,31.443509000,74.375805000,still,off,"19/08/2026 10:56 AM","19/08/2026 11:00 AM",LWMC-NiTo,"Loader Rickshaw",2,Distance,5,-,-,-,-,-
2444,61769,19/08/2026,LWMC,"Tehsil Office, Nishter Town",LR-1752,"Door To Door Collection",-,0H0M,-,31.426195000,74.357108000,still,off,"19/08/2026 10:47 AM","19/08/2026 11:00 AM",LWMC-NiTo,"Loader Rickshaw",2,Distance,5,-,-,-,-,-
2445,19879,19/08/2026,LWMC,"Tehsil Office, Nishter Town",S-220,"Bulk Waste Collection",37.463,1H49M,109.13,31.446917000,74.354520000,still,off,"19/08/2026 10:57 AM","19/08/2026 11:00 AM",LWMC-NiTo,"Mini Dumper",2,Distance,5,-,-,-,-,-
2446,61380,19/08/2026,LWMC,"Tehsil Office, Nishter Town",LR-0319,"Door To Door Collection",-,0H0M,-,31.455109000,74.335180000,still,off,"19/08/2026 10:57 AM","19/08/2026 11:00 AM",LWMC-NiTo,"Loader Rickshaw",2,Distance,5,-,-,-,-,-
2447,61329,19/08/2026,LWMC,"Tehsil Office, Nishter Town",LR-0116,"Door To Door Collection",27.439,1H37M,97.11,31.422428000,74.354731000,moving,on,"19/08/2026 10:53 AM","19/08/2026 11:00 AM",LWMC-NiTo,"Loader Rickshaw",2,Distance,5,-,-,-,-,-
2448,18472,19/08/2026,LWMC,"Tehsil Office, Nishter Town",CA-162,"Container-Based Collection",-,0H0M,-,31.449290000,74.311158000,still,off,"19/08/2026 10:48 AM","19/08/2026 11:00 AM",LWMC-NiTo,"Chain Arm Roll",3,Distance,10,-,-,-,-,-
2449,-,19/08/2026,LWMC,"Tehsil Office, Nishter Town",LR-0506,-,19.749,3H33M,213.05,31.604398000,74.409750000,still,off,"19/08/2026 10:55 AM","19/08/2026 11:00 AM",LWMC-NiTo,-,-,-,-,-,-,-,-,-
2450,-,19/08/2026,LWMC,"Tehsil Office, Nishter Town",LR-417,-,29.12,1H19M,79.09,31.422326000,74.456649000,still,off,"19/08/2026 10:57 AM","19/08/2026 11:00 AM",LWMC-NiTo,-,-,-,-,-,-,-,-,-
2451,60531,19/08/2026,LWMC,"Tehsil Office, Nishter Town",LR-0085,"Door To Door Collection",23.427,1H15M,74.61,31.380683000,74.385962000,still,off,"19/08/2026 10:57 AM","19/08/2026 11:00 AM",LWMC-NiTo,"Loader Rickshaw",2,Distance,5,-,-,-,-,-
2452,60981,19/08/2026,LWMC,"Tehsil Office, Nishter Town",LR-2842,"Door To Door Collection",25.14,6H48M,407.66,31.411571000,74.369493000,still,off,"19/08/2026 10:57 AM","19/08/2026 11:00 AM",LWMC-NiTo,"Loader Rickshaw",2,Distance,5,1,-,-,-,-
2453,60083,19/08/2026,LWMC,"Tehsil Office, Nishter Town",D33,"Bulk Waste Collection",72.114,4H13M,253.15,31.447887000,74.437080000,still,off,"19/08/2026 10:56 AM","19/08/2026 11:00 AM",LWMC-NiTo,"Dumper (10CM)",3,Ignition,-,1,-,-,-,-
2454,19887,19/08/2026,LWMC,"Tehsil Office, Nishter Town",S-124,"Bulk Waste Collection",62.558,2H31M,151.4,31.447658000,74.313865000,still,off,"19/08/2026 10:47 AM","19/08/2026 11:00 AM",LWMC-NiTo,"Mini Dumper",2,Distance,5,1,-,-,-,-
2455,19862,19/08/2026,LWMC,"Tehsil Office, Nishter Town",S-202,"Bulk Waste Collection",58.835,3H1M,181.36,31.449485000,74.311310000,still,off,"19/08/2026 10:49 AM","19/08/2026 11:00 AM",LWMC-NiTo,"Mini Dumper",2,Distance,5,1,-,-,-,-
2456,61394,19/08/2026,LWMC,"Tehsil Office, Nishter Town",LR-2852,"Door To Door Collection",28.415,1H24M,84.45,31.389295000,74.340658000,still,off,"19/08/2026 10:58 AM","19/08/2026 11:00 AM",LWMC-NiTo,"Loader Rickshaw",2,Distance,5,-,-,-,-,-
2457,19863,19/08/2026,LWMC,"Tehsil Office, Nishter Town",S-218,"Bulk Waste Collection",5.118,0H34M,34.1,31.478605000,74.344045000,still,off,"19/08/2026 10:31 AM","19/08/2026 11:00 AM",LWMC-NiTo,"Mini Dumper",2,Distance,5,-,-,-,-,-
2458,61364,19/08/2026,LWMC,"Tehsil Office, Nishter Town",LR-2837,"Door To Door Collection",24.748,1H23M,82.95,31.403810000,74.372648000,still,off,"19/08/2026 10:58 AM","19/08/2026 11:00 AM",LWMC-NiTo,"Loader Rickshaw",2,Distance,5,-,-,-,-,-
2459,60679,19/08/2026,LWMC,"Tehsil Office, Nishter Town",LR-1521,"Door To Door Collection",-,0H0M,-,31.448693000,74.341235000,still,off,"19/08/2026 10:47 AM","19/08/2026 11:00 AM",LWMC-NiTo,"Loader Rickshaw",2,Distance,5,-,-,-,-,-
2460,18471,19/08/2026,LWMC,"Tehsil Office, Nishter Town",CA-81,"Container-Based Collection",65.309,5H12M,312.43,31.419307000,74.358612000,moving,on,"19/08/2026 10:58 AM","19/08/2026 11:00 AM",LWMC-NiTo,"Chain Arm Roll",3,Distance,10,1,-,-,-,-
2461,18673,19/08/2026,LWMC,"Tehsil Office, Nishter Town",C-747,"Container-Based Collection",112.326,5H44M,343.64,31.447068000,74.320487000,moving,on,"19/08/2026 10:58 AM","19/08/2026 11:00 AM",LWMC-NiTo,"Compactor (7CM)",3,Distance,10,1,-,-,-,-
2462,18676,19/08/2026,LWMC,"Tehsil Office, Nishter Town",C-702,"Container-Based Collection",66.783,5H22M,321.55,31.428553000,74.366325000,moving,on,"19/08/2026 10:58 AM","19/08/2026 11:00 AM",LWMC-NiTo,"Compactor (7CM)",3,Distance,10,1,-,-,-,-
2463,-,19/08/2026,LWMC,"Tehsil Office, Nishter Town",M-94,-,69.727,2H40M,159.76,31.368563000,74.199127000,moving,on,"19/08/2026 10:11 AM","19/08/2026 11:00 AM",LWMC-NiTo,-,-,-,-,-,-,-,-,-
2464,60876,19/08/2026,LWMC,"Tehsil Office, Nishter Town",LR-0115,"Door To Door Collection",20.416,1H9M,68.83,31.423443000,74.305429000,still,off,"19/08/2026 10:58 AM","19/08/2026 11:00 AM",LWMC-NiTo,"Loader Rickshaw",2,Distance,5,-,-,-,-,-
2465,-,19/08/2026,LWMC,"Tehsil Office, Nishter Town",LR-2696,-,17.365,1H5M,64.61,31.431252000,74.301976000,still,off,"19/08/2026 10:57 AM","19/08/2026 11:00 AM",LWMC-NiTo,-,-,-,-,-,-,-,-,-
2466,61238,19/08/2026,LWMC,"Tehsil Office, Nishter Town",LR-1775,"Door To Door Collection",37.39,2H3M,122.98,31.388079000,74.349050000,moving,on,"19/08/2026 10:58 AM","19/08/2026 11:00 AM",LWMC-NiTo,"Loader Rickshaw",2,Distance,5,1,-,-,-,-
2467,60205,19/08/2026,LWMC,"Tehsil Office, Nishter Town",MFL-63,"Bulk Waste Collection",-,0H0M,-,31.449207000,74.311175000,still,off,"19/08/2026 10:55 AM","19/08/2026 11:00 AM",LWMC-NiTo,"Tractor Loader",3,Ignition,-,-,-,-,-,-
2468,61328,19/08/2026,LWMC,"Tehsil Office, Nishter Town",LR-2725,"Door To Door Collection",19.267,1H49M,109.01,31.281600000,74.357147000,moving,on,"19/08/2026 11:00 AM","19/08/2026 11:00 AM",LWMC-NiTo,"Loader Rickshaw",2,Distance,5,-,-,-,-,-
2469,60343,19/08/2026,LWMC,"Tehsil Office, Nishter Town",MFL-72,"Bulk Waste Collection",29.186,4H53M,292.83,31.448033000,74.437063000,still,off,"19/08/2026 10:58 AM","19/08/2026 11:00 AM",LWMC-NiTo,"Tractor Loader",3,Ignition,-,1,-,-,-,-
2470,60445,19/08/2026,LWMC,"Tehsil Office, Nishter Town",LR-0079,"Door To Door Collection",-,0H0M,-,31.374723000,74.360233000,still,off,"19/08/2026 10:46 AM","19/08/2026 11:00 AM",LWMC-NiTo,"Loader Rickshaw",2,Distance,5,-,-,-,-,-
2471,19897,19/08/2026,LWMC,"Tehsil Office, Nishter Town",S-216,"Bulk Waste Collection",82.961,3H60M,239.63,31.430635000,74.311175000,moving,on,"19/08/2026 10:58 AM","19/08/2026 11:00 AM",LWMC-NiTo,"Mini Dumper",2,Distance,5,1,-,-,-,-
2472,-,19/08/2026,LWMC,"Tehsil Office, Nishter Town",LR-1762,-,29.177,2H3M,123.43,31.443727000,74.375706000,moving,on,"19/08/2026 10:59 AM","19/08/2026 11:00 AM",LWMC-NiTo,-,-,-,-,-,-,-,-,-
2473,60739,19/08/2026,LWMC,"Tehsil Office, Nishter Town",LR-0107,"Door To Door Collection",23.187,1H38M,98.41,31.388486000,74.346008000,still,off,"19/08/2026 10:58 AM","19/08/2026 11:00 AM",LWMC-NiTo,"Loader Rickshaw",2,Distance,5,-,-,-,-,-
2474,19872,19/08/2026,LWMC,"Tehsil Office, Nishter Town",M-128,"Bulk Waste Collection",42.709,2H36M,155.81,31.390478000,74.315777000,still,off,"19/08/2026 10:46 AM","19/08/2026 11:00 AM",LWMC-NiTo,"Mini Dumper",2,Distance,5,1,-,-,-,-
2475,19896,19/08/2026,LWMC,"Tehsil Office, Nishter Town",M-100,"Bulk Waste Collection",33.052,3H21M,201.11,31.387867000,74.363287000,moving,on,"19/08/2026 10:58 AM","19/08/2026 11:00 AM",LWMC-NiTo,"Mini Dumper",2,Distance,5,1,-,-,-,-
2476,60685,19/08/2026,LWMC,"Tehsil Office, Nishter Town",LR-2004,"Door To Door Collection",16.433,1H37M,97.23,31.388613000,74.344955000,still,off,"19/08/2026 10:58 AM","19/08/2026 11:00 AM",LWMC-NiTo,"Loader Rickshaw",2,Distance,5,-,-,-,-,-
2477,61743,19/08/2026,LWMC,"Tehsil Office, Nishter Town",LR-1936,"Door To Door Collection",29.483,4H35M,275.08,31.440402000,74.374153000,moving,on,"19/08/2026 10:59 AM","19/08/2026 11:00 AM",LWMC-NiTo,"Loader Rickshaw",2,Distance,5,1,-,-,-,-
2478,-,19/08/2026,LWMC,"Tehsil Office, Nishter Town",LR-3036,-,-,0H0M,-,31.532256000,74.360709000,still,off,"19/08/2026 10:57 AM","19/08/2026 11:00 AM",LWMC-NiTo,-,-,-,-,-,-,-,-,-
2479,19880,19/08/2026,LWMC,"Tehsil Office, Nishter Town",S-209,"Bulk Waste Collection",34.098,2H6M,125.61,31.378220000,74.352538000,moving,on,"19/08/2026 10:59 AM","19/08/2026 11:00 AM",LWMC-NiTo,"Mini Dumper",2,Distance,5,1,-,-,-,-
2480,60345,19/08/2026,LWMC,"Tehsil Office, Nishter Town",MFL-73,"Bulk Waste Collection",12.033,4H31M,271.41,31.449685000,74.366518000,still,off,"19/08/2026 10:58 AM","19/08/2026 11:00 AM",LWMC-NiTo,"Tractor Loader",3,Ignition,-,1,-,-,-,-
2481,19865,19/08/2026,LWMC,"Tehsil Office, Nishter Town",S-370,"Bulk Waste Collection",-,0H0M,-,31.449447000,74.311233000,still,off,"19/08/2026 10:49 AM","19/08/2026 11:00 AM",LWMC-NiTo,"Mini Dumper",2,Distance,5,-,-,-,-,-
2482,60705,19/08/2026,LWMC,"Tehsil Office, Nishter Town",LR-0120,"Door To Door Collection",36.978,1H47M,107.18,31.320266000,74.410842000,still,off,"19/08/2026 10:57 AM","19/08/2026 11:00 AM",LWMC-NiTo,"Loader Rickshaw",2,Distance,5,-,-,-,-,-
2483,18468,19/08/2026,LWMC,"Tehsil Office, Nishter Town",CA-83,"Container-Based Collection",54.455,2H46M,166.11,31.397265000,74.361400000,moving,on,"19/08/2026 10:58 AM","19/08/2026 11:00 AM",LWMC-NiTo,"Chain Arm Roll",3,Distance,10,-,-,-,-,-
2484,19893,19/08/2026,LWMC,"Tehsil Office, Nishter Town",S-39,"Bulk Waste Collection",48.766,2H27M,146.83,31.411470000,74.361812000,moving,on,"19/08/2026 10:59 AM","19/08/2026 11:00 AM",LWMC-NiTo,"Mini Dumper",2,Distance,5,1,-,-,-,-
2485,19871,19/08/2026,LWMC,"Tehsil Office, Nishter Town",S-132,"Bulk Waste Collection",46.363,2H30M,149.98,31.394587000,74.309155000,moving,on,"19/08/2026 10:59 AM","19/08/2026 11:00 AM",LWMC-NiTo,"Mini Dumper",2,Distance,5,1,-,-,-,-
2486,19876,19/08/2026,LWMC,"Tehsil Office, Nishter Town",S-293,"Bulk Waste Collection",42.967,1H29M,88.88,31.479118000,74.344342000,moving,on,"19/08/2026 10:56 AM","19/08/2026 11:00 AM",LWMC-NiTo,"Mini Dumper",2,Distance,5,-,-,-,-,-
2487,60178,19/08/2026,LWMC,"Tehsil Office, Nishter Town",LR-0906,"Door To Door Collection",12.677,0H46M,46.16,31.418188000,74.398543000,moving,on,"19/08/2026 11:00 AM","19/08/2026 11:00 AM",LWMC-NiTo,"Loader Rickshaw",2,Distance,5,-,-,-,-,-
2488,61332,19/08/2026,LWMC,"Tehsil Office, Nishter Town",LR-1758,"Door To Door Collection",18.591,1H3M,62.53,31.393271000,74.311553000,still,off,"19/08/2026 10:58 AM","19/08/2026 11:00 AM",LWMC-NiTo,"Loader Rickshaw",2,Distance,5,-,-,-,-,-
2489,60709,19/08/2026,LWMC,"Tehsil Office, Nishter Town",LR-2690,"Door To Door Collection",15.511,0H54M,54.03,31.459693000,74.346852000,still,off,"19/08/2026 10:57 AM","19/08/2026 11:00 AM",LWMC-NiTo,"Loader Rickshaw",2,Distance,5,-,-,-,-,-
2490,61057,19/08/2026,LWMC,"Tehsil Office, Nishter Town",LR-0109,"Door To Door Collection",11.87,0H31M,31.11,31.407343000,74.364895000,still,off,"19/08/2026 10:45 AM","19/08/2026 11:00 AM",LWMC-NiTo,"Loader Rickshaw",2,Distance,5,-,-,-,-,-
2491,-,19/08/2026,LWMC,"Tehsil Office, Nishter Town",CH-RP150K09648,-,12.559,3H34M,213.76,31.455347000,74.312287000,moving,on,"19/08/2026 10:57 AM","19/08/2026 11:00 AM",LWMC-NiTo,-,-,-,-,-,-,-,-,-
2492,61273,19/08/2026,LWMC,"Tehsil Office, Nishter Town",LR-1889,"Door To Door Collection",15.283,1H6M,65.73,31.453209000,74.351054000,moving,on,"19/08/2026 10:57 AM","19/08/2026 11:00 AM",LWMC-NiTo,"Loader Rickshaw",2,Distance,5,-,-,-,-,-
2493,60586,19/08/2026,LWMC,"Tehsil Office, Nishter Town",LR-2352,"Door To Door Collection",30.191,3H22M,201.59,31.440430000,74.388070000,still,off,"19/08/2026 10:57 AM","19/08/2026 11:00 AM",LWMC-NiTo,"Loader Rickshaw",2,Distance,5,1,-,-,-,-
2494,-,19/08/2026,LWMC,"Tehsil Office, Nishter Town",LR-0002,-,36.468,8H43M,522.58,31.421467000,74.357933000,moving,on,"19/08/2026 10:59 AM","19/08/2026 11:00 AM",LWMC-NiTo,-,-,-,-,-,-,-,-,-
2495,-,19/08/2026,LWMC,"Tehsil Office, Nishter Town",LR-2213,-,17.081,2H45M,165.43,31.445868000,74.298523000,moving,on,"19/08/2026 10:50 AM","19/08/2026 11:00 AM",LWMC-NiTo,-,-,-,-,-,-,-,-,-
2496,18585,19/08/2026,LWMC,"Tehsil Office, Nishter Town",C-1309,"Container-Based Collection",126.97,9H12M,552.16,31.440668000,74.300153000,still,off,"19/08/2026 10:58 AM","19/08/2026 11:00 AM",LWMC-NiTo,"Compactor (13CM)",3,Distance,10,1,-,-,-,-
2497,-,19/08/2026,LWMC,"Tehsil Office, Nishter Town",LR-1892,-,12.591,0H51M,51.35,31.461417000,74.343566000,still,off,"19/08/2026 10:57 AM","19/08/2026 11:00 AM",LWMC-NiTo,-,-,-,-,-,-,-,-,-
2498,-,19/08/2026,LWMC,"Tehsil Office, Nishter Town",LR-3046,-,17.326,2H36M,155.98,31.432816000,74.179758000,moving,on,"19/08/2026 10:58 AM","19/08/2026 11:00 AM",LWMC-NiTo,-,-,-,-,-,-,-,-,-
2499,19848,19/08/2026,LWMC,"Tehsil Office, Nishter Town",M-65,"Bulk Waste Collection",42.372,3H28M,207.66,31.356428000,74.464308000,still,off,"19/08/2026 10:57 AM","19/08/2026 11:00 AM",LWMC-NiTo,"Mini Dumper",2,Distance,5,1,-,-,-,-
2500,61744,19/08/2026,LWMC,"Tehsil Office, Nishter Town",LR-0335,"Door To Door Collection",23.218,1H59M,118.81,31.448163000,74.388819000,moving,on,"19/08/2026 10:59 AM","19/08/2026 11:00 AM",LWMC-NiTo,"Loader Rickshaw",2,Distance,5,-,-,-,-,-
2501,-,19/08/2026,LWMC,"Tehsil Office, Nishter Town",LR-0108,-,14.592,1H33M,93.11,31.437938000,74.309492000,moving,on,"19/08/2026 10:56 AM","19/08/2026 11:00 AM",LWMC-NiTo,-,-,-,-,-,-,-,-,-
2502,-,19/08/2026,LWMC,"Tehsil Office, Nishter Town",LR-0009,-,38.635,4H49M,288.78,31.425595000,74.372137000,still,off,"19/08/2026 10:47 AM","19/08/2026 11:00 AM",LWMC-NiTo,-,-,-,-,-,-,-,-,-
2503,-,19/08/2026,LWMC,"Tehsil Office, Nishter Town",LR-2693,-,12.064,1H18M,78.2,31.457720000,74.305278000,still,off,"19/08/2026 10:58 AM","19/08/2026 11:00 AM",LWMC-NiTo,-,-,-,-,-,-,-,-,-
2504,60729,19/08/2026,LWMC,"Tehsil Office, Nishter Town",LR-2358,"Door To Door Collection",19.693,2H31M,150.58,31.453983000,74.370843000,still,off,"19/08/2026 10:57 AM","19/08/2026 11:00 AM",LWMC-NiTo,"Loader Rickshaw",2,Distance,5,1,-,-,-,-
2505,-,19/08/2026,LWMC,"Tehsil Office, Nishter Town",LR-0103,-,35.888,7H6M,425.96,31.418283000,74.362243000,still,off,"19/08/2026 10:58 AM","19/08/2026 11:00 AM",LWMC-NiTo,-,-,-,-,-,-,-,-,-
2506,60566,19/08/2026,LWMC,"Tehsil Office, Nishter Town",LR-1772,"Door To Door Collection",11.422,0H49M,49.48,31.372869000,74.361622000,still,off,"19/08/2026 10:57 AM","19/08/2026 11:00 AM",LWMC-NiTo,"Loader Rickshaw",2,Distance,5,-,-,-,-,-
2507,60116,19/08/2026,LWMC,"Tehsil Office, Nishter Town",C-1388,"Bulk Waste Collection",104.263,9H40M,580.23,31.442762000,74.396850000,moving,on,"19/08/2026 10:51 AM","19/08/2026 11:00 AM",LWMC-NiTo,"Compactor (13CM)",3,Distance,10,1,-,-,-,-
2508,19894,19/08/2026,LWMC,"Tehsil Office, Nishter Town",S-46,"Bulk Waste Collection",1.006,0H9M,9.38,31.478572000,74.343986000,moving,on,"19/08/2026 10:07 AM","19/08/2026 11:00 AM",LWMC-NiTo,"Mini Dumper",2,Distance,5,-,-,-,-,-
2509,60896,19/08/2026,LWMC,"Tehsil Office, Nishter Town",D-40,"Bulk Waste Collection",24.077,1H43M,102.51,31.393268000,74.360350000,moving,on,"19/08/2026 10:59 AM","19/08/2026 11:00 AM",LWMC-NiTo,"Dumper (10CM)",3,Ignition,-,-,-,-,-,-
2510,18584,19/08/2026,LWMC,"Tehsil Office, Nishter Town",C-1390,"Container-Based Collection",122.161,9H6M,546.48,31.292124000,74.403526000,still,off,"19/08/2026 10:57 AM","19/08/2026 11:00 AM",LWMC-NiTo,"Compactor (13CM)",3,Distance,10,1,-,-,-,-
2511,-,19/08/2026,LWMC,"Tehsil Office, Nishter Town",LR-1891,-,12.945,1H33M,93.34,31.440060000,74.374847000,moving,on,"19/08/2026 10:59 AM","19/08/2026 11:00 AM",LWMC-NiTo,-,-,-,-,-,-,-,-,-
2512,18588,19/08/2026,LWMC,"Tehsil Office, Nishter Town",C-1389,"Container-Based Collection",141.02,8H45M,525.38,31.461847000,74.340608000,moving,on,"19/08/2026 11:00 AM","19/08/2026 11:00 AM",LWMC-NiTo,"Compactor (13CM)",3,Distance,10,1,-,-,-,-
2513,18395,19/08/2026,LWMC,"Tehsil Office, Nishter Town",ISA-296,"Container-Based Collection",159.938,5H52M,351.58,31.449307000,74.311048000,still,off,"19/08/2026 10:57 AM","19/08/2026 11:00 AM",LWMC-NiTo,"Arm Roll Truck",3,Distance,10,1,-,-,-,-
2514,61350,19/08/2026,LWMC,"Tehsil Office, Nishter Town",LR-2863,"Door To Door Collection",16.135,8H40M,520.18,31.451629000,74.299255000,moving,on,"19/08/2026 10:57 AM","19/08/2026 11:00 AM",LWMC-NiTo,"Loader Rickshaw",2,Distance,5,1,-,-,-,-
2515,61360,19/08/2026,LWMC,"Tehsil Office, Nishter Town",LR-2706,"Door To Door Collection",19.08,1H27M,87.36,31.440327000,74.353819000,still,off,"19/08/2026 10:57 AM","19/08/2026 11:00 AM",LWMC-NiTo,"Loader Rickshaw",2,Distance,5,-,-,-,-,-
2516,60055,19/08/2026,LWMC,"Tehsil Office, Nishter Town",SD-18,"Bulk Waste Collection",70.594,3H45M,225.13,31.388691000,74.344557000,still,off,"19/08/2026 10:08 AM","19/08/2026 11:00 AM",LWMC-NiTo,"Dumper (10CM)",3,Ignition,-,1,-,-,-,-
2517,60870,19/08/2026,LWMC,"Tehsil Office, Nishter Town",LR-2689,"Door To Door Collection",21.595,1H40M,99.53,31.446188000,74.361592000,moving,on,"19/08/2026 10:59 AM","19/08/2026 11:00 AM",LWMC-NiTo,"Loader Rickshaw",2,Distance,5,-,-,-,-,-
2518,61340,19/08/2026,LWMC,"Tehsil Office, Nishter Town",LR-0785,"Door To Door Collection",24.135,3H2M,181.56,31.374597000,74.347192000,moving,on,"19/08/2026 10:59 AM","19/08/2026 11:00 AM",LWMC-NiTo,"Loader Rickshaw",2,Distance,5,1,-,-,-,-
2519,-,19/08/2026,LWMC,"Tehsil Office, Nishter Town",LR-0114,-,23.022,6H26M,386.3,31.448729000,74.368370000,moving,on,"19/08/2026 11:00 AM","19/08/2026 11:00 AM",LWMC-NiTo,-,-,-,-,-,-,-,-,-
2520,-,19/08/2026,LWMC,"Tehsil Office, Nishter Town",LR-2222,-,26.683,1H36M,96.2,31.418932000,74.305794000,still,off,"19/08/2026 10:58 AM","19/08/2026 11:00 AM",LWMC-NiTo,-,-,-,-,-,-,-,-,-
2521,-,19/08/2026,LWMC,"Tehsil Office, Nishter Town",LR-3026,-,26.857,2H17M,137.23,31.426484000,74.289928000,moving,on,"19/08/2026 10:53 AM","19/08/2026 11:00 AM",LWMC-NiTo,-,-,-,-,-,-,-,-,-
2522,-,19/08/2026,LWMC,"Tehsil Office, Nishter Town",LR-2212,-,18.598,10H59M,659.06,31.423663000,74.352569000,moving,on,"19/08/2026 10:59 AM","19/08/2026 11:00 AM",LWMC-NiTo,-,-,-,-,-,-,-,-,-
2523,-,19/08/2026,LWMC,"Tehsil Office, Nishter Town",LR-2345,-,21.599,1H18M,78.46,31.437640000,74.360650000,moving,on,"19/08/2026 10:59 AM","19/08/2026 11:00 AM",LWMC-NiTo,-,-,-,-,-,-,-,-,-
2524,60545,19/08/2026,LWMC,"Tehsil Office, Nishter Town",LR-2731,"Door To Door Collection",19.291,4H53M,293.46,31.453013000,74.381289000,still,off,"19/08/2026 10:57 AM","19/08/2026 11:00 AM",LWMC-NiTo,"Loader Rickshaw",2,Distance,5,1,-,-,-,-
2525,19889,19/08/2026,LWMC,"Tehsil Office, Nishter Town",M-103,"Bulk Waste Collection",77.792,3H51M,231.16,31.438475000,74.345288000,moving,on,"19/08/2026 10:53 AM","19/08/2026 11:00 AM",LWMC-NiTo,"Mini Dumper",2,Distance,5,1,-,-,-,-
2526,61354,19/08/2026,LWMC,"Tehsil Office, Nishter Town",LR-2356,"Door To Door Collection",12.553,5H32M,331.53,31.456370000,74.337529000,moving,on,"19/08/2026 10:58 AM","19/08/2026 11:00 AM",LWMC-NiTo,"Loader Rickshaw",2,Distance,5,1,-,-,-,-
2527,61203,19/08/2026,LWMC,"Tehsil Office, Nishter Town",LR-1767,"Door To Door Collection",23.158,1H54M,114.46,31.441446000,74.375414000,moving,on,"19/08/2026 10:59 AM","19/08/2026 11:00 AM",LWMC-NiTo,"Loader Rickshaw",2,Distance,5,-,-,-,-,-
2528,60700,19/08/2026,LWMC,"Tehsil Office, Nishter Town",LR-2707,"Door To Door Collection",17.904,1H28M,87.68,31.421653000,74.353486000,moving,on,"19/08/2026 10:57 AM","19/08/2026 11:00 AM",LWMC-NiTo,"Loader Rickshaw",2,Distance,5,-,-,-,-,-
2529,61677,19/08/2026,LWMC,"Tehsil Office, Nishter Town",LR-0786,"Door To Door Collection",11.338,2H4M,124.2,31.388715000,74.344782000,still,off,"19/08/2026 10:46 AM","19/08/2026 11:00 AM",LWMC-NiTo,"Loader Rickshaw",2,Distance,5,1,-,-,-,-
2530,60054,19/08/2026,LWMC,"Tehsil Office, Allama Iqbal Town",LR-2913,"Door To Door Collection",26.924,3H5M,185.03,31.458147000,74.301475000,still,off,"19/08/2026 10:58 AM","19/08/2026 11:00 AM",LWMC-AlIT,"Loader Rickshaw",2,Distance,5,1,-,-,-,-
2531,60371,19/08/2026,LWMC,"Tehsil Office, Allama Iqbal Town",LR-0476,"Door To Door Collection",13.47,2H44M,164.33,31.243560000,74.210530000,still,off,"19/08/2026 09:16 AM","19/08/2026 09:30 AM",LWMC-AlIT,"Loader Rickshaw",2,Distance,5,1,-,-,-,-
2532,60190,19/08/2026,LWMC,"Tehsil Office, Allama Iqbal Town",LR-2008,"Door To Door Collection",25.674,5H59M,359.08,31.381752000,74.154221000,still,off,"19/08/2026 10:58 AM","19/08/2026 11:00 AM",LWMC-AlIT,"Loader Rickshaw",2,Distance,5,1,-,-,-,-
2533,22846,19/08/2026,LWMC,"Tehsil Office, Allama Iqbal Town",LR-0439,"Door To Door Collection",23.238,1H41M,100.7,31.399568000,74.275700000,moving,on,"19/08/2026 11:00 AM","19/08/2026 11:00 AM",LWMC-AlIT,"Loader Rickshaw",2,Distance,5,-,-,-,-,-
2534,22834,19/08/2026,LWMC,"Tehsil Office, Allama Iqbal Town",LR-0273,"Door To Door Collection",27.71,4H2M,241.93,31.462050000,74.206591000,moving,on,"19/08/2026 10:59 AM","19/08/2026 11:00 AM",LWMC-AlIT,"Loader Rickshaw",2,Distance,5,1,-,-,-,-
2535,19018,19/08/2026,LWMC,"Tehsil Office, Allama Iqbal Town",LEG-1709,"Bulk Waste Collection",9.907,3H38M,218.3,31.331916000,74.251887000,still,off,"19/08/2026 10:58 AM","19/08/2026 11:00 AM",LWMC-AlIT,Loader,3,Ignition,-,1,-,-,-,-
2536,60406,19/08/2026,LWMC,"Tehsil Office, Allama Iqbal Town",LR-0228,"Door To Door Collection",28.84,5H36M,336.5,31.283493000,74.284437000,still,off,"19/08/2026 10:58 AM","19/08/2026 11:00 AM",LWMC-AlIT,"Loader Rickshaw",2,Distance,5,1,-,-,-,-
2537,22939,19/08/2026,LWMC,"Tehsil Office, Allama Iqbal Town",LR-0844,"Door To Door Collection",39.883,2H15M,135.48,31.482621000,74.285852000,moving,on,"19/08/2026 10:58 AM","19/08/2026 11:00 AM",LWMC-AlIT,"Loader Rickshaw",2,Distance,5,1,-,-,-,-
2538,60121,19/08/2026,LWMC,"Tehsil Office, Allama Iqbal Town",LR-2966,"Door To Door Collection",31.272,2H18M,138.25,31.465023000,74.290513000,moving,on,"19/08/2026 11:00 AM","19/08/2026 11:00 AM",LWMC-AlIT,"Loader Rickshaw",2,Distance,5,1,-,-,-,-
2539,22961,19/08/2026,LWMC,"Tehsil Office, Allama Iqbal Town",LR-1010,"Door To Door Collection",28.002,6H18M,377.81,31.479902000,74.213323000,still,off,"19/08/2026 10:58 AM","19/08/2026 11:00 AM",LWMC-AlIT,"Loader Rickshaw",2,Distance,5,1,-,-,-,-
2540,23004,19/08/2026,LWMC,"Tehsil Office, Allama Iqbal Town",LR-1153,"Door To Door Collection",33.208,4H46M,286.23,31.288680000,74.081197000,still,off,"19/08/2026 10:57 AM","19/08/2026 11:00 AM",LWMC-AlIT,"Loader Rickshaw",2,Distance,5,1,-,-,-,-
2541,-,19/08/2026,LWMC,"Tehsil Office, Allama Iqbal Town",LR-0241,-,19.913,5H36M,335.73,31.573140000,74.291712000,moving,on,"19/08/2026 10:59 AM","19/08/2026 11:00 AM",LWMC-AlIT,-,-,-,-,-,-,-,-,-
2542,59767,19/08/2026,LWMC,"Tehsil Office, Allama Iqbal Town",LR-1693,"Door To Door Collection",20.084,1H20M,79.53,31.537271000,74.265484000,still,off,"19/08/2026 10:58 AM","19/08/2026 11:00 AM",LWMC-AlIT,"Loader Rickshaw",2,Distance,5,-,-,-,-,-
2543,59628,19/08/2026,LWMC,"Tehsil Office, Allama Iqbal Town",LR-1435,"Door To Door Collection",41.354,5H35M,334.53,31.306913000,74.053855000,moving,on,"19/08/2026 10:58 AM","19/08/2026 11:00 AM",LWMC-AlIT,"Loader Rickshaw",2,Distance,5,1,-,-,-,-
2544,60417,19/08/2026,LWMC,"Tehsil Office, Allama Iqbal Town",LR-1086,"Door To Door Collection",-,0H0M,-,31.275880000,74.253053000,still,off,"19/08/2026 10:45 AM","19/08/2026 11:00 AM",LWMC-AlIT,"Loader Rickshaw",2,Distance,5,-,-,-,-,-
2545,22959,19/08/2026,LWMC,"Tehsil Office, Allama Iqbal Town",LR-1008,"Door To Door Collection",17.556,1H3M,63.01,31.488303000,74.262961000,still,off,"19/08/2026 10:57 AM","19/08/2026 11:00 AM",LWMC-AlIT,"Loader Rickshaw",2,Distance,5,-,-,-,-,-
2546,59941,19/08/2026,LWMC,"Tehsil Office, Allama Iqbal Town",LR-2645,"Door To Door Collection",32.93,1H55M,114.86,31.455183000,74.298960000,still,off,"19/08/2026 10:58 AM","19/08/2026 11:00 AM",LWMC-AlIT,"Loader Rickshaw",2,Distance,5,-,-,-,-,-
2547,18654,19/08/2026,LWMC,"Tehsil Office, Allama Iqbal Town",C-738,"Container-Based Collection",90.859,2H49M,168.94,31.523922000,74.283087000,moving,on,"19/08/2026 10:59 AM","19/08/2026 11:00 AM",LWMC-AlIT,"Compactor (7CM)",3,Distance,10,-,-,-,-,-
2548,23016,19/08/2026,LWMC,"Tehsil Office, Allama Iqbal Town",LR-1165,"Door To Door Collection",23.565,5H35M,334.81,31.332362000,74.105153000,still,off,"19/08/2026 10:58 AM","19/08/2026 11:00 AM",LWMC-AlIT,"Loader Rickshaw",2,Distance,5,1,-,-,-,-
2549,22820,19/08/2026,LWMC,"Tehsil Office, Allama Iqbal Town",LR-0214,"Door To Door Collection",31.925,2H3M,122.81,31.403232000,74.227599000,still,off,"19/08/2026 10:57 AM","19/08/2026 11:00 AM",LWMC-AlIT,"Loader Rickshaw",2,Distance,5,1,-,-,-,-
2550,23003,19/08/2026,LWMC,"Tehsil Office, Allama Iqbal Town",LR-1152,"Door To Door Collection",39.377,4H56M,295.89,31.309450000,74.051567000,still,off,"19/08/2026 10:59 AM","19/08/2026 11:00 AM",LWMC-AlIT,"Loader Rickshaw",2,Distance,5,1,-,-,-,-
2551,-,19/08/2026,LWMC,"Tehsil Office, Allama Iqbal Town",LR-2985,-,17.201,1H5M,64.58,31.411434000,74.355734000,moving,on,"19/08/2026 10:58 AM","19/08/2026 11:00 AM",LWMC-AlIT,-,-,-,-,-,-,-,-,-
2552,19718,19/08/2026,LWMC,"Tehsil Office, Allama Iqbal Town",S-140,"Bulk Waste Collection",23.763,1H29M,89,31.533907000,74.267525000,still,off,"19/08/2026 10:32 AM","19/08/2026 11:00 AM",LWMC-AlIT,"Mini Dumper",2,Distance,5,-,-,-,-,-
2553,61061,19/08/2026,LWMC,"Tehsil Office, Allama Iqbal Town",LR-1104,"Door To Door Collection",-,0H0M,-,31.275910000,74.253315000,still,off,"19/08/2026 10:50 AM","19/08/2026 11:00 AM",LWMC-AlIT,"Loader Rickshaw",2,Distance,5,-,-,-,-,-
2554,59340,19/08/2026,LWMC,"Tehsil Office, Allama Iqbal Town",LR-1377,"Door To Door Collection",20.698,5H5M,305.13,31.415227000,74.162268000,still,off,"19/08/2026 10:57 AM","19/08/2026 11:00 AM",LWMC-AlIT,"Loader Rickshaw",2,Distance,5,1,-,-,-,-
2555,60184,19/08/2026,LWMC,"Tehsil Office, Allama Iqbal Town",LR-2143,"Door To Door Collection",14.58,0H58M,57.81,31.388317000,74.098279000,still,off,"19/08/2026 10:58 AM","19/08/2026 11:00 AM",LWMC-AlIT,"Loader Rickshaw",2,Distance,5,-,-,-,-,-
2556,59925,19/08/2026,LWMC,"Tehsil Office, Allama Iqbal Town",LR-2636,"Door To Door Collection",-,0H0M,-,31.464734000,74.225016000,still,off,"19/08/2026 10:57 AM","19/08/2026 11:00 AM",LWMC-AlIT,"Loader Rickshaw",2,Distance,5,-,-,-,-,-
2557,19708,19/08/2026,LWMC,"Tehsil Office, Allama Iqbal Town",M-25,"Bulk Waste Collection",26.158,2H31M,150.75,31.488575000,74.254807000,moving,on,"19/08/2026 10:59 AM","19/08/2026 11:00 AM",LWMC-AlIT,"Mini Dumper",2,Distance,5,1,-,-,-,-
2558,59602,19/08/2026,LWMC,"Tehsil Office, Allama Iqbal Town",LR-1434,"Door To Door Collection",35.527,4H51M,290.83,31.308610000,74.056680000,still,off,"19/08/2026 10:58 AM","19/08/2026 11:00 AM",LWMC-AlIT,"Loader Rickshaw",2,Distance,5,1,-,-,-,-
2559,60419,19/08/2026,LWMC,"Tehsil Office, Allama Iqbal Town",LR-1511,"Door To Door Collection",33.457,4H21M,260.68,31.302022000,74.174020000,still,off,"19/08/2026 10:55 AM","19/08/2026 11:00 AM",LWMC-AlIT,"Loader Rickshaw",2,Distance,5,1,-,-,-,-
2560,59991,19/08/2026,LWMC,"Tehsil Office, Allama Iqbal Town",LR-2752,"Door To Door Collection",23.562,1H36M,96.34,31.465336000,74.243776000,moving,on,"19/08/2026 10:58 AM","19/08/2026 11:00 AM",LWMC-AlIT,"Loader Rickshaw",2,Distance,5,-,-,-,-,-
2561,60376,19/08/2026,LWMC,"Tehsil Office, Allama Iqbal Town",LR-1744,"Door To Door Collection",17.199,5H58M,357.51,31.334745000,74.242045000,still,off,"19/08/2026 10:58 AM","19/08/2026 11:00 AM",LWMC-AlIT,"Loader Rickshaw",2,Distance,5,1,-,-,-,-
2562,59355,19/08/2026,LWMC,"Tehsil Office, Allama Iqbal Town",LR-1436,"Door To Door Collection",33.218,5H36M,335.53,31.296367000,74.070792000,moving,on,"19/08/2026 10:59 AM","19/08/2026 11:00 AM",LWMC-AlIT,"Loader Rickshaw",2,Distance,5,1,-,-,-,-
2563,60349,19/08/2026,LWMC,"Tehsil Office, Allama Iqbal Town",LR-0217,"Door To Door Collection",20.01,1H26M,86.33,31.405190000,74.225632000,moving,on,"19/08/2026 10:59 AM","19/08/2026 11:00 AM",LWMC-AlIT,"Loader Rickshaw",2,Distance,5,-,-,-,-,-
2564,22780,19/08/2026,LWMC,"Tehsil Office, Allama Iqbal Town",LR-0043,"Door To Door Collection",27.184,1H44M,104.5,31.527647000,74.264643000,still,off,"19/08/2026 10:58 AM","19/08/2026 11:00 AM",LWMC-AlIT,"Loader Rickshaw",2,Distance,5,-,-,-,-,-
2565,22868,19/08/2026,LWMC,"Tehsil Office, Allama Iqbal Town",LR-0471,"Door To Door Collection",52.216,2H32M,152.26,31.430981000,74.210522000,still,off,"19/08/2026 10:58 AM","19/08/2026 11:00 AM",LWMC-AlIT,"Loader Rickshaw",2,Distance,5,1,-,-,-,-
2566,22951,19/08/2026,LWMC,"Tehsil Office, Allama Iqbal Town",LR-0919,"Door To Door Collection",27.384,4H26M,266.18,31.386986000,74.141556000,moving,on,"19/08/2026 11:00 AM","19/08/2026 11:00 AM",LWMC-AlIT,"Loader Rickshaw",2,Distance,5,1,-,-,-,-
2567,60087,19/08/2026,LWMC,"Tehsil Office, Allama Iqbal Town",LR-1433,"Door To Door Collection",30.58,4H24M,264,31.247157000,74.211605000,still,off,"19/08/2026 10:46 AM","19/08/2026 11:00 AM",LWMC-AlIT,"Loader Rickshaw",2,Distance,5,1,-,-,-,-
2568,60030,19/08/2026,LWMC,"Tehsil Office, Allama Iqbal Town",LR-2763,"Door To Door Collection",26.394,2H3M,123.26,31.461526000,74.215906000,moving,on,"19/08/2026 10:58 AM","19/08/2026 11:00 AM",LWMC-AlIT,"Loader Rickshaw",2,Distance,5,1,-,-,-,-
2569,22883,19/08/2026,LWMC,"Tehsil Office, Allama Iqbal Town",LR-0526,"Door To Door Collection",-,0H0M,-,31.464224000,74.225100000,still,off,"19/08/2026 10:58 AM","19/08/2026 11:00 AM",LWMC-AlIT,"Loader Rickshaw",2,Distance,5,-,-,-,-,-
2570,23019,19/08/2026,LWMC,"Tehsil Office, Allama Iqbal Town",LR-1168,"Door To Door Collection",31.5,5H3M,303.48,31.305628000,74.053772000,still,off,"19/08/2026 10:57 AM","19/08/2026 11:00 AM",LWMC-AlIT,"Loader Rickshaw",2,Distance,5,1,-,-,-,-
2571,60405,19/08/2026,LWMC,"Tehsil Office, Allama Iqbal Town",LR-0468,"Door To Door Collection",18.312,1H23M,83.38,31.250936000,74.213493000,still,off,"19/08/2026 10:58 AM","19/08/2026 11:00 AM",LWMC-AlIT,"Loader Rickshaw",2,Distance,5,-,-,-,-,-
2572,59835,19/08/2026,LWMC,"Tehsil Office, Allama Iqbal Town",LR-1987,"Door To Door Collection",25.929,3H43M,223.28,31.479897000,74.289208000,still,off,"19/08/2026 10:54 AM","19/08/2026 11:00 AM",LWMC-AlIT,"Loader Rickshaw",2,Distance,5,1,-,-,-,-
2573,22779,19/08/2026,LWMC,"Tehsil Office, Allama Iqbal Town",LR-0042,"Door To Door Collection",24.474,2H12M,132.13,31.518632000,74.256679000,still,off,"19/08/2026 10:58 AM","19/08/2026 11:00 AM",LWMC-AlIT,"Loader Rickshaw",2,Distance,5,1,-,-,-,-
2574,22880,19/08/2026,LWMC,"Tehsil Office, Allama Iqbal Town",LR-0523,"Door To Door Collection",31.005,5H47M,346.8,31.466470000,74.309521000,moving,on,"19/08/2026 11:00 AM","19/08/2026 11:00 AM",LWMC-AlIT,"Loader Rickshaw",2,Distance,5,1,-,-,-,-
2575,22869,19/08/2026,LWMC,"Tehsil Office, Allama Iqbal Town",LR-0472,"Door To Door Collection",33.847,3H24M,203.53,31.428400000,74.276813000,still,off,"19/08/2026 10:47 AM","19/08/2026 11:00 AM",LWMC-AlIT,"Loader Rickshaw",2,Distance,5,1,-,-,-,-
2576,23007,19/08/2026,LWMC,"Tehsil Office, Allama Iqbal Town",LR-1156,"Door To Door Collection",42.489,2H46M,166.25,31.306977000,74.049572000,moving,on,"19/08/2026 10:59 AM","19/08/2026 11:00 AM",LWMC-AlIT,"Loader Rickshaw",2,Distance,5,1,-,-,-,-
2577,59776,19/08/2026,LWMC,"Tehsil Office, Allama Iqbal Town",LR-1697,"Door To Door Collection",26.003,1H30M,90.21,31.491245000,74.270372000,moving,on,"19/08/2026 10:59 AM","19/08/2026 11:00 AM",LWMC-AlIT,"Loader Rickshaw",2,Distance,5,-,-,-,-,-
2578,59326,19/08/2026,LWMC,"Tehsil Office, Allama Iqbal Town",LR-1432,"Door To Door Collection",34.858,5H19M,319.16,31.296778000,74.069707000,moving,on,"19/08/2026 10:58 AM","19/08/2026 11:00 AM",LWMC-AlIT,"Loader Rickshaw",2,Distance,5,1,-,-,-,-
2579,60171,19/08/2026,LWMC,"Tehsil Office, Allama Iqbal Town",LR-2990,"Door To Door Collection",24.792,1H47M,107.15,31.471843000,74.297933000,moving,on,"19/08/2026 10:58 AM","19/08/2026 11:00 AM",LWMC-AlIT,"Loader Rickshaw",2,Distance,5,-,-,-,-,-
2580,22782,19/08/2026,LWMC,"Tehsil Office, Allama Iqbal Town",LR-0045,"Door To Door Collection",24.374,1H42M,102.45,31.528377000,74.260333000,moving,on,"19/08/2026 10:58 AM","19/08/2026 11:00 AM",LWMC-AlIT,"Loader Rickshaw",2,Distance,5,-,-,-,-,-
2581,59761,19/08/2026,LWMC,"Tehsil Office, Allama Iqbal Town",LR-1690,"Door To Door Collection",28.537,1H36M,96.45,31.513632000,74.256887000,still,off,"19/08/2026 10:58 AM","19/08/2026 11:00 AM",LWMC-AlIT,"Loader Rickshaw",2,Distance,5,-,-,-,-,-
2582,60393,19/08/2026,LWMC,"Tehsil Office, Allama Iqbal Town",LR-1748,"Door To Door Collection",27.436,5H39M,339.3,31.337020000,74.243207000,still,off,"19/08/2026 10:58 AM","19/08/2026 11:00 AM",LWMC-AlIT,"Loader Rickshaw",2,Distance,5,1,-,-,-,-
2583,22932,19/08/2026,LWMC,"Tehsil Office, Allama Iqbal Town",LR-0837,"Door To Door Collection",14.452,0H55M,55.18,31.480676000,74.291489000,moving,on,"19/08/2026 10:58 AM","19/08/2026 11:00 AM",LWMC-AlIT,"Loader Rickshaw",2,Distance,5,-,-,-,-,-
2584,60043,19/08/2026,LWMC,"Tehsil Office, Allama Iqbal Town",LR-2908,"Door To Door Collection",19.533,0H58M,58.23,31.482541000,74.251562000,moving,on,"19/08/2026 10:59 AM","19/08/2026 11:00 AM",LWMC-AlIT,"Loader Rickshaw",2,Distance,5,-,-,-,-,-
2585,60239,19/08/2026,LWMC,"Tehsil Office, Allama Iqbal Town",LR-2021,"Door To Door Collection",43.637,4H20M,259.64,31.252675000,74.221177000,still,off,"19/08/2026 10:59 AM","19/08/2026 11:00 AM",LWMC-AlIT,"Loader Rickshaw",2,Distance,5,1,-,-,-,-
2586,60093,19/08/2026,LWMC,"Tehsil Office, Allama Iqbal Town",LR-2959,"Door To Door Collection",0.206,0H2M,2.39,31.465137000,74.225745000,still,off,"19/08/2026 10:57 AM","19/08/2026 11:00 AM",LWMC-AlIT,"Loader Rickshaw",2,Distance,5,-,-,-,-,-
2587,18440,19/08/2026,LWMC,"Tehsil Office, Allama Iqbal Town",CA-161,"Container-Based Collection",151.366,5H38M,338.39,31.474570000,74.227832000,moving,on,"19/08/2026 10:58 AM","19/08/2026 11:00 AM",LWMC-AlIT,"Chain Arm Roll",3,Distance,10,1,-,-,-,-
2588,60300,19/08/2026,LWMC,"Tehsil Office, Allama Iqbal Town",LR-0473,"Door To Door Collection",33.783,6H4M,364.11,31.245772000,74.206175000,moving,on,"19/08/2026 10:59 AM","19/08/2026 11:00 AM",LWMC-AlIT,"Loader Rickshaw",2,Distance,5,1,-,-,-,-
2589,60378,19/08/2026,LWMC,"Tehsil Office, Allama Iqbal Town",LR-1158,"Door To Door Collection",33.522,5H2M,302.3,31.272577000,74.187880000,moving,on,"19/08/2026 10:58 AM","19/08/2026 11:00 AM",LWMC-AlIT,"Loader Rickshaw",2,Distance,5,1,-,-,-,-
2590,60413,19/08/2026,LWMC,"Tehsil Office, Allama Iqbal Town",LR-1087,"Door To Door Collection",33.687,2H22M,141.98,31.284212000,74.192605000,moving,on,"19/08/2026 10:58 AM","19/08/2026 11:00 AM",LWMC-AlIT,"Loader Rickshaw",2,Distance,5,1,-,-,-,-
2591,59937,19/08/2026,LWMC,"Tehsil Office, Allama Iqbal Town",LR-2643,"Door To Door Collection",26.562,1H27M,87.36,31.465213000,74.225617000,still,off,"19/08/2026 10:58 AM","19/08/2026 11:00 AM",LWMC-AlIT,"Loader Rickshaw",2,Distance,5,-,-,-,-,-
2592,59971,19/08/2026,LWMC,"Tehsil Office, Allama Iqbal Town",LR-2744,"Door To Door Collection",32.193,5H52M,352.41,31.478949000,74.216024000,still,off,"19/08/2026 10:57 AM","19/08/2026 11:00 AM",LWMC-AlIT,"Loader Rickshaw",2,Distance,5,1,-,-,-,-
2593,59848,19/08/2026,LWMC,"Tehsil Office, Allama Iqbal Town",LR-2052,"Door To Door Collection",15.33,0H52M,52.43,31.532604000,74.284422000,still,off,"19/08/2026 10:57 AM","19/08/2026 11:00 AM",LWMC-AlIT,"Loader Rickshaw",2,Distance,5,-,-,-,-,-
2594,22999,19/08/2026,LWMC,"Tehsil Office, Allama Iqbal Town",LR-1088,"Door To Door Collection",32.236,5H11M,311.18,31.300790000,74.175927000,moving,on,"19/08/2026 10:58 AM","19/08/2026 11:00 AM",LWMC-AlIT,"Loader Rickshaw",2,Distance,5,1,-,-,-,-
2595,59943,19/08/2026,LWMC,"Tehsil Office, Allama Iqbal Town",LR-2646,"Door To Door Collection",39.293,2H59M,178.51,31.464230000,74.311477000,still,off,"19/08/2026 10:59 AM","19/08/2026 11:00 AM",LWMC-AlIT,"Loader Rickshaw",2,Distance,5,1,-,-,-,-
2596,59896,19/08/2026,LWMC,"Tehsil Office, Allama Iqbal Town",LR-2620,"Door To Door Collection",16.755,1H3M,63.31,31.534478000,74.268078000,moving,on,"19/08/2026 11:00 AM","19/08/2026 11:00 AM",LWMC-AlIT,"Loader Rickshaw",2,Distance,5,-,-,-,-,-
2597,23002,19/08/2026,LWMC,"Tehsil Office, Allama Iqbal Town",LR-1151,"Door To Door Collection",35.664,5H5M,305.21,31.305120000,74.098315000,still,off,"19/08/2026 10:57 AM","19/08/2026 11:00 AM",LWMC-AlIT,"Loader Rickshaw",2,Distance,5,1,-,-,-,-
2598,22802,19/08/2026,LWMC,"Tehsil Office, Allama Iqbal Town",LR-0226,"Door To Door Collection",32.097,1H50M,109.75,31.301711000,74.220359000,still,off,"19/08/2026 10:57 AM","19/08/2026 11:00 AM",LWMC-AlIT,"Loader Rickshaw",2,Distance,5,-,-,-,-,-
2599,59463,19/08/2026,LWMC,"Tehsil Office, Allama Iqbal Town",LR-1164,"Door To Door Collection",36.287,5H42M,342.19,31.348352000,74.131610000,still,off,"19/08/2026 10:58 AM","19/08/2026 11:00 AM",LWMC-AlIT,"Loader Rickshaw",2,Distance,5,1,-,-,-,-
2600,-,19/08/2026,LWMC,"Tehsil Office, Allama Iqbal Town",LR1440,-,36.318,5H29M,328.53,31.310798000,74.080582000,moving,on,"19/08/2026 10:58 AM","19/08/2026 11:00 AM",LWMC-AlIT,-,-,-,-,-,-,-,-,-
2601,23020,19/08/2026,LWMC,"Tehsil Office, Allama Iqbal Town",LR-1169,"Door To Door Collection",25.522,6H1M,360.85,31.329503000,74.084145000,moving,on,"19/08/2026 10:59 AM","19/08/2026 11:00 AM",LWMC-AlIT,"Loader Rickshaw",2,Distance,5,1,-,-,-,-
2602,59735,19/08/2026,LWMC,"Tehsil Office, Allama Iqbal Town",LR-1450,"Door To Door Collection",10.689,0H45M,44.76,31.483523000,74.235011000,still,off,"19/08/2026 10:59 AM","19/08/2026 11:00 AM",LWMC-AlIT,"Loader Rickshaw",2,Distance,5,-,-,-,-,-
2603,23013,19/08/2026,LWMC,"Tehsil Office, Allama Iqbal Town",LR-1162,"Door To Door Collection",28.712,5H25M,324.98,31.331542000,74.110340000,moving,on,"19/08/2026 10:59 AM","19/08/2026 11:00 AM",LWMC-AlIT,"Loader Rickshaw",2,Distance,5,1,-,-,-,-
2604,18445,19/08/2026,LWMC,"Tehsil Office, Allama Iqbal Town",CA-122,"Container-Based Collection",82.041,4H3M,242.88,31.272522000,74.188258000,still,off,"19/08/2026 10:57 AM","19/08/2026 11:00 AM",LWMC-AlIT,"Chain Arm Roll",3,Distance,10,1,-,-,-,-
2605,60420,19/08/2026,LWMC,"Tehsil Office, Allama Iqbal Town",LR-1515,"Door To Door Collection",36.327,5H54M,353.73,31.322293000,74.149573000,moving,on,"19/08/2026 10:59 AM","19/08/2026 11:00 AM",LWMC-AlIT,"Loader Rickshaw",2,Distance,5,1,-,-,-,-
2606,22844,19/08/2026,LWMC,"Tehsil Office, Allama Iqbal Town",LR-0311,"Door To Door Collection",0.181,2H28M,147.84,31.465169000,74.225736000,still,off,"19/08/2026 10:58 AM","19/08/2026 11:00 AM",LWMC-AlIT,"Loader Rickshaw",2,Distance,5,-,-,-,-,-
2607,59846,19/08/2026,LWMC,"Tehsil Office, Allama Iqbal Town",LR-2031,"Door To Door Collection",19.706,1H29M,88.91,31.534716000,74.267180000,moving,on,"19/08/2026 10:59 AM","19/08/2026 11:00 AM",LWMC-AlIT,"Loader Rickshaw",2,Distance,5,-,-,-,-,-
2608,23021,19/08/2026,LWMC,"Tehsil Office, Allama Iqbal Town",LR-1170,"Door To Door Collection",31.023,4H35M,274.75,31.276855000,74.049528000,still,off,"19/08/2026 10:57 AM","19/08/2026 11:00 AM",LWMC-AlIT,"Loader Rickshaw",2,Distance,5,1,-,-,-,-
2609,-,19/08/2026,LWMC,"Tehsil Office, Allama Iqbal Town",LR-0244,-,18.011,4H40M,280.35,31.592513000,74.259360000,still,off,"19/08/2026 10:56 AM","19/08/2026 11:00 AM",LWMC-AlIT,-,-,-,-,-,-,-,-,-
2610,23008,19/08/2026,LWMC,"Tehsil Office, Allama Iqbal Town",LR-1157,"Door To Door Collection",42.344,4H46M,286.21,31.307400000,74.052328000,moving,on,"19/08/2026 10:59 AM","19/08/2026 11:00 AM",LWMC-AlIT,"Loader Rickshaw",2,Distance,5,1,-,-,-,-
2611,60422,19/08/2026,LWMC,"Tehsil Office, Allama Iqbal Town",LR-1513,"Door To Door Collection",39.438,6H1M,360.81,31.297522000,74.135663000,still,off,"19/08/2026 10:57 AM","19/08/2026 11:00 AM",LWMC-AlIT,"Loader Rickshaw",2,Distance,5,1,-,-,-,-
2612,22878,19/08/2026,LWMC,"Tehsil Office, Allama Iqbal Town",LR-0519,"Door To Door Collection",-,0H0M,-,31.463259000,74.225085000,still,off,"19/08/2026 10:57 AM","19/08/2026 11:00 AM",LWMC-AlIT,"Loader Rickshaw",2,Distance,5,-,-,-,-,-
2613,23005,19/08/2026,LWMC,"Tehsil Office, Allama Iqbal Town",LR-1154,"Door To Door Collection",40.221,6H0M,360.16,31.331463000,74.111823000,still,off,"19/08/2026 10:59 AM","19/08/2026 11:00 AM",LWMC-AlIT,"Loader Rickshaw",2,Distance,5,1,-,-,-,-
2614,59850,19/08/2026,LWMC,"Tehsil Office, Allama Iqbal Town",LR-2053,"Door To Door Collection",22.347,2H1M,121.38,31.532862000,74.282960000,moving,on,"19/08/2026 10:58 AM","19/08/2026 11:00 AM",LWMC-AlIT,"Loader Rickshaw",2,Distance,5,1,-,-,-,-
2615,60316,19/08/2026,LWMC,"Tehsil Office, Allama Iqbal Town",LR-0464,"Door To Door Collection",-,0H0M,-,31.276035000,74.253153000,still,off,"19/08/2026 10:46 AM","19/08/2026 11:00 AM",LWMC-AlIT,"Loader Rickshaw",2,Distance,5,-,-,-,-,-
2616,22850,19/08/2026,LWMC,"Tehsil Office, Allama Iqbal Town",LR-0443,"Door To Door Collection",15.189,0H37M,36.96,31.401516000,74.264612000,still,off,"19/08/2026 10:57 AM","19/08/2026 11:00 AM",LWMC-AlIT,"Loader Rickshaw",2,Distance,5,-,-,-,-,-
2617,60141,19/08/2026,LWMC,"Tehsil Office, Allama Iqbal Town",LR-2991,"Door To Door Collection",29.026,2H33M,153.33,31.534787000,74.267172000,still,off,"19/08/2026 10:59 AM","19/08/2026 11:00 AM",LWMC-AlIT,"Loader Rickshaw",2,Distance,5,1,-,-,-,-
2618,59858,19/08/2026,LWMC,"Tehsil Office, Allama Iqbal Town",LR-2057,"Door To Door Collection",28.561,1H40M,99.7,31.520056000,74.270670000,moving,on,"19/08/2026 10:59 AM","19/08/2026 11:00 AM",LWMC-AlIT,"Loader Rickshaw",2,Distance,5,-,-,-,-,-
2619,59928,19/08/2026,LWMC,"Tehsil Office, Allama Iqbal Town",LR-2638,"Door To Door Collection",17.281,1H7M,67.36,31.477067000,74.295746000,still,off,"19/08/2026 10:58 AM","19/08/2026 11:00 AM",LWMC-AlIT,"Loader Rickshaw",2,Distance,5,-,-,-,-,-
2620,59599,19/08/2026,LWMC,"Tehsil Office, Allama Iqbal Town",LR-1439,"Door To Door Collection",39.534,5H30M,329.76,31.301248000,74.073333000,moving,on,"19/08/2026 10:59 AM","19/08/2026 11:00 AM",LWMC-AlIT,"Loader Rickshaw",2,Distance,5,1,-,-,-,-
2621,60122,19/08/2026,LWMC,"Tehsil Office, Allama Iqbal Town",LR-2968,"Door To Door Collection",36.778,2H19M,139.03,31.446411000,74.291849000,moving,on,"19/08/2026 10:58 AM","19/08/2026 11:00 AM",LWMC-AlIT,"Loader Rickshaw",2,Distance,5,1,-,-,-,-
2622,22965,19/08/2026,LWMC,"Tehsil Office, Allama Iqbal Town",LR-1014,"Door To Door Collection",42.011,5H8M,308.1,31.506483000,74.241568000,moving,on,"19/08/2026 10:58 AM","19/08/2026 11:00 AM",LWMC-AlIT,"Loader Rickshaw",2,Distance,5,1,-,-,-,-
2623,60082,19/08/2026,LWMC,"Tehsil Office, Allama Iqbal Town",LR-2931,"Door To Door Collection",33.889,2H37M,156.63,31.457757000,74.295146000,moving,on,"19/08/2026 10:57 AM","19/08/2026 11:00 AM",LWMC-AlIT,"Loader Rickshaw",2,Distance,5,1,-,-,-,-
2624,59621,19/08/2026,LWMC,"Tehsil Office, Allama Iqbal Town",LR-1438,"Door To Door Collection",34.615,5H18M,318.26,31.331412000,74.111742000,still,off,"19/08/2026 10:58 AM","19/08/2026 11:00 AM",LWMC-AlIT,"Loader Rickshaw",2,Distance,5,1,-,-,-,-
2625,59780,19/08/2026,LWMC,"Tehsil Office, Allama Iqbal Town",D-43,"Bulk Waste Collection",76.193,2H56M,176.3,31.526940000,74.267583000,still,off,"19/08/2026 10:59 AM","19/08/2026 11:00 AM",LWMC-AlIT,"Dumper (7CM)",3,Ignition,-,-,-,-,-,-
2626,59763,19/08/2026,LWMC,"Tehsil Office, Allama Iqbal Town",LR-1691,"Door To Door Collection",-,0H0M,-,31.465031000,74.224982000,still,off,"19/08/2026 10:57 AM","19/08/2026 11:00 AM",LWMC-AlIT,"Loader Rickshaw",2,Distance,5,-,-,-,-,-
2627,22807,19/08/2026,LWMC,"Tehsil Office, Allama Iqbal Town",LR-0229,"Door To Door Collection",36.988,2H27M,146.59,31.475550000,74.227794000,still,off,"19/08/2026 10:59 AM","19/08/2026 11:00 AM",LWMC-AlIT,"Loader Rickshaw",2,Distance,5,1,-,-,-,-
2628,60061,19/08/2026,LWMC,"Tehsil Office, Allama Iqbal Town",LR-2917,"Door To Door Collection",30.149,1H34M,94.16,31.433991000,74.221761000,still,off,"19/08/2026 10:57 AM","19/08/2026 11:00 AM",LWMC-AlIT,"Loader Rickshaw",2,Distance,5,-,-,-,-,-
2629,22842,19/08/2026,LWMC,"Tehsil Office, Allama Iqbal Town",LR-0307,"Door To Door Collection",23.262,1H31M,90.95,31.530550000,74.274485000,still,off,"19/08/2026 10:59 AM","19/08/2026 11:00 AM",LWMC-AlIT,"Loader Rickshaw",2,Distance,5,-,-,-,-,-
2630,22830,19/08/2026,LWMC,"Tehsil Office, Allama Iqbal Town",LR-0210,"Door To Door Collection",42.875,6H6M,366.06,31.264837000,74.224600000,moving,on,"19/08/2026 10:59 AM","19/08/2026 11:00 AM",LWMC-AlIT,"Loader Rickshaw",2,Distance,5,1,-,-,-,-
2631,59741,19/08/2026,LWMC,"Tehsil Office, Allama Iqbal Town",LR-1540,"Door To Door Collection",24.362,1H26M,85.95,31.513084000,74.269751000,still,off,"19/08/2026 10:57 AM","19/08/2026 11:00 AM",LWMC-AlIT,"Loader Rickshaw",2,Distance,5,-,-,-,-,-
2632,60339,19/08/2026,LWMC,"Tehsil Office, Allama Iqbal Town",LR-0915,"Door To Door Collection",18.07,3H21M,201.19,31.385674000,74.149482000,moving,on,"19/08/2026 10:59 AM","19/08/2026 11:00 AM",LWMC-AlIT,"Loader Rickshaw",2,Distance,5,1,-,-,-,-
2633,59268,19/08/2026,LWMC,"Tehsil Office, Allama Iqbal Town",LR-1546,"Door To Door Collection",-,0H0M,-,31.275940000,74.252963000,still,off,"19/08/2026 10:48 AM","19/08/2026 11:00 AM",LWMC-AlIT,"Loader Rickshaw",2,Distance,5,-,-,-,-,-
2634,59804,19/08/2026,LWMC,"Tehsil Office, Allama Iqbal Town",LR-1726,"Door To Door Collection",35.436,2H19M,138.51,31.498405000,74.250960000,still,off,"19/08/2026 10:58 AM","19/08/2026 11:00 AM",LWMC-AlIT,"Loader Rickshaw",2,Distance,5,1,-,-,-,-
2635,60327,19/08/2026,LWMC,"Tehsil Office, Allama Iqbal Town",LR-1734,"Door To Door Collection",-,0H0M,-,31.336593000,74.242653000,still,off,"19/08/2026 10:47 AM","19/08/2026 11:00 AM",LWMC-AlIT,"Loader Rickshaw",2,Distance,5,-,-,-,-,-
2636,22894,19/08/2026,LWMC,"Tehsil Office, Allama Iqbal Town",LR-0537,"Door To Door Collection",19.445,1H18M,77.83,31.476557000,74.285060000,still,off,"19/08/2026 10:58 AM","19/08/2026 11:00 AM",LWMC-AlIT,"Loader Rickshaw",2,Distance,5,-,-,-,-,-
2637,19714,19/08/2026,LWMC,"Tehsil Office, Allama Iqbal Town",S-166,"Bulk Waste Collection",16.677,0H44M,43.89,31.465028000,74.224768000,moving,on,"19/08/2026 01:19 AM","19/08/2026 02:08 AM",LWMC-AlIT,"Mini Dumper",2,Distance,5,-,-,-,-,-
2638,18512,19/08/2026,LWMC,"Tehsil Office, Allama Iqbal Town",C-1360L,"Container-Based Collection",121.32,9H9M,548.91,31.489739000,74.290511000,moving,on,"19/08/2026 11:00 AM","19/08/2026 11:00 AM",LWMC-AlIT,"Compactor (13CM)",3,Distance,10,1,-,-,-,-
2639,18524,19/08/2026,LWMC,"Tehsil Office, Allama Iqbal Town",C-1361,"Container-Based Collection",77.53,7H30M,450.35,31.465287000,74.225316000,still,off,"19/08/2026 10:54 AM","19/08/2026 11:00 AM",LWMC-AlIT,"Compactor (13CM)",3,Distance,10,1,-,-,-,-
2640,22893,19/08/2026,LWMC,"Tehsil Office, Allama Iqbal Town",LR-0536,"Door To Door Collection",26.562,6H44M,404.14,31.443452000,74.292595000,moving,on,"19/08/2026 10:33 AM","19/08/2026 11:00 AM",LWMC-AlIT,"Loader Rickshaw",2,Distance,5,1,-,-,-,-
2641,60342,19/08/2026,LWMC,"Tehsil Office, Allama Iqbal Town",LR-0212,"Door To Door Collection",27.681,1H38M,98.25,31.396493000,74.229983000,moving,on,"19/08/2026 10:57 AM","19/08/2026 11:00 AM",LWMC-AlIT,"Loader Rickshaw",2,Distance,5,-,-,-,-,-
2642,22927,19/08/2026,LWMC,"Tehsil Office, Allama Iqbal Town",LR-0832,"Door To Door Collection",33.587,2H23M,143.08,31.460518000,74.312910000,still,off,"19/08/2026 10:57 AM","19/08/2026 11:00 AM",LWMC-AlIT,"Loader Rickshaw",2,Distance,5,1,-,-,-,-
2643,19696,19/08/2026,LWMC,"Tehsil Office, Allama Iqbal Town",S-53,"Bulk Waste Collection",66.957,3H9M,189.05,31.442763000,74.196780000,moving,on,"19/08/2026 11:00 AM","19/08/2026 11:00 AM",LWMC-AlIT,"Mini Dumper",2,Distance,5,1,-,-,-,-
2644,22983,19/08/2026,LWMC,"Tehsil Office, Allama Iqbal Town",LR-1102,"Door To Door Collection",0.331,0H4M,3.53,31.275873000,74.253293000,still,off,"19/08/2026 10:57 AM","19/08/2026 11:00 AM",LWMC-AlIT,"Loader Rickshaw",2,Distance,5,-,-,-,-,-
2645,-,19/08/2026,LWMC,"Tehsil Office, Allama Iqbal Town",SD-12,-,97.484,6H2M,361.6,31.578052000,74.334838000,still,off,"19/08/2026 10:57 AM","19/08/2026 11:00 AM",LWMC-AlIT,-,-,-,-,-,-,-,-,-
2646,60401,19/08/2026,LWMC,"Tehsil Office, Allama Iqbal Town",LR0203,"Door To Door Collection",34.465,2H35M,155.23,31.304398000,74.215527000,moving,on,"19/08/2026 10:50 AM","19/08/2026 11:00 AM",LWMC-AlIT,"Loader Rickshaw",2,Distance,5,1,-,-,-,-
2647,22986,19/08/2026,LWMC,"Tehsil Office, Allama Iqbal Town",LR-1105,"Door To Door Collection",24.221,1H45M,104.76,31.252188000,74.226108000,moving,on,"19/08/2026 10:59 AM","19/08/2026 11:00 AM",LWMC-AlIT,"Loader Rickshaw",2,Distance,5,-,-,-,-,-
2648,23010,19/08/2026,LWMC,"Tehsil Office, Allama Iqbal Town",LR-1159,"Door To Door Collection",55.334,3H20M,200.06,31.272237000,74.097083000,still,off,"19/08/2026 10:58 AM","19/08/2026 11:00 AM",LWMC-AlIT,"Loader Rickshaw",2,Distance,5,1,-,-,-,-
2649,19700,19/08/2026,LWMC,"Tehsil Office, Allama Iqbal Town",S-233,"Bulk Waste Collection",39.001,9H48M,588.04,31.465275000,74.224883000,still,off,"19/08/2026 10:16 AM","19/08/2026 11:00 AM",LWMC-AlIT,"Mini Dumper",2,Distance,5,1,-,-,-,-
2650,59740,19/08/2026,LWMC,"Tehsil Office, Allama Iqbal Town",LR-1538,"Door To Door Collection",33.408,10H58M,658,31.534833000,74.267142000,still,off,"19/08/2026 10:58 AM","19/08/2026 11:00 AM",LWMC-AlIT,"Loader Rickshaw",2,Distance,5,1,-,-,-,-
2651,60251,19/08/2026,LWMC,"Tehsil Office, Allama Iqbal Town",LR-0221,"Door To Door Collection",36.689,2H44M,163.96,31.296767000,74.217738000,moving,on,"19/08/2026 10:29 AM","19/08/2026 10:30 AM",LWMC-AlIT,"Loader Rickshaw",2,Distance,5,1,-,-,-,-
2652,59855,19/08/2026,LWMC,"Tehsil Office, Allama Iqbal Town",LR-2055,"Door To Door Collection",23.404,10H37M,637.11,31.532993000,74.282383000,still,off,"19/08/2026 10:54 AM","19/08/2026 11:00 AM",LWMC-AlIT,"Loader Rickshaw",2,Distance,5,1,-,-,-,-
2653,60206,19/08/2026,LWMC,"Tehsil Office, Allama Iqbal Town",LR-2484,"Door To Door Collection",12.179,1H32M,91.53,31.439974000,74.170001000,moving,on,"19/08/2026 10:59 AM","19/08/2026 11:00 AM",LWMC-AlIT,"Loader Rickshaw",2,Distance,5,-,-,-,-,-
2654,-,19/08/2026,LWMC,"Tehsil Office, Allama Iqbal Town",LR-2958,-,21.869,3H37M,216.81,31.447562000,74.373014000,moving,on,"19/08/2026 10:59 AM","19/08/2026 11:00 AM",LWMC-AlIT,-,-,-,-,-,-,-,-,-
2655,18522,19/08/2026,LWMC,"Tehsil Office, Allama Iqbal Town",C-1330,"Container-Based Collection",84.744,7H22M,441.91,31.470688000,74.240234000,moving,on,"19/08/2026 11:00 AM","19/08/2026 11:00 AM",LWMC-AlIT,"Compactor (13CM)",3,Distance,10,1,-,-,-,-
2656,59845,19/08/2026,LWMC,"Tehsil Office, Allama Iqbal Town",LR-1441,"Door To Door Collection",43.607,6H37M,397.26,31.305047000,74.063132000,moving,on,"19/08/2026 10:58 AM","19/08/2026 11:00 AM",LWMC-AlIT,"Loader Rickshaw",2,Distance,5,1,-,-,-,-
2657,59469,19/08/2026,LWMC,"Tehsil Office, Allama Iqbal Town",LR-1163,"Door To Door Collection",23.34,10H58M,658.23,31.330133000,74.102387000,moving,on,"19/08/2026 10:58 AM","19/08/2026 11:00 AM",LWMC-AlIT,"Loader Rickshaw",2,Distance,5,1,-,-,-,-
2658,22856,19/08/2026,LWMC,"Tehsil Office, Allama Iqbal Town",LR-0449,"Door To Door Collection",39.907,4H20M,259.58,31.436790000,74.252989000,still,off,"19/08/2026 10:57 AM","19/08/2026 11:00 AM",LWMC-AlIT,"Loader Rickshaw",2,Distance,5,1,-,-,-,-
2659,59787,19/08/2026,LWMC,"Tehsil Office, Allama Iqbal Town",LR-1702,"Door To Door Collection",36.843,3H1M,181.16,31.479123000,74.215523000,moving,on,"19/08/2026 10:56 AM","19/08/2026 11:00 AM",LWMC-AlIT,"Loader Rickshaw",2,Distance,5,1,-,-,-,-
2660,22899,19/08/2026,LWMC,"Tehsil Office, Allama Iqbal Town",LR-0542,"Door To Door Collection",23.185,2H51M,171.48,31.475532000,74.289001000,moving,on,"19/08/2026 10:59 AM","19/08/2026 11:00 AM",LWMC-AlIT,"Loader Rickshaw",2,Distance,5,1,-,-,-,-
2661,-,19/08/2026,LWMC,"Tehsil Office, Allama Iqbal Town",CH-8S202167,-,84.908,9H36M,575.95,31.424560000,74.228755000,moving,on,"19/08/2026 10:58 AM","19/08/2026 11:00 AM",LWMC-AlIT,-,-,-,-,-,-,-,-,-
2662,-,19/08/2026,LWMC,"Tehsil Office, Allama Iqbal Town",LR-2993,-,18.089,2H35M,155.19,31.438436000,74.371560000,moving,on,"19/08/2026 11:00 AM","19/08/2026 11:00 AM",LWMC-AlIT,-,-,-,-,-,-,-,-,-
2663,18515,19/08/2026,LWMC,"Tehsil Office, Allama Iqbal Town",C-1362,"Container-Based Collection",47.459,4H45M,285.48,31.499807000,74.265799000,moving,on,"19/08/2026 10:58 AM","19/08/2026 11:00 AM",LWMC-AlIT,"Compactor (13CM)",3,Distance,10,1,-,-,-,-
2664,23017,19/08/2026,LWMC,"Tehsil Office, Allama Iqbal Town",LR-1166,"Door To Door Collection",21.905,9H10M,549.68,31.332687000,74.090488000,still,off,"19/08/2026 10:58 AM","19/08/2026 11:00 AM",LWMC-AlIT,"Loader Rickshaw",2,Distance,5,1,-,-,-,-
2665,59816,19/08/2026,LWMC,"Tehsil Office, Allama Iqbal Town",LR-1740,"Door To Door Collection",29.526,10H59M,659.33,31.516698000,74.267515000,moving,on,"19/08/2026 11:00 AM","19/08/2026 11:00 AM",LWMC-AlIT,"Loader Rickshaw",2,Distance,5,1,-,-,-,-
2666,60386,19/08/2026,LWMC,"Tehsil Office, Allama Iqbal Town",LR-0054,"Door To Door Collection",45.538,9H17M,557.39,31.228824000,74.203079000,moving,on,"19/08/2026 10:51 AM","19/08/2026 11:00 AM",LWMC-AlIT,"Loader Rickshaw",2,Distance,5,1,-,-,-,-
2667,59812,19/08/2026,LWMC,"Tehsil Office, Allama Iqbal Town",LR-1736,"Door To Door Collection",25.591,10H58M,657.71,31.508372000,74.267678000,moving,on,"19/08/2026 10:57 AM","19/08/2026 11:00 AM",LWMC-AlIT,"Loader Rickshaw",2,Distance,5,1,-,-,-,-
2668,59833,19/08/2026,LWMC,"Tehsil Office, Allama Iqbal Town",LR-1986,"Door To Door Collection",16.228,9H45M,584.68,31.461711000,74.309914000,still,off,"19/08/2026 10:55 AM","19/08/2026 11:00 AM",LWMC-AlIT,"Loader Rickshaw",2,Distance,5,1,-,-,-,-
2669,59882,19/08/2026,LWMC,"Tehsil Office, Allama Iqbal Town",LR-2611,"Door To Door Collection",26.781,7H37M,456.89,31.531896000,74.273302000,moving,on,"19/08/2026 11:00 AM","19/08/2026 11:00 AM",LWMC-AlIT,"Loader Rickshaw",2,Distance,5,1,-,-,-,-
2670,59983,19/08/2026,LWMC,"Tehsil Office, Allama Iqbal Town",LR-2748,"Door To Door Collection",35.761,10H57M,657.13,31.465378000,74.308464000,still,off,"19/08/2026 10:57 AM","19/08/2026 11:00 AM",LWMC-AlIT,"Loader Rickshaw",2,Distance,5,1,-,-,-,-
2671,61649,19/08/2026,LWMC,"Tehsil Office, Allama Iqbal Town",MFL-21,"Bulk Waste Collection",10.711,10H27M,626.89,31.475438000,74.228026000,still,off,"19/08/2026 10:57 AM","19/08/2026 11:00 AM",LWMC-AlIT,"Tractor Trolley",2,Distance,10,1,-,-,-,-
2672,-,19/08/2026,LWMC,"Tehsil Office, Allama Iqbal Town",MF-60,-,11.098,10H42M,641.81,31.329580000,74.108316000,moving,on,"19/08/2026 10:42 AM","19/08/2026 11:00 AM",LWMC-AlIT,-,-,-,-,-,-,-,-,-
2673,60347,19/08/2026,LWMC,"Tehsil Office, Allama Iqbal Town",LR-1024,"Door To Door Collection",7.213,10H8M,607.51,31.436900000,74.176577000,moving,on,"19/08/2026 11:00 AM","19/08/2026 11:00 AM",LWMC-AlIT,"Loader Rickshaw",2,Distance,5,1,-,-,-,-
2674,60127,19/08/2026,LWMC,"Tehsil Office, Allama Iqbal Town",LR-2018,"Door To Door Collection",25.233,10H58M,657.85,31.271128000,74.246838000,moving,on,"19/08/2026 10:58 AM","19/08/2026 11:00 AM",LWMC-AlIT,"Loader Rickshaw",2,Distance,5,1,-,-,-,-
2675,59822,19/08/2026,LWMC,"Tehsil Office, Allama Iqbal Town",LR-1742,"Door To Door Collection",30.658,6H23M,383.43,31.511207000,74.265568000,still,off,"19/08/2026 10:57 AM","19/08/2026 11:00 AM",LWMC-AlIT,"Loader Rickshaw",2,Distance,5,1,-,-,-,-
2676,22828,19/08/2026,LWMC,"Tehsil Office, Allama Iqbal Town",LR-0208,"Door To Door Collection",30.316,7H47M,466.68,31.457456000,74.299663000,still,off,"19/08/2026 10:57 AM","19/08/2026 11:00 AM",LWMC-AlIT,"Loader Rickshaw",2,Distance,5,1,-,-,-,-
2677,22922,19/08/2026,LWMC,"Tehsil Office, Allama Iqbal Town",LR-0622,"Door To Door Collection",27.811,10H49M,649,31.470614000,74.259604000,still,off,"19/08/2026 10:58 AM","19/08/2026 11:00 AM",LWMC-AlIT,"Loader Rickshaw",2,Distance,5,1,-,-,-,-
2678,59796,19/08/2026,LWMC,"Tehsil Office, Allama Iqbal Town",LR-1722,"Door To Door Collection",27.759,10H44M,643.88,31.459583000,74.227343000,still,off,"19/08/2026 10:57 AM","19/08/2026 11:00 AM",LWMC-AlIT,"Loader Rickshaw",2,Distance,5,1,-,-,-,-
2679,22934,19/08/2026,LWMC,"Tehsil Office, Allama Iqbal Town",LR-0839,"Door To Door Collection",23.663,10H58M,657.73,31.460405000,74.313388000,still,off,"19/08/2026 10:58 AM","19/08/2026 11:00 AM",LWMC-AlIT,"Loader Rickshaw",2,Distance,5,1,-,-,-,-
2680,22792,19/08/2026,LWMC,"Tehsil Office, Allama Iqbal Town",LR-0172,"Door To Door Collection",11.822,9H47M,587.08,31.476063000,74.240350000,still,off,"19/08/2026 10:00 AM","19/08/2026 10:30 AM",LWMC-AlIT,"Loader Rickshaw",2,Distance,5,1,-,-,-,-
2681,60051,19/08/2026,LWMC,"Tehsil Office, Allama Iqbal Town",LR-2912,"Door To Door Collection",21.7,6H59M,418.61,31.495065000,74.267569000,moving,on,"19/08/2026 10:59 AM","19/08/2026 11:00 AM",LWMC-AlIT,"Loader Rickshaw",2,Distance,5,1,-,-,-,-
2682,59909,19/08/2026,LWMC,"Tehsil Office, Allama Iqbal Town",LR-2628,"Door To Door Collection",36.462,10H57M,656.93,31.465158000,74.224805000,still,off,"19/08/2026 10:57 AM","19/08/2026 11:00 AM",LWMC-AlIT,"Loader Rickshaw",2,Distance,5,1,-,-,-,-
2683,59783,19/08/2026,LWMC,"Tehsil Office, Allama Iqbal Town",LR-1700,"Door To Door Collection",24.606,6H17M,376.8,31.461367000,74.268259000,moving,on,"19/08/2026 10:58 AM","19/08/2026 11:00 AM",LWMC-AlIT,"Loader Rickshaw",2,Distance,5,1,-,-,-,-
2684,59893,19/08/2026,LWMC,"Tehsil Office, Allama Iqbal Town",LR-2618,"Door To Door Collection",18.072,10H57M,657.29,31.532891000,74.275577000,still,off,"19/08/2026 10:58 AM","19/08/2026 11:00 AM",LWMC-AlIT,"Loader Rickshaw",2,Distance,5,1,-,-,-,-
2685,59844,19/08/2026,LWMC,"Tehsil Office, Allama Iqbal Town",LR-2030,"Door To Door Collection",18.867,10H56M,656.1,31.530217000,74.268752000,still,off,"19/08/2026 10:56 AM","19/08/2026 11:00 AM",LWMC-AlIT,"Loader Rickshaw",2,Distance,5,1,-,-,-,-
2686,61321,19/08/2026,LWMC,"Tehsil Office, Allama Iqbal Town",LR-0048,"Door To Door Collection",30.951,10H57M,656.95,31.518200000,74.260670000,still,off,"19/08/2026 10:57 AM","19/08/2026 11:00 AM",LWMC-AlIT,"Loader Rickshaw",2,Distance,5,1,-,-,-,-
2687,60065,19/08/2026,LWMC,"Tehsil Office, Allama Iqbal Town",LR-2919,"Door To Door Collection",8.576,9H49M,588.64,31.479795000,74.213342000,moving,on,"19/08/2026 11:00 AM","19/08/2026 11:00 AM",LWMC-AlIT,"Loader Rickshaw",2,Distance,5,1,-,-,-,-
2688,60099,19/08/2026,LWMC,"Tehsil Office, Allama Iqbal Town",LR-2963,"Door To Door Collection",18.489,9H13M,553.35,31.470984000,74.290804000,moving,on,"19/08/2026 10:58 AM","19/08/2026 11:00 AM",LWMC-AlIT,"Loader Rickshaw",2,Distance,5,1,-,-,-,-
2689,22887,19/08/2026,LWMC,"Tehsil Office, Allama Iqbal Town",LR-0530,"Door To Door Collection",28.286,11H0M,660.04,31.480193000,74.288976000,moving,on,"19/08/2026 11:00 AM","19/08/2026 11:00 AM",LWMC-AlIT,"Loader Rickshaw",2,Distance,5,1,-,-,-,-
2690,-,19/08/2026,LWMC,"Tehsil Office, Allama Iqbal Town",WR-0029,-,0.01,8H3M,482.83,31.465183000,74.225451000,still,off,"19/08/2026 09:04 AM","19/08/2026 10:00 AM",LWMC-AlIT,-,-,-,-,-,-,-,-,-
2691,22960,19/08/2026,LWMC,"Tehsil Office, Allama Iqbal Town",LR-1009,"Door To Door Collection",32.063,10H59M,659.08,31.490862000,74.261784000,moving,on,"19/08/2026 11:00 AM","19/08/2026 11:00 AM",LWMC-AlIT,"Loader Rickshaw",2,Distance,5,1,-,-,-,-
2692,60166,19/08/2026,LWMC,"Tehsil Office, Allama Iqbal Town",LR-2987,"Door To Door Collection",22.14,7H51M,471.28,31.482663000,74.240068000,still,off,"19/08/2026 10:42 AM","19/08/2026 11:00 AM",LWMC-AlIT,"Loader Rickshaw",2,Distance,5,1,-,-,-,-
2693,60258,19/08/2026,LWMC,"Tehsil Office, Allama Iqbal Town",LR-1082,"Door To Door Collection",24.67,10H32M,632.38,31.300537000,74.197362000,still,off,"19/08/2026 10:58 AM","19/08/2026 11:00 AM",LWMC-AlIT,"Loader Rickshaw",2,Distance,5,1,-,-,-,-
2694,59808,19/08/2026,LWMC,"Tehsil Office, Allama Iqbal Town",LR-1731,"Door To Door Collection",25.143,10H53M,653.29,31.507022000,74.267126000,moving,on,"19/08/2026 10:57 AM","19/08/2026 11:00 AM",LWMC-AlIT,"Loader Rickshaw",2,Distance,5,1,-,-,-,-
2695,22949,19/08/2026,LWMC,"Tehsil Office, Allama Iqbal Town",LR-0917,"Door To Door Collection",21.739,6H3M,362.86,31.381548000,74.167027000,moving,on,"19/08/2026 10:50 AM","19/08/2026 11:00 AM",LWMC-AlIT,"Loader Rickshaw",2,Distance,5,1,-,-,-,-
2696,22822,19/08/2026,LWMC,"Tehsil Office, Allama Iqbal Town",LR-0202,"Door To Door Collection",26.511,10H57M,657.39,31.467571000,74.302466000,still,off,"19/08/2026 10:57 AM","19/08/2026 11:00 AM",LWMC-AlIT,"Loader Rickshaw",2,Distance,5,1,-,-,-,-
2697,59966,19/08/2026,LWMC,"Tehsil Office, Allama Iqbal Town",LR-2739,"Door To Door Collection",33.935,10H58M,657.53,31.448817000,74.206925000,still,off,"19/08/2026 10:58 AM","19/08/2026 11:00 AM",LWMC-AlIT,"Loader Rickshaw",2,Distance,5,1,-,-,-,-
2698,59803,19/08/2026,LWMC,"Tehsil Office, Allama Iqbal Town",LR-1725,"Door To Door Collection",-,10H57M,657.25,31.465132000,74.225787000,still,off,"19/08/2026 10:57 AM","19/08/2026 11:00 AM",LWMC-AlIT,"Loader Rickshaw",2,Distance,5,-,-,-,-,-
2699,61537,19/08/2026,LWMC,"Tehsil Office, Shalimar Town",LR-2381,"Door To Door Collection",12.268,10H57M,657.39,31.589672000,74.337400000,still,off,"19/08/2026 10:57 AM","19/08/2026 11:00 AM",LWMC-ShTo,"Loader Rickshaw",-,-,-,-,-,-,-,-
2700,25309,19/08/2026,LWMC,"Tehsil Office, Shalimar Town",LR-0849,"Door to Door Collection",17.345,10H58M,657.86,31.580214000,74.386222000,still,off,"19/08/2026 10:58 AM","19/08/2026 11:00 AM",LWMC-ShTo,"Loader Rickshaw",-,-,-,-,-,-,-,-
2701,60931,19/08/2026,LWMC,"Tehsil Office, Shalimar Town",LR-2184,"Door To Door Collection",13.469,6H48M,408.44,31.581533000,74.337646000,moving,on,"19/08/2026 10:59 AM","19/08/2026 11:00 AM",LWMC-ShTo,"Loader Rickshaw",-,-,-,-,-,-,-,-
2702,60577,19/08/2026,LWMC,"Tehsil Office, Shalimar Town",LR-2329,"Door To Door Collection",15.349,8H34M,514.03,31.589102000,74.363807000,still,off,"19/08/2026 09:20 AM","19/08/2026 09:30 AM",LWMC-ShTo,"Loader Rickshaw",-,-,-,-,-,-,-,-
2703,61996,19/08/2026,LWMC,"Tehsil Office, Shalimar Town",LR-2795,"Door To Door Collection",24.544,9H33M,573.1,31.580595000,74.365159000,moving,on,"19/08/2026 10:57 AM","19/08/2026 11:00 AM",LWMC-ShTo,"Loader Rickshaw",-,-,-,-,-,-,-,-
2704,62187,19/08/2026,LWMC,"Tehsil Office, Shalimar Town",LR-2091,"Door To Door Collection",28.398,10H54M,654.43,31.609792000,74.381436000,still,off,"19/08/2026 10:57 AM","19/08/2026 11:03 AM",LWMC-ShTo,"Loader Rickshaw",-,-,-,-,-,-,-,-
2705,61497,19/08/2026,LWMC,"Tehsil Office, Shalimar Town",LR-1549,"Door To Door Collection",20.656,5H31M,330.89,31.601998000,74.345257000,still,off,"19/08/2026 10:59 AM","19/08/2026 11:00 AM",LWMC-ShTo,"Loader Rickshaw",-,-,-,-,-,-,-,-
2706,60580,19/08/2026,LWMC,"Tehsil Office, Shalimar Town",LR-2320,"Door To Door Collection",26.974,8H24M,504.01,31.594261000,74.376814000,still,off,"19/08/2026 10:58 AM","19/08/2026 11:00 AM",LWMC-ShTo,"Loader Rickshaw",-,-,-,-,-,-,-,-
2707,61580,19/08/2026,LWMC,"Tehsil Office, Shalimar Town",LR-2326,"Door To Door Collection",16.003,8H17M,496.55,31.607614000,74.352773000,moving,on,"19/08/2026 10:41 AM","19/08/2026 11:00 AM",LWMC-ShTo,"Loader Rickshaw",-,-,-,-,-,-,-,-
2708,60907,19/08/2026,LWMC,"Tehsil Office, Shalimar Town",LR-2191,"Door To Door Collection",15.283,8H58M,538.35,31.588012000,74.344979000,moving,on,"19/08/2026 11:00 AM","19/08/2026 11:00 AM",LWMC-ShTo,"Loader Rickshaw",-,-,-,-,-,-,-,-
2709,-,19/08/2026,LWMC,"Tehsil Office, Shalimar Town",LR-2607,-,25.719,10H43M,643.04,31.585006000,74.360210000,moving,on,"19/08/2026 10:59 AM","19/08/2026 11:00 AM",LWMC-ShTo,-,-,-,-,-,-,-,-,-
2710,61597,19/08/2026,LWMC,"Tehsil Office, Shalimar Town",LR-2881,"Door To Door Collection",19.228,10H57M,657.21,31.611598000,74.344716000,still,off,"19/08/2026 10:58 AM","19/08/2026 11:00 AM",LWMC-ShTo,"Loader Rickshaw",-,-,-,-,-,-,-,-
2711,25303,19/08/2026,LWMC,"Tehsil Office, Shalimar Town",LR-0857,"Door To Door Collection",13.179,10H58M,657.76,31.610356000,74.381470000,still,off,"19/08/2026 10:57 AM","19/08/2026 11:00 AM",LWMC-ShTo,"Loader Rickshaw",-,-,-,-,-,-,-,-
2712,61858,19/08/2026,LWMC,"Tehsil Office, Shalimar Town",LR-2944,"Door To Door Collection",11.771,6H53M,412.93,31.603007000,74.363933000,still,off,"19/08/2026 10:59 AM","19/08/2026 11:00 AM",LWMC-ShTo,"Loader Rickshaw",-,-,-,-,-,-,-,-
2713,61098,19/08/2026,LWMC,"Tehsil Office, Shalimar Town",S-397,"Door To Door Collection",21.571,2H31M,150.9,31.581183000,74.333558000,still,off,"19/08/2026 10:00 AM","19/08/2026 11:00 AM",LWMC-ShTo,"Mini Dumper",-,-,-,-,-,-,-,-
2714,61859,19/08/2026,LWMC,"Tehsil Office, Shalimar Town",LR-2110,"Door To Door Collection",19.535,9H8M,547.61,31.607173000,74.358055000,still,off,"19/08/2026 10:58 AM","19/08/2026 11:00 AM",LWMC-ShTo,"Loader Rickshaw",-,-,-,-,-,-,-,-
2715,-,19/08/2026,LWMC,"Tehsil Office, Shalimar Town",LR-2396,-,27.119,5H31M,330.56,31.593042000,74.420852000,still,off,"19/08/2026 10:58 AM","19/08/2026 11:00 AM",LWMC-ShTo,-,-,-,-,-,-,-,-,-
2716,61026,19/08/2026,LWMC,"Tehsil Office, Shalimar Town",LR-1797,"Door To Door Collection",14.142,9H58M,597.79,31.581278000,74.334908000,moving,on,"19/08/2026 10:59 AM","19/08/2026 11:00 AM",LWMC-ShTo,"Loader Rickshaw",-,-,-,-,-,-,-,-
2717,18487,19/08/2026,LWMC,"Tehsil Office, Shalimar Town",CA-168,"Container-Based Collection",0.783,10H13M,612.85,31.573545000,74.287875000,still,off,"19/08/2026 10:48 AM","19/08/2026 11:00 AM",LWMC-ShTo,"Chain Arm Roll",-,-,-,-,-,-,-,-
2718,25292,19/08/2026,LWMC,"Tehsil Office, Shalimar Town",LR-0580,"Door To Door Collection",12.325,3H44M,224.5,31.581340000,74.370335000,moving,on,"19/08/2026 10:59 AM","19/08/2026 11:00 AM",LWMC-ShTo,"Loader Rickshaw",-,-,-,-,-,-,-,-
2719,62095,19/08/2026,LWMC,"Tehsil Office, Shalimar Town",LR-2333,"Door To Door Collection",0.793,0H9M,8.58,31.611090000,74.381415000,still,off,"19/08/2026 10:58 AM","19/08/2026 11:00 AM",LWMC-ShTo,"Loader Rickshaw",-,-,-,-,-,-,-,-
2720,25246,19/08/2026,LWMC,"Tehsil Office, Shalimar Town",LR-0130,"Door To Door Collection",1.599,0H10M,10.31,31.610865000,74.381720000,still,off,"19/08/2026 10:57 AM","19/08/2026 11:00 AM",LWMC-ShTo,"Loader Rickshaw",-,-,-,-,-,-,-,-
2721,61106,19/08/2026,LWMC,"Tehsil Office, Shalimar Town",S-394,"Door To Door Collection",41.201,5H7M,306.78,31.587564000,74.342927000,still,off,"19/08/2026 10:59 AM","19/08/2026 11:00 AM",LWMC-ShTo,"Mini Dumper",-,-,-,-,-,-,-,-
2722,29371,19/08/2026,LWMC,"Tehsil Office, Shalimar Town",C-745,"Bulk Waste Collection",83.09,5H39M,338.56,31.610222000,74.305055000,moving,on,"19/08/2026 10:58 AM","19/08/2026 11:00 AM",LWMC-ShTo,"Compactor (25CM)",-,-,-,-,-,-,-,-
2723,25254,19/08/2026,LWMC,"Tehsil Office, Shalimar Town",LR-0123,"Door To Door Collection",25.614,3H5M,185.34,31.604695000,74.363495000,moving,on,"19/08/2026 10:59 AM","19/08/2026 11:00 AM",LWMC-ShTo,"Loader Rickshaw",-,-,-,-,-,-,-,-
2724,18491,19/08/2026,LWMC,"Tehsil Office, Shalimar Town",CA-156,"Container-Based Collection",105.974,5H57M,356.6,31.603143000,74.298037000,moving,on,"19/08/2026 10:57 AM","19/08/2026 11:00 AM",LWMC-ShTo,"Chain Arm Roll",-,-,-,-,-,-,-,-
2725,25305,19/08/2026,LWMC,"Tehsil Office, Shalimar Town",LR-0861,"Door To Door Collection",19.477,2H5M,125.33,31.602103000,74.348042000,still,off,"19/08/2026 10:58 AM","19/08/2026 11:00 AM",LWMC-ShTo,"Loader Rickshaw",-,-,-,-,-,-,-,-
2726,61806,19/08/2026,LWMC,"Tehsil Office, Shalimar Town",LR-2211,"Door To Door Collection",19.705,8H17M,496.68,31.581930000,74.337867000,moving,on,"19/08/2026 10:59 AM","19/08/2026 11:00 AM",LWMC-ShTo,"Loader Rickshaw",-,-,-,-,-,-,-,-
2727,61055,19/08/2026,LWMC,"Tehsil Office, Shalimar Town",LR-2374,"Door To Door Collection",16.221,1H50M,109.75,31.593470000,74.344042000,moving,on,"19/08/2026 10:59 AM","19/08/2026 11:00 AM",LWMC-ShTo,"Loader Rickshaw",-,-,-,-,-,-,-,-
2728,20254,19/08/2026,LWMC,"Tehsil Office, Shalimar Town",MFT-10,"Bulk Waste Collection",32.907,4H20M,260.38,31.597028000,74.359465000,moving,on,"19/08/2026 10:58 AM","19/08/2026 11:00 AM",LWMC-ShTo,"Tractor Trolley",-,-,-,-,-,-,-,-
2729,-,19/08/2026,LWMC,"Tehsil Office, Shalimar Town",LR-2084,-,15.239,1H46M,105.93,31.585027000,74.360297000,moving,on,"19/08/2026 10:59 AM","19/08/2026 11:00 AM",LWMC-ShTo,-,-,-,-,-,-,-,-,-
2730,61825,19/08/2026,LWMC,"Tehsil Office, Shalimar Town",LR-2594,"Door To Door Collection",16.375,1H15M,74.81,31.588296000,74.357813000,moving,on,"19/08/2026 10:59 AM","19/08/2026 11:00 AM",LWMC-ShTo,"Loader Rickshaw",-,-,-,-,-,-,-,-
2731,25310,19/08/2026,LWMC,"Tehsil Office, Shalimar Town",LR-0850,"Door To Door Collection",17.696,1H28M,88.03,31.579591000,74.383975000,still,off,"19/08/2026 10:57 AM","19/08/2026 11:00 AM",LWMC-ShTo,"Loader Rickshaw",-,-,-,-,-,-,-,-
2732,23353,19/08/2026,LWMC,"Tehsil Office, Shalimar Town",LR-1213,"Door To Door Collection",23.745,5H57M,356.85,31.595978000,74.381708000,still,off,"19/08/2026 10:58 AM","19/08/2026 11:00 AM",LWMC-ShTo,"Loader Rickshaw",-,-,-,-,-,-,-,-
2733,23349,19/08/2026,LWMC,"Tehsil Office, Shalimar Town",LR-1209,"Door To Door Collection",17.603,3H2M,181.8,31.594537000,74.353005000,still,off,"19/08/2026 10:49 AM","19/08/2026 11:00 AM",LWMC-ShTo,"Loader Rickshaw",-,-,-,-,-,-,-,-
2734,61166,19/08/2026,LWMC,"Tehsil Office, Shalimar Town",M-38,"Bulk Waste Collection",34.719,2H23M,143.46,31.581127000,74.337565000,still,off,"19/08/2026 10:58 AM","19/08/2026 11:00 AM",LWMC-ShTo,"Mini Dumper",-,-,-,-,-,-,-,-
2735,61855,19/08/2026,LWMC,"Tehsil Office, Shalimar Town",LR-0121,"Door To Door Collection",15.666,4H28M,267.58,31.604112000,74.362120000,moving,on,"19/08/2026 10:59 AM","19/08/2026 11:00 AM",LWMC-ShTo,"Loader Rickshaw",-,-,-,-,-,-,-,-
2736,61494,19/08/2026,LWMC,"Tehsil Office, Shalimar Town",LR-1291,"Door To Door Collection",17.489,3H52M,232.01,31.594223000,74.352943000,moving,on,"19/08/2026 10:58 AM","19/08/2026 11:00 AM",LWMC-ShTo,"Loader Rickshaw",-,-,-,-,-,-,-,-
2737,61367,19/08/2026,LWMC,"Tehsil Office, Shalimar Town",LR-2069,"Door To Door Collection",19.821,1H31M,90.81,31.585138000,74.349121000,moving,on,"19/08/2026 10:47 AM","19/08/2026 11:00 AM",LWMC-ShTo,"Loader Rickshaw",-,-,-,-,-,-,-,-
2738,61064,19/08/2026,LWMC,"Tehsil Office, Shalimar Town",LR-1302,"Door To Door Collection",15.272,5H2M,302.14,31.582408000,74.339055000,moving,on,"19/08/2026 10:57 AM","19/08/2026 11:00 AM",LWMC-ShTo,"Loader Rickshaw",-,-,-,-,-,-,-,-
2739,18490,19/08/2026,LWMC,"Tehsil Office, Shalimar Town",CA-175,"Container-Based Collection",135.953,6H4M,364.03,31.595717000,74.346738000,still,off,"19/08/2026 10:57 AM","19/08/2026 11:00 AM",LWMC-ShTo,"Chain Arm Roll",-,-,-,-,-,-,-,-
2740,19478,19/08/2026,LWMC,"Tehsil Office, Shalimar Town",LR-0155,"Door To Door Collection",31.613,4H23M,262.78,31.593980000,74.435995000,still,off,"19/08/2026 10:59 AM","19/08/2026 11:00 AM",LWMC-ShTo,"Loader Rickshaw",-,-,-,-,-,-,-,-
2741,29230,19/08/2026,LWMC,"Tehsil Office, Shalimar Town",C-1375,"Bulk Waste Collection",45.31,3H18M,198.06,31.572922000,74.287062000,still,off,"19/08/2026 10:45 AM","19/08/2026 11:00 AM",LWMC-ShTo,"Compactor (13CM)",-,-,-,-,-,-,-,-
2742,61031,19/08/2026,LWMC,"Tehsil Office, Shalimar Town",LR-1301,"Door To Door Collection",17.814,6H11M,371.1,31.588028000,74.338355000,still,off,"19/08/2026 10:56 AM","19/08/2026 11:00 AM",LWMC-ShTo,"Loader Rickshaw",-,-,-,-,-,-,-,-
2743,61554,19/08/2026,LWMC,"Tehsil Office, Shalimar Town",LR-2428,"Door To Door Collection",9.994,2H27M,147.23,31.606155000,74.351383000,still,off,"19/08/2026 10:58 AM","19/08/2026 11:00 AM",LWMC-ShTo,"Loader Rickshaw",-,-,-,-,-,-,-,-
2744,62178,19/08/2026,LWMC,"Tehsil Office, Shalimar Town",LR-2292,"Door To Door Collection",24.184,5H0M,300.03,31.610607000,74.381623000,still,off,"19/08/2026 10:46 AM","19/08/2026 11:03 AM",LWMC-ShTo,"Loader Rickshaw",-,-,-,-,-,-,-,-
2745,25260,19/08/2026,LWMC,"Tehsil Office, Shalimar Town",LR-0150,"Door To Door Collection",13.009,1H14M,73.76,31.603333000,74.365973000,still,off,"19/08/2026 10:58 AM","19/08/2026 11:00 AM",LWMC-ShTo,"Loader Rickshaw",-,-,-,-,-,-,-,-
2746,61046,19/08/2026,LWMC,"Tehsil Office, Shalimar Town",LR-2208,"Door To Door Collection",0.09,0H28M,28.31,31.610433000,74.381618000,still,off,"19/08/2026 10:57 AM","19/08/2026 11:00 AM",LWMC-ShTo,"Loader Rickshaw",-,-,-,-,-,-,-,-
2747,61652,19/08/2026,LWMC,"Tehsil Office, Shalimar Town",CA-88,"Bulk Waste Collection",139.023,4H37M,277.06,31.605631000,74.365691000,moving,on,"19/08/2026 10:58 AM","19/08/2026 11:00 AM",LWMC-ShTo,"Chain Arm Roll",-,-,-,-,-,-,-,-
2748,61074,19/08/2026,LWMC,"Tehsil Office, Shalimar Town",LR-2185,"Door To Door Collection",11.721,3H13M,193.26,31.584892000,74.334577000,still,off,"19/08/2026 10:57 AM","19/08/2026 11:00 AM",LWMC-ShTo,"Loader Rickshaw",-,-,-,-,-,-,-,-
2749,61604,19/08/2026,LWMC,"Tehsil Office, Shalimar Town",LR-2100,"Door To Door Collection",25.365,2H27M,147.3,31.609698000,74.381437000,still,off,"19/08/2026 10:47 AM","19/08/2026 11:00 AM",LWMC-ShTo,"Loader Rickshaw",-,-,-,-,-,-,-,-
2750,25290,19/08/2026,LWMC,"Tehsil Office, Shalimar Town",LR-0570,"Door To Door Collection",17.731,4H53M,293.11,31.598902000,74.334233000,still,off,"19/08/2026 10:58 AM","19/08/2026 11:00 AM",LWMC-ShTo,"Loader Rickshaw",-,-,-,-,-,-,-,-
2751,61062,19/08/2026,LWMC,"Tehsil Office, Shalimar Town",LR-2187,"Door To Door Collection",14.691,4H17M,257.18,31.581205000,74.337363000,still,off,"19/08/2026 10:59 AM","19/08/2026 11:00 AM",LWMC-ShTo,"Loader Rickshaw",-,-,-,-,-,-,-,-
2752,61190,19/08/2026,LWMC,"Tehsil Office, Shalimar Town",LR-2075,"Door To Door Collection",24.175,2H24M,143.75,31.582973000,74.347278000,still,off,"19/08/2026 10:46 AM","19/08/2026 11:00 AM",LWMC-ShTo,"Loader Rickshaw",-,-,-,-,-,-,-,-
2753,61851,19/08/2026,LWMC,"Tehsil Office, Shalimar Town",LR-2295,"Door To Door Collection",29.056,4H22M,261.86,31.609778000,74.381457000,still,off,"19/08/2026 10:45 AM","19/08/2026 11:00 AM",LWMC-ShTo,"Loader Rickshaw",-,-,-,-,-,-,-,-
2754,18631,19/08/2026,LWMC,"Tehsil Office, Shalimar Town",C-1374,"Container-Based Collection",45.484,4H57M,297.41,31.573318000,74.288135000,still,off,"19/08/2026 10:50 AM","19/08/2026 11:00 AM",LWMC-ShTo,"Compactor (13CM)",-,-,-,-,-,-,-,-
2755,60439,19/08/2026,LWMC,"Tehsil Office, Shalimar Town",LR-0487,"Door To Door Collection",14.172,1H37M,97.48,31.592430000,74.365940000,still,off,"19/08/2026 10:59 AM","19/08/2026 11:00 AM",LWMC-ShTo,"Loader Rickshaw",-,-,-,-,-,-,-,-
2756,25253,19/08/2026,LWMC,"Tehsil Office, Shalimar Town",LR-0122,"Door To Door Collection",13.156,1H8M,68.08,31.607027000,74.358073000,moving,on,"19/08/2026 10:58 AM","19/08/2026 11:00 AM",LWMC-ShTo,"Loader Rickshaw",-,-,-,-,-,-,-,-
2757,-,19/08/2026,LWMC,"Tehsil Office, Shalimar Town",C-1333,-,44.536,5H31M,330.94,31.573658000,74.290882000,moving,on,"19/08/2026 10:59 AM","19/08/2026 11:00 AM",LWMC-ShTo,-,-,-,-,-,-,-,-,-
2758,25283,19/08/2026,LWMC,"Tehsil Office, Shalimar Town",LR-0563,"Door To Door Collection",0.015,5H40M,340.03,31.610772000,74.381625000,still,off,"19/08/2026 10:56 AM","19/08/2026 11:00 AM",LWMC-ShTo,"Loader Rickshaw",-,-,-,-,-,-,-,-
2759,60594,19/08/2026,LWMC,"Tehsil Office, Shalimar Town",M-117,"Bulk Waste Collection",52.461,2H52M,171.51,31.569030000,74.383273000,moving,on,"19/08/2026 10:58 AM","19/08/2026 11:00 AM",LWMC-ShTo,"Mini Dumper",-,-,-,-,-,-,-,-
2760,61012,19/08/2026,LWMC,"Tehsil Office, Shalimar Town",LR-2209,"Door To Door Collection",14.532,4H8M,247.8,31.587500000,74.335117000,moving,on,"19/08/2026 10:59 AM","19/08/2026 11:00 AM",LWMC-ShTo,"Loader Rickshaw",-,-,-,-,-,-,-,-
2761,61073,19/08/2026,LWMC,"Tehsil Office, Shalimar Town",LR-1299,"Door To Door Collection",20.42,2H41M,161.38,31.590257000,74.349402000,still,off,"19/08/2026 10:58 AM","19/08/2026 11:00 AM",LWMC-ShTo,"Loader Rickshaw",-,-,-,-,-,-,-,-
2762,23342,19/08/2026,LWMC,"Tehsil Office, Shalimar Town",LR-1202,"Door To Door Collection",21.901,4H25M,265.16,31.598878000,74.342518000,moving,on,"19/08/2026 10:59 AM","19/08/2026 11:00 AM",LWMC-ShTo,"Loader Rickshaw",-,-,-,-,-,-,-,-
2763,61058,19/08/2026,LWMC,"Tehsil Office, Shalimar Town",LR-2206,"Door To Door Collection",16.539,3H34M,214.25,31.593073000,74.344278000,still,off,"19/08/2026 10:45 AM","19/08/2026 11:00 AM",LWMC-ShTo,"Loader Rickshaw",-,-,-,-,-,-,-,-
2764,25267,19/08/2026,LWMC,"Tehsil Office, Shalimar Town",LR-0354,"Door To Door Collection",-,3H20M,200.11,31.609458000,74.380390000,still,off,"19/08/2026 10:58 AM","19/08/2026 11:00 AM",LWMC-ShTo,"Loader Rickshaw",-,-,-,-,-,-,-,-
2765,-,19/08/2026,LWMC,"Tehsil Office, Shalimar Town",C-1373,-,48.118,5H55M,355.23,31.586458000,74.384392000,moving,on,"19/08/2026 10:58 AM","19/08/2026 11:00 AM",LWMC-ShTo,-,-,-,-,-,-,-,-,-
2766,61517,19/08/2026,LWMC,"Tehsil Office, Shalimar Town",LR-1792,"Door To Door Collection",16.254,1H10M,70.04,31.611248000,74.339986000,still,off,"19/08/2026 10:57 AM","19/08/2026 11:00 AM",LWMC-ShTo,"Loader Rickshaw",-,-,-,-,-,-,-,-
2767,60808,19/08/2026,LWMC,"Tehsil Office, Shalimar Town",S-25,"Door To Door Collection",22.482,1H54M,114.13,31.589422000,74.345642000,still,off,"19/08/2026 10:49 AM","19/08/2026 11:00 AM",LWMC-ShTo,"Mini Dumper",-,-,-,-,-,-,-,-
2768,25308,19/08/2026,LWMC,"Tehsil Office, Shalimar Town",LR-0848,"Door to Door Collection",19.9,2H52M,171.68,31.582777000,74.384393000,still,off,"19/08/2026 10:45 AM","19/08/2026 11:00 AM",LWMC-ShTo,"Loader Rickshaw",-,-,-,-,-,-,-,-
2769,25262,19/08/2026,LWMC,"Tehsil Office, Shalimar Town",LR-0348,"Door To Door Collection",16.702,6H39M,398.93,31.603317000,74.357798000,moving,on,"19/08/2026 10:58 AM","19/08/2026 11:00 AM",LWMC-ShTo,"Loader Rickshaw",-,-,-,-,-,-,-,-
2770,25279,19/08/2026,LWMC,"Tehsil Office, Shalimar Town",LR-0486,"Door To Door Collection",11.811,4H25M,265.26,31.601288000,74.380232000,still,off,"19/08/2026 10:57 AM","19/08/2026 11:00 AM",LWMC-ShTo,"Loader Rickshaw",-,-,-,-,-,-,-,-
2771,61536,19/08/2026,LWMC,"Tehsil Office, Shalimar Town",LR-0124,"Door To Door Collection",11.538,3H34M,214.36,31.595340000,74.360992000,still,off,"19/08/2026 10:58 AM","19/08/2026 11:00 AM",LWMC-ShTo,"Loader Rickshaw",-,-,-,-,-,-,-,-
2772,23341,19/08/2026,LWMC,"Tehsil Office, Shalimar Town",LR-1201,"Door To Door Collection",21.646,5H15M,315.23,31.592702000,74.356198000,still,off,"19/08/2026 10:57 AM","19/08/2026 11:00 AM",LWMC-ShTo,"Loader Rickshaw",-,-,-,-,-,-,-,-
2773,59710,19/08/2026,LWMC,"Tehsil Office, Shalimar Town",D-54,"Bulk Waste Collection",58.766,2H41M,160.69,31.596470000,74.342418000,moving,on,"19/08/2026 10:57 AM","19/08/2026 11:00 AM",LWMC-ShTo,"Dumper (5CM)",-,-,-,-,-,-,-,-
2774,-,19/08/2026,LWMC,"Tehsil Office, Shalimar Town",LR-2390,-,23.531,2H15M,134.8,31.595257000,74.395545000,moving,on,"19/08/2026 10:59 AM","19/08/2026 11:00 AM",LWMC-ShTo,-,-,-,-,-,-,-,-,-
2775,61628,19/08/2026,LWMC,"Tehsil Office, Shalimar Town",LR-2425,"Door To Door Collection",14.914,6H17M,377.16,31.603593000,74.337262000,still,off,"19/08/2026 10:57 AM","19/08/2026 11:00 AM",LWMC-ShTo,"Loader Rickshaw",-,-,-,-,-,-,-,-
2776,59744,19/08/2026,LWMC,"Tehsil Office, Shalimar Town",D-55,"Bulk Waste Collection",-,0H0M,-,31.608860000,74.379885000,still,off,"19/08/2026 10:46 AM","19/08/2026 11:00 AM",LWMC-ShTo,"Dumper (5CM)",-,-,-,-,-,-,-,-
2777,25257,19/08/2026,LWMC,"Tehsil Office, Shalimar Town",LR-0127,"Door To Door Collection",13.795,4H54M,293.73,31.602923000,74.377010000,still,off,"19/08/2026 10:59 AM","19/08/2026 11:00 AM",LWMC-ShTo,"Loader Rickshaw",-,-,-,-,-,-,-,-
2778,20253,19/08/2026,LWMC,"Tehsil Office, Shalimar Town",MFT-01,"Bulk Waste Collection",5.055,0H10M,9.91,31.579503000,74.340632000,still,off,"19/08/2026 10:49 AM","19/08/2026 11:00 AM",LWMC-ShTo,"Tractor Trolley",-,-,-,-,-,-,-,-
2779,29221,19/08/2026,LWMC,"Tehsil Office, Shalimar Town",C-707,"Bulk Waste Collection",-,0H0M,-,31.573612000,74.287517000,still,off,"19/08/2026 10:46 AM","19/08/2026 11:00 AM",LWMC-ShTo,"Compactor (13CM)",-,-,-,-,-,-,-,-
2780,61078,19/08/2026,LWMC,"Tehsil Office, Shalimar Town",LR-1796,"Door To Door Collection",17.216,3H28M,207.53,31.586557000,74.347142000,still,off,"19/08/2026 10:59 AM","19/08/2026 11:00 AM",LWMC-ShTo,"Loader Rickshaw",-,-,-,-,-,-,-,-
2781,61624,19/08/2026,LWMC,"Tehsil Office, Shalimar Town",LR-2423,"Door To Door Collection",20.344,2H19M,139.13,31.606028000,74.337578000,still,off,"19/08/2026 10:58 AM","19/08/2026 11:00 AM",LWMC-ShTo,"Loader Rickshaw",-,-,-,-,-,-,-,-
2782,60590,19/08/2026,LWMC,"Tehsil Office, Shalimar Town",M-16,"Bulk Waste Collection",60.917,2H43M,162.69,31.594525000,74.382772000,still,off,"19/08/2026 10:47 AM","19/08/2026 11:00 AM",LWMC-ShTo,"Mini Dumper",-,-,-,-,-,-,-,-
2783,61519,19/08/2026,LWMC,"Tehsil Office, Shalimar Town",LR-1292,"Door To Door Collection",19.092,5H9M,309.1,31.598193000,74.363830000,moving,on,"19/08/2026 10:58 AM","19/08/2026 11:00 AM",LWMC-ShTo,"Loader Rickshaw",-,-,-,-,-,-,-,-
2784,25284,19/08/2026,LWMC,"Tehsil Office, Shalimar Town",LR-0564,"Door To Door Collection",-,0H0M,-,31.610247000,74.381387000,still,off,"19/08/2026 10:47 AM","19/08/2026 11:00 AM",LWMC-ShTo,"Loader Rickshaw",-,-,-,-,-,-,-,-
2785,61602,19/08/2026,LWMC,"Tehsil Office, Shalimar Town",LR-1552,"Door To Door Collection",9.701,1H34M,94.5,31.608618000,74.348918000,moving,on,"19/08/2026 10:57 AM","19/08/2026 11:00 AM",LWMC-ShTo,"Loader Rickshaw",-,-,-,-,-,-,-,-
2786,23333,19/08/2026,LWMC,"Tehsil Office, Shalimar Town",LR-0968,"Door To Door Collection",16.835,5H33M,332.6,31.606483000,74.358182000,moving,on,"19/08/2026 10:57 AM","19/08/2026 11:00 AM",LWMC-ShTo,"Loader Rickshaw",-,-,-,-,-,-,-,-
2787,60449,19/08/2026,LWMC,"Tehsil Office, Shalimar Town",LR-2296,"Door To Door Collection",22.144,5H48M,348.44,31.604202000,74.364217000,moving,on,"19/08/2026 10:58 AM","19/08/2026 11:00 AM",LWMC-ShTo,"Loader Rickshaw",-,-,-,-,-,-,-,-
2788,60987,19/08/2026,LWMC,"Tehsil Office, Shalimar Town",LR-2188,"Door To Door Collection",11.924,3H29M,209.4,31.586013000,74.340215000,moving,on,"19/08/2026 10:51 AM","19/08/2026 11:00 AM",LWMC-ShTo,"Loader Rickshaw",-,-,-,-,-,-,-,-
2789,60966,19/08/2026,LWMC,"Tehsil Office, Shalimar Town",LR-2096,"Door To Door Collection",11.165,2H17M,137.3,31.577055000,74.370998000,still,off,"19/08/2026 10:47 AM","19/08/2026 11:00 AM",LWMC-ShTo,"Loader Rickshaw",-,-,-,-,-,-,-,-
2790,61528,19/08/2026,LWMC,"Tehsil Office, Shalimar Town",LR-2066,"Door To Door Collection",14.526,1H42M,101.68,31.584485000,74.341507000,moving,on,"19/08/2026 10:59 AM","19/08/2026 11:00 AM",LWMC-ShTo,"Loader Rickshaw",-,-,-,-,-,-,-,-
2791,61791,19/08/2026,LWMC,"Tehsil Office, Shalimar Town",LR-2290,"Door To Door Collection",12.979,3H3M,183.43,31.568397000,74.383995000,still,off,"19/08/2026 10:57 AM","19/08/2026 11:00 AM",LWMC-ShTo,"Loader Rickshaw",-,-,-,-,-,-,-,-
2792,25244,19/08/2026,LWMC,"Tehsil Office, Shalimar Town",LR-0125,"Door To Door Collection",8.59,0H44M,43.54,31.596802000,74.355049000,still,off,"19/08/2026 10:58 AM","19/08/2026 11:00 AM",LWMC-ShTo,"Loader Rickshaw",-,-,-,-,-,-,-,-
2793,29211,19/08/2026,LWMC,"Tehsil Office, Shalimar Town",C-1328,"Bulk Waste Collection",46.82,3H59M,238.61,31.573013000,74.287200000,moving,on,"19/08/2026 10:54 AM","19/08/2026 11:00 AM",LWMC-ShTo,"Compactor (25CM)",-,-,-,-,-,-,-,-
2794,61606,19/08/2026,LWMC,"Tehsil Office, Shalimar Town",LR-2102,"Door To Door Collection",10.049,3H14M,194.18,31.605320000,74.347102000,still,off,"19/08/2026 10:59 AM","19/08/2026 11:00 AM",LWMC-ShTo,"Loader Rickshaw",-,-,-,-,-,-,-,-
2795,25319,19/08/2026,LWMC,"Tehsil Office, Shalimar Town",WR-009,"Door to Door Collection",-,0H0M,-,31.610723000,74.381515000,still,off,"19/08/2026 09:02 AM","19/08/2026 09:30 AM",LWMC-ShTo,"Rickshaw Washer",-,-,-,-,-,-,-,-
2796,61625,19/08/2026,LWMC,"Tehsil Office, Shalimar Town",S-112,"Door To Door Collection",25.865,2H12M,132.09,31.604343000,74.374038000,moving,on,"19/08/2026 10:53 AM","19/08/2026 11:00 AM",LWMC-ShTo,"Mini Dumper",-,-,-,-,-,-,-,-
2797,25258,19/08/2026,LWMC,"Tehsil Office, Shalimar Town",LR-0131,"Door To Door Collection",23.386,4H35M,275.23,31.609725000,74.381435000,still,off,"19/08/2026 10:48 AM","19/08/2026 11:00 AM",LWMC-ShTo,"Loader Rickshaw",-,-,-,-,-,-,-,-
2798,61481,19/08/2026,LWMC,"Tehsil Office, Shalimar Town",LR-0862,"Door To Door Collection",19.681,5H52M,352.01,31.596765000,74.349850000,moving,on,"19/08/2026 10:56 AM","19/08/2026 11:00 AM",LWMC-ShTo,"Loader Rickshaw",-,-,-,-,-,-,-,-
2799,61696,19/08/2026,LWMC,"Tehsil Office, Shalimar Town",MFL-74,"Bulk Waste Collection",8.976,6H7M,367.43,31.603127000,74.373290000,still,off,"19/08/2026 10:58 AM","19/08/2026 11:00 AM",LWMC-ShTo,"Tractor Front Blade",-,-,-,-,-,-,-,-
2800,61802,19/08/2026,LWMC,"Tehsil Office, Shalimar Town",LR-2203,"Door To Door Collection",14.886,3H5M,185.43,31.589615000,74.345530000,still,off,"19/08/2026 10:47 AM","19/08/2026 11:00 AM",LWMC-ShTo,"Loader Rickshaw",-,-,-,-,-,-,-,-
2801,25288,19/08/2026,LWMC,"Tehsil Office, Shalimar Town",LR-0568,"Door To Door Collection",26.08,6H12M,371.68,31.595022000,74.338712000,moving,on,"19/08/2026 10:55 AM","19/08/2026 11:00 AM",LWMC-ShTo,"Loader Rickshaw",-,-,-,-,-,-,-,-
2802,61633,19/08/2026,LWMC,"Tehsil Office, Shalimar Town",LR-2427,"Door To Door Collection",21.262,4H26M,265.64,31.609723000,74.381440000,still,off,"19/08/2026 10:51 AM","19/08/2026 11:00 AM",LWMC-ShTo,"Loader Rickshaw",-,-,-,-,-,-,-,-
2803,61565,19/08/2026,LWMC,"Tehsil Office, Shalimar Town",LR-1548,"Door To Door Collection",14.207,2H9M,128.56,31.607217000,74.349213000,moving,on,"19/08/2026 10:53 AM","19/08/2026 11:00 AM",LWMC-ShTo,"Loader Rickshaw",-,-,-,-,-,-,-,-
2804,61475,19/08/2026,LWMC,"Tehsil Office, Shalimar Town",LR-2101,"Door To Door Collection",-,0H0M,-,31.600832000,74.345758000,still,off,"19/08/2026 10:46 AM","19/08/2026 11:00 AM",LWMC-ShTo,"Loader Rickshaw",-,-,-,-,-,-,-,-
2805,61065,19/08/2026,LWMC,"Tehsil Office, Shalimar Town",LR-2189,"Door To Door Collection",21.647,5H49M,349.14,31.584237000,74.341403000,still,off,"19/08/2026 10:58 AM","19/08/2026 11:00 AM",LWMC-ShTo,"Loader Rickshaw",-,-,-,-,-,-,-,-
2806,18488,19/08/2026,LWMC,"Tehsil Office, Shalimar Town",CA-117,"Container-Based Collection",79.766,5H27M,326.6,31.588123000,74.335397000,still,off,"19/08/2026 10:57 AM","19/08/2026 11:00 AM",LWMC-ShTo,"Chain Arm Roll",-,-,-,-,-,-,-,-
2807,23354,19/08/2026,LWMC,"Tehsil Office, Shalimar Town",LR-1214,"Door To Door Collection",13.757,3H9M,188.91,31.591418000,74.358558000,still,off,"19/08/2026 10:50 AM","19/08/2026 11:00 AM",LWMC-ShTo,"Loader Rickshaw",-,-,-,-,-,-,-,-
2808,61822,19/08/2026,LWMC,"Tehsil Office, Shalimar Town",MFL-14,"Bulk Waste Collection",-,0H0M,-,31.608840000,74.379865000,still,off,"19/08/2026 10:44 AM","19/08/2026 11:00 AM",LWMC-ShTo,"Tractor Front Blade",-,-,-,-,-,-,-,-
2809,61008,19/08/2026,LWMC,"Tehsil Office, Shalimar Town",LR-2210,"Door To Door Collection",10.343,5H35M,334.61,31.588203000,74.336812000,still,off,"19/08/2026 10:57 AM","19/08/2026 11:00 AM",LWMC-ShTo,"Loader Rickshaw",-,-,-,-,-,-,-,-
2810,61187,19/08/2026,LWMC,"Tehsil Office, Shalimar Town",S-180,"Door To Door Collection",20.254,1H45M,104.78,31.587570000,74.342875000,still,off,"19/08/2026 10:59 AM","19/08/2026 11:00 AM",LWMC-ShTo,"Mini Dumper",-,-,-,-,-,-,-,-
2811,29196,19/08/2026,LWMC,"Tehsil Office, Shalimar Town",C-730,"Bulk Waste Collection",63.619,4H49M,289.08,31.609400000,74.421313000,moving,on,"19/08/2026 10:59 AM","19/08/2026 11:00 AM",LWMC-ShTo,"Compactor (25CM)",-,-,-,-,-,-,-,-
2812,61540,19/08/2026,LWMC,"Tehsil Office, Shalimar Town",LR-2498,"Door To Door Collection",10.857,0H51M,50.53,31.593717000,74.366503000,still,off,"19/08/2026 10:58 AM","19/08/2026 11:00 AM",LWMC-ShTo,"Loader Rickshaw",-,-,-,-,-,-,-,-
2813,62167,19/08/2026,LWMC,"Tehsil Office, Shalimar Town",LR-2098,"Door To Door Collection",15.043,2H11M,131.15,31.582195000,74.380475000,moving,on,"19/08/2026 10:54 AM","19/08/2026 11:03 AM",LWMC-ShTo,"Loader Rickshaw",-,-,-,-,-,-,-,-
2814,61716,19/08/2026,LWMC,"Tehsil Office, Shalimar Town",LR-0571,"Door To Door Collection",12.177,1H29M,89.29,31.604692000,74.368975000,moving,on,"19/08/2026 10:58 AM","19/08/2026 11:00 AM",LWMC-ShTo,"Loader Rickshaw",-,-,-,-,-,-,-,-
2815,61485,19/08/2026,LWMC,"Tehsil Office, Shalimar Town",LR-1304,"Door To Door Collection",17.841,2H17M,136.73,31.597080000,74.350743000,still,off,"19/08/2026 10:46 AM","19/08/2026 11:00 AM",LWMC-ShTo,"Loader Rickshaw",-,-,-,-,-,-,-,-
2816,18493,19/08/2026,LWMC,"Tehsil Office, Shalimar Town",CA-78,"Container-Based Collection",97.77,5H16M,316.36,31.608600000,74.351120000,moving,on,"19/08/2026 10:57 AM","19/08/2026 11:00 AM",LWMC-ShTo,"Chain Arm Roll",-,-,-,-,-,-,-,-
2817,60945,19/08/2026,LWMC,"Tehsil Office, Shalimar Town",LR-1801,"Door To Door Collection",21.562,3H44M,223.53,31.584145000,74.341002000,moving,on,"19/08/2026 10:59 AM","19/08/2026 11:00 AM",LWMC-ShTo,"Loader Rickshaw",-,-,-,-,-,-,-,-
2818,18492,19/08/2026,LWMC,"Tehsil Office, Shalimar Town",CA-124,"Container-Based Collection",86.038,5H16M,316.19,31.608525000,74.372622000,moving,on,"19/08/2026 10:57 AM","19/08/2026 11:00 AM",LWMC-ShTo,"Chain Arm Roll",-,-,-,-,-,-,-,-
2819,61798,19/08/2026,LWMC,"Tehsil Office, Shalimar Town",LR-2186,"Door To Door Collection",19.563,2H47M,166.98,31.583212000,74.332110000,still,off,"19/08/2026 10:29 AM","19/08/2026 11:00 AM",LWMC-ShTo,"Loader Rickshaw",-,-,-,-,-,-,-,-
2820,60839,19/08/2026,LWMC,"Tehsil Office, Shalimar Town",S-23,"Door To Door Collection",21.048,1H28M,88.38,31.588547000,74.336832000,still,off,"19/08/2026 10:46 AM","19/08/2026 11:00 AM",LWMC-ShTo,"Mini Dumper",-,-,-,-,-,-,-,-
2821,25287,19/08/2026,LWMC,"Tehsil Office, Shalimar Town",LR-0567,"Door To Door Collection",18.327,2H34M,153.69,31.599948000,74.334995000,still,off,"19/08/2026 10:58 AM","19/08/2026 11:00 AM",LWMC-ShTo,"Loader Rickshaw",-,-,-,-,-,-,-,-
2822,61076,19/08/2026,LWMC,"Tehsil Office, Shalimar Town",LR-1795,"Door To Door Collection",16.829,3H54M,234.46,31.587775000,74.349137000,still,off,"19/08/2026 10:57 AM","19/08/2026 11:00 AM",LWMC-ShTo,"Loader Rickshaw",-,-,-,-,-,-,-,-
2823,-,19/08/2026,LWMC,"Tehsil Office, Shalimar Town",LR-2318,-,26.908,5H59M,359.26,31.604820000,74.372858000,moving,on,"19/08/2026 10:58 AM","19/08/2026 11:00 AM",LWMC-ShTo,-,-,-,-,-,-,-,-,-
2824,60900,19/08/2026,LWMC,"Tehsil Office, Shalimar Town",S-380,"Door To Door Collection",35.65,2H22M,141.65,31.573453000,74.287515000,still,off,"19/08/2026 10:49 AM","19/08/2026 11:00 AM",LWMC-ShTo,"Mini Dumper",-,-,-,-,-,-,-,-
2825,61622,19/08/2026,LWMC,"Tehsil Office, Shalimar Town",LR-1802,"Door To Door Collection",-,0H0M,-,31.610291000,74.381346000,still,off,"19/08/2026 10:57 AM","19/08/2026 11:00 AM",LWMC-ShTo,"Loader Rickshaw",-,-,-,-,-,-,-,-
2826,61476,19/08/2026,LWMC,"Tehsil Office, Shalimar Town",LR-1547,"Door To Door Collection",5.911,0H25M,24.58,31.600152000,74.343083000,still,off,"19/08/2026 10:47 AM","19/08/2026 11:00 AM",LWMC-ShTo,"Loader Rickshaw",-,-,-,-,-,-,-,-
2827,60978,19/08/2026,LWMC,"Tehsil Office, Shalimar Town",LR-2207,"Door To Door Collection",15.342,2H49M,168.69,31.590200000,74.337340000,moving,on,"19/08/2026 10:56 AM","19/08/2026 11:00 AM",LWMC-ShTo,"Loader Rickshaw",-,-,-,-,-,-,-,-
2828,25293,19/08/2026,LWMC,"Tehsil Office, Shalimar Town",LR-0595,"Door To Door Collection",20.209,2H27M,147.36,31.582358000,74.373447000,moving,on,"19/08/2026 10:59 AM","19/08/2026 11:00 AM",LWMC-ShTo,"Loader Rickshaw",-,-,-,-,-,-,-,-
2829,61022,19/08/2026,LWMC,"Tehsil Office, Shalimar Town",LR-1789,"Door To Door Collection",15.61,2H33M,153.26,31.586158000,74.349090000,moving,on,"19/08/2026 10:58 AM","19/08/2026 11:00 AM",LWMC-ShTo,"Loader Rickshaw",-,-,-,-,-,-,-,-
2830,60599,19/08/2026,LWMC,"Tehsil Office, Shalimar Town",M-50,"Bulk Waste Collection",59.761,4H29M,268.58,31.583573000,74.329825000,moving,on,"19/08/2026 10:57 AM","19/08/2026 11:00 AM",LWMC-ShTo,"Mini Dumper",-,-,-,-,-,-,-,-
2831,60646,19/08/2026,LWMC,"Tehsil Office, Shalimar Town",M-42,"Bulk Waste Collection",75.214,3H22M,202.46,31.593655000,74.368320000,moving,on,"19/08/2026 10:58 AM","19/08/2026 11:00 AM",LWMC-ShTo,"Mini Dumper",-,-,-,-,-,-,-,-
2832,61066,19/08/2026,LWMC,"Tehsil Office, Shalimar Town",LR-1298,"Door To Door Collection",21.376,6H10M,370.44,31.594487000,74.344023000,still,off,"19/08/2026 10:48 AM","19/08/2026 11:00 AM",LWMC-ShTo,"Loader Rickshaw",-,-,-,-,-,-,-,-
2833,61491,19/08/2026,LWMC,"Tehsil Office, Shalimar Town",LR-2426,"Door To Door Collection",27.581,2H59M,179.05,31.609392000,74.380928000,moving,on,"19/08/2026 10:55 AM","19/08/2026 11:00 AM",LWMC-ShTo,"Loader Rickshaw",-,-,-,-,-,-,-,-
2834,61355,19/08/2026,LWMC,"Tehsil Office, Shalimar Town",LR-2338,"Door To Door Collection",27.464,5H45M,345.05,31.580790000,74.344072000,still,off,"19/08/2026 10:57 AM","19/08/2026 11:00 AM",LWMC-ShTo,"Loader Rickshaw",-,-,-,-,-,-,-,-
2835,18634,19/08/2026,LWMC,"Tehsil Office, Shalimar Town",C-1383,"Container-Based Collection",63.075,5H22M,322.5,31.609555000,74.327640000,moving,on,"19/08/2026 10:37 AM","19/08/2026 11:00 AM",LWMC-ShTo,"Compactor (13CM)",-,-,-,-,-,-,-,-
2836,61016,19/08/2026,LWMC,"Tehsil Office, Shalimar Town",LR-1293,"Door To Door Collection",16.133,5H46M,346.48,31.582582000,74.339847000,still,off,"19/08/2026 10:59 AM","19/08/2026 11:00 AM",LWMC-ShTo,"Loader Rickshaw",-,-,-,-,-,-,-,-
2837,23340,19/08/2026,LWMC,"Tehsil Office, Shalimar Town",LR-1200,"Door To Door Collection",-,0H0M,-,31.610035000,74.381540000,still,off,"19/08/2026 10:49 AM","19/08/2026 11:00 AM",LWMC-ShTo,"Loader Rickshaw",-,-,-,-,-,-,-,-
2838,60684,19/08/2026,LWMC,"Tehsil Office, Gulberg Town",LR-1575,"Door To Door Collection",13.978,1H48M,107.78,31.522368000,74.358915000,moving,on,"19/08/2026 10:58 AM","19/08/2026 11:00 AM",LWMC-GuTo,"Loader Rickshaw",2,Distance,5,-,-,-,-,-
2839,61569,19/08/2026,LWMC,"Tehsil Office, Gulberg Town",LR-2578,"Door To Door Collection",19.556,9H34M,573.83,31.550725000,74.352778000,still,off,"19/08/2026 10:57 AM","19/08/2026 11:00 AM",LWMC-GuTo,"Loader Rickshaw",2,Distance,5,1,-,-,-,-
2840,59434,19/08/2026,LWMC,"Tehsil Office, Gulberg Town",LR-2575,"Door To Door Collection",18.466,9H58M,598.04,31.499678000,74.353580000,moving,on,"19/08/2026 11:00 AM","19/08/2026 11:00 AM",LWMC-GuTo,"Loader Rickshaw",2,Distance,5,1,-,-,-,-
2841,-,19/08/2026,LWMC,"Tehsil Office, Gulberg Town",LR-3054,-,-,9H53M,592.78,31.367864000,74.365087000,still,off,"19/08/2026 10:57 AM","19/08/2026 11:00 AM",LWMC-GuTo,-,-,-,-,-,-,-,-,-
2842,61233,19/08/2026,LWMC,"Tehsil Office, Gulberg Town",LR-1703,"Door To Door Collection",25.038,8H33M,512.68,31.456249000,74.337437000,moving,on,"19/08/2026 11:00 AM","19/08/2026 11:00 AM",LWMC-GuTo,"Loader Rickshaw",2,Distance,5,1,-,-,-,-
2843,22532,19/08/2026,LWMC,"Tehsil Office, Gulberg Town",LR-0985,"Door To Door Collection",17.637,10H57M,657.2,31.535497000,74.345342000,still,off,"19/08/2026 10:58 AM","19/08/2026 11:00 AM",LWMC-GuTo,"Loader Rickshaw",2,Distance,5,1,-,-,-,-
2844,-,19/08/2026,LWMC,"Tehsil Office, Gulberg Town",LR-3063,-,22.333,10H0M,600.39,31.464657000,74.338289000,moving,on,"19/08/2026 10:58 AM","19/08/2026 11:00 AM",LWMC-GuTo,-,-,-,-,-,-,-,-,-
2845,61111,19/08/2026,LWMC,"Tehsil Office, Gulberg Town",LR-1358,"Door To Door Collection",10.964,8H5M,485.14,31.484553000,74.301562000,still,off,"19/08/2026 10:57 AM","19/08/2026 11:00 AM",LWMC-GuTo,"Loader Rickshaw",2,Distance,5,1,-,-,-,-
2846,59934,19/08/2026,LWMC,"Tehsil Office, Gulberg Town",LR-2237,"Door To Door Collection",17.112,9H12M,551.89,31.517822000,74.346193000,moving,on,"19/08/2026 10:58 AM","19/08/2026 11:00 AM",LWMC-GuTo,"Loader Rickshaw",2,Distance,5,1,-,-,-,-
2847,59690,19/08/2026,LWMC,"Tehsil Office, Gulberg Town",LR-2570,"Door To Door Collection",19.658,6H45M,405.06,31.514535000,74.348258000,moving,on,"19/08/2026 10:59 AM","19/08/2026 11:00 AM",LWMC-GuTo,"Loader Rickshaw",2,Distance,5,1,-,-,-,-
2848,61309,19/08/2026,LWMC,"Tehsil Office, Gulberg Town",LR-2000,"Door To Door Collection",25.944,6H36M,396.03,31.608726000,74.368475000,still,off,"19/08/2026 10:57 AM","19/08/2026 11:00 AM",LWMC-GuTo,"Loader Rickshaw",2,Distance,5,1,-,-,-,-
2849,61283,19/08/2026,LWMC,"Tehsil Office, Gulberg Town",LR-3065,"Door To Door Collection",16.545,10H56M,655.64,31.471656000,74.337929000,moving,on,"19/08/2026 10:57 AM","19/08/2026 11:00 AM",LWMC-GuTo,"Loader Rickshaw",2,Distance,5,1,-,-,-,-
2850,61314,19/08/2026,LWMC,"Tehsil Office, Gulberg Town",LR-1555,"Door To Door Collection",13.343,10H25M,624.88,31.571956000,74.374904000,still,off,"19/08/2026 10:58 AM","19/08/2026 11:00 AM",LWMC-GuTo,"Loader Rickshaw",2,Distance,5,1,-,-,-,-
2851,60789,19/08/2026,LWMC,"Tehsil Office, Gulberg Town",LR-2579,"Door To Door Collection",29.575,10H49M,648.64,31.559946000,74.349718000,moving,on,"19/08/2026 10:58 AM","19/08/2026 11:00 AM",LWMC-GuTo,"Loader Rickshaw",2,Distance,5,1,-,-,-,-
2852,22570,19/08/2026,LWMC,"Tehsil Office, Gulberg Town",LR-1041,"Door To Door Collection",23.908,10H59M,658.51,31.473760000,74.307162000,still,off,"19/08/2026 10:59 AM","19/08/2026 11:00 AM",LWMC-GuTo,"Loader Rickshaw",2,Distance,5,1,-,-,-,-
2853,60917,19/08/2026,LWMC,"Tehsil Office, Gulberg Town",LR-3058,"Door To Door Collection",27.809,7H2M,421.81,31.471466000,74.325810000,still,off,"19/08/2026 10:57 AM","19/08/2026 11:00 AM",LWMC-GuTo,"Loader Rickshaw",2,Distance,5,1,-,-,-,-
2854,59922,19/08/2026,LWMC,"Tehsil Office, Gulberg Town",LR-1562,"Door To Door Collection",18.798,8H43M,523.03,31.572276000,74.368261000,moving,on,"19/08/2026 10:58 AM","19/08/2026 11:00 AM",LWMC-GuTo,"Loader Rickshaw",2,Distance,5,1,-,-,-,-
2855,60130,19/08/2026,LWMC,"Tehsil Office, Gulberg Town",SD-15,"Bulk Waste Collection",72.942,3H3M,183.33,31.576168000,74.347655000,moving,on,"19/08/2026 10:58 AM","19/08/2026 11:00 AM",LWMC-GuTo,"Dumper (10CM)",3,Ignition,-,1,-,-,-,-
2856,19815,19/08/2026,LWMC,"Tehsil Office, Gulberg Town",S-262,"Bulk Waste Collection",47.896,9H33M,572.56,31.566982000,74.345910000,moving,on,"19/08/2026 10:58 AM","19/08/2026 11:00 AM",LWMC-GuTo,"Mini Dumper",2,Distance,5,1,-,-,-,-
2857,-,19/08/2026,LWMC,"Tehsil Office, Gulberg Town",C-1357,-,150.934,10H17M,617.03,31.575558000,74.370088000,still,off,"19/08/2026 10:58 AM","19/08/2026 11:00 AM",LWMC-GuTo,-,-,-,-,-,-,-,-,-
2858,59921,19/08/2026,LWMC,"Tehsil Office, Gulberg Town",D-49,"Bulk Waste Collection",79.457,3H58M,238.38,31.512471000,74.334801000,moving,on,"19/08/2026 11:00 AM","19/08/2026 11:00 AM",LWMC-GuTo,"Dumper (7CM)",3,Ignition,-,1,-,-,-,-
2859,61271,19/08/2026,LWMC,"Tehsil Office, Gulberg Town",LR-1571,"Door To Door Collection",11.967,1H29M,88.71,31.530438000,74.359313000,still,off,"19/08/2026 10:57 AM","19/08/2026 11:00 AM",LWMC-GuTo,"Loader Rickshaw",2,Distance,5,-,-,-,-,-
2860,59885,19/08/2026,LWMC,"Tehsil Office, Gulberg Town",SD-16,"Bulk Waste Collection",54.317,9H18M,558.03,31.574286000,74.348806000,still,off,"19/08/2026 10:57 AM","19/08/2026 11:00 AM",LWMC-GuTo,"Dumper (10CM)",3,Ignition,-,1,-,-,-,-
2861,-,19/08/2026,LWMC,"Tehsil Office, Gulberg Town",LR-S-253,-,110.571,5H4M,303.8,31.563818000,74.370622000,moving,on,"19/08/2026 10:58 AM","19/08/2026 11:00 AM",LWMC-GuTo,-,-,-,-,-,-,-,-,-
2862,-,19/08/2026,LWMC,"Tehsil Office, Gulberg Town",LR-3093,-,17.367,1H54M,114.45,31.366291000,74.369744000,moving,on,"19/08/2026 10:58 AM","19/08/2026 11:00 AM",LWMC-GuTo,-,-,-,-,-,-,-,-,-
2863,22584,19/08/2026,LWMC,"Tehsil Office, Gulberg Town",LR-0667,"Door To Door Collection",25.684,9H40M,580.08,31.468127000,74.320662000,moving,on,"19/08/2026 10:59 AM","19/08/2026 11:00 AM",LWMC-GuTo,"Loader Rickshaw",2,Distance,5,1,-,-,-,-
2864,19793,19/08/2026,LWMC,"Tehsil Office, Gulberg Town",M-39,"Bulk Waste Collection",72.433,3H43M,223.4,31.519378000,74.356785000,still,off,"19/08/2026 10:50 AM","19/08/2026 11:00 AM",LWMC-GuTo,"Mini Dumper",2,Distance,5,1,-,-,-,-
2865,60053,19/08/2026,LWMC,"Tehsil Office, Gulberg Town",MFL-79,"Bulk Waste Collection",41.692,6H36M,395.63,31.572688000,74.348749000,moving,on,"19/08/2026 10:58 AM","19/08/2026 11:00 AM",LWMC-GuTo,"Tractor Loader",3,Ignition,-,1,-,-,-,-
2866,19817,19/08/2026,LWMC,"Tehsil Office, Gulberg Town",S-287,"Bulk Waste Collection",28.494,2H30M,149.83,31.474914000,74.306695000,moving,on,"19/08/2026 10:42 AM","19/08/2026 11:00 AM",LWMC-GuTo,"Mini Dumper",2,Distance,5,1,-,-,-,-
2867,22595,19/08/2026,LWMC,"Tehsil Office, Gulberg Town",LR-0695,"Door To Door Collection",20.11,1H28M,88.25,31.473855000,74.336265000,still,off,"19/08/2026 10:57 AM","19/08/2026 11:00 AM",LWMC-GuTo,"Loader Rickshaw",2,Distance,5,-,-,-,-,-
2868,-,19/08/2026,LWMC,"Tehsil Office, Gulberg Town",LR-3110,-,21.428,3H23M,202.8,31.452129000,74.366287000,moving,on,"19/08/2026 10:59 AM","19/08/2026 11:00 AM",LWMC-GuTo,-,-,-,-,-,-,-,-,-
2869,19833,19/08/2026,LWMC,"Tehsil Office, Gulberg Town",M-93,"Bulk Waste Collection",0.07,0H57M,57.21,31.478567000,74.344020000,still,off,"19/08/2026 08:22 AM","19/08/2026 09:00 AM",LWMC-GuTo,"Mini Dumper",2,Distance,5,-,-,-,-,-
2870,22551,19/08/2026,LWMC,"Tehsil Office, Gulberg Town",LR-0641,"Door To Door Collection",19.502,10H57M,657.31,31.500422000,74.322733000,moving,on,"19/08/2026 10:57 AM","19/08/2026 11:00 AM",LWMC-GuTo,"Loader Rickshaw",2,Distance,5,1,-,-,-,-
2871,-,19/08/2026,LWMC,"Tehsil Office, Gulberg Town",C-1352,-,116.797,8H46M,525.68,31.532631000,74.357838000,still,off,"19/08/2026 10:58 AM","19/08/2026 11:00 AM",LWMC-GuTo,-,-,-,-,-,-,-,-,-
2872,18461,19/08/2026,LWMC,"Tehsil Office, Gulberg Town",CA-150,"Container-Based Collection",133.991,7H52M,472.44,31.504798000,74.331285000,moving,on,"19/08/2026 10:58 AM","19/08/2026 11:00 AM",LWMC-GuTo,"Chain Arm Roll",3,Distance,10,1,-,-,-,-
2873,22511,19/08/2026,LWMC,"Tehsil Office, Gulberg Town",LR-0520,"Door To Door Collection",35.928,3H16M,195.5,31.557617000,74.349082000,still,off,"19/08/2026 10:58 AM","19/08/2026 11:00 AM",LWMC-GuTo,"Loader Rickshaw",2,Distance,5,1,-,-,-,-
2874,59965,19/08/2026,LWMC,"Tehsil Office, Gulberg Town",D-07,"Bulk Waste Collection",69.222,6H36M,395.98,31.465005000,74.339138000,moving,on,"19/08/2026 10:59 AM","19/08/2026 11:00 AM",LWMC-GuTo,"Dumper (7CM)",3,Ignition,-,1,-,-,-,-
2875,22565,19/08/2026,LWMC,"Tehsil Office, Gulberg Town",LR-1131,"Door To Door Collection",35.129,3H16M,196.3,31.477662000,74.313325000,still,off,"19/08/2026 10:57 AM","19/08/2026 11:00 AM",LWMC-GuTo,"Loader Rickshaw",2,Distance,5,1,-,-,-,-
2876,61181,19/08/2026,LWMC,"Tehsil Office, Gulberg Town",LR-1717,"Door To Door Collection",24.383,2H2M,121.91,31.485325000,74.353290000,moving,on,"19/08/2026 10:58 AM","19/08/2026 11:00 AM",LWMC-GuTo,"Loader Rickshaw",2,Distance,5,1,-,-,-,-
2877,60015,19/08/2026,LWMC,"Tehsil Office, Gulberg Town",LR-1574,"Door To Door Collection",15.56,1H25M,85.08,31.573263000,74.380473000,still,off,"19/08/2026 10:59 AM","19/08/2026 11:00 AM",LWMC-GuTo,"Loader Rickshaw",2,Distance,5,-,-,-,-,-
2878,22527,19/08/2026,LWMC,"Tehsil Office, Gulberg Town",LR-1148,"Door To Door Collection",19.887,2H8M,127.68,31.529185000,74.342995000,moving,on,"19/08/2026 10:55 AM","19/08/2026 11:00 AM",LWMC-GuTo,"Loader Rickshaw",2,Distance,5,1,-,-,-,-
2879,60652,19/08/2026,LWMC,"Tehsil Office, Gulberg Town",LR-1712,"Door To Door Collection",-,0H0M,-,31.532838000,74.360622000,still,off,"19/08/2026 10:35 AM","19/08/2026 11:00 AM",LWMC-GuTo,"Loader Rickshaw",2,Distance,5,-,-,-,-,-
2880,60925,19/08/2026,LWMC,"Tehsil Office, Gulberg Town",LR-1576,"Door To Door Collection",25.287,4H49M,289.35,31.565275000,74.353142000,still,off,"19/08/2026 10:58 AM","19/08/2026 11:00 AM",LWMC-GuTo,"Loader Rickshaw",2,Distance,5,1,-,-,-,-
2881,22537,19/08/2026,LWMC,"Tehsil Office, Gulberg Town",LR-1136,"Door To Door Collection",19.375,1H43M,103.16,31.514813000,74.347007000,moving,on,"19/08/2026 10:59 AM","19/08/2026 11:00 AM",LWMC-GuTo,"Loader Rickshaw",2,Distance,5,-,-,-,-,-
2882,60831,19/08/2026,LWMC,"Tehsil Office, Gulberg Town",LR-1567,"Door To Door Collection",0.021,0H1M,0.8,31.532348000,74.360704000,still,off,"19/08/2026 07:23 AM","19/08/2026 08:00 AM",LWMC-GuTo,"Loader Rickshaw",2,Distance,5,-,-,-,-,-
2883,19805,19/08/2026,LWMC,"Tehsil Office, Gulberg Town",M-03,"Bulk Waste Collection",61.337,4H24M,264.3,31.478472000,74.343830000,still,off,"19/08/2026 10:49 AM","19/08/2026 11:00 AM",LWMC-GuTo,"Mini Dumper",2,Distance,5,1,-,-,-,-
2884,19795,19/08/2026,LWMC,"Tehsil Office, Gulberg Town",S-292,"Bulk Waste Collection",28.769,1H36M,96.21,31.496582000,74.334404000,still,off,"19/08/2026 10:58 AM","19/08/2026 11:00 AM",LWMC-GuTo,"Mini Dumper",2,Distance,5,-,-,-,-,-
2885,22546,19/08/2026,LWMC,"Tehsil Office, Gulberg Town",LR-1037,"Door To Door Collection",24.293,5H17M,317.16,31.486703000,74.343987000,moving,on,"19/08/2026 10:59 AM","19/08/2026 11:00 AM",LWMC-GuTo,"Loader Rickshaw",2,Distance,5,1,-,-,-,-
2886,-,19/08/2026,LWMC,"Tehsil Office, Gulberg Town",LR-1997-,-,25.566,2H32M,151.69,31.458790000,74.332645000,still,off,"19/08/2026 10:57 AM","19/08/2026 11:00 AM",LWMC-GuTo,-,-,-,-,-,-,-,-,-
2887,60774,19/08/2026,LWMC,"Tehsil Office, Gulberg Town",LR-1708,"Door To Door Collection",16.523,1H11M,70.93,31.499584000,74.357068000,still,off,"19/08/2026 10:58 AM","19/08/2026 11:00 AM",LWMC-GuTo,"Loader Rickshaw",2,Distance,5,-,-,-,-,-
2888,19804,19/08/2026,LWMC,"Tehsil Office, Gulberg Town",M-75,"Bulk Waste Collection",58.679,3H5M,185.21,31.478528000,74.343860000,still,off,"19/08/2026 10:45 AM","19/08/2026 11:00 AM",LWMC-GuTo,"Mini Dumper",2,Distance,5,1,-,-,-,-
2889,61153,19/08/2026,LWMC,"Tehsil Office, Gulberg Town",LR-1709,"Door To Door Collection",43.58,2H4M,123.68,31.516366000,74.355139000,still,off,"19/08/2026 10:58 AM","19/08/2026 11:00 AM",LWMC-GuTo,"Loader Rickshaw",2,Distance,5,1,-,-,-,-
2890,61547,19/08/2026,LWMC,"Tehsil Office, Gulberg Town",LR-2564,"Door To Door Collection",18.175,0H55M,54.66,31.530181000,74.361369000,moving,on,"19/08/2026 09:37 AM","19/08/2026 11:00 AM",LWMC-GuTo,"Loader Rickshaw",2,Distance,5,-,-,-,-,-
2891,22586,19/08/2026,LWMC,"Tehsil Office, Gulberg Town",LR-0987,"Door To Door Collection",28.122,4H19M,259.01,31.465168000,74.321178000,still,off,"19/08/2026 10:59 AM","19/08/2026 11:00 AM",LWMC-GuTo,"Loader Rickshaw",2,Distance,5,1,-,-,-,-
2892,61268,19/08/2026,LWMC,"Tehsil Office, Gulberg Town",LR-2571,"Door To Door Collection",34.744,2H13M,132.86,31.457441000,74.328752000,still,off,"19/08/2026 10:57 AM","19/08/2026 11:00 AM",LWMC-GuTo,"Loader Rickshaw",2,Distance,5,1,-,-,-,-
2893,61403,19/08/2026,LWMC,"Tehsil Office, Gulberg Town",LR-2565,"Door To Door Collection",31.423,1H37M,97.08,31.538402000,74.356254000,still,off,"19/08/2026 10:58 AM","19/08/2026 11:00 AM",LWMC-GuTo,"Loader Rickshaw",2,Distance,5,-,-,-,-,-
2894,61545,19/08/2026,LWMC,"Tehsil Office, Gulberg Town",LR-0993,"Door To Door Collection",29.026,5H41M,341.11,31.463708000,74.336067000,still,off,"19/08/2026 10:58 AM","19/08/2026 11:00 AM",LWMC-GuTo,"Loader Rickshaw",2,Distance,5,1,-,-,-,-
2895,19825,19/08/2026,LWMC,"Tehsil Office, Gulberg Town",M-30,"Bulk Waste Collection",38.63,3H12M,192.13,31.586125000,74.396497000,moving,on,"19/08/2026 10:58 AM","19/08/2026 11:00 AM",LWMC-GuTo,"Mini Dumper",2,Distance,5,1,-,-,-,-
2896,61390,19/08/2026,LWMC,"Tehsil Office, Gulberg Town",LR-1995,"Door To Door Collection",18.717,1H49M,108.75,31.467490000,74.337128000,still,off,"19/08/2026 10:54 AM","19/08/2026 11:00 AM",LWMC-GuTo,"Loader Rickshaw",2,Distance,5,-,-,-,-,-
2897,19816,19/08/2026,LWMC,"Tehsil Office, Gulberg Town",M-80,"Bulk Waste Collection",42.254,3H12M,192.03,31.478563000,74.344053000,still,off,"19/08/2026 10:56 AM","19/08/2026 11:00 AM",LWMC-GuTo,"Mini Dumper",2,Distance,5,1,-,-,-,-
2898,22518,19/08/2026,LWMC,"Tehsil Office, Gulberg Town",LR-1141,"Door To Door Collection",-,0H0M,-,31.532165000,74.360727000,still,off,"19/08/2026 10:45 AM","19/08/2026 11:00 AM",LWMC-GuTo,"Loader Rickshaw",2,Distance,5,-,-,-,-,-
2899,19802,19/08/2026,LWMC,"Tehsil Office, Gulberg Town",M-22,"Bulk Waste Collection",33.103,2H11M,130.51,31.572135000,74.348960000,moving,on,"19/08/2026 10:58 AM","19/08/2026 11:00 AM",LWMC-GuTo,"Mini Dumper",2,Distance,5,1,-,-,-,-
2900,19796,19/08/2026,LWMC,"Tehsil Office, Gulberg Town",M-51,"Bulk Waste Collection",43.629,2H50M,169.75,31.513675000,74.341640000,still,off,"19/08/2026 10:48 AM","19/08/2026 11:00 AM",LWMC-GuTo,"Mini Dumper",2,Distance,5,1,-,-,-,-
2901,22577,19/08/2026,LWMC,"Tehsil Office, Gulberg Town",LR-0646,"Door To Door Collection",20.817,1H42M,102.09,31.456223000,74.337278000,still,off,"19/08/2026 10:58 AM","19/08/2026 11:00 AM",LWMC-GuTo,"Loader Rickshaw",2,Distance,5,-,-,-,-,-
2902,61104,19/08/2026,LWMC,"Tehsil Office, Gulberg Town",LR-1561,"Door To Door Collection",21.847,3H39M,219.06,31.571878000,74.367958000,still,off,"19/08/2026 10:58 AM","19/08/2026 11:00 AM",LWMC-GuTo,"Loader Rickshaw",2,Distance,5,1,-,-,-,-
2903,-,19/08/2026,LWMC,"Tehsil Office, Gulberg Town",LR-3106,-,24.707,2H2M,121.88,31.355657000,74.371476000,moving,on,"19/08/2026 10:58 AM","19/08/2026 11:00 AM",LWMC-GuTo,-,-,-,-,-,-,-,-,-
2904,22559,19/08/2026,LWMC,"Tehsil Office, Gulberg Town",LR-0654,"Door To Door Collection",17.861,1H59M,119.31,31.495822000,74.323722000,moving,on,"19/08/2026 10:55 AM","19/08/2026 11:00 AM",LWMC-GuTo,"Loader Rickshaw",2,Distance,5,-,-,-,-,-
2905,22552,19/08/2026,LWMC,"Tehsil Office, Gulberg Town",LR-0643,"Door To Door Collection",8.319,0H45M,45.14,31.504391000,74.324099000,still,off,"19/08/2026 10:58 AM","19/08/2026 11:00 AM",LWMC-GuTo,"Loader Rickshaw",2,Distance,5,-,-,-,-,-
2906,22547,19/08/2026,LWMC,"Tehsil Office, Gulberg Town",LR-1038,"Door To Door Collection",23.291,5H26M,326.06,31.484243000,74.342100000,still,off,"19/08/2026 10:58 AM","19/08/2026 11:00 AM",LWMC-GuTo,"Loader Rickshaw",2,Distance,5,1,-,-,-,-
2907,19837,19/08/2026,LWMC,"Tehsil Office, Gulberg Town",M-20,"Bulk Waste Collection",23.726,1H49M,109.21,31.469678000,74.334725000,still,off,"19/08/2026 10:49 AM","19/08/2026 11:00 AM",LWMC-GuTo,"Mini Dumper",2,Distance,5,-,-,-,-,-
2908,61232,19/08/2026,LWMC,"Tehsil Office, Gulberg Town",LR-1569,"Door To Door Collection",32.007,1H52M,111.86,31.456574000,74.337444000,moving,on,"19/08/2026 10:59 AM","19/08/2026 11:00 AM",LWMC-GuTo,"Loader Rickshaw",2,Distance,5,-,-,-,-,-
2909,22549,19/08/2026,LWMC,"Tehsil Office, Gulberg Town",LR-1040,"Door To Door Collection",17.889,5H5M,305.48,31.474095000,74.344465000,moving,on,"19/08/2026 10:58 AM","19/08/2026 11:00 AM",LWMC-GuTo,"Loader Rickshaw",2,Distance,5,1,-,-,-,-
2910,61107,19/08/2026,LWMC,"Tehsil Office, Gulberg Town",LR-1558,"Door To Door Collection",15.419,1H15M,75.11,31.564854000,74.352027000,still,off,"19/08/2026 10:59 AM","19/08/2026 11:00 AM",LWMC-GuTo,"Loader Rickshaw",2,Distance,5,-,-,-,-,-
2911,22571,19/08/2026,LWMC,"Tehsil Office, Gulberg Town",LR-1042,"Door To Door Collection",23.041,3H1M,181.41,31.477745000,74.306712000,moving,on,"19/08/2026 10:58 AM","19/08/2026 11:00 AM",LWMC-GuTo,"Loader Rickshaw",2,Distance,5,1,-,-,-,-
2912,22540,19/08/2026,LWMC,"Tehsil Office, Gulberg Town",LR-1033,"Door To Door Collection",32.456,3H22M,201.83,31.497868000,74.336858000,moving,on,"19/08/2026 10:59 AM","19/08/2026 11:00 AM",LWMC-GuTo,"Loader Rickshaw",2,Distance,5,1,-,-,-,-
2913,22550,19/08/2026,LWMC,"Tehsil Office, Gulberg Town",LR-0640,"Door To Door Collection",25.252,3H32M,211.98,31.503110000,74.321267000,still,off,"19/08/2026 10:58 AM","19/08/2026 11:00 AM",LWMC-GuTo,"Loader Rickshaw",2,Distance,5,1,-,-,-,-
2914,19824,19/08/2026,LWMC,"Tehsil Office, Gulberg Town",M-59,"Bulk Waste Collection",44.601,2H29M,148.91,31.574968000,74.365013000,still,off,"19/08/2026 10:57 AM","19/08/2026 11:00 AM",LWMC-GuTo,"Mini Dumper",2,Distance,5,1,-,-,-,-
2915,-,19/08/2026,LWMC,"Tehsil Office, Gulberg Town",LR-S-273,-,28.654,2H11M,131.03,31.470668000,74.344825000,moving,on,"19/08/2026 10:57 AM","19/08/2026 11:00 AM",LWMC-GuTo,-,-,-,-,-,-,-,-,-
2916,22507,19/08/2026,LWMC,"Tehsil Office, Gulberg Town",LR-0503,"Door To Door Collection",25.607,2H31M,151.46,31.576833000,74.342718000,moving,on,"19/08/2026 11:00 AM","19/08/2026 11:00 AM",LWMC-GuTo,"Loader Rickshaw",2,Distance,5,1,-,-,-,-
2917,19828,19/08/2026,LWMC,"Tehsil Office, Gulberg Town",S-154,"Bulk Waste Collection",39.396,2H9M,128.76,31.569792000,74.344550000,still,off,"19/08/2026 10:56 AM","19/08/2026 11:00 AM",LWMC-GuTo,"Mini Dumper",2,Distance,5,1,-,-,-,-
2918,60696,19/08/2026,LWMC,"Tehsil Office, Gulberg Town",LR-1363,"Door To Door Collection",24.105,1H45M,105.21,31.479172000,74.311733000,moving,on,"19/08/2026 10:54 AM","19/08/2026 11:00 AM",LWMC-GuTo,"Loader Rickshaw",2,Distance,5,-,-,-,-,-
2919,61538,19/08/2026,LWMC,"Tehsil Office, Gulberg Town",LR-1993,"Door To Door Collection",29.197,1H22M,81.78,31.567342000,74.365462000,moving,on,"19/08/2026 10:58 AM","19/08/2026 11:00 AM",LWMC-GuTo,"Loader Rickshaw",2,Distance,5,-,-,-,-,-
2920,61409,19/08/2026,LWMC,"Tehsil Office, Gulberg Town",LR-1579,"Door To Door Collection",13.93,0H54M,54.21,31.562344000,74.349362000,still,off,"19/08/2026 10:58 AM","19/08/2026 11:00 AM",LWMC-GuTo,"Loader Rickshaw",2,Distance,5,-,-,-,-,-
2921,22597,19/08/2026,LWMC,"Tehsil Office, Gulberg Town",LR-0679,"Door To Door Collection",19.715,2H23M,142.91,31.454758000,74.336108000,moving,on,"19/08/2026 11:00 AM","19/08/2026 11:00 AM",LWMC-GuTo,"Loader Rickshaw",2,Distance,5,1,-,-,-,-
2922,-,19/08/2026,LWMC,"Tehsil Office, Gulberg Town",LR-3100,-,20.337,2H2M,122.5,31.357955000,74.378361000,moving,on,"19/08/2026 10:59 AM","19/08/2026 11:00 AM",LWMC-GuTo,-,-,-,-,-,-,-,-,-
2923,-,19/08/2026,LWMC,"Tehsil Office, Gulberg Town",M-04,-,30.005,2H13M,133.18,31.460358000,74.325445000,moving,on,"19/08/2026 10:57 AM","19/08/2026 11:00 AM",LWMC-GuTo,-,-,-,-,-,-,-,-,-
2924,22510,19/08/2026,LWMC,"Tehsil Office, Gulberg Town",LR-0517,"Door To Door Collection",32.344,4H58M,297.88,31.561947000,74.345090000,still,off,"19/08/2026 10:58 AM","19/08/2026 11:00 AM",LWMC-GuTo,"Loader Rickshaw",2,Distance,5,1,-,-,-,-
2925,-,19/08/2026,LWMC,"Tehsil Office, Gulberg Town",WR-0018,-,16.326,1H28M,88.45,31.449147000,74.354062000,still,off,"19/08/2026 10:48 AM","19/08/2026 11:00 AM",LWMC-GuTo,-,-,-,-,-,-,-,-,-
2926,-,19/08/2026,LWMC,"Tehsil Office, Gulberg Town",LR-0994,-,23.598,5H39M,339.11,31.467533000,74.326292000,still,off,"19/08/2026 10:57 AM","19/08/2026 11:00 AM",LWMC-GuTo,-,-,-,-,-,-,-,-,-
2927,19818,19/08/2026,LWMC,"Tehsil Office, Gulberg Town",M-40,"Bulk Waste Collection",23.306,2H2M,121.73,31.561320000,74.348247000,moving,on,"19/08/2026 10:58 AM","19/08/2026 11:00 AM",LWMC-GuTo,"Mini Dumper",2,Distance,5,1,-,-,-,-
2928,22558,19/08/2026,LWMC,"Tehsil Office, Gulberg Town",LR-0652,"Door To Door Collection",15.829,2H34M,153.69,31.511218000,74.322040000,still,off,"19/08/2026 10:57 AM","19/08/2026 11:00 AM",LWMC-GuTo,"Loader Rickshaw",2,Distance,5,1,-,-,-,-
2929,19801,19/08/2026,LWMC,"Tehsil Office, Gulberg Town",M-35,"Bulk Waste Collection",47.33,2H14M,133.83,31.454338000,74.336480000,moving,on,"19/08/2026 10:59 AM","19/08/2026 11:00 AM",LWMC-GuTo,"Mini Dumper",2,Distance,5,1,-,-,-,-
2930,22578,19/08/2026,LWMC,"Tehsil Office, Gulberg Town",LR-0655,"Door To Door Collection",29.383,2H13M,132.9,31.464780000,74.327312000,moving,on,"19/08/2026 10:54 AM","19/08/2026 11:00 AM",LWMC-GuTo,"Loader Rickshaw",2,Distance,5,1,-,-,-,-
2931,25241,19/08/2026,LWMC,"Tehsil Office, Gulberg Town",LR-0499,"Door to Door Collection",39.921,5H14M,313.66,31.572278000,74.340812000,moving,on,"19/08/2026 10:59 AM","19/08/2026 11:00 AM",LWMC-GuTo,"Loader Rickshaw",2,Distance,5,1,-,-,-,-
2932,22568,19/08/2026,LWMC,"Tehsil Office, Gulberg Town",LR-1134,"Door To Door Collection",38.1,4H24M,264.39,31.471637000,74.310318000,still,off,"19/08/2026 10:58 AM","19/08/2026 11:00 AM",LWMC-GuTo,"Loader Rickshaw",2,Distance,5,1,-,-,-,-
2933,-,19/08/2026,LWMC,"Tehsil Office, Data Gunj Baksh Town",MS-20,-,0.369,0H2M,2.5,31.427848000,74.478050000,still,off,"19/08/2026 10:57 AM","19/08/2026 11:00 AM",LWMC-DaGB,-,-,-,-,-,-,-,-,-
2934,61917,19/08/2026,LWMC,"Tehsil Office, Data Gunj Baksh Town",LR-2581,"Door To Door Collection",20,4H28M,268.25,31.580477000,74.289800000,moving,on,"19/08/2026 10:57 AM","19/08/2026 11:00 AM",LWMC-DaGB,"Loader Rickshaw",2,Distance,5,1,-,-,-,-
2935,62127,19/08/2026,LWMC,"Tehsil Office, Data Gunj Baksh Town",LR-1427,"Door To Door Collection",20.3,10H58M,658.21,31.592907000,74.293499000,still,off,"19/08/2026 10:58 AM","19/08/2026 11:00 AM",LWMC-DaGB,"Loader Rickshaw",2,Distance,5,1,-,-,-,-
2936,62113,19/08/2026,LWMC,"Tehsil Office, Data Gunj Baksh Town",LR-1587,"Door To Door Collection",14.514,7H22M,441.63,31.566270000,74.295057000,moving,on,"19/08/2026 11:00 AM","19/08/2026 11:00 AM",LWMC-DaGB,"Loader Rickshaw",2,Distance,5,1,-,-,-,-
2937,-,19/08/2026,LWMC,"Tehsil Office, Data Gunj Baksh Town",C10-187,-,0.029,9H37M,577.2,31.573025000,74.292011000,still,off,"19/08/2026 10:14 AM","19/08/2026 11:00 AM",LWMC-DaGB,-,-,-,-,-,-,-,-,-
2938,61881,19/08/2026,LWMC,"Tehsil Office, Data Gunj Baksh Town",LR-3089,"Door To Door Collection",7.466,6H45M,404.71,31.560513000,74.280359000,still,off,"19/08/2026 10:56 AM","19/08/2026 11:00 AM",LWMC-DaGB,"Loader Rickshaw",2,Distance,5,1,-,-,-,-
2939,30809,19/08/2026,LWMC,"Tehsil Office, Data Gunj Baksh Town",LR-0753,"Door To Door Collection",1.999,6H58M,417.93,31.590929000,74.264662000,moving,on,"19/08/2026 10:55 AM","19/08/2026 11:00 AM",LWMC-DaGB,"Loader Rickshaw",2,Distance,5,-,-,-,-,-
2940,-,19/08/2026,LWMC,"Tehsil Office, Data Gunj Baksh Town",LR-3088,-,15.448,9H31M,570.96,31.554890000,74.280349000,moving,on,"19/08/2026 10:58 AM","19/08/2026 11:00 AM",LWMC-DaGB,-,-,-,-,-,-,-,-,-
2941,62126,19/08/2026,LWMC,"Tehsil Office, Data Gunj Baksh Town",LR-2582,"Door To Door Collection",25.369,10H58M,657.95,31.594611000,74.258382000,still,off,"19/08/2026 10:58 AM","19/08/2026 11:00 AM",LWMC-DaGB,"Loader Rickshaw",2,Distance,5,1,-,-,-,-
2942,-,19/08/2026,LWMC,"Tehsil Office, Data Gunj Baksh Town",LR-3078,-,1.338,10H57M,657.29,31.592762000,74.259005000,still,off,"19/08/2026 10:57 AM","19/08/2026 11:00 AM",LWMC-DaGB,-,-,-,-,-,-,-,-,-
2943,60669,19/08/2026,LWMC,"Tehsil Office, Data Gunj Baksh Town",P-33,"Bulk Waste Collection",32.762,2H58M,177.5,31.573330000,74.292346000,moving,on,"19/08/2026 10:56 AM","19/08/2026 11:00 AM",LWMC-DaGB,Pickup,2,Distance,5,1,-,-,-,-
2944,62110,19/08/2026,LWMC,"Tehsil Office, Data Gunj Baksh Town",LR-2505,"Door To Door Collection",28.249,5H43M,343.06,31.566296000,74.310720000,moving,on,"19/08/2026 10:58 AM","19/08/2026 11:00 AM",LWMC-DaGB,"Loader Rickshaw",2,Distance,5,1,-,-,-,-
2945,-,19/08/2026,LWMC,"Tehsil Office, Data Gunj Baksh Town",LR-1977,-,44.115,3H20M,199.93,31.555278000,74.324823000,moving,on,"19/08/2026 10:57 AM","19/08/2026 11:00 AM",LWMC-DaGB,-,-,-,-,-,-,-,-,-
2946,62150,19/08/2026,LWMC,"Tehsil Office, Data Gunj Baksh Town",LR-2558,"Door To Door Collection",22.935,1H51M,110.96,31.554070000,74.319057000,still,off,"19/08/2026 10:57 AM","19/08/2026 11:00 AM",LWMC-DaGB,"Loader Rickshaw",2,Distance,5,-,-,-,-,-
2947,60617,19/08/2026,LWMC,"Tehsil Office, Data Gunj Baksh Town",SD-20,"Bulk Waste Collection",108.915,6H57M,416.66,31.571178000,74.307295000,moving,on,"19/08/2026 10:59 AM","19/08/2026 11:00 AM",LWMC-DaGB,"Dumper (10CM)",3,Ignition,-,1,-,-,-,-
2948,60475,19/08/2026,LWMC,"Tehsil Office, Data Gunj Baksh Town",MFT-13,"Bulk Waste Collection",25.911,10H53M,652.93,31.555802000,74.296164000,still,off,"19/08/2026 10:57 AM","19/08/2026 11:00 AM",LWMC-DaGB,"Tractor Trolley",2,Distance,10,1,-,-,-,-
2949,19783,19/08/2026,LWMC,"Tehsil Office, Data Gunj Baksh Town",S-02,"Bulk Waste Collection",31.168,1H58M,118.26,31.546883000,74.296848000,moving,on,"19/08/2026 10:57 AM","19/08/2026 11:00 AM",LWMC-DaGB,"Mini Dumper",2,Distance,5,-,-,-,-,-
2950,19058,19/08/2026,LWMC,"Tehsil Office, Data Gunj Baksh Town",LR-0014,"Bulk Waste Collection",20.394,3H19M,199.06,31.557040000,74.295755000,moving,on,"19/08/2026 10:58 AM","19/08/2026 11:00 AM",LWMC-DaGB,"Loader Rickshaw",2,Distance,5,1,-,-,-,-
2951,62135,19/08/2026,LWMC,"Tehsil Office, Data Gunj Baksh Town",LR-1310,"Door To Door Collection",21.328,6H29M,389.43,31.531060000,74.333670000,still,off,"19/08/2026 10:56 AM","19/08/2026 11:00 AM",LWMC-DaGB,"Loader Rickshaw",2,Distance,5,1,-,-,-,-
2952,-,19/08/2026,LWMC,"Tehsil Office, Data Gunj Baksh Town",LR-0706,-,42.564,10H19M,619.28,31.558737000,74.302343000,still,off,"19/08/2026 10:58 AM","19/08/2026 11:00 AM",LWMC-DaGB,-,-,-,-,-,-,-,-,-
2953,61893,19/08/2026,LWMC,"Tehsil Office, Data Gunj Baksh Town",LR-1474,"Door To Door Collection",21.496,2H5M,125.01,31.572538000,74.287329000,moving,on,"19/08/2026 10:57 AM","19/08/2026 11:00 AM",LWMC-DaGB,"Loader Rickshaw",2,Distance,5,1,-,-,-,-
2954,61809,19/08/2026,LWMC,"Tehsil Office, Data Gunj Baksh Town",LR-1420,"Door To Door Collection",27.04,4H4M,243.55,31.592472000,74.256793000,moving,on,"19/08/2026 10:57 AM","19/08/2026 11:00 AM",LWMC-DaGB,"Loader Rickshaw",2,Distance,5,1,-,-,-,-
2955,-,19/08/2026,LWMC,"Tehsil Office, Data Gunj Baksh Town",LR-2560,-,18.727,1H32M,92.4,31.539049000,74.321112000,moving,on,"19/08/2026 10:59 AM","19/08/2026 11:00 AM",LWMC-DaGB,-,-,-,-,-,-,-,-,-
2956,-,19/08/2026,LWMC,"Tehsil Office, Data Gunj Baksh Town",LR-1418,-,14.626,2H26M,145.55,31.573625000,74.293088000,moving,on,"19/08/2026 10:59 AM","19/08/2026 11:00 AM",LWMC-DaGB,-,-,-,-,-,-,-,-,-
2957,-,19/08/2026,LWMC,"Tehsil Office, Data Gunj Baksh Town",MW-10,-,64.693,6H48M,408.08,31.535612000,74.424992000,moving,on,"19/08/2026 10:57 AM","19/08/2026 11:00 AM",LWMC-DaGB,-,-,-,-,-,-,-,-,-
2958,-,19/08/2026,LWMC,"Tehsil Office, Data Gunj Baksh Town",CA-159,-,168.961,9H14M,554.26,31.546913000,74.316025000,still,off,"19/08/2026 10:57 AM","19/08/2026 11:00 AM",LWMC-DaGB,-,-,-,-,-,-,-,-,-
2959,18385,19/08/2026,LWMC,"Tehsil Office, Data Gunj Baksh Town",HA-32,"Container-Based Collection",126.846,4H53M,293.38,31.565595000,74.332975000,still,off,"19/08/2026 10:58 AM","19/08/2026 11:00 AM",LWMC-DaGB,"Arm Roll Truck",3,Distance,10,1,-,-,-,-
2960,-,19/08/2026,LWMC,"Tehsil Office, Data Gunj Baksh Town",LR-1342,-,37.334,3H44M,224.21,31.563938000,74.319668000,still,off,"19/08/2026 10:56 AM","19/08/2026 11:00 AM",LWMC-DaGB,-,-,-,-,-,-,-,-,-
2961,-,19/08/2026,LWMC,"Tehsil Office, Data Gunj Baksh Town",MS-11,-,0.207,1H2M,62.14,31.573112000,74.286485000,still,off,"19/08/2026 10:57 AM","19/08/2026 11:00 AM",LWMC-DaGB,-,-,-,-,-,-,-,-,-
2962,-,19/08/2026,LWMC,"Tehsil Office, Data Gunj Baksh Town",LR-1346,-,36.827,4H16M,255.73,31.563132000,74.329093000,still,off,"19/08/2026 10:58 AM","19/08/2026 11:00 AM",LWMC-DaGB,-,-,-,-,-,-,-,-,-
2963,-,19/08/2026,LWMC,"Tehsil Office, Data Gunj Baksh Town",MW-12,-,61.067,6H45M,404.94,31.539070000,74.325222000,still,off,"19/08/2026 10:56 AM","19/08/2026 11:00 AM",LWMC-DaGB,-,-,-,-,-,-,-,-,-
2964,62115,19/08/2026,LWMC,"Tehsil Office, Data Gunj Baksh Town",LR-2504,"Door To Door Collection",34.016,4H56M,296.41,31.592511000,74.259563000,still,off,"19/08/2026 10:58 AM","19/08/2026 11:00 AM",LWMC-DaGB,"Loader Rickshaw",2,Distance,5,1,-,-,-,-
2965,-,19/08/2026,LWMC,"Tehsil Office, Data Gunj Baksh Town",LR-0345,-,21.735,3H52M,232.05,31.580520000,74.264920000,moving,on,"19/08/2026 10:57 AM","19/08/2026 11:00 AM",LWMC-DaGB,-,-,-,-,-,-,-,-,-
2966,19730,19/08/2026,LWMC,"Tehsil Office, Data Gunj Baksh Town",S-239,"Bulk Waste Collection",70.686,5H35M,335.3,31.573400000,74.277148000,moving,on,"19/08/2026 10:57 AM","19/08/2026 11:00 AM",LWMC-DaGB,"Mini Dumper",2,Distance,5,1,-,-,-,-
2967,-,19/08/2026,LWMC,"Tehsil Office, Data Gunj Baksh Town",MW-11,-,50.763,4H58M,297.63,31.596650000,74.254188000,moving,on,"19/08/2026 10:57 AM","19/08/2026 11:00 AM",LWMC-DaGB,-,-,-,-,-,-,-,-,-
2968,62141,19/08/2026,LWMC,"Tehsil Office, Data Gunj Baksh Town",LR-3081,"Door To Door Collection",17.438,10H60M,659.76,31.588091000,74.296965000,moving,on,"19/08/2026 10:59 AM","19/08/2026 11:00 AM",LWMC-DaGB,"Loader Rickshaw",2,Distance,5,1,-,-,-,-
2969,61852,19/08/2026,LWMC,"Tehsil Office, Data Gunj Baksh Town",LR-3086,"Door To Door Collection",13.782,7H36M,455.85,31.573077000,74.299640000,still,off,"19/08/2026 10:58 AM","19/08/2026 11:00 AM",LWMC-DaGB,"Loader Rickshaw",2,Distance,5,1,-,-,-,-
2970,19756,19/08/2026,LWMC,"Tehsil Office, Data Gunj Baksh Town",M-43,"Bulk Waste Collection",62.233,3H58M,238.05,31.573256000,74.292412000,moving,on,"19/08/2026 10:46 AM","19/08/2026 11:00 AM",LWMC-DaGB,"Mini Dumper",2,Distance,5,1,-,-,-,-
2971,62163,19/08/2026,LWMC,"Tehsil Office, Data Gunj Baksh Town",LR-2511,"Door To Door Collection",29.191,5H20M,320.25,31.564297000,74.319642000,moving,on,"19/08/2026 10:58 AM","19/08/2026 11:03 AM",LWMC-DaGB,"Loader Rickshaw",2,Distance,5,1,-,-,-,-
2972,19776,19/08/2026,LWMC,"Tehsil Office, Data Gunj Baksh Town",M-48,"Bulk Waste Collection",37.558,3H24M,203.88,31.581493000,74.306317000,still,off,"19/08/2026 10:54 AM","19/08/2026 11:00 AM",LWMC-DaGB,"Mini Dumper",2,Distance,5,1,-,-,-,-
2973,19050,19/08/2026,LWMC,"Tehsil Office, Data Gunj Baksh Town",LR-0245,"Bulk Waste Collection",23.037,3H0M,180.11,31.592535000,74.259157000,still,off,"19/08/2026 10:57 AM","19/08/2026 11:00 AM",LWMC-DaGB,"Loader Rickshaw",2,Distance,5,1,-,-,-,-
2974,-,19/08/2026,LWMC,"Tehsil Office, Data Gunj Baksh Town",VS-15,-,45.17,4H1M,241.15,31.573153000,74.286568000,still,off,"19/08/2026 10:46 AM","19/08/2026 11:00 AM",LWMC-DaGB,-,-,-,-,-,-,-,-,-
2975,61884,19/08/2026,LWMC,"Tehsil Office, Data Gunj Baksh Town",LR-0143,"Door To Door Collection",33.614,4H26M,266.39,31.578733000,74.263590000,still,off,"19/08/2026 10:58 AM","19/08/2026 11:00 AM",LWMC-DaGB,"Loader Rickshaw",2,Distance,5,1,-,-,-,-
2976,-,19/08/2026,LWMC,"Tehsil Office, Data Gunj Baksh Town",CH-8S403128,-,24.622,2H28M,147.68,31.530946000,74.334017000,moving,on,"19/08/2026 10:55 AM","19/08/2026 11:00 AM",LWMC-DaGB,-,-,-,-,-,-,-,-,-
2977,-,19/08/2026,LWMC,"Tehsil Office, Data Gunj Baksh Town",LR-2798,-,17.557,1H25M,84.7,31.588532000,74.296557000,moving,on,"19/08/2026 10:59 AM","19/08/2026 11:00 AM",LWMC-DaGB,-,-,-,-,-,-,-,-,-
2978,-,19/08/2026,LWMC,"Tehsil Office, Data Gunj Baksh Town",VS-30,-,32.775,4H24M,263.58,31.573225000,74.286703000,still,off,"19/08/2026 10:48 AM","19/08/2026 11:00 AM",LWMC-DaGB,-,-,-,-,-,-,-,-,-
2979,18542,19/08/2026,LWMC,"Tehsil Office, Data Gunj Baksh Town",C13-72,"Container-Based Collection",77.298,6H17M,376.78,31.553500000,74.304356000,moving,on,"19/08/2026 11:00 AM","19/08/2026 11:00 AM",LWMC-DaGB,"Compactor (13CM)",3,Distance,10,1,-,-,-,-
2980,-,19/08/2026,LWMC,"Tehsil Office, Data Gunj Baksh Town",MW-08,-,76.912,6H7M,367.38,31.573118000,74.286580000,still,off,"19/08/2026 10:48 AM","19/08/2026 11:00 AM",LWMC-DaGB,-,-,-,-,-,-,-,-,-
2981,-,19/08/2026,LWMC,"Tehsil Office, Data Gunj Baksh Town",VS-34,-,46.734,4H50M,290.38,31.464325000,74.225587000,still,off,"19/08/2026 10:50 AM","19/08/2026 11:00 AM",LWMC-DaGB,-,-,-,-,-,-,-,-,-
2982,60872,19/08/2026,LWMC,"Tehsil Office, Data Gunj Baksh Town",MFL-77,"Bulk Waste Collection",11.686,4H49M,289.05,31.555891000,74.296140000,moving,on,"19/08/2026 10:50 AM","19/08/2026 11:00 AM",LWMC-DaGB,"Tractor Loader",3,Ignition,-,1,-,-,-,-
2983,60898,19/08/2026,LWMC,"Tehsil Office, Data Gunj Baksh Town",MFL-104,"Bulk Waste Collection",7.537,5H58M,358.23,31.573217000,74.291676000,moving,on,"19/08/2026 10:48 AM","19/08/2026 11:00 AM",LWMC-DaGB,"Tractor Loader",3,Ignition,-,1,-,-,-,-
2984,61977,19/08/2026,LWMC,"Tehsil Office, Data Gunj Baksh Town",LR-3087,"Door To Door Collection",16.882,1H47M,107.15,31.563934000,74.284189000,moving,on,"19/08/2026 10:58 AM","19/08/2026 11:00 AM",LWMC-DaGB,"Loader Rickshaw",2,Distance,5,-,-,-,-,-
2985,-,19/08/2026,LWMC,"Tehsil Office, Data Gunj Baksh Town",LR-1422,-,32.511,6H42M,402.03,31.573870000,74.286000000,still,off,"19/08/2026 10:57 AM","19/08/2026 11:00 AM",LWMC-DaGB,-,-,-,-,-,-,-,-,-
2986,61838,19/08/2026,LWMC,"Tehsil Office, Data Gunj Baksh Town",LR-2515,"Door To Door Collection",13.869,1H24M,84.46,31.577161000,74.296791000,still,off,"19/08/2026 10:59 AM","19/08/2026 11:00 AM",LWMC-DaGB,"Loader Rickshaw",2,Distance,5,-,-,-,-,-
2987,-,19/08/2026,LWMC,"Tehsil Office, Data Gunj Baksh Town",VS-32,-,40.175,4H43M,283.28,31.573183000,74.286680000,still,off,"19/08/2026 10:46 AM","19/08/2026 11:00 AM",LWMC-DaGB,-,-,-,-,-,-,-,-,-
2988,-,19/08/2026,LWMC,"Tehsil Office, Data Gunj Baksh Town",VS-39,-,34.47,3H23M,203.11,31.573227000,74.286693000,still,off,"19/08/2026 10:49 AM","19/08/2026 11:00 AM",LWMC-DaGB,-,-,-,-,-,-,-,-,-
2989,18536,19/08/2026,LWMC,"Tehsil Office, Data Gunj Baksh Town",C13-36,"Container-Based Collection",72.65,6H37M,396.66,31.554972000,74.333681000,moving,on,"19/08/2026 10:59 AM","19/08/2026 11:00 AM",LWMC-DaGB,"Compactor (13CM)",3,Distance,10,1,-,-,-,-
2990,-,19/08/2026,LWMC,"Tehsil Office, Data Gunj Baksh Town",VS-40,-,0.024,0H3M,2.73,31.573242000,74.286567000,still,off,"19/08/2026 09:40 AM","19/08/2026 11:00 AM",LWMC-DaGB,-,-,-,-,-,-,-,-,-
2991,-,19/08/2026,LWMC,"Tehsil Office, Data Gunj Baksh Town",VS-31,-,54.542,4H23M,262.53,31.573167000,74.286688000,still,off,"19/08/2026 10:47 AM","19/08/2026 11:00 AM",LWMC-DaGB,-,-,-,-,-,-,-,-,-
2992,-,19/08/2026,LWMC,"Tehsil Office, Data Gunj Baksh Town",LR-0705,-,25.079,2H59M,179.03,31.573332000,74.292272000,still,off,"19/08/2026 10:58 AM","19/08/2026 11:00 AM",LWMC-DaGB,-,-,-,-,-,-,-,-,-
2993,18455,19/08/2026,LWMC,"Tehsil Office, Data Gunj Baksh Town",CA-87,"Container-Based Collection",132.76,7H21M,440.61,31.564232000,74.305472000,moving,on,"19/08/2026 10:59 AM","19/08/2026 11:00 AM",LWMC-DaGB,"Chain Arm Roll",3,Distance,10,1,-,-,-,-
2994,62130,19/08/2026,LWMC,"Tehsil Office, Data Gunj Baksh Town",LR-1972,"Door To Door Collection",54.288,9H35M,574.66,31.572010000,74.329347000,moving,on,"19/08/2026 10:57 AM","19/08/2026 11:00 AM",LWMC-DaGB,"Loader Rickshaw",2,Distance,5,1,-,-,-,-
2995,-,19/08/2026,LWMC,"Tehsil Office, Data Gunj Baksh Town",MW-02,-,39.977,4H16M,256.19,31.617667000,74.286022000,still,off,"19/08/2026 10:57 AM","19/08/2026 11:00 AM",LWMC-DaGB,-,-,-,-,-,-,-,-,-
2996,-,19/08/2026,LWMC,"Tehsil Office, Data Gunj Baksh Town",LR-252,-,10.271,5H42M,342.36,31.570562000,74.290228000,moving,on,"19/08/2026 10:57 AM","19/08/2026 11:00 AM",LWMC-DaGB,-,-,-,-,-,-,-,-,-
2997,61589,19/08/2026,LWMC,"Tehsil Office, Data Gunj Baksh Town",LR-1351,"Door To Door Collection",27.215,1H50M,110.25,31.563443000,74.319797000,still,off,"19/08/2026 10:46 AM","19/08/2026 11:00 AM",LWMC-DaGB,"Loader Rickshaw",2,Distance,5,-,-,-,-,-
2998,-,19/08/2026,LWMC,"Tehsil Office, Data Gunj Baksh Town",MW-07,-,-,0H0M,-,31.573197000,74.286538000,still,off,"19/08/2026 10:49 AM","19/08/2026 11:00 AM",LWMC-DaGB,-,-,-,-,-,-,-,-,-
2999,61501,19/08/2026,LWMC,"Tehsil Office, Data Gunj Baksh Town",LR-0022,"Door To Door Collection",26.316,4H36M,275.64,31.552610000,74.337015000,moving,on,"19/08/2026 10:58 AM","19/08/2026 11:00 AM",LWMC-DaGB,"Loader Rickshaw",2,Distance,5,1,-,-,-,-
3000,61784,19/08/2026,LWMC,"Tehsil Office, Data Gunj Baksh Town",LR-1320,"Door To Door Collection",16.151,1H17M,76.95,31.579196000,74.264642000,still,off,"19/08/2026 10:57 AM","19/08/2026 11:00 AM",LWMC-DaGB,"Loader Rickshaw",2,Distance,5,-,-,-,-,-
3001,30811,19/08/2026,LWMC,"Tehsil Office, Data Gunj Baksh Town",LR-0703,"Door To Door Collection",23.127,5H41M,340.89,31.583898000,74.298158000,moving,on,"19/08/2026 10:57 AM","19/08/2026 11:00 AM",LWMC-DaGB,"Loader Rickshaw",2,Distance,5,1,-,-,-,-
3002,61112,19/08/2026,LWMC,"Tehsil Office, Data Gunj Baksh Town",LR-1417,"Door To Door Collection",-,0H0M,-,31.592588000,74.258960000,still,off,"19/08/2026 10:45 AM","19/08/2026 11:00 AM",LWMC-DaGB,"Loader Rickshaw",2,Distance,5,-,-,-,-,-
3003,61812,19/08/2026,LWMC,"Tehsil Office, Data Gunj Baksh Town",LR-1494,"Door To Door Collection",13.638,1H8M,67.56,31.573187000,74.291773000,moving,on,"19/08/2026 11:00 AM","19/08/2026 11:00 AM",LWMC-DaGB,"Loader Rickshaw",2,Distance,5,-,-,-,-,-
3004,61963,19/08/2026,LWMC,"Tehsil Office, Data Gunj Baksh Town",LR-0239,"Door To Door Collection",24.452,4H51M,291.41,31.580845000,74.264632000,moving,on,"19/08/2026 10:57 AM","19/08/2026 11:00 AM",LWMC-DaGB,"Loader Rickshaw",2,Distance,5,1,-,-,-,-
3005,61829,19/08/2026,LWMC,"Tehsil Office, Data Gunj Baksh Town",LR-1470,"Door To Door Collection",15.6,1H15M,75.01,31.582511000,74.291934000,still,off,"19/08/2026 10:58 AM","19/08/2026 11:00 AM",LWMC-DaGB,"Loader Rickshaw",2,Distance,5,-,-,-,-,-
3006,19035,19/08/2026,LWMC,"Tehsil Office, Data Gunj Baksh Town",LR-0237,"Bulk Waste Collection",20.346,1H39M,98.95,31.594313000,74.258416000,still,off,"19/08/2026 10:58 AM","19/08/2026 11:00 AM",LWMC-DaGB,"Loader Rickshaw",2,Distance,5,-,-,-,-,-
3007,61502,19/08/2026,LWMC,"Tehsil Office, Data Gunj Baksh Town",LR-0023,"Door To Door Collection",20.857,1H36M,96.01,31.546321000,74.329300000,still,off,"19/08/2026 10:58 AM","19/08/2026 11:00 AM",LWMC-DaGB,"Loader Rickshaw",2,Distance,5,-,-,-,-,-
3008,-,19/08/2026,LWMC,"Tehsil Office, Data Gunj Baksh Town",LR-1482,-,13.475,1H18M,77.96,31.573356000,74.292318000,still,off,"19/08/2026 10:57 AM","19/08/2026 11:00 AM",LWMC-DaGB,-,-,-,-,-,-,-,-,-
3009,-,19/08/2026,LWMC,"Tehsil Office, Data Gunj Baksh Town",UC-10-2049,-,8.657,0H34M,33.61,31.626934000,74.295251000,moving,on,"19/08/2026 09:57 AM","19/08/2026 11:00 AM",LWMC-DaGB,-,-,-,-,-,-,-,-,-
3010,-,19/08/2026,LWMC,"Tehsil Office, Data Gunj Baksh Town",WR-0024,-,14.214,1H23M,82.54,31.538244000,74.324337000,still,off,"19/08/2026 10:57 AM","19/08/2026 11:00 AM",LWMC-DaGB,-,-,-,-,-,-,-,-,-
3011,19034,19/08/2026,LWMC,"Tehsil Office, Data Gunj Baksh Town",LR-0238,"Bulk Waste Collection",22.978,2H11M,130.88,31.581907000,74.262898000,moving,on,"19/08/2026 10:58 AM","19/08/2026 11:00 AM",LWMC-DaGB,"Loader Rickshaw",2,Distance,5,1,-,-,-,-
3012,60767,19/08/2026,LWMC,"Tehsil Office, Data Gunj Baksh Town",LR-1497,"Door To Door Collection",12.215,1H10M,69.61,31.573319000,74.292329000,still,off,"19/08/2026 10:58 AM","19/08/2026 11:00 AM",LWMC-DaGB,"Loader Rickshaw",2,Distance,5,-,-,-,-,-
3013,61758,19/08/2026,LWMC,"Tehsil Office, Data Gunj Baksh Town",LR-2545,"Door To Door Collection",21.075,1H25M,84.63,31.573221000,74.329503000,still,off,"19/08/2026 10:59 AM","19/08/2026 11:00 AM",LWMC-DaGB,"Loader Rickshaw",2,Distance,5,-,-,-,-,-
3014,22729,19/08/2026,LWMC,"Tehsil Office, Data Gunj Baksh Town",LR-347,"Door To Door Collection",-,0H0M,-,31.592578000,74.256548000,still,off,"19/08/2026 10:48 AM","19/08/2026 11:00 AM",LWMC-DaGB,"Loader Rickshaw",2,Distance,5,-,-,-,-,-
3015,19066,19/08/2026,LWMC,"Tehsil Office, Data Gunj Baksh Town",LR-0013,"Bulk Waste Collection",-,0H0M,-,31.572198000,74.285150000,still,off,"19/08/2026 10:54 AM","19/08/2026 11:00 AM",LWMC-DaGB,"Loader Rickshaw",2,Distance,5,-,-,-,-,-
3016,62165,19/08/2026,LWMC,"Tehsil Office, Data Gunj Baksh Town",LR-1974,"Door To Door Collection",42.835,6H0M,360.43,31.556035000,74.323998000,moving,on,"19/08/2026 10:58 AM","19/08/2026 11:03 AM",LWMC-DaGB,"Loader Rickshaw",2,Distance,5,1,-,-,-,-
3017,-,19/08/2026,LWMC,"Tehsil Office, Data Gunj Baksh Town",WR-2990,-,13.621,1H4M,64.04,31.538296000,74.324248000,still,off,"19/08/2026 10:58 AM","19/08/2026 11:00 AM",LWMC-DaGB,-,-,-,-,-,-,-,-,-
3018,-,19/08/2026,LWMC,"Tehsil Office, Data Gunj Baksh Town",LR-1467,-,19.162,1H10M,70.09,31.592495000,74.259209000,still,off,"19/08/2026 10:57 AM","19/08/2026 11:00 AM",LWMC-DaGB,-,-,-,-,-,-,-,-,-
3019,-,19/08/2026,LWMC,"Tehsil Office, Data Gunj Baksh Town",VS-19,-,-,0H0M,-,31.573275000,74.286520000,still,off,"19/08/2026 10:49 AM","19/08/2026 11:00 AM",LWMC-DaGB,-,-,-,-,-,-,-,-,-
3020,19052,19/08/2026,LWMC,"Tehsil Office, Data Gunj Baksh Town",LR-0027,"Bulk Waste Collection",29.941,5H48M,347.96,31.548242000,74.315918000,still,off,"19/08/2026 10:58 AM","19/08/2026 11:00 AM",LWMC-DaGB,"Loader Rickshaw",2,Distance,5,1,-,-,-,-
3021,61787,19/08/2026,LWMC,"Tehsil Office, Data Gunj Baksh Town",LR-1473,"Door To Door Collection",23.566,2H4M,123.76,31.592923000,74.257332000,still,off,"19/08/2026 10:57 AM","19/08/2026 11:00 AM",LWMC-DaGB,"Loader Rickshaw",2,Distance,5,1,-,-,-,-
3022,61650,19/08/2026,LWMC,"Tehsil Office, Data Gunj Baksh Town",LR-1347,"Door To Door Collection",2.85,0H22M,22.44,31.592857000,74.258952000,still,off,"19/08/2026 10:16 AM","19/08/2026 10:30 AM",LWMC-DaGB,"Loader Rickshaw",2,Distance,5,-,-,-,-,-
3023,61965,19/08/2026,LWMC,"Tehsil Office, Data Gunj Baksh Town",LR-0338,"Door To Door Collection",19.255,2H37M,157.25,31.564682000,74.293535000,still,off,"19/08/2026 10:56 AM","19/08/2026 11:00 AM",LWMC-DaGB,"Loader Rickshaw",2,Distance,5,1,-,-,-,-
3024,61788,19/08/2026,LWMC,"Tehsil Office, Data Gunj Baksh Town",LR-1419,"Door To Door Collection",-,0H0M,-,31.587827000,74.257355000,still,off,"19/08/2026 09:41 AM","19/08/2026 10:00 AM",LWMC-DaGB,"Loader Rickshaw",2,Distance,5,-,-,-,-,-
3025,61135,19/08/2026,LWMC,"Tehsil Office, Data Gunj Baksh Town",LR-1976,"Door To Door Collection",45.5,3H55M,235.03,31.592755000,74.257217000,moving,on,"19/08/2026 10:50 AM","19/08/2026 11:00 AM",LWMC-DaGB,"Loader Rickshaw",2,Distance,5,1,-,-,-,-
3026,-,19/08/2026,LWMC,"Tehsil Office, Data Gunj Baksh Town",LR-1328,-,19.276,1H16M,75.76,31.535400000,74.339905000,still,off,"19/08/2026 10:57 AM","19/08/2026 11:00 AM",LWMC-DaGB,-,-,-,-,-,-,-,-,-
3027,-,19/08/2026,LWMC,"Tehsil Office, Data Gunj Baksh Town",VS-18,-,-,0H0M,-,31.573182000,74.286573000,still,off,"19/08/2026 10:46 AM","19/08/2026 11:00 AM",LWMC-DaGB,-,-,-,-,-,-,-,-,-
3028,62125,19/08/2026,LWMC,"Tehsil Office, Data Gunj Baksh Town",LR-1978,"Door To Door Collection",33.949,5H24M,323.91,31.567985000,74.323335000,still,off,"19/08/2026 10:58 AM","19/08/2026 11:00 AM",LWMC-DaGB,"Loader Rickshaw",2,Distance,5,1,-,-,-,-
3029,61656,19/08/2026,LWMC,"Tehsil Office, Data Gunj Baksh Town",LR-2509,"Door To Door Collection",29.489,1H25M,85.08,31.550829000,74.327436000,moving,on,"19/08/2026 10:57 AM","19/08/2026 11:00 AM",LWMC-DaGB,"Loader Rickshaw",2,Distance,5,-,-,-,-,-
3030,22717,19/08/2026,LWMC,"Tehsil Office, Data Gunj Baksh Town",LR-243,"Door To Door Collection",23.523,2H22M,142.05,31.594322000,74.258433000,still,off,"19/08/2026 10:57 AM","19/08/2026 11:00 AM",LWMC-DaGB,"Loader Rickshaw",2,Distance,5,1,-,-,-,-
3031,61842,19/08/2026,LWMC,"Tehsil Office, Data Gunj Baksh Town",LR-2529,"Door To Door Collection",16.867,1H35M,94.73,31.575916000,74.272965000,moving,on,"19/08/2026 10:57 AM","19/08/2026 11:00 AM",LWMC-DaGB,"Loader Rickshaw",2,Distance,5,-,-,-,-,-
3032,61846,19/08/2026,LWMC,"Tehsil Office, Data Gunj Baksh Town",LR-2532,"Door To Door Collection",19.383,2H19M,139.4,31.592548000,74.256501000,moving,on,"19/08/2026 10:33 AM","19/08/2026 11:00 AM",LWMC-DaGB,"Loader Rickshaw",2,Distance,5,1,-,-,-,-
3033,22741,19/08/2026,LWMC,"Tehsil Office, Data Gunj Baksh Town",LR-704,"Door To Door Collection",16.273,1H13M,73.18,31.576667000,74.280565000,still,off,"19/08/2026 10:58 AM","19/08/2026 11:00 AM",LWMC-DaGB,"Loader Rickshaw",2,Distance,5,-,-,-,-,-
3034,61149,19/08/2026,LWMC,"Tehsil Office, Data Gunj Baksh Town",LR-0025,"Door To Door Collection",40.902,5H25M,325,31.592522000,74.259108000,still,off,"19/08/2026 10:47 AM","19/08/2026 11:00 AM",LWMC-DaGB,"Loader Rickshaw",2,Distance,5,1,-,-,-,-
3035,61905,19/08/2026,LWMC,"Tehsil Office, Data Gunj Baksh Town",LR-0236,"Door To Door Collection",24.564,5H40M,339.68,31.594155000,74.258453000,still,off,"19/08/2026 10:57 AM","19/08/2026 11:00 AM",LWMC-DaGB,"Loader Rickshaw",2,Distance,5,1,-,-,-,-
3036,62097,19/08/2026,LWMC,"Tehsil Office, Data Gunj Baksh Town",LR-2516,"Door To Door Collection",20.203,1H40M,99.71,31.594551000,74.258415000,still,off,"19/08/2026 10:58 AM","19/08/2026 11:00 AM",LWMC-DaGB,"Loader Rickshaw",2,Distance,5,-,-,-,-,-
3037,62174,19/08/2026,LWMC,"Tehsil Office, Data Gunj Baksh Town",LR-2556,"Door To Door Collection",18.761,1H18M,77.61,31.551035000,74.312402000,still,off,"19/08/2026 10:59 AM","19/08/2026 11:03 AM",LWMC-DaGB,"Loader Rickshaw",2,Distance,5,-,-,-,-,-
3038,62068,19/08/2026,LWMC,"Tehsil Office, Data Gunj Baksh Town",LR-1484,"Door To Door Collection",14.783,1H7M,67.21,31.594612000,74.258688000,still,off,"19/08/2026 10:58 AM","19/08/2026 11:00 AM",LWMC-DaGB,"Loader Rickshaw",2,Distance,5,-,-,-,-,-
3039,61564,19/08/2026,LWMC,"Tehsil Office, Data Gunj Baksh Town",LR-2537,"Door To Door Collection",36.189,2H18M,138.46,31.567175000,74.312078000,moving,on,"19/08/2026 10:59 AM","19/08/2026 11:00 AM",LWMC-DaGB,"Loader Rickshaw",2,Distance,5,1,-,-,-,-
3040,-,19/08/2026,LWMC,"Tehsil Office, Data Gunj Baksh Town",LR-1491,-,11.59,1H5M,65.36,31.567213000,74.286088000,still,off,"19/08/2026 10:57 AM","19/08/2026 11:00 AM",LWMC-DaGB,-,-,-,-,-,-,-,-,-
3041,30810,19/08/2026,LWMC,"Tehsil Office, Data Gunj Baksh Town",LR-0752,"Door To Door Collection",29.502,5H34M,333.88,31.565778000,74.310905000,moving,on,"19/08/2026 10:58 AM","19/08/2026 11:00 AM",LWMC-DaGB,"Loader Rickshaw",2,Distance,5,1,-,-,-,-
3042,-,19/08/2026,LWMC,"Tehsil Office, Data Gunj Baksh Town",LR-142,-,39.37,6H7M,367.38,31.594197000,74.258402000,still,off,"19/08/2026 10:57 AM","19/08/2026 11:00 AM",LWMC-DaGB,-,-,-,-,-,-,-,-,-
3043,61958,19/08/2026,LWMC,"Tehsil Office, Data Gunj Baksh Town",LR-1586,"Door To Door Collection",10.553,0H56M,56.35,31.573145000,74.291762000,moving,on,"19/08/2026 10:59 AM","19/08/2026 11:00 AM",LWMC-DaGB,"Loader Rickshaw",2,Distance,5,-,-,-,-,-
3044,61834,19/08/2026,LWMC,"Tehsil Office, Data Gunj Baksh Town",LR-0344,"Door To Door Collection",8.772,0H40M,40.36,31.563292000,74.298233000,still,off,"19/08/2026 10:48 AM","19/08/2026 11:00 AM",LWMC-DaGB,"Loader Rickshaw",2,Distance,5,-,-,-,-,-
3045,59672,19/08/2026,LWMC,"Tehsil Office, Samnabad Town",D-61,"Bulk Waste Collection",94.11,10H57M,657.33,31.463878000,74.225357000,moving,on,"19/08/2026 10:58 AM","19/08/2026 11:00 AM",LWMC-SaTo,"Dumper (7CM)",3,Ignition,-,1,-,-,-,-
3046,40341,19/08/2026,LWMC,"Tehsil Office, Samnabad Town",LR-0927,"Door To Door Collection",24.018,7H13M,432.58,31.500408000,74.272863000,moving,on,"19/08/2026 10:57 AM","19/08/2026 11:00 AM",LWMC-SaTo,"Loader Rickshaw",2,Distance,5,1,-,-,-,-
3047,60415,19/08/2026,LWMC,"Tehsil Office, Samnabad Town",S-264,"Bulk Waste Collection",98.173,4H43M,283.38,31.463938000,74.225495000,still,off,"19/08/2026 10:52 AM","19/08/2026 11:00 AM",LWMC-SaTo,"Mini Dumper",2,Distance,5,1,-,-,-,-
3048,60658,19/08/2026,LWMC,"Tehsil Office, Samnabad Town",MFL-111,"Bulk Waste Collection",15.587,2H15M,135.05,31.498298000,74.266703000,moving,on,"19/08/2026 10:58 AM","19/08/2026 11:00 AM",LWMC-SaTo,Loader,3,Ignition,-,-,-,-,-,-
3049,39151,19/08/2026,LWMC,"Tehsil Office, Samnabad Town",D-24,"Bulk Waste Collection",47.883,2H46M,165.63,31.575419000,74.271247000,moving,on,"19/08/2026 10:58 AM","19/08/2026 11:00 AM",LWMC-SaTo,"Dumper (10CM)",3,Ignition,-,-,-,-,-,-
3050,-,19/08/2026,LWMC,"Tehsil Office, Samnabad Town",C-737,-,45.586,2H28M,147.63,31.451940000,74.385995000,moving,on,"19/08/2026 10:58 AM","19/08/2026 11:00 AM",LWMC-SaTo,-,-,-,-,-,-,-,-,-
3051,39207,19/08/2026,LWMC,"Tehsil Office, Samnabad Town",S-363,"Bulk Waste Collection",52.421,2H46M,165.83,31.487953000,74.295110000,moving,on,"19/08/2026 10:57 AM","19/08/2026 11:00 AM",LWMC-SaTo,"Mini Dumper",2,Distance,5,1,-,-,-,-
3052,59424,19/08/2026,LWMC,"Tehsil Office, Samnabad Town",LR-2670,"Door To Door Collection",32.431,10H59M,659.29,31.524136000,74.290775000,still,off,"19/08/2026 10:59 AM","19/08/2026 11:00 AM",LWMC-SaTo,"Loader Rickshaw",2,Distance,5,1,-,-,-,-
3053,59990,19/08/2026,LWMC,"Tehsil Office, Samnabad Town",M-96,"Bulk Waste Collection",67.9,4H46M,285.71,31.572443000,74.286942000,moving,on,"19/08/2026 10:58 AM","19/08/2026 11:00 AM",LWMC-SaTo,"Mini Dumper",2,Distance,5,1,-,-,-,-
3054,39289,19/08/2026,LWMC,"Tehsil Office, Samnabad Town",LR-0040,"Door To Door Collection",24.875,7H55M,474.98,31.539252000,74.296248000,still,off,"19/08/2026 10:59 AM","19/08/2026 11:00 AM",LWMC-SaTo,"Loader Rickshaw",2,Distance,5,1,-,-,-,-
3055,40322,19/08/2026,LWMC,"Tehsil Office, Samnabad Town",LR-1049,"Door To Door Collection",39.566,9H13M,553.04,31.522445000,74.287928000,still,off,"19/08/2026 10:57 AM","19/08/2026 11:00 AM",LWMC-SaTo,"Loader Rickshaw",2,Distance,5,1,-,-,-,-
3056,39132,19/08/2026,LWMC,"Tehsil Office, Samnabad Town",C-1349,"Container-Based Collection",34.145,4H22M,262.19,31.532842000,74.301278000,moving,on,"19/08/2026 10:57 AM","19/08/2026 11:00 AM",LWMC-SaTo,"Compactor (13CM)",3,Distance,10,1,-,-,-,-
3057,39140,19/08/2026,LWMC,"Tehsil Office, Samnabad Town",CA-46,"Container-Based Collection",119.547,5H55M,354.94,31.572240000,74.286185000,still,off,"19/08/2026 10:58 AM","19/08/2026 11:00 AM",LWMC-SaTo,"Chain Arm Roll",3,Distance,10,1,-,-,-,-
3058,39162,19/08/2026,LWMC,"Tehsil Office, Samnabad Town",M-106,"Bulk Waste Collection",62.486,3H58M,238.36,31.580515000,74.265493000,moving,on,"19/08/2026 10:56 AM","19/08/2026 11:00 AM",LWMC-SaTo,"Mini Dumper",2,Distance,5,1,-,-,-,-
3059,39154,19/08/2026,LWMC,"Tehsil Office, Samnabad Town",HA-47,"Bulk Waste Collection",83.229,3H55M,234.51,31.492328000,74.262453000,moving,on,"19/08/2026 10:58 AM","19/08/2026 11:00 AM",LWMC-SaTo,"Arm Roll Truck",3,Distance,10,1,-,-,-,-
3060,40334,19/08/2026,LWMC,"Tehsil Office, Samnabad Town",LR-0382,"Door To Door Collection",17.265,2H3M,122.53,31.506240000,74.292772000,still,off,"19/08/2026 10:57 AM","19/08/2026 11:00 AM",LWMC-SaTo,"Loader Rickshaw",2,Distance,5,1,-,-,-,-
3061,41357,19/08/2026,LWMC,"Tehsil Office, Samnabad Town",LR-2258,"Door To Door Collection",50.507,10H60M,659.54,31.574694000,74.273260000,moving,on,"19/08/2026 10:59 AM","19/08/2026 11:00 AM",LWMC-SaTo,"Loader Rickshaw",2,Distance,5,1,-,-,-,-
3062,41294,19/08/2026,LWMC,"Tehsil Office, Samnabad Town",LR-1896,"Door To Door Collection",37.76,10H58M,657.5,31.535784000,74.287577000,moving,on,"19/08/2026 10:57 AM","19/08/2026 11:00 AM",LWMC-SaTo,"Loader Rickshaw",2,Distance,5,1,-,-,-,-
3063,40352,19/08/2026,LWMC,"Tehsil Office, Samnabad Town",LR-0960,"Door To Door Collection",20.405,10H58M,657.71,31.509330000,74.317134000,moving,on,"19/08/2026 10:57 AM","19/08/2026 11:00 AM",LWMC-SaTo,"Loader Rickshaw",2,Distance,5,1,-,-,-,-
3064,60287,19/08/2026,LWMC,"Tehsil Office, Samnabad Town",LR-2829,"Door To Door Collection",26.338,7H2M,422.36,31.566731000,74.274278000,moving,on,"19/08/2026 10:59 AM","19/08/2026 11:00 AM",LWMC-SaTo,"Loader Rickshaw",2,Distance,5,1,-,-,-,-
3065,60836,19/08/2026,LWMC,"Tehsil Office, Samnabad Town",LR-2814,"Door To Door Collection",28.128,10H27M,627.45,31.564690000,74.275821000,moving,on,"19/08/2026 10:59 AM","19/08/2026 11:00 AM",LWMC-SaTo,"Loader Rickshaw",2,Distance,5,1,-,-,-,-
3066,41314,19/08/2026,LWMC,"Tehsil Office, Samnabad Town",LR-1866,"Door To Door Collection",22.108,10H57M,657.23,31.553603000,74.270112000,still,off,"19/08/2026 10:57 AM","19/08/2026 11:00 AM",LWMC-SaTo,"Loader Rickshaw",2,Distance,5,1,-,-,-,-
3067,60212,19/08/2026,LWMC,"Tehsil Office, Samnabad Town",LR-0812,"Door To Door Collection",18.096,10H56M,656.35,31.533391000,74.313871000,moving,on,"19/08/2026 10:58 AM","19/08/2026 11:00 AM",LWMC-SaTo,"Loader Rickshaw",2,Distance,5,1,-,-,-,-
3068,60963,19/08/2026,LWMC,"Tehsil Office, Samnabad Town",LR-2827,"Door To Door Collection",18.697,10H56M,656.48,31.575128000,74.271343000,still,off,"19/08/2026 10:56 AM","19/08/2026 11:00 AM",LWMC-SaTo,"Loader Rickshaw",2,Distance,5,1,-,-,-,-
3069,41277,19/08/2026,LWMC,"Tehsil Office, Samnabad Town",LR-1462,"Door To Door Collection",25.825,10H57M,656.66,31.514002000,74.298771000,still,off,"19/08/2026 10:57 AM","19/08/2026 11:00 AM",LWMC-SaTo,"Loader Rickshaw",2,Distance,5,1,-,-,-,-
3070,60998,19/08/2026,LWMC,"Tehsil Office, Samnabad Town",LR-2176,"Door To Door Collection",36.673,10H57M,657.23,31.546074000,74.276136000,still,off,"19/08/2026 10:58 AM","19/08/2026 11:00 AM",LWMC-SaTo,"Loader Rickshaw",2,Distance,5,1,-,-,-,-
3071,41259,19/08/2026,LWMC,"Tehsil Office, Samnabad Town",LR-1268,"Door To Door Collection",-,0H0M,-,31.463793000,74.224877000,still,off,"19/08/2026 10:45 AM","19/08/2026 11:00 AM",LWMC-SaTo,"Loader Rickshaw",2,Distance,5,-,-,-,-,-
3072,60676,19/08/2026,LWMC,"Tehsil Office, Samnabad Town",S-208,"Bulk Waste Collection",37.945,2H28M,148.28,31.549825000,74.265027000,moving,on,"19/08/2026 10:53 AM","19/08/2026 11:00 AM",LWMC-SaTo,"Mini Dumper",2,Distance,5,1,-,-,-,-
3073,39128,19/08/2026,LWMC,"Tehsil Office, Samnabad Town",C-1346,"Container-Based Collection",45.467,5H32M,332.5,31.573683000,74.290948000,moving,on,"19/08/2026 10:59 AM","19/08/2026 11:00 AM",LWMC-SaTo,"Compactor (13CM)",3,Distance,10,1,-,-,-,-
3074,59512,19/08/2026,LWMC,"Tehsil Office, Samnabad Town",C-1325,"Container-Based Collection",55.69,5H22M,322.16,31.534460000,74.280775000,moving,on,"19/08/2026 10:58 AM","19/08/2026 11:00 AM",LWMC-SaTo,"Compactor (13CM)",3,Distance,10,1,-,-,-,-
3075,60429,19/08/2026,LWMC,"Tehsil Office, Samnabad Town",LD-12,"Bulk Waste Collection",21.035,5H56M,355.81,31.511160000,74.307582000,still,off,"19/08/2026 10:57 AM","19/08/2026 11:00 AM",LWMC-SaTo,Loader,3,Ignition,-,1,-,-,-,-
3076,40337,19/08/2026,LWMC,"Tehsil Office, Samnabad Town",LR-0386,"Door To Door Collection",17.442,2H15M,135.31,31.504322000,74.286625000,still,off,"19/08/2026 10:49 AM","19/08/2026 11:00 AM",LWMC-SaTo,"Loader Rickshaw",2,Distance,5,1,-,-,-,-
3077,60760,19/08/2026,LWMC,"Tehsil Office, Samnabad Town",LR-2654,"Door To Door Collection",37.475,1H35M,95.01,31.548403000,74.307857000,moving,on,"19/08/2026 10:57 AM","19/08/2026 11:00 AM",LWMC-SaTo,"Loader Rickshaw",2,Distance,5,-,-,-,-,-
3078,39131,19/08/2026,LWMC,"Tehsil Office, Samnabad Town",C-1348,"Container-Based Collection",46.977,4H46M,286.5,31.572208000,74.286102000,still,off,"19/08/2026 10:58 AM","19/08/2026 11:00 AM",LWMC-SaTo,"Compactor (13CM)",3,Distance,10,1,-,-,-,-
3079,39156,19/08/2026,LWMC,"Tehsil Office, Samnabad Town",M-62,"Bulk Waste Collection",35.208,3H1M,181.28,31.575910000,74.273288000,moving,on,"19/08/2026 10:57 AM","19/08/2026 11:00 AM",LWMC-SaTo,"Mini Dumper",2,Distance,5,1,-,-,-,-
3080,39285,19/08/2026,LWMC,"Tehsil Office, Samnabad Town",LR-0036,"Door To Door Collection",40.754,6H51M,411.31,31.567622000,74.282425000,still,off,"19/08/2026 10:57 AM","19/08/2026 11:00 AM",LWMC-SaTo,"Loader Rickshaw",2,Distance,5,1,-,-,-,-
3081,39203,19/08/2026,LWMC,"Tehsil Office, Samnabad Town",S-318,"Bulk Waste Collection",65.606,3H41M,221.19,31.525425000,74.298747000,still,off,"19/08/2026 10:49 AM","19/08/2026 11:00 AM",LWMC-SaTo,"Mini Dumper",2,Distance,5,1,-,-,-,-
3082,60005,19/08/2026,LWMC,"Tehsil Office, Samnabad Town",S-215,"Door To Door Collection",34.178,1H28M,87.81,31.526193000,74.287695000,still,off,"19/08/2026 10:48 AM","19/08/2026 11:00 AM",LWMC-SaTo,"Mini Dumper",2,Distance,5,-,-,-,-,-
3083,59519,19/08/2026,LWMC,"Tehsil Office, Samnabad Town",C-1301,"Container-Based Collection",50.748,6H16M,375.61,31.539968000,74.316915000,still,off,"19/08/2026 10:57 AM","19/08/2026 11:00 AM",LWMC-SaTo,"Compactor (13CM)",3,Distance,10,1,-,-,-,-
3084,39134,19/08/2026,LWMC,"Tehsil Office, Samnabad Town",C-1364,"Container-Based Collection",65.706,5H33M,333.05,31.502318000,74.267377000,moving,on,"19/08/2026 10:57 AM","19/08/2026 11:00 AM",LWMC-SaTo,"Compactor (13CM)",3,Distance,10,1,-,-,-,-
3085,41260,19/08/2026,LWMC,"Tehsil Office, Samnabad Town",LR-1269,"Door To Door Collection",21.789,2H7M,127.08,31.496798000,74.305307000,still,off,"19/08/2026 10:58 AM","19/08/2026 11:00 AM",LWMC-SaTo,"Loader Rickshaw",2,Distance,5,1,-,-,-,-
3086,40318,19/08/2026,LWMC,"Tehsil Office, Samnabad Town",LR-0980,"Door To Door Collection",36.018,2H41M,161.15,31.506103000,74.292807000,still,off,"19/08/2026 10:49 AM","19/08/2026 11:00 AM",LWMC-SaTo,"Loader Rickshaw",2,Distance,5,1,-,-,-,-
3087,59875,19/08/2026,LWMC,"Tehsil Office, Samnabad Town",S-231,"Door To Door Collection",31.039,2H16M,136.4,31.574618000,74.273123000,moving,on,"19/08/2026 10:58 AM","19/08/2026 11:00 AM",LWMC-SaTo,"Mini Dumper",2,Distance,5,1,-,-,-,-
3088,-,19/08/2026,LWMC,"Tehsil Office, Samnabad Town",S-0385,-,48.143,2H16M,135.93,31.253695000,74.182015000,moving,on,"19/08/2026 10:52 AM","19/08/2026 11:00 AM",LWMC-SaTo,-,-,-,-,-,-,-,-,-
3089,39208,19/08/2026,LWMC,"Tehsil Office, Samnabad Town",S-382,"Bulk Waste Collection",29.436,1H19M,79.28,31.514018000,74.297543000,moving,on,"19/08/2026 10:59 AM","19/08/2026 11:00 AM",LWMC-SaTo,"Mini Dumper",2,Distance,5,-,-,-,-,-
3090,60459,19/08/2026,LWMC,"Tehsil Office, Samnabad Town",LR-0816,"Door To Door Collection",15.593,0H57M,57.18,31.535573000,74.317634000,still,off,"19/08/2026 10:57 AM","19/08/2026 11:00 AM",LWMC-SaTo,"Loader Rickshaw",2,Distance,5,-,-,-,-,-
3091,41252,19/08/2026,LWMC,"Tehsil Office, Samnabad Town",LR-1261,"Door To Door Collection",-,0H0M,-,31.464423000,74.225112000,still,off,"19/08/2026 10:48 AM","19/08/2026 11:00 AM",LWMC-SaTo,"Loader Rickshaw",2,Distance,5,-,-,-,-,-
3092,39143,19/08/2026,LWMC,"Tehsil Office, Samnabad Town",CA-158,"Container-Based Collection",92.182,4H58M,298,31.545213000,74.267143000,moving,on,"19/08/2026 10:58 AM","19/08/2026 11:00 AM",LWMC-SaTo,"Chain Arm Roll",3,Distance,10,1,-,-,-,-
3093,39178,19/08/2026,LWMC,"Tehsil Office, Samnabad Town",S-224,"Bulk Waste Collection",37.722,2H13M,133.15,31.533167000,74.302447000,still,off,"19/08/2026 10:50 AM","19/08/2026 11:00 AM",LWMC-SaTo,"Mini Dumper",2,Distance,5,1,-,-,-,-
3094,41287,19/08/2026,LWMC,"Tehsil Office, Samnabad Town",LR-1679,"Door To Door Collection",20.461,2H32M,152.4,31.530727000,74.296453000,moving,on,"19/08/2026 10:58 AM","19/08/2026 11:00 AM",LWMC-SaTo,"Loader Rickshaw",2,Distance,5,1,-,-,-,-
3095,59997,19/08/2026,LWMC,"Tehsil Office, Samnabad Town",D-57,"Bulk Waste Collection",63.068,3H48M,228.03,31.546287000,74.269218000,still,off,"19/08/2026 10:50 AM","19/08/2026 11:00 AM",LWMC-SaTo,"Dumper (7CM)",3,Ignition,-,1,-,-,-,-
3096,39125,19/08/2026,LWMC,"Tehsil Office, Samnabad Town",C-1315L,"Container-Based Collection",64.605,6H2M,362.21,31.540842000,74.265692000,moving,on,"19/08/2026 10:58 AM","19/08/2026 11:00 AM",LWMC-SaTo,"Compactor (13CM)",3,Distance,10,1,-,-,-,-
3097,39150,19/08/2026,LWMC,"Tehsil Office, Samnabad Town",D-23,"Bulk Waste Collection",45.887,3H49M,228.65,31.573877000,74.276948000,still,off,"19/08/2026 10:59 AM","19/08/2026 11:00 AM",LWMC-SaTo,"Dumper (10CM)",3,Ignition,-,1,-,-,-,-
3098,-,19/08/2026,LWMC,"Tehsil Office, Samnabad Town",LR-776,-,31.671,1H59M,119.21,31.572573000,74.278365000,still,off,"19/08/2026 10:57 AM","19/08/2026 11:00 AM",LWMC-SaTo,-,-,-,-,-,-,-,-,-
3099,39200,19/08/2026,LWMC,"Tehsil Office, Samnabad Town",S-308,"Bulk Waste Collection",29.433,1H44M,104.16,31.457975000,74.217775000,moving,on,"19/08/2026 10:58 AM","19/08/2026 11:00 AM",LWMC-SaTo,"Mini Dumper",2,Distance,5,-,-,-,-,-
3100,60400,19/08/2026,LWMC,"Tehsil Office, Samnabad Town",S-189,"Bulk Waste Collection",34.384,1H47M,107.18,31.548715000,74.303658000,still,off,"19/08/2026 10:55 AM","19/08/2026 11:00 AM",LWMC-SaTo,"Mini Dumper",2,Distance,5,-,-,-,-,-
3101,39284,19/08/2026,LWMC,"Tehsil Office, Samnabad Town",LR-0035,"Door To Door Collection",35.89,3H51M,231.09,31.533330000,74.302615000,still,off,"19/08/2026 10:46 AM","19/08/2026 11:00 AM",LWMC-SaTo,"Loader Rickshaw",2,Distance,5,1,-,-,-,-
3102,39183,19/08/2026,LWMC,"Tehsil Office, Samnabad Town",S-237,"Bulk Waste Collection",33.833,2H40M,160.44,31.541225000,74.294220000,still,off,"19/08/2026 10:51 AM","19/08/2026 11:00 AM",LWMC-SaTo,"Mini Dumper",2,Distance,5,1,-,-,-,-
3103,40364,19/08/2026,LWMC,"Tehsil Office, Samnabad Town",LR-0653,"Door To Door Collection",39.372,2H17M,136.75,31.575120000,74.271255000,moving,on,"19/08/2026 10:52 AM","19/08/2026 11:00 AM",LWMC-SaTo,"Loader Rickshaw",2,Distance,5,1,-,-,-,-
3104,59890,19/08/2026,LWMC,"Tehsil Office, Samnabad Town",M-77,"Bulk Waste Collection",31.544,3H10M,190.38,31.565525000,74.281170000,moving,on,"19/08/2026 10:58 AM","19/08/2026 11:00 AM",LWMC-SaTo,"Mini Dumper",2,Distance,5,1,-,-,-,-
3105,41274,19/08/2026,LWMC,"Tehsil Office, Samnabad Town",LR-1459,"Door To Door Collection",-,0H0M,-,31.486722000,74.259770000,still,off,"19/08/2026 10:45 AM","19/08/2026 11:00 AM",LWMC-SaTo,"Loader Rickshaw",2,Distance,5,-,-,-,-,-
3106,39188,19/08/2026,LWMC,"Tehsil Office, Samnabad Town",S-261,"Bulk Waste Collection",25.73,2H12M,131.91,31.546977000,74.284310000,still,off,"19/08/2026 10:58 AM","19/08/2026 11:00 AM",LWMC-SaTo,"Mini Dumper",2,Distance,5,1,-,-,-,-
3107,41375,19/08/2026,LWMC,"Tehsil Office, Samnabad Town",LR-2276,"Door To Door Collection",38.735,2H5M,125.34,31.529176000,74.298865000,still,off,"19/08/2026 10:58 AM","19/08/2026 11:00 AM",LWMC-SaTo,"Loader Rickshaw",2,Distance,5,1,-,-,-,-
3108,59666,19/08/2026,LWMC,"Tehsil Office, Samnabad Town",M-105,"Container-Based Collection",-,0H0M,-,31.464153000,74.225485000,still,off,"19/08/2026 10:46 AM","19/08/2026 11:00 AM",LWMC-SaTo,Pickup,2,Distance,5,-,-,-,-,-
3109,39196,19/08/2026,LWMC,"Tehsil Office, Samnabad Town",S-297,"Bulk Waste Collection",37.222,1H57M,117.48,31.553412000,74.280873000,moving,on,"19/08/2026 10:55 AM","19/08/2026 11:00 AM",LWMC-SaTo,"Mini Dumper",2,Distance,5,-,-,-,-,-
3110,40330,19/08/2026,LWMC,"Tehsil Office, Samnabad Town",LR-0361,"Door To Door Collection",24.949,2H10M,129.53,31.509233000,74.281323000,still,off,"19/08/2026 10:58 AM","19/08/2026 11:00 AM",LWMC-SaTo,"Loader Rickshaw",2,Distance,5,1,-,-,-,-
3111,40323,19/08/2026,LWMC,"Tehsil Office, Samnabad Town",LR-1050,"Door To Door Collection",9.396,0H29M,28.63,31.518118000,74.281103000,moving,on,"19/08/2026 10:59 AM","19/08/2026 11:00 AM",LWMC-SaTo,"Loader Rickshaw",2,Distance,5,-,-,-,-,-
3112,60635,19/08/2026,LWMC,"Tehsil Office, Samnabad Town",LR-2664,"Door To Door Collection",35.99,1H42M,101.54,31.519458000,74.288507000,still,off,"19/08/2026 10:58 AM","19/08/2026 11:00 AM",LWMC-SaTo,"Loader Rickshaw",2,Distance,5,-,-,-,-,-
3113,41253,19/08/2026,LWMC,"Tehsil Office, Samnabad Town",LR-1262,"Door To Door Collection",39.052,2H58M,178.11,31.533198000,74.302508000,still,off,"19/08/2026 10:45 AM","19/08/2026 11:00 AM",LWMC-SaTo,"Loader Rickshaw",2,Distance,5,1,-,-,-,-
3114,60827,19/08/2026,LWMC,"Tehsil Office, Samnabad Town",LR-1272,"Door To Door Collection",31.18,1H51M,111.29,31.571862000,74.280816000,still,off,"19/08/2026 10:57 AM","19/08/2026 11:00 AM",LWMC-SaTo,"Loader Rickshaw",2,Distance,5,-,-,-,-,-
3115,39198,19/08/2026,LWMC,"Tehsil Office, Samnabad Town",S-300,"Bulk Waste Collection",37.798,2H46M,165.9,31.540005000,74.316798000,still,off,"19/08/2026 10:53 AM","19/08/2026 11:00 AM",LWMC-SaTo,"Mini Dumper",2,Distance,5,1,-,-,-,-
3116,39167,19/08/2026,LWMC,"Tehsil Office, Samnabad Town",S-59,"Bulk Waste Collection",0.16,0H11M,10.94,31.463962000,74.225417000,still,off,"19/08/2026 10:49 AM","19/08/2026 11:00 AM",LWMC-SaTo,"Mini Dumper",2,Distance,5,-,-,-,-,-
3117,41330,19/08/2026,LWMC,"Tehsil Office, Samnabad Town",LR-2180,"Door To Door Collection",26.015,1H33M,92.59,31.543507000,74.286445000,still,off,"19/08/2026 10:52 AM","19/08/2026 11:00 AM",LWMC-SaTo,"Loader Rickshaw",2,Distance,5,-,-,-,-,-
3118,39138,19/08/2026,LWMC,"Tehsil Office, Samnabad Town",C-1387,"Container-Based Collection",52.05,5H49M,348.8,31.540445000,74.293212000,moving,on,"19/08/2026 10:57 AM","19/08/2026 11:00 AM",LWMC-SaTo,"Compactor (13CM)",3,Distance,10,1,-,-,-,-
3119,39182,19/08/2026,LWMC,"Tehsil Office, Samnabad Town",S-235,"Bulk Waste Collection",48.238,3H9M,188.65,31.535470000,74.282862000,still,off,"19/08/2026 10:53 AM","19/08/2026 11:00 AM",LWMC-SaTo,"Mini Dumper",2,Distance,5,1,-,-,-,-
3120,-,19/08/2026,LWMC,"Tehsil Office, Samnabad Town",LEG-7161,-,11.834,1H2M,61.83,31.444348000,74.273146000,moving,on,"19/08/2026 10:58 AM","19/08/2026 11:00 AM",LWMC-SaTo,-,-,-,-,-,-,-,-,-
3121,59903,19/08/2026,LWMC,"Tehsil Office, Samnabad Town",LR-2821,"Door To Door Collection",15.682,5H34M,334.25,31.506108000,74.292904000,still,off,"19/08/2026 10:55 AM","19/08/2026 11:00 AM",LWMC-SaTo,"Loader Rickshaw",2,Distance,5,1,-,-,-,-
3122,39135,19/08/2026,LWMC,"Tehsil Office, Samnabad Town",C-1365,"Container-Based Collection",61.829,6H3M,362.69,31.536882000,74.273207000,moving,on,"19/08/2026 10:58 AM","19/08/2026 11:00 AM",LWMC-SaTo,"Compactor (13CM)",3,Distance,10,1,-,-,-,-
3123,41362,19/08/2026,LWMC,"Tehsil Office, Samnabad Town",LR-2263,"Door To Door Collection",43.066,2H0M,120.34,31.480244000,74.248860000,still,off,"19/08/2026 10:57 AM","19/08/2026 11:00 AM",LWMC-SaTo,"Loader Rickshaw",2,Distance,5,1,-,-,-,-
3124,60421,19/08/2026,LWMC,"Tehsil Office, Samnabad Town",S-283,"Bulk Waste Collection",34.566,2H34M,153.58,31.546027000,74.291522000,moving,on,"19/08/2026 10:59 AM","19/08/2026 11:00 AM",LWMC-SaTo,"Mini Dumper",2,Distance,5,1,-,-,-,-
3125,59981,19/08/2026,LWMC,"Tehsil Office, Samnabad Town",S-214,"Door To Door Collection",49.298,2H24M,143.56,31.525442000,74.298710000,still,off,"19/08/2026 10:47 AM","19/08/2026 11:00 AM",LWMC-SaTo,"Mini Dumper",2,Distance,5,1,-,-,-,-
3126,39130,19/08/2026,LWMC,"Tehsil Office, Samnabad Town",C-1347,"Container-Based Collection",54.106,4H41M,280.68,31.526722000,74.257398000,moving,on,"19/08/2026 10:58 AM","19/08/2026 11:00 AM",LWMC-SaTo,"Compactor (13CM)",3,Distance,10,1,-,-,-,-
3127,60666,19/08/2026,LWMC,"Tehsil Office, Samnabad Town",TLD-06,"Bulk Waste Collection",4.626,0H47M,47.16,31.535975000,74.317840000,still,off,"19/08/2026 10:39 AM","19/08/2026 11:00 AM",LWMC-SaTo,Loader,3,Ignition,-,-,-,-,-,-
3128,59506,19/08/2026,LWMC,"Tehsil Office, Samnabad Town",C-1310,"Container-Based Collection",49.426,5H4M,303.86,31.557068000,74.275538000,moving,on,"19/08/2026 10:58 AM","19/08/2026 11:00 AM",LWMC-SaTo,"Compactor (13CM)",3,Distance,10,1,-,-,-,-
3129,41271,19/08/2026,LWMC,"Tehsil Office, Samnabad Town",LR-1456,"Door To Door Collection",-,0H0M,-,31.463493000,74.224855000,still,off,"19/08/2026 10:48 AM","19/08/2026 11:00 AM",LWMC-SaTo,"Loader Rickshaw",2,Distance,5,-,-,-,-,-
3130,41312,19/08/2026,LWMC,"Tehsil Office, Samnabad Town",LR-1864,"Door To Door Collection",27.221,2H35M,155.16,31.575139000,74.271349000,moving,on,"19/08/2026 10:59 AM","19/08/2026 11:00 AM",LWMC-SaTo,"Loader Rickshaw",2,Distance,5,1,-,-,-,-
3131,41243,19/08/2026,LWMC,"Tehsil Office, Samnabad Town",LR-1252,"Door To Door Collection",26.246,5H2M,301.94,31.551373000,74.305028000,still,off,"19/08/2026 10:58 AM","19/08/2026 11:00 AM",LWMC-SaTo,"Loader Rickshaw",2,Distance,5,1,-,-,-,-
3132,39133,19/08/2026,LWMC,"Tehsil Office, Samnabad Town",C-1350,"Container-Based Collection",55.028,5H12M,311.61,31.554715000,74.310810000,moving,on,"19/08/2026 10:57 AM","19/08/2026 11:00 AM",LWMC-SaTo,"Compactor (13CM)",3,Distance,10,1,-,-,-,-
3133,39159,19/08/2026,LWMC,"Tehsil Office, Samnabad Town",M-98,"Bulk Waste Collection",27.211,2H2M,122.13,31.575898000,74.273295000,moving,on,"19/08/2026 10:57 AM","19/08/2026 11:00 AM",LWMC-SaTo,"Mini Dumper",2,Distance,5,1,-,-,-,-
3134,60458,19/08/2026,LWMC,"Tehsil Office, Samnabad Town",LR-1059,"Door To Door Collection",25.898,5H22M,322.35,31.552748000,74.283888000,still,off,"19/08/2026 10:58 AM","19/08/2026 11:00 AM",LWMC-SaTo,"Loader Rickshaw",2,Distance,5,1,-,-,-,-
3135,39214,19/08/2026,LWMC,"Tehsil Office, Samnabad Town",LR-0033,"Door To Door Collection",40.587,4H21M,260.73,31.463923000,74.224937000,still,off,"19/08/2026 10:50 AM","19/08/2026 11:00 AM",LWMC-SaTo,"Loader Rickshaw",2,Distance,5,1,-,-,-,-
3136,60781,19/08/2026,LWMC,"Tehsil Office, Samnabad Town",LR-2655,"Door To Door Collection",14.787,0H58M,57.86,31.532368000,74.294401000,still,off,"19/08/2026 10:58 AM","19/08/2026 11:00 AM",LWMC-SaTo,"Loader Rickshaw",2,Distance,5,-,-,-,-,-
3137,-,19/08/2026,LWMC,"Tehsil Office, Samnabad Town",S-211,-,54.88,2H12M,132.03,31.390817000,74.197862000,still,off,"19/08/2026 10:46 AM","19/08/2026 11:00 AM",LWMC-SaTo,-,-,-,-,-,-,-,-,-
3138,39212,19/08/2026,LWMC,"Tehsil Office, Samnabad Town",LR-0031,"Door To Door Collection",-,0H0M,-,31.554178000,74.272673000,still,off,"19/08/2026 10:46 AM","19/08/2026 11:00 AM",LWMC-SaTo,"Loader Rickshaw",2,Distance,5,-,-,-,-,-
3139,59696,19/08/2026,LWMC,"Tehsil Office, Samnabad Town",M-134,"Bulk Waste Collection",53.881,5H42M,342.33,31.463942000,74.225470000,still,off,"19/08/2026 10:51 AM","19/08/2026 11:00 AM",LWMC-SaTo,Pickup,2,Distance,5,1,-,-,-,-
3140,39120,19/08/2026,LWMC,"Tehsil Office, Samnabad Town",C-725,"Container-Based Collection",49.213,2H58M,177.83,31.574883000,74.271817000,moving,on,"19/08/2026 10:33 AM","19/08/2026 11:00 AM",LWMC-SaTo,"Compactor (7CM)",3,Distance,10,-,-,-,-,-
3141,59839,19/08/2026,LWMC,"Tehsil Office, Samnabad Town",S-226,"Door To Door Collection",48.388,2H58M,178.28,31.550278000,74.277245000,moving,on,"19/08/2026 10:58 AM","19/08/2026 11:00 AM",LWMC-SaTo,"Mini Dumper",2,Distance,5,1,-,-,-,-
3142,39127,19/08/2026,LWMC,"Tehsil Office, Samnabad Town",C-1327,"Container-Based Collection",42.912,4H58M,298.43,31.515813000,74.307048000,moving,on,"19/08/2026 10:58 AM","19/08/2026 11:00 AM",LWMC-SaTo,"Compactor (13CM)",3,Distance,10,1,-,-,-,-
3143,-,19/08/2026,LWMC,"Tehsil Office, Samnabad Town",LR-2668,-,27.474,2H14M,134.5,31.479033000,74.215787000,still,off,"19/08/2026 10:57 AM","19/08/2026 11:00 AM",LWMC-SaTo,-,-,-,-,-,-,-,-,-
3144,39139,19/08/2026,LWMC,"Tehsil Office, Samnabad Town",C-1386,"Container-Based Collection",27.085,3H18M,197.66,31.538000000,74.300680000,still,off,"19/08/2026 10:51 AM","19/08/2026 11:00 AM",LWMC-SaTo,"Compactor (13CM)",3,Distance,10,1,-,-,-,-
3145,41293,19/08/2026,LWMC,"Tehsil Office, Samnabad Town",LR-1895,"Door To Door Collection",41.939,2H33M,152.56,31.538064000,74.283361000,moving,on,"19/08/2026 10:59 AM","19/08/2026 11:00 AM",LWMC-SaTo,"Loader Rickshaw",2,Distance,5,1,-,-,-,-
3146,39201,19/08/2026,LWMC,"Tehsil Office, Samnabad Town",S-315,"Bulk Waste Collection",24.516,1H23M,83.29,31.574680000,74.274438000,moving,on,"19/08/2026 10:58 AM","19/08/2026 11:00 AM",LWMC-SaTo,"Mini Dumper",2,Distance,5,-,-,-,-,-
3147,41257,19/08/2026,LWMC,"Tehsil Office, Samnabad Town",LR-1266,"Door To Door Collection",25.156,1H46M,106.5,31.525198000,74.323640000,moving,on,"19/08/2026 10:58 AM","19/08/2026 11:00 AM",LWMC-SaTo,"Loader Rickshaw",2,Distance,5,-,-,-,-,-
3148,59826,19/08/2026,LWMC,"Tehsil Office, Samnabad Town",S-240,"Door To Door Collection",-,0H0M,-,31.463928000,74.225310000,still,off,"19/08/2026 10:45 AM","19/08/2026 11:00 AM",LWMC-SaTo,"Mini Dumper",2,Distance,5,-,-,-,-,-
3149,40340,19/08/2026,LWMC,"Tehsil Office, Samnabad Town",LR-0926,"Door To Door Collection",21.297,3H22M,202.16,31.501387000,74.278647000,still,off,"19/08/2026 10:58 AM","19/08/2026 11:00 AM",LWMC-SaTo,"Loader Rickshaw",2,Distance,5,1,-,-,-,-
3150,39287,19/08/2026,LWMC,"Tehsil Office, Samnabad Town",LR-0038,"Door To Door Collection",35.788,2H55M,175.15,31.538118000,74.294567000,still,off,"19/08/2026 10:57 AM","19/08/2026 11:00 AM",LWMC-SaTo,"Loader Rickshaw",2,Distance,5,1,-,-,-,-
3151,40315,19/08/2026,LWMC,"Tehsil Office, Samnabad Town",LR-0977,"Door To Door Collection",29.037,1H43M,102.63,31.506206000,74.292745000,still,off,"19/08/2026 10:58 AM","19/08/2026 11:00 AM",LWMC-SaTo,"Loader Rickshaw",2,Distance,5,-,-,-,-,-
3152,39118,19/08/2026,LWMC,"Tehsil Office, Samnabad Town",C-715,"Container-Based Collection",78.105,4H28M,268.5,31.526665000,74.302380000,moving,on,"19/08/2026 10:58 AM","19/08/2026 11:00 AM",LWMC-SaTo,"Compactor (7CM)",3,Distance,10,1,-,-,-,-
3153,41328,19/08/2026,LWMC,"Tehsil Office, Samnabad Town",LR-2178,"Door To Door Collection",23.41,1H14M,74.04,31.539568000,74.283921000,still,off,"19/08/2026 10:58 AM","19/08/2026 11:00 AM",LWMC-SaTo,"Loader Rickshaw",2,Distance,5,-,-,-,-,-
3154,40336,19/08/2026,LWMC,"Tehsil Office, Samnabad Town",LR-0385,"Door To Door Collection",29.273,4H46M,285.55,31.511750000,74.311153000,still,off,"19/08/2026 10:57 AM","19/08/2026 11:00 AM",LWMC-SaTo,"Loader Rickshaw",2,Distance,5,1,-,-,-,-
3155,60011,19/08/2026,LWMC,"Tehsil Office, Samnabad Town",CA-49,"Container-Based Collection",84.205,4H48M,288,31.560893000,74.278188000,still,off,"19/08/2026 10:49 AM","19/08/2026 11:00 AM",LWMC-SaTo,"Chain Arm Roll",3,Distance,10,1,-,-,-,-
3156,40338,19/08/2026,LWMC,"Tehsil Office, Samnabad Town",LR-0388,"Door To Door Collection",31.103,2H42M,162.33,31.505692000,74.283563000,moving,on,"19/08/2026 10:57 AM","19/08/2026 11:00 AM",LWMC-SaTo,"Loader Rickshaw",2,Distance,5,1,-,-,-,-
3157,60435,19/08/2026,LWMC,"Tehsil Office, Samnabad Town",S-223,"Bulk Waste Collection",31.338,2H4M,123.98,31.494733000,74.263505000,moving,on,"19/08/2026 10:58 AM","19/08/2026 11:00 AM",LWMC-SaTo,"Mini Dumper",2,Distance,5,1,-,-,-,-
