vehicle_id,vehicle,vkey,district,office,tehsil_code,vehicle_type,used_for,status,engine,distance_km,working_min,lat,lon,timestamp,last_received,reporting_status,status_text,battery_volt,tracker_offline,uc,uc_town,uc_zone,registry_category,assigned_town,in_assigned_area,snapshot
-,LR-2050,LR2050,Lahore,"Tehsil Office, Ravi Town",LWMC-RaTo,-,-,moving,on,0.008,,31.592605,74.259084,11/08/2026 08:49 AM,-,,,,,UC-5,Ravi Town,Zone-1,Loader Rickshaw,Ravi Town,True,2026-08-11
-,S-68,S68,Lahore,"Tehsil Office, Aziz Bhatti Town",LWMC-AzBT,-,-,still,off,0.22,6.7,31.623572,74.421862,11/08/2026 10:38 AM,11/08/2026 11:00 AM,Reporting,No Activity Since Yesterday,0.0,True,UC-108,Wagha Town,Zone-13,Mini Dumper,Aziz Bhatti Town,False,2026-08-11
-,LR-1760,LR1760,Lahore,"Tehsil Office, Nishter Town",LWMC-NiTo,-,-,still,off,2.437,5.0,31.429887,74.369501,11/08/2026 09:57 AM,11/08/2026 11:00 AM,Reporting,Parked,11.59,False,UC-242,Nishter Town,Zone-45,Loader Rickshaw,Nishter Town,True,2026-08-11
25277,LR-0484,LR0484,Lahore,"Tehsil Office, Shalimar Town",LWMC-ShTo,Loader Rickshaw,Door to Door Collection,still,off,0.034,0.1,31.610678,74.381557,11/08/2026 05:40 AM,11/08/2026 11:04 AM,Reporting,No Activity Since Yesterday,8.99,False,UC-108,Wagha Town,Zone-13,Loader Rickshaw,Shalimar Town,False,2026-08-11
23647,LR-1079,LR1079,Lahore,"Tehsil Office, Wahgha Town",LWMC-WaTo,Loader Rickshaw,Door To Door Collection,moving,on,20.671,124.2,31.610414,74.382254,11/08/2026 09:58 AM,11/08/2026 11:04 AM,Reporting,Parked,8.43,False,UC-108,Wagha Town,Zone-13,Loader Rickshaw,Wagha Town,True,2026-08-11
39162,M-106,M106,Lahore,"Tehsil Office, Samnabad Town",LWMC-SaTo,Mini Dumper,Bulk Waste Collection,still,off,0.107,5.28,31.463947,74.2255,11/08/2026 10:38 AM,11/08/2026 11:04 AM,Reporting,No Activity Since Yesterday,0.0,True,UC-117,Allama Iqbal Town,Zone-41,Foton-Mini Dumper,Samnabad Town,False,2026-08-11
41331,LR-2181,LR2181,Lahore,"Tehsil Office, Samnabad Town",LWMC-SaTo,Loader Rickshaw,Door To Door Collection,still,off,0.004,0.43,31.463581,74.224846,11/08/2026 09:53 AM,11/08/2026 11:04 AM,Reporting,No Activity Since Yesterday,11.43,False,UC-117,Allama Iqbal Town,Zone-41,Loader Rickshaw,Samnabad Town,False,2026-08-11
19924,S-374,S374,Lahore,"Tehsil Office, Ravi Town",LWMC-RaTo,Mini Dumper,Bulk Waste Collection,still,off,4.86,102.4,31.573199,74.287301,11/08/2026 10:47 AM,11/08/2026 11:04 AM,Reporting,Excess Idling,11.54,False,UC-56,DGBT,Zone-29,Mini Dumper,Ravi Town,False,2026-08-11
-,LR-2316,LR2316,Lahore,"Tehsil Office, Wahgha Town",LWMC-WaTo,-,-,still,off,,,31.610855,74.381769,11/08/2026 07:57 AM,-,Reporting,No Activity Since Yesterday,26.22,False,UC-108,Wagha Town,Zone-13,Loader Rickshaw,Wagha Town,True,2026-08-11
-,LR-1643,LR1643,Lahore,"Tehsil Office, Aziz Bhatti Town",LWMC-AzBT,-,-,moving,on,0.037,0.11,31.575195,74.370539,11/08/2026 09:11 AM,-,Reporting,No Activity Since Yesterday,13.83,False,UC-120,Gulberg Town,Zone-19,Loader Rickshaw,Aziz Bhatti Town,False,2026-08-11
19235,MFL-63,MFL63,Lahore,"Tehsil Office, Nishter Town",LWMC-NiTo,Loader Rickshaw,Bulk Waste Collection,still,off,7.391,82.18,31.4296,74.306855,11/08/2026 10:45 AM,11/08/2026 11:04 AM,Reporting,Excess Idling,,False,UC-241,Nishter Town,Zone-47,Loader,Nishter Town,True,2026-08-11
22821,LR-0201,LR0201,Lahore,"Tehsil Office, Allama Iqbal Town",LWMC-AlIT,Loader Rickshaw,Door To Door Collection,still,off,,,31.464813,74.224963,11/08/2026 10:10 AM,11/08/2026 11:04 AM,Reporting,No Activity Since Yesterday,9.24,False,UC-117,Allama Iqbal Town,Zone-41,Loader Rickshaw,Allama Iqbal Town,True,2026-08-11
-,LR-0996,LR0996,Lahore,"Tehsil Office, Samnabad Town",LWMC-SaTo,-,-,still,off,0.216,0.38,31.46367,74.22631,11/08/2026 10:33 AM,11/08/2026 11:00 AM,Reporting,No Activity Since Yesterday,0.0,True,UC-110,Allama Iqbal Town,Zone-41,Loader Rickshaw,Samnabad Town,False,2026-08-11
-,HA-15,HA15,Lahore,"Tehsil Office, Wahgha Town",LWMC-WaTo,-,-,moving,on,5.186,25.14,31.623717,74.421425,11/08/2026 09:23 AM,11/08/2026 10:00 AM,Reporting,Parked,29.08,False,UC-108,Wagha Town,Zone-13,Arm Roll,Wagha Town,True,2026-08-11
-,LR-2919,LR2919,Lahore,"Tehsil Office, Allama Iqbal Town",LWMC-AlIT,-,-,moving,on,6.794,41.31,31.464692,74.274212,11/08/2026 09:43 AM,11/08/2026 10:30 AM,Reporting,Parked,13.27,False,UC-115,Allama Iqbal Town,Zone-40,,Allama Iqbal Town,True,2026-08-11
-,S-380,S380,Lahore,"Tehsil Office, Shalimar Town",LWMC-ShTo,-,-,still,off,0.015,0.36,31.57388,74.287755,11/08/2026 10:35 AM,11/08/2026 11:00 AM,Reporting,No Activity Since Yesterday,0.0,True,UC-56,DGBT,Zone-29,Mini Dumper,Shalimar Town,False,2026-08-11
-,LR-2051,LR2051,Lahore,"Tehsil Office, Ravi Town",LWMC-RaTo,-,-,moving,on,9.547,62.98,31.627947,74.295328,11/08/2026 09:26 AM,11/08/2026 10:00 AM,Reporting,Moving,13.12,False,UC-11,Ravi Town,Zone-2,Loader Rickshaw,Ravi Town,True,2026-08-11
-,LR-3069,LR3069,Lahore,"Tehsil Office, Wahgha Town",LWMC-WaTo,-,-,still,off,5.848,87.63,31.598585,74.406927,11/08/2026 09:49 AM,11/08/2026 10:00 AM,Reporting,Parked,11.18,False,UC-137,Wagha Town,Zone-12,,Wagha Town,True,2026-08-11
-,LR-0717,LR0717,Lahore,"Tehsil Office, Aziz Bhatti Town",LWMC-AzBT,-,-,moving,on,0.198,44.81,31.575017,74.370594,11/08/2026 08:47 AM,11/08/2026 09:30 AM,Reporting,No Activity Since Yesterday,0.0,True,UC-120,Gulberg Town,Zone-19,Loader Rickshaw,Aziz Bhatti Town,False,2026-08-11
22916,LR-0605,LR0605,Lahore,"Tehsil Office, Allama Iqbal Town",LWMC-AlIT,Loader Rickshaw,Door To Door Collection,moving,on,10.177,62.0,31.478973,74.21605,11/08/2026 09:46 AM,11/08/2026 10:00 AM,Reporting,Parked,14.8,False,UC-117,Allama Iqbal Town,Zone-41,Loader Rickshaw,Allama Iqbal Town,True,2026-08-11
19441,MFL-14,MFL14,Lahore,"Tehsil Office, Shalimar Town",LWMC-ShTo,Loader Rickshaw,Door To Door Collection,still,off,9.7,3.29,31.573918,74.287905,11/08/2026 08:15 AM,11/08/2026 09:00 AM,Reporting,Parked,0.0,True,UC-56,DGBT,Zone-29,Loader,Shalimar Town,False,2026-08-11
-,LR-1179,LR1179,Lahore,"Tehsil Office, Ravi Town",LWMC-RaTo,-,-,moving,on,13.286,65.91,31.626133,74.298839,11/08/2026 10:07 AM,11/08/2026 11:00 AM,Reporting,Parked,11.94,False,UC-12,Ravi Town,Zone-2,Loader Rickshaw,Ravi Town,True,2026-08-11
-,ND-38,ND38,Lahore,"Tehsil Office, Wahgha Town",LWMC-WaTo,-,-,moving,on,30.845,112.33,31.48621,74.476937,11/08/2026 10:31 AM,11/08/2026 11:00 AM,Reporting,Moving,0.0,True,UC-194,Wagha Town,Zone-14,Dumper,Wagha Town,True,2026-08-11
-,LR-2149,LR2149,Lahore,"Tehsil Office, Wahgha Town",LWMC-WaTo,-,-,moving,on,9.157,95.59,31.554971,74.448789,11/08/2026 10:25 AM,11/08/2026 11:00 AM,Reporting,Idle,14.75,False,UC-192,Wagha Town,Zone-14,Loader Rickshaw,Wagha Town,True,2026-08-11
22815,LR-0218,LR0218,Lahore,"Tehsil Office, Allama Iqbal Town",LWMC-AlIT,Loader Rickshaw,Door To Door Collection,moving,on,11.173,64.4,31.399499,74.224342,11/08/2026 10:39 AM,11/08/2026 11:00 AM,Reporting,Parked,11.74,False,UC-269,Nishter Town,Zone-47,Loader Rickshaw,Allama Iqbal Town,False,2026-08-11
-,LR-2626,LR2626,Lahore,"Tehsil Office, Allama Iqbal Town",LWMC-AlIT,-,-,moving,on,12.947,87.93,31.478886,74.229277,11/08/2026 09:41 AM,11/08/2026 11:00 AM,Reporting,Moving,24.44,False,UC-110,Allama Iqbal Town,Zone-41,Loader Rickshaw,Allama Iqbal Town,True,2026-08-11
-,LR-3114,LR3114,Lahore,"Tehsil Office, Allama Iqbal Town",LWMC-AlIT,-,-,moving,on,6.379,150.34,31.349002,74.376174,11/08/2026 10:11 AM,11/08/2026 11:00 AM,Reporting,Moving,13.78,False,UC-253,Nishter Town,Zone-49,,Allama Iqbal Town,False,2026-08-11
-,LR-2074,LR2074,Lahore,"Tehsil Office, Shalimar Town",LWMC-ShTo,-,-,still,off,7.268,36.58,31.584663,74.348923,11/08/2026 10:14 AM,11/08/2026 10:30 AM,Reporting,Parked,0.0,True,UC-127,Shalimar Town,Zone-8,Loader Rickshaw,Shalimar Town,True,2026-08-11
-,LR-2776,LR2776,Lahore,"Tehsil Office, Shalimar Town",LWMC-ShTo,-,-,still,off,6.056,25.85,31.612504,74.338344,11/08/2026 08:45 AM,11/08/2026 09:00 AM,Reporting,Parked,0.0,True,UC-25,Shalimar Town,Zone-6,Loader Rickshaw,Shalimar Town,True,2026-08-11
-,LR-2570,LR2570,Lahore,"Tehsil Office, Gulberg Town",LWMC-GuTo,-,-,still,off,6.238,105.78,31.517291,74.34884,11/08/2026 09:38 AM,11/08/2026 11:00 AM,Reporting,Moving,11.89,False,UC-201,Gulberg Town,Zone-21,Loader Rickshaw,Gulberg Town,True,2026-08-11
-,LR-2510,LR2510,Lahore,"Tehsil Office, Data Gunj Baksh Town",LWMC-DaGB,-,-,moving,on,8.684,120.53,31.5675,74.311847,11/08/2026 10:05 AM,11/08/2026 10:30 AM,Reporting,Parked,12.15,False,UC-62,DGBT,Zone-25,Loader Rickshaw,DGBT,True,2026-08-11
41256,LR-1265,LR1265,Lahore,"Tehsil Office, Samnabad Town",LWMC-SaTo,Loader Rickshaw,Door To Door Collection,moving,on,18.644,327.33,31.537188,74.304506,11/08/2026 10:37 AM,11/08/2026 11:00 AM,Reporting,Excess Idling,10.47,False,UC-91,Samnabad Town,Zone-33,Loader Rickshaw,Samnabad Town,True,2026-08-11
-,LR-1821,LR1821,Lahore,"Tehsil Office, Ravi Town",LWMC-RaTo,-,-,moving,on,9.836,64.54,31.580453,74.318305,11/08/2026 10:18 AM,11/08/2026 11:00 AM,Reporting,Parked,0.0,True,UC-35,Ravi Town,Zone-5,Loader Rickshaw,Ravi Town,True,2026-08-11
23634,LR-1066,LR1066,Lahore,"Tehsil Office, Wahgha Town",LWMC-WaTo,Loader Rickshaw,Door To Door Collection,moving,on,4.349,205.4,31.590801,74.525974,11/08/2026 10:37 AM,11/08/2026 11:00 AM,Reporting,Excess Idling,11.54,False,UC-182,Wagha Town,Zone-13,Loader Rickshaw,Wagha Town,True,2026-08-11
25324,LR-0396,LR0396,Lahore,"Tehsil Office, Wahgha Town",LWMC-WaTo,Loader Rickshaw,Door to Door Collection,still,off,8.351,119.73,31.609734,74.382096,11/08/2026 09:59 AM,11/08/2026 11:00 AM,Reporting,Excess Idling,9.29,False,UC-108,Wagha Town,Zone-13,Loader Rickshaw,Wagha Town,True,2026-08-11
-,LR-2456,LR2456,Lahore,"Tehsil Office, Wahgha Town",LWMC-WaTo,-,-,moving,on,27.123,105.71,31.589885,74.433876,11/08/2026 10:30 AM,11/08/2026 11:00 AM,Reporting,Parked,27.91,False,UC-175,Wagha Town,Zone-12,Loader Rickshaw,Wagha Town,True,2026-08-11
-,LR-2783,LR2783,Lahore,"Tehsil Office, Aziz Bhatti Town",LWMC-AzBT,-,-,moving,on,7.631,45.04,31.583871,74.401579,11/08/2026 09:51 AM,11/08/2026 11:00 AM,Reporting,Moving,12.25,False,UC-139,Aziz Bhatti Town,Zone-15,Loader Rickshaw,Aziz Bhatti Town,True,2026-08-11
23041,LR-0080,LR0080,Lahore,"Tehsil Office, Nishter Town",LWMC-NiTo,Loader Rickshaw,Door To Door Collection,still,off,5.742,29.8,31.422888,74.353777,11/08/2026 10:42 AM,11/08/2026 11:00 AM,Reporting,Parked,0.0,True,UC-243,Nishter Town,Zone-44,Loader Rickshaw,Nishter Town,True,2026-08-11
23039,LR-0078,LR0078,Lahore,"Tehsil Office, Nishter Town",LWMC-NiTo,Loader Rickshaw,Door To Door Collection,still,off,18.351,154.71,31.388647,74.344713,11/08/2026 10:39 AM,11/08/2026 11:00 AM,Reporting,Parked,0.0,True,UC-251,Nishter Town,Zone-47,Loader Rickshaw,Nishter Town,True,2026-08-11
-,MFL-80,MFL80,Lahore,"Tehsil Office, Allama Iqbal Town",LWMC-AlIT,-,-,moving,on,,,31.480138,74.289083,11/08/2026 08:25 AM,11/08/2026 09:30 AM,Reporting,No Activity Since Yesterday,12.45,False,UC-220,Allama Iqbal Town,Zone-39,Loader,Allama Iqbal Town,True,2026-08-11
-,LR-1543,LR1543,Lahore,"Tehsil Office, Allama Iqbal Town",LWMC-AlIT,-,-,moving,on,0.068,1.0,31.465144,74.225492,11/08/2026 07:24 AM,-,Reporting,No Activity Since Yesterday,14.44,False,UC-117,Allama Iqbal Town,Zone-41,Loader Rickshaw,Allama Iqbal Town,True,2026-08-11
-,MF-88,MF88,Lahore,"Tehsil Office, Allama Iqbal Town",LWMC-AlIT,-,-,still,off,17.346,188.56,31.337662,74.238914,11/08/2026 10:33 AM,11/08/2026 11:00 AM,Reporting,Moving,13.73,False,UC-270,Nishter Town,Zone-47,,Allama Iqbal Town,False,2026-08-11
-,LR-2644,LR2644,Lahore,"Tehsil Office, Allama Iqbal Town",LWMC-AlIT,-,-,moving,on,21.651,111.21,31.462905,74.295251,11/08/2026 10:34 AM,11/08/2026 11:00 AM,Reporting,Moving,12.91,False,UC-222,Allama Iqbal Town,Zone-39,Loader Rickshaw,Allama Iqbal Town,True,2026-08-11
-,LR-1573,LR1573,Lahore,"Tehsil Office, Gulberg Town",LWMC-GuTo,-,-,still,off,6.488,57.78,31.508887,74.346571,11/08/2026 07:30 AM,11/08/2026 10:00 AM,Reporting,Parked,13.27,False,UC-202,Gulberg Town,Zone-21,Loader Rickshaw,Gulberg Town,True,2026-08-11
-,LR-1346,LR1346,Lahore,"Tehsil Office, Data Gunj Baksh Town",LWMC-DaGB,-,-,moving,on,20.319,111.88,31.568053,74.329745,11/08/2026 10:00 AM,11/08/2026 11:00 AM,Reporting,Moving,0.0,True,UC-171,DGBT,Zone-25,Loader Rickshaw,DGBT,True,2026-08-11
-,LR-2514,LR2514,Lahore,"Tehsil Office, Data Gunj Baksh Town",LWMC-DaGB,-,-,moving,on,14.337,71.36,31.557393,74.290351,11/08/2026 10:16 AM,11/08/2026 11:00 AM,Reporting,Parked,0.0,True,UC-67,DGBT,Zone-30,Loader Rickshaw,DGBT,True,2026-08-11
-,LR-3082,LR3082,Lahore,"Tehsil Office, Data Gunj Baksh Town",LWMC-DaGB,-,-,still,off,10.669,67.43,31.591127,74.294833,11/08/2026 09:42 AM,11/08/2026 11:00 AM,Reporting,Parked,0.0,True,UC-49,DGBT,Zone-28,,DGBT,True,2026-08-11
23442,LR-0094,LR0094,Lahore,"Tehsil Office, Ravi Town",LWMC-RaTo,Loader Rickshaw,Door To Door Collection,still,off,11.811,135.28,31.581869,74.257846,11/08/2026 10:27 AM,11/08/2026 11:00 AM,Reporting,Parked,0.0,True,UC-1,Ravi Town,Zone-1,Loader Rickshaw,Ravi Town,True,2026-08-11
-,LR-1832,LR1832,Lahore,"Tehsil Office, Ravi Town",LWMC-RaTo,-,-,moving,on,15.144,154.11,31.628323,74.309424,11/08/2026 10:11 AM,11/08/2026 11:00 AM,Reporting,Excess Idling,11.84,False,UC-14,Ravi Town,Zone-2,Loader Rickshaw,Ravi Town,True,2026-08-11
-,LR-2115,LR2115,Lahore,"Tehsil Office, Ravi Town",LWMC-RaTo,-,-,moving,on,15.545,194.34,31.621838,74.286773,11/08/2026 10:05 AM,11/08/2026 10:30 AM,Reporting,Parked,11.89,False,UC-7,Ravi Town,Zone-1,Loader Rickshaw,Ravi Town,True,2026-08-11
23456,LR-0559,LR0559,Lahore,"Tehsil Office, Ravi Town",LWMC-RaTo,Loader Rickshaw,Door To Door Collection,still,off,14.06,143.06,31.617018,74.286259,11/08/2026 10:25 AM,11/08/2026 11:00 AM,Reporting,Moving,0.0,True,UC-4,Ravi Town,Zone-1,Loader Rickshaw,Ravi Town,True,2026-08-11
-,LR-2128,LR2128,Lahore,"Tehsil Office, Ravi Town",LWMC-RaTo,-,-,still,off,13.563,56.2,31.626143,74.282983,11/08/2026 10:17 AM,11/08/2026 11:00 AM,Reporting,Parked,12.45,False,UC-7,Ravi Town,Zone-1,Loader Rickshaw,Ravi Town,True,2026-08-11
23443,LR-0095,LR0095,Lahore,"Tehsil Office, Ravi Town",LWMC-RaTo,Loader Rickshaw,Door To Door Collection,moving,on,11.192,248.0,31.59976,74.24499,11/08/2026 10:43 AM,11/08/2026 11:00 AM,Reporting,Idle,11.79,False,UC-1,Ravi Town,Zone-1,Loader Rickshaw,Ravi Town,True,2026-08-11
-,LR-1804,LR1804,Lahore,"Tehsil Office, Ravi Town",LWMC-RaTo,-,-,moving,on,3.346,24.03,31.60799,74.307203,11/08/2026 07:24 AM,11/08/2026 07:30 AM,Reporting,Parked,0.0,True,UC-18,Ravi Town,Zone-3,Loader Rickshaw,Ravi Town,True,2026-08-11
23608,LR-0890,LR0890,Lahore,"Tehsil Office, Wahgha Town",LWMC-WaTo,Loader Rickshaw,Door To Door Collection,moving,on,17.924,209.78,31.593611,74.467157,11/08/2026 10:31 AM,11/08/2026 11:00 AM,Reporting,Parked,11.49,False,UC-178,Wagha Town,Zone-12,Loader Rickshaw,Wagha Town,True,2026-08-11
-,LR-2890,LR2890,Lahore,"Tehsil Office, Aziz Bhatti Town",LWMC-AzBT,-,-,moving,on,21.206,190.15,31.573448,74.387781,11/08/2026 09:43 AM,11/08/2026 11:00 AM,Reporting,Moving,13.68,False,UC-155,Aziz Bhatti Town,Zone-15,Loader Rickshaw,Aziz Bhatti Town,True,2026-08-11
-,LR-1402,LR1402,Lahore,"Tehsil Office, Aziz Bhatti Town",LWMC-AzBT,-,-,moving,on,23.219,143.91,31.60973,74.367787,11/08/2026 10:10 AM,11/08/2026 11:00 AM,Reporting,Moving,12.56,False,UC-108,Wagha Town,Zone-13,Loader Rickshaw,Aziz Bhatti Town,False,2026-08-11
-,LR-1916,LR1916,Lahore,"Tehsil Office, Aziz Bhatti Town",LWMC-AzBT,-,-,moving,on,11.923,67.73,31.582714,74.396512,11/08/2026 09:41 AM,11/08/2026 10:30 AM,Reporting,Excess Idling,13.42,False,UC-139,Aziz Bhatti Town,Zone-15,Loader Rickshaw,Aziz Bhatti Town,True,2026-08-11
-,LR-0722,LR0722,Lahore,"Tehsil Office, Aziz Bhatti Town",LWMC-AzBT,-,-,moving,on,10.233,58.63,31.586323,74.39547,11/08/2026 09:47 AM,11/08/2026 11:00 AM,Reporting,Parked,11.89,False,UC-131,Wagha Town,Zone-11,Loader Rickshaw,Aziz Bhatti Town,False,2026-08-11
-,LR-1905,LR1905,Lahore,"Tehsil Office, Aziz Bhatti Town",LWMC-AzBT,-,-,moving,on,14.462,106.76,31.562749,74.423793,11/08/2026 10:36 AM,11/08/2026 11:00 AM,Reporting,Parked,11.38,False,UC-147,Aziz Bhatti Town,Zone-16,Loader Rickshaw,Aziz Bhatti Town,True,2026-08-11
-,LR-2933,LR2933,Lahore,"Tehsil Office, Aziz Bhatti Town",LWMC-AzBT,-,-,still,off,15.093,169.34,31.463939,74.273124,11/08/2026 10:45 AM,11/08/2026 11:00 AM,Reporting,Excess Idling,11.69,False,UC-115,Allama Iqbal Town,Zone-40,,Aziz Bhatti Town,False,2026-08-11
-,LR-3046,LR3046,Lahore,"Tehsil Office, Nishter Town",LWMC-NiTo,-,-,moving,on,10.295,78.34,31.440554,74.162503,11/08/2026 10:31 AM,11/08/2026 11:00 AM,Reporting,Parked,14.6,False,,,,Loader Rickshaw,Nishter Town,False,2026-08-11
-,LR-2281,LR2281,Lahore,"Tehsil Office, Nishter Town",LWMC-NiTo,-,-,moving,on,13.402,45.39,31.44417,74.375793,11/08/2026 09:04 AM,11/08/2026 09:30 AM,Reporting,Excess Idling,14.44,False,UC-231,Nishter Town,Zone-45,Loader Rickshaw,Nishter Town,True,2026-08-11
22901,LR-0544,LR0544,Lahore,"Tehsil Office, Allama Iqbal Town",LWMC-AlIT,Loader Rickshaw,Door To Door Collection,moving,on,10.963,219.46,31.476082,74.226015,11/08/2026 10:29 AM,11/08/2026 11:00 AM,Reporting,Idle,12.15,False,UC-117,Allama Iqbal Town,Zone-41,Loader Rickshaw,Allama Iqbal Town,True,2026-08-11
-,LR-2619,LR2619,Lahore,"Tehsil Office, Allama Iqbal Town",LWMC-AlIT,-,-,moving,on,37.923,178.68,31.474998,74.229748,11/08/2026 10:16 AM,11/08/2026 11:00 AM,Reporting,Parked,0.0,True,UC-110,Allama Iqbal Town,Zone-41,Loader Rickshaw,Allama Iqbal Town,True,2026-08-11
22944,LR-0875,LR0875,Lahore,"Tehsil Office, Allama Iqbal Town",LWMC-AlIT,Loader Rickshaw,Door To Door Collection,moving,on,14.474,77.66,31.459564,74.246495,11/08/2026 10:25 AM,11/08/2026 11:00 AM,Reporting,Parked,11.43,False,UC-113,Allama Iqbal Town,Zone-40,Loader Rickshaw,Allama Iqbal Town,True,2026-08-11
-,LR-2027,LR2027,Lahore,"Tehsil Office, Allama Iqbal Town",LWMC-AlIT,-,-,moving,on,14.003,44.21,31.530075,74.267448,11/08/2026 10:11 AM,11/08/2026 11:00 AM,Reporting,Idle,12.61,False,UC-102,Allama Iqbal Town,Zone-37,Loader Rickshaw,Allama Iqbal Town,True,2026-08-11
-,LR-2906,LR2906,Lahore,"Tehsil Office, Allama Iqbal Town",LWMC-AlIT,-,-,still,off,12.594,175.19,31.478837,74.216831,11/08/2026 10:04 AM,11/08/2026 11:00 AM,Reporting,Moving,11.94,False,UC-117,Allama Iqbal Town,Zone-41,Loader Rickshaw,Allama Iqbal Town,True,2026-08-11
-,LR-2650,LR2650,Lahore,"Tehsil Office, Allama Iqbal Town",LWMC-AlIT,-,-,still,off,22.608,165.4,31.400296,74.266111,11/08/2026 10:20 AM,11/08/2026 11:00 AM,Reporting,Parked,0.0,True,UC-257,Allama Iqbal Town,Zone-40,Loader Rickshaw,Allama Iqbal Town,True,2026-08-11
-,LR-2068,LR2068,Lahore,"Tehsil Office, Shalimar Town",LWMC-ShTo,-,-,moving,on,11.053,145.5,31.607139,74.358475,11/08/2026 10:44 AM,11/08/2026 11:00 AM,Reporting,Parked,12.25,False,UC-161,Shalimar Town,Zone-9,Loader Rickshaw,Shalimar Town,True,2026-08-11
22563,LR-1129,LR1129,Lahore,"Tehsil Office, Gulberg Town",LWMC-GuTo,Loader Rickshaw,Door To Door Collection,moving,on,9.265,127.93,31.479869,74.307982,11/08/2026 09:22 AM,11/08/2026 11:00 AM,Reporting,Excess Idling,11.13,False,UC-209,Gulberg Town,Zone-23,Loader Rickshaw,Gulberg Town,True,2026-08-11
22569,LR-1135,LR1135,Lahore,"Tehsil Office, Gulberg Town",LWMC-GuTo,Loader Rickshaw,Door To Door Collection,still,off,0.195,14.51,31.532265,74.360681,11/08/2026 07:04 AM,11/08/2026 09:00 AM,Reporting,No Activity Since Yesterday,11.33,False,UC-200,Gulberg Town,Zone-20,Loader Rickshaw,Gulberg Town,True,2026-08-11
-,LR-1324,LR1324,Lahore,"Tehsil Office, Data Gunj Baksh Town",LWMC-DaGB,-,-,moving,on,,,31.593102,74.259387,11/08/2026 02:03 AM,-,Reporting,No Activity Since Yesterday,10.72,False,UC-5,Ravi Town,Zone-1,Loader Rickshaw,DGBT,False,2026-08-11
-,LR-1590,LR1590,Lahore,"Tehsil Office, Data Gunj Baksh Town",LWMC-DaGB,-,-,moving,on,8.835,53.2,31.590451,74.294292,11/08/2026 10:44 AM,11/08/2026 11:00 AM,Reporting,Parked,12.25,False,UC-49,DGBT,Zone-28,Loader Rickshaw,DGBT,True,2026-08-11
-,LR-1427,LR1427,Lahore,"Tehsil Office, Data Gunj Baksh Town",LWMC-DaGB,-,-,moving,on,16.643,98.88,31.588078,74.29717,11/08/2026 08:57 AM,11/08/2026 11:00 AM,Reporting,Moving,10.67,False,UC-51,DGBT,Zone-28,Loader Rickshaw,DGBT,True,2026-08-11
-,R-22,R22,Lahore,"Tehsil Office, Data Gunj Baksh Town",LWMC-DaGB,-,-,moving,on,13.563,65.25,31.53992,74.319034,11/08/2026 10:35 AM,11/08/2026 11:00 AM,Reporting,Parked,11.84,False,UC-198,DGBT,Zone-26,Rickshaw,Nishter Town,False,2026-08-11
-,LR-1477,LR1477,Lahore,"Tehsil Office, Data Gunj Baksh Town",LWMC-DaGB,-,-,moving,on,8.864,124.26,31.571678,74.295493,11/08/2026 10:37 AM,11/08/2026 11:00 AM,Reporting,Moving,10.47,False,UC-59,DGBT,Zone-29,Loader Rickshaw,DGBT,True,2026-08-11
41327,LR-2177,LR2177,Lahore,"Tehsil Office, Samnabad Town",LWMC-SaTo,Loader Rickshaw,Door To Door Collection,moving,on,22.837,161.73,31.554782,74.275082,11/08/2026 09:34 AM,11/08/2026 11:00 AM,Reporting,Moving,13.68,False,,,,Loader Rickshaw,Samnabad Town,False,2026-08-11
-,LR-2807,LR2807,Lahore,"Tehsil Office, Samnabad Town",LWMC-SaTo,-,-,still,off,9.759,113.25,31.505998,74.278151,11/08/2026 09:27 AM,11/08/2026 10:00 AM,Reporting,Excess Idling,0.0,True,UC-215,Samnabad Town,Zone-36,Loader Rickshaw,Samnabad Town,True,2026-08-11
19918,M-46,M46,Lahore,"Tehsil Office, Ravi Town",LWMC-RaTo,Mini Dumper,Bulk Waste Collection,moving,on,11.499,137.86,31.625355,74.284294,11/08/2026 09:29 AM,11/08/2026 10:00 AM,Reporting,Parked,5.82,False,UC-7,Ravi Town,Zone-1,Foton-Mini Dumper,Ravi Town,True,2026-08-11
-,LR-2125,LR2125,Lahore,"Tehsil Office, Ravi Town",LWMC-RaTo,-,-,still,off,34.032,192.26,31.592444,74.259098,11/08/2026 05:43 AM,-,Reporting,Parked,9.96,False,UC-5,Ravi Town,Zone-1,Loader Rickshaw,Ravi Town,True,2026-08-11
-,LR-1817,LR1817,Lahore,"Tehsil Office, Ravi Town",LWMC-RaTo,-,-,still,off,11.133,99.78,31.579087,74.321152,11/08/2026 10:08 AM,11/08/2026 11:00 AM,Reporting,Parked,0.0,True,UC-32,Ravi Town,Zone-5,Loader Rickshaw,Ravi Town,True,2026-08-11
-,LR-2148,LR2148,Lahore,"Tehsil Office, Wahgha Town",LWMC-WaTo,-,-,still,off,20.551,262.55,31.441363,74.544986,11/08/2026 10:34 AM,11/08/2026 11:00 AM,Reporting,Moving,10.11,False,UC-191,Wagha Town,Zone-14,Loader Rickshaw,Wagha Town,True,2026-08-11
-,LR-0406,LR0406,Lahore,"Tehsil Office, Wahgha Town",LWMC-WaTo,-,-,still,off,0.74,8.44,31.596719,74.395734,11/08/2026 06:11 AM,-,Reporting,No Activity Since Yesterday,13.63,False,UC-134,Wagha Town,Zone-11,Loader Rickshaw,Wagha Town,True,2026-08-11
-,LR-2948,LR2948,Lahore,"Tehsil Office, Wahgha Town",LWMC-WaTo,-,-,moving,on,10.128,94.43,31.609121,74.421909,11/08/2026 08:51 AM,11/08/2026 09:00 AM,Reporting,Parked,9.34,False,UC-174,Wagha Town,Zone-12,,Wagha Town,True,2026-08-11
-,LR-2588,LR2588,Lahore,"Tehsil Office, Aziz Bhatti Town",LWMC-AzBT,-,-,moving,on,43.973,131.78,31.608562,74.380901,11/08/2026 10:08 AM,11/08/2026 11:00 AM,Reporting,Moving,11.94,False,UC-108,Wagha Town,Zone-13,Loader Rickshaw,Aziz Bhatti Town,False,2026-08-11
-,LR-1112,LR1112,Lahore,"Tehsil Office, Aziz Bhatti Town",LWMC-AzBT,-,-,moving,on,32.59,158.28,31.587295,74.408546,11/08/2026 10:14 AM,11/08/2026 11:00 AM,Reporting,Moving,13.58,False,UC-139,Aziz Bhatti Town,Zone-15,Loader Rickshaw,Aziz Bhatti Town,True,2026-08-11
-,S-306,S306,Lahore,"Tehsil Office, Aziz Bhatti Town",LWMC-AzBT,-,-,still,off,0.01,23.3,31.579241,74.441793,11/08/2026 06:59 AM,11/08/2026 07:30 AM,Reporting,No Activity Since Yesterday,11.69,False,UC-175,Wagha Town,Zone-12,Mini Dumper,Aziz Bhatti Town,False,2026-08-11
-,LR-0736,LR0736,Lahore,"Tehsil Office, Aziz Bhatti Town",LWMC-AzBT,-,-,moving,on,12.688,90.95,31.578619,74.395248,11/08/2026 09:56 AM,11/08/2026 11:00 AM,Reporting,Moving,13.47,False,UC-141,Aziz Bhatti Town,Zone-15,Loader Rickshaw,Aziz Bhatti Town,True,2026-08-11
-,LR-1382,LR1382,Lahore,"Tehsil Office, Aziz Bhatti Town",LWMC-AzBT,-,-,moving,on,9.508,41.11,31.559056,74.398603,11/08/2026 10:25 AM,11/08/2026 11:00 AM,Reporting,Excess Idling,12.71,False,UC-148,Aziz Bhatti Town,Zone-17,Loader Rickshaw,Aziz Bhatti Town,True,2026-08-11
-,LR-1949,LR1949,Lahore,"Tehsil Office, Aziz Bhatti Town",LWMC-AzBT,-,-,moving,on,22.416,293.39,31.610712,74.382404,11/08/2026 10:14 AM,11/08/2026 11:00 AM,Reporting,Moving,11.18,False,UC-108,Wagha Town,Zone-13,Loader Rickshaw,Aziz Bhatti Town,False,2026-08-11
-,LR-1121,LR1121,Lahore,"Tehsil Office, Aziz Bhatti Town",LWMC-AzBT,-,-,moving,on,30.996,114.01,31.589307,74.435779,11/08/2026 10:05 AM,11/08/2026 11:00 AM,Reporting,Moving,11.89,False,UC-175,Wagha Town,Zone-12,Loader Rickshaw,Aziz Bhatti Town,False,2026-08-11
-,LR-1393,LR1393,Lahore,"Tehsil Office, Aziz Bhatti Town",LWMC-AzBT,-,-,moving,on,37.112,171.83,31.551267,74.420029,11/08/2026 09:43 AM,11/08/2026 10:30 AM,Reporting,Parked,11.03,False,UC-150,Aziz Bhatti Town,Zone-17,Loader Rickshaw,Aziz Bhatti Town,True,2026-08-11
-,LR-1391,LR1391,Lahore,"Tehsil Office, Aziz Bhatti Town",LWMC-AzBT,-,-,moving,on,18.519,90.46,31.586673,74.40051,11/08/2026 09:35 AM,11/08/2026 11:00 AM,Reporting,Moving,12.45,False,UC-136,Wagha Town,Zone-11,Loader Rickshaw,Aziz Bhatti Town,False,2026-08-11
-,LR-0582,LR0582,Lahore,"Tehsil Office, Aziz Bhatti Town",LWMC-AzBT,-,-,moving,on,8.999,166.06,31.559383,74.372918,11/08/2026 09:12 AM,11/08/2026 09:30 AM,Reporting,Excess Idling,6.28,False,UC-187,Aziz Bhatti Town,Zone-18,Loader Rickshaw,Aziz Bhatti Town,True,2026-08-11
-,LR-1085,LR1085,Lahore,"Tehsil Office, Aziz Bhatti Town",LWMC-AzBT,-,-,moving,on,19.983,238.25,31.324184,74.182937,11/08/2026 10:13 AM,11/08/2026 10:30 AM,Reporting,Excess Idling,12.0,False,UC-267,Allama Iqbal Town,Zone-43,Loader Rickshaw,Allama Iqbal Town,True,2026-08-11
-,LR-1921,LR1921,Lahore,"Tehsil Office, Aziz Bhatti Town",LWMC-AzBT,-,-,moving,on,31.329,128.8,31.610741,74.382583,11/08/2026 10:18 AM,11/08/2026 11:00 AM,Reporting,Parked,10.82,False,UC-108,Wagha Town,Zone-13,Loader Rickshaw,Aziz Bhatti Town,False,2026-08-11
-,LR-0735,LR0735,Lahore,"Tehsil Office, Aziz Bhatti Town",LWMC-AzBT,-,-,moving,on,22.017,106.4,31.577111,74.3902,11/08/2026 10:27 AM,11/08/2026 11:00 AM,Reporting,Parked,12.61,False,UC-155,Aziz Bhatti Town,Zone-15,Loader Rickshaw,Aziz Bhatti Town,True,2026-08-11
19855,M-26,M26,Lahore,"Tehsil Office, Nishter Town",LWMC-NiTo,Mini Dumper,Bulk Waste Collection,still,off,0.042,61.2,31.478101,74.344217,11/08/2026 07:48 AM,11/08/2026 08:30 AM,Reporting,No Activity Since Yesterday,0.0,True,UC-206,Gulberg Town,Zone-22,Foton-Mini Dumper,Nishter Town,False,2026-08-11
-,LR-2850,LR2850,Lahore,"Tehsil Office, Nishter Town",LWMC-NiTo,-,-,moving,on,19.9,76.53,31.423866,74.349536,11/08/2026 10:42 AM,11/08/2026 11:00 AM,Reporting,Parked,12.25,False,UC-243,Nishter Town,Zone-44,Loader Rickshaw,Nishter Town,True,2026-08-11
-,D37,D37,Lahore,"Tehsil Office, Nishter Town",LWMC-NiTo,-,-,moving,on,105.383,243.65,31.3849,74.322907,11/08/2026 10:34 AM,11/08/2026 11:00 AM,Reporting,Moving,,False,UC-251,Nishter Town,Zone-47,Dumper,Nishter Town,True,2026-08-11
-,LR-101,LR101,Lahore,"Tehsil Office, Nishter Town",LWMC-NiTo,-,-,still,off,17.935,269.25,31.416946,74.371748,11/08/2026 10:37 AM,11/08/2026 11:00 AM,Reporting,Moving,13.07,False,UC-245,Nishter Town,Zone-48,Loader Rickshaw,Nishter Town,True,2026-08-11
-,LR-3035,LR3035,Lahore,"Tehsil Office, Nishter Town",LWMC-NiTo,-,-,moving,on,3.554,235.86,31.440484,74.355038,11/08/2026 06:38 AM,11/08/2026 07:00 AM,Reporting,Moving,12.86,False,UC-229,Nishter Town,Zone-44,Loader Rickshaw,Nishter Town,True,2026-08-11
-,LR-2758,LR2758,Lahore,"Tehsil Office, Allama Iqbal Town",LWMC-AlIT,-,-,moving,on,22.757,183.0,31.479468,74.213616,11/08/2026 10:27 AM,11/08/2026 11:00 AM,Reporting,Excess Idling,13.07,False,,,,Loader Rickshaw,Allama Iqbal Town,False,2026-08-11
22924,LR-0624,LR0624,Lahore,"Tehsil Office, Allama Iqbal Town",LWMC-AlIT,Loader Rickshaw,Door To Door Collection,moving,on,26.184,227.3,31.463208,74.225117,11/08/2026 10:18 AM,11/08/2026 11:00 AM,Reporting,Moving,12.55,False,UC-117,Allama Iqbal Town,Zone-41,Loader Rickshaw,Allama Iqbal Town,True,2026-08-11
-,LR-2982,LR2982,Lahore,"Tehsil Office, Allama Iqbal Town",LWMC-AlIT,-,-,moving,on,14.849,193.19,31.408413,74.361821,11/08/2026 10:16 AM,11/08/2026 10:30 AM,Reporting,Parked,0.0,True,UC-246,Nishter Town,Zone-48,,Allama Iqbal Town,False,2026-08-11
22785,LR-0048,LR0048,Lahore,"Tehsil Office, Allama Iqbal Town",LWMC-AlIT,Loader Rickshaw,Door To Door Collection,still,off,17.322,62.64,31.514659,74.265957,11/08/2026 10:46 AM,11/08/2026 11:00 AM,Reporting,Idle,10.47,False,UC-103,Allama Iqbal Town,Zone-38,Loader Rickshaw,Allama Iqbal Town,True,2026-08-11
19655,M-34,M34,Lahore,"Tehsil Office, Allama Iqbal Town",LWMC-AlIT,Mini Dumper,Bulk Waste Collection,moving,on,34.688,185.93,31.433754,74.28774,11/08/2026 10:18 AM,11/08/2026 11:00 AM,Reporting,Moving,14.29,False,UC-255,Allama Iqbal Town,Zone-40,Foton-Mini Dumper,Allama Iqbal Town,True,2026-08-11
22823,LR-0203,LR0203,Lahore,"Tehsil Office, Allama Iqbal Town",LWMC-AlIT,Loader Rickshaw,Door To Door Collection,moving,on,28.524,148.4,31.462423,74.300243,11/08/2026 10:29 AM,11/08/2026 11:00 AM,Reporting,Parked,9.45,False,UC-222,Allama Iqbal Town,Zone-39,Loader Rickshaw,Allama Iqbal Town,True,2026-08-11
19028,MFL-18,MFL18,Lahore,"Tehsil Office, Allama Iqbal Town",LWMC-AlIT,Loader Rickshaw,Bulk Waste Collection,moving,on,12.371,115.03,31.476178,74.2407,11/08/2026 10:05 AM,11/08/2026 10:30 AM,Reporting,Parked,12.4,False,UC-110,Allama Iqbal Town,Zone-41,Loader,Allama Iqbal Town,True,2026-08-11
-,LR-2981,LR2981,Lahore,"Tehsil Office, Allama Iqbal Town",LWMC-AlIT,-,-,moving,on,27.585,204.44,31.474532,74.258451,11/08/2026 09:51 AM,11/08/2026 10:30 AM,Reporting,Moving,14.8,False,UC-114,Allama Iqbal Town,Zone-40,,Allama Iqbal Town,True,2026-08-11
-,LR-1537,LR1537,Lahore,"Tehsil Office, Allama Iqbal Town",LWMC-AlIT,-,-,moving,on,23.174,78.31,31.36096,74.236741,11/08/2026 10:03 AM,11/08/2026 11:00 AM,Reporting,Idle,12.81,False,UC-271,Nishter Town,Zone-47,Loader Rickshaw,Allama Iqbal Town,False,2026-08-11
22973,LR-1022,LR1022,Lahore,"Tehsil Office, Allama Iqbal Town",LWMC-AlIT,Loader Rickshaw,Door To Door Collection,moving,on,14.963,61.64,31.414354,74.232445,11/08/2026 09:41 AM,11/08/2026 11:00 AM,Reporting,Moving,13.17,False,UC-269,Nishter Town,Zone-47,Loader Rickshaw,Allama Iqbal Town,False,2026-08-11
-,LR-1724,LR1724,Lahore,"Tehsil Office, Allama Iqbal Town",LWMC-AlIT,-,-,still,off,0.048,0.63,31.465153,74.225415,11/08/2026 06:26 AM,-,Reporting,No Activity Since Yesterday,10.62,False,UC-117,Allama Iqbal Town,Zone-41,Loader Rickshaw,Allama Iqbal Town,True,2026-08-11
19447,MFL-116,MFL116,Lahore,"Tehsil Office, Shalimar Town",LWMC-ShTo,Loader Rickshaw,Door To Door Collection,still,off,0.01,39.31,31.608872,74.37996,11/08/2026 06:50 AM,11/08/2026 07:03 AM,Reporting,No Activity Since Yesterday,11.43,False,UC-108,Wagha Town,Zone-13,Loader,Shalimar Town,False,2026-08-11
-,LR-2337,LR2337,Lahore,"Tehsil Office, Shalimar Town",LWMC-ShTo,-,-,moving,on,,,31.606297,74.358067,11/08/2026 10:25 AM,11/08/2026 11:00 AM,Reporting,No Activity Since Yesterday,11.94,False,UC-161,Shalimar Town,Zone-9,Loader Rickshaw,Shalimar Town,True,2026-08-11
-,LR-2942,LR2942,Lahore,"Tehsil Office, Shalimar Town",LWMC-ShTo,-,-,moving,on,9.875,145.61,31.606462,74.358264,11/08/2026 10:22 AM,11/08/2026 11:00 AM,Reporting,Moving,12.51,False,UC-161,Shalimar Town,Zone-9,Loader Rickshaw,Shalimar Town,True,2026-08-11
25263,LR-0349,LR0349,Lahore,"Tehsil Office, Shalimar Town",LWMC-ShTo,Loader Rickshaw,Door to Door Collection,moving,on,8.514,245.13,31.589481,74.369087,11/08/2026 10:37 AM,11/08/2026 11:00 AM,Reporting,Moving,11.49,False,UC-129,Shalimar Town,Zone-9,Loader Rickshaw,Shalimar Town,True,2026-08-11
25300,LR-0673,LR0673,Lahore,"Tehsil Office, Shalimar Town",LWMC-ShTo,Loader Rickshaw,Door to Door Collection,moving,on,9.905,54.36,31.586445,74.378272,11/08/2026 10:36 AM,11/08/2026 11:00 AM,Reporting,Idle,15.26,False,UC-125,Shalimar Town,Zone-10,Loader Rickshaw,Shalimar Town,True,2026-08-11
-,LR-1565,LR1565,Lahore,"Tehsil Office, Gulberg Town",LWMC-GuTo,-,-,moving,on,14.163,91.2,31.601562,74.369098,11/08/2026 10:13 AM,11/08/2026 11:00 AM,Reporting,Parked,13.32,False,UC-163,Shalimar Town,Zone-9,Loader Rickshaw,Gulberg Town,False,2026-08-11
-,LR-1998,LR1998,Lahore,"Tehsil Office, Gulberg Town",LWMC-GuTo,-,-,moving,on,15.315,65.78,31.454828,74.336116,11/08/2026 09:53 AM,11/08/2026 11:00 AM,Reporting,Parked,11.08,False,UC-228,Nishter Town,Zone-44,Loader Rickshaw,Gulberg Town,False,2026-08-11
22517,LR-0799,LR0799,Lahore,"Tehsil Office, Gulberg Town",LWMC-GuTo,Loader Rickshaw,Door To Door Collection,moving,on,29.393,240.55,31.572657,74.374637,11/08/2026 10:25 AM,11/08/2026 11:00 AM,Reporting,Moving,0.0,True,UC-120,Gulberg Town,Zone-19,Loader Rickshaw,Gulberg Town,True,2026-08-11
-,LR-0346,LR0346,Lahore,"Tehsil Office, Data Gunj Baksh Town",LWMC-DaGB,-,-,still,off,0.026,,31.593078,74.259235,11/08/2026 10:35 AM,11/08/2026 11:00 AM,Reporting,No Activity Since Yesterday,0.0,True,UC-5,Ravi Town,Zone-1,Loader Rickshaw,DGBT,False,2026-08-11
-,LR-2507,LR2507,Lahore,"Tehsil Office, Data Gunj Baksh Town",LWMC-DaGB,-,-,still,off,0.049,4.0,31.592539,74.259151,11/08/2026 06:32 AM,11/08/2026 07:00 AM,Reporting,No Activity Since Yesterday,11.79,False,UC-5,Ravi Town,Zone-1,Loader Rickshaw,DGBT,False,2026-08-11
-,LR-1423,LR1423,Lahore,"Tehsil Office, Data Gunj Baksh Town",LWMC-DaGB,-,-,moving,on,10.822,43.14,31.574162,74.292552,11/08/2026 10:32 AM,11/08/2026 11:00 AM,Reporting,Moving,13.02,False,UC-56,DGBT,Zone-29,Loader Rickshaw,DGBT,True,2026-08-11
-,LR-1496,LR1496,Lahore,"Tehsil Office, Data Gunj Baksh Town",LWMC-DaGB,-,-,still,off,14.915,110.04,31.562546,74.281454,11/08/2026 09:40 AM,11/08/2026 11:00 AM,Reporting,Moving,11.74,False,UC-66,DGBT,Zone-29,Loader Rickshaw,DGBT,True,2026-08-11
-,LR-1311,LR1311,Lahore,"Tehsil Office, Data Gunj Baksh Town",LWMC-DaGB,-,-,moving,on,15.528,84.65,31.565657,74.285253,11/08/2026 10:23 AM,11/08/2026 11:00 AM,Reporting,Moving,10.47,False,UC-60,DGBT,Zone-29,Loader Rickshaw,DGBT,True,2026-08-11
-,LR-1336,LR1336,Lahore,"Tehsil Office, Data Gunj Baksh Town",LWMC-DaGB,-,-,moving,on,5.313,23.1,31.590847,74.267078,11/08/2026 07:34 AM,11/08/2026 08:00 AM,Reporting,Parked,15.0,False,UC-5,Ravi Town,Zone-1,Loader Rickshaw,DGBT,False,2026-08-11
-,LR-1314,LR1314,Lahore,"Tehsil Office, Data Gunj Baksh Town",LWMC-DaGB,-,-,moving,on,15.476,237.9,31.559516,74.290041,11/08/2026 10:13 AM,11/08/2026 11:00 AM,Reporting,Moving,12.3,False,UC-67,DGBT,Zone-30,Loader Rickshaw,DGBT,True,2026-08-11
-,LR-1315,LR1315,Lahore,"Tehsil Office, Data Gunj Baksh Town",LWMC-DaGB,-,-,moving,on,10.301,191.9,31.569413,74.288503,11/08/2026 09:40 AM,11/08/2026 11:00 AM,Reporting,Moving,11.54,False,UC-59,DGBT,Zone-29,Loader Rickshaw,DGBT,True,2026-08-11
-,LR-1416,LR1416,Lahore,"Tehsil Office, Data Gunj Baksh Town",LWMC-DaGB,-,-,moving,on,12.906,42.0,31.572332,74.282542,11/08/2026 09:39 AM,11/08/2026 11:00 AM,Reporting,Parked,14.09,False,,,,Loader Rickshaw,DGBT,False,2026-08-11
-,LR-0700,LR0700,Lahore,"Tehsil Office, Data Gunj Baksh Town",LWMC-DaGB,-,-,moving,on,16.424,158.43,31.556609,74.300794,11/08/2026 09:05 AM,11/08/2026 09:30 AM,Reporting,Parked,13.73,False,UC-64,DGBT,Zone-30,Loader Rickshaw,DGBT,True,2026-08-11
-,LR-0709,LR0709,Lahore,"Tehsil Office, Data Gunj Baksh Town",LWMC-DaGB,-,-,moving,on,15.682,235.05,31.573328,74.29234,11/08/2026 09:57 AM,11/08/2026 11:00 AM,Reporting,Moving,11.74,False,UC-59,DGBT,Zone-29,Loader Rickshaw,DGBT,True,2026-08-11
-,LR-3076,LR3076,Lahore,"Tehsil Office, Data Gunj Baksh Town",LWMC-DaGB,-,-,moving,on,16.566,142.86,31.573845,74.293102,11/08/2026 10:07 AM,11/08/2026 11:00 AM,Reporting,Parked,12.15,False,UC-59,DGBT,Zone-29,,DGBT,True,2026-08-11
-,LR-1312,LR1312,Lahore,"Tehsil Office, Data Gunj Baksh Town",LWMC-DaGB,-,-,moving,on,11.794,231.19,31.573218,74.292541,11/08/2026 09:42 AM,11/08/2026 11:00 AM,Reporting,Moving,12.51,False,UC-59,DGBT,Zone-29,Loader Rickshaw,DGBT,True,2026-08-11
-,LR-0708,LR0708,Lahore,"Tehsil Office, Data Gunj Baksh Town",LWMC-DaGB,-,-,moving,on,15.798,67.5,31.576396,74.283107,11/08/2026 09:54 AM,11/08/2026 11:00 AM,Reporting,Moving,13.12,False,UC-50,DGBT,Zone-28,Loader Rickshaw,DGBT,True,2026-08-11
-,LR-1487,LR1487,Lahore,"Tehsil Office, Data Gunj Baksh Town",LWMC-DaGB,-,-,moving,on,11.43,65.88,31.57366,74.292986,11/08/2026 09:18 AM,11/08/2026 09:30 AM,Reporting,Parked,0.0,True,UC-59,DGBT,Zone-29,Loader Rickshaw,DGBT,True,2026-08-11
-,LR-2525,LR2525,Lahore,"Tehsil Office, Data Gunj Baksh Town",LWMC-DaGB,-,-,still,off,11.81,66.11,31.571589,74.286782,11/08/2026 10:06 AM,11/08/2026 11:00 AM,Reporting,Parked,13.12,False,UC-60,DGBT,Zone-29,Loader Rickshaw,DGBT,True,2026-08-11
41321,LR-1873,LR1873,Lahore,"Tehsil Office, Samnabad Town",LWMC-SaTo,Loader Rickshaw,Door To Door Collection,moving,on,21.078,158.98,31.551353,74.270989,11/08/2026 10:35 AM,11/08/2026 11:00 AM,Reporting,Parked,14.29,False,UC-75,Samnabad Town,Zone-31,Loader Rickshaw,Samnabad Town,True,2026-08-11
-,LR-2810,LR2810,Lahore,"Tehsil Office, Samnabad Town",LWMC-SaTo,-,-,still,off,18.784,166.21,31.552369,74.273502,11/08/2026 10:28 AM,11/08/2026 11:00 AM,Reporting,Moving,10.87,False,UC-75,Samnabad Town,Zone-31,Loader Rickshaw,Samnabad Town,True,2026-08-11
41368,LR-2269,LR2269,Lahore,"Tehsil Office, Samnabad Town",LWMC-SaTo,Loader Rickshaw,Door To Door Collection,moving,on,15.519,59.36,31.527773,74.314491,11/08/2026 10:13 AM,11/08/2026 10:30 AM,Reporting,Excess Idling,13.68,False,UC-87,Samnabad Town,Zone-34,Loader Rickshaw,Samnabad Town,True,2026-08-11
-,LR-2824,LR2824,Lahore,"Tehsil Office, Samnabad Town",LWMC-SaTo,-,-,moving,on,29.409,186.46,31.57239,74.278388,11/08/2026 10:46 AM,11/08/2026 11:00 AM,Reporting,Moving,14.34,False,UC-71,Samnabad Town,Zone-31,Loader Rickshaw,Samnabad Town,True,2026-08-11
-,LR-2482,LR2482,Lahore,"Tehsil Office, Ravi Town",LWMC-RaTo,-,-,still,off,,1.35,31.591009,74.318131,11/08/2026 05:40 AM,-,Reporting,No Activity Since Yesterday,6.64,False,UC-17,Ravi Town,Zone-4,Loader Rickshaw,Ravi Town,True,2026-08-11
18481,CA-77,CA77,Lahore,"Tehsil Office, Ravi Town",LWMC-RaTo,Chain Arm Roll,Container-Based Collection,moving,on,46.439,148.78,31.573201,74.287388,11/08/2026 10:26 AM,11/08/2026 11:00 AM,Reporting,Moving,14.09,False,UC-56,DGBT,Zone-29,Chain Arm Roll,Ravi Town,False,2026-08-11
-,LR-2131,LR2131,Lahore,"Tehsil Office, Ravi Town",LWMC-RaTo,-,-,moving,on,14.075,301.13,31.624256,74.288834,11/08/2026 10:39 AM,11/08/2026 11:00 AM,Reporting,Moving,12.35,False,UC-7,Ravi Town,Zone-1,Loader Rickshaw,Ravi Town,True,2026-08-11
-,T-74,T74,Lahore,"Tehsil Office, Ravi Town",LWMC-RaTo,-,-,moving,on,8.507,119.4,31.609103,74.303799,11/08/2026 10:21 AM,11/08/2026 11:00 AM,Reporting,Moving,12.35,False,UC-16,Ravi Town,Zone-4,Tractor Trolley,Ravi Town,True,2026-08-11
-,LR-2119,LR2119,Lahore,"Tehsil Office, Ravi Town",LWMC-RaTo,-,-,moving,on,12.433,229.16,31.635302,74.283057,11/08/2026 10:30 AM,11/08/2026 11:00 AM,Reporting,Moving,10.52,False,UC-8,Ravi Town,Zone-2,Loader Rickshaw,Ravi Town,True,2026-08-11
-,LR-1284,LR1284,Lahore,"Tehsil Office, Ravi Town",LWMC-RaTo,-,-,moving,on,9.84,130.76,31.609378,74.395836,11/08/2026 09:00 AM,11/08/2026 11:00 AM,Reporting,Moving,0.0,True,UC-108,Wagha Town,Zone-13,Loader Rickshaw,Wagha Town,True,2026-08-11
-,T-68,T68,Lahore,"Tehsil Office, Ravi Town",LWMC-RaTo,-,-,moving,on,9.059,300.14,31.609772,74.304872,11/08/2026 10:06 AM,11/08/2026 11:00 AM,Reporting,Moving,14.14,False,,,,Tractor Trolley,Ravi Town,False,2026-08-11
-,LR-0952,LR0952,Lahore,"Tehsil Office, Ravi Town",LWMC-RaTo,-,-,moving,on,12.49,280.48,31.59793,74.303957,11/08/2026 10:38 AM,11/08/2026 11:00 AM,Reporting,Moving,11.79,False,UC-15,Ravi Town,Zone-4,Loader Rickshaw,Ravi Town,True,2026-08-11
-,LR-0196,LR0196,Lahore,"Tehsil Office, Ravi Town",LWMC-RaTo,-,-,moving,on,9.181,193.11,31.585633,74.310686,11/08/2026 10:10 AM,11/08/2026 11:00 AM,Reporting,Moving,12.3,False,UC-38,Ravi Town,Zone-5,Loader Rickshaw,Ravi Town,True,2026-08-11
-,LR-1605,LR1605,Lahore,"Tehsil Office, Ravi Town",LWMC-RaTo,-,-,moving,on,7.122,265.63,31.591045,74.320763,11/08/2026 10:02 AM,11/08/2026 11:00 AM,Reporting,Moving,11.64,False,UC-17,Ravi Town,Zone-4,Loader Rickshaw,Ravi Town,True,2026-08-11
-,LR-2476,LR2476,Lahore,"Tehsil Office, Ravi Town",LWMC-RaTo,-,-,moving,on,18.96,167.91,31.617122,74.296917,11/08/2026 10:24 AM,11/08/2026 11:00 AM,Reporting,Parked,26.94,False,UC-13,Ravi Town,Zone-2,Loader Rickshaw,Ravi Town,True,2026-08-11
-,LR-2129,LR2129,Lahore,"Tehsil Office, Ravi Town",LWMC-RaTo,-,-,moving,on,16.155,284.66,31.624269,74.285161,11/08/2026 10:42 AM,11/08/2026 11:00 AM,Reporting,Moving,8.58,False,UC-7,Ravi Town,Zone-1,Loader Rickshaw,Ravi Town,True,2026-08-11
-,LR-1174,LR1174,Lahore,"Tehsil Office, Ravi Town",LWMC-RaTo,-,-,moving,on,16.552,226.76,31.635858,74.304681,11/08/2026 09:37 AM,11/08/2026 11:00 AM,Reporting,Excess Idling,11.69,False,UC-11,Ravi Town,Zone-2,Loader Rickshaw,Ravi Town,True,2026-08-11
-,D-60,D60,Lahore,"Tehsil Office, Ravi Town",LWMC-RaTo,-,-,moving,on,40.327,176.61,31.633811,74.312867,11/08/2026 10:19 AM,11/08/2026 11:00 AM,Reporting,Moving,27.35,False,UC-14,Ravi Town,Zone-2,Dumper,Ravi Town,True,2026-08-11
-,LR-1684,LR1684,Lahore,"Tehsil Office, Ravi Town",LWMC-RaTo,-,-,moving,on,15.349,71.01,31.631017,74.308345,11/08/2026 10:33 AM,11/08/2026 11:00 AM,Reporting,Parked,11.64,False,,,,Loader Rickshaw,Ravi Town,False,2026-08-11
-,LR-1945,LR1945,Lahore,"Tehsil Office, Ravi Town",LWMC-RaTo,-,-,moving,on,10.666,127.68,31.616704,74.269174,11/08/2026 09:47 AM,11/08/2026 10:30 AM,Reporting,Moving,10.92,False,UC-2,Ravi Town,Zone-1,Loader Rickshaw,Ravi Town,True,2026-08-11
-,LR-1822,LR1822,Lahore,"Tehsil Office, Ravi Town",LWMC-RaTo,-,-,moving,on,9.646,55.41,31.583434,74.317738,11/08/2026 09:40 AM,11/08/2026 11:00 AM,Reporting,Parked,10.98,False,UC-39,Ravi Town,Zone-5,Loader Rickshaw,Ravi Town,True,2026-08-11
-,LR-0069,LR0069,Lahore,"Tehsil Office, Ravi Town",LWMC-RaTo,-,-,moving,on,16.425,159.19,31.592728,74.319182,11/08/2026 10:35 AM,11/08/2026 11:00 AM,Reporting,Moving,0.0,True,UC-17,Ravi Town,Zone-4,Loader Rickshaw,Ravi Town,True,2026-08-11
-,LR-2121,LR2121,Lahore,"Tehsil Office, Ravi Town",LWMC-RaTo,-,-,moving,on,10.678,43.5,31.638723,74.282766,11/08/2026 10:14 AM,11/08/2026 11:00 AM,Reporting,Idle,12.91,False,UC-8,Ravi Town,Zone-2,Loader Rickshaw,Ravi Town,True,2026-08-11
25337,LR-0376,LR0376,Lahore,"Tehsil Office, Wahgha Town",LWMC-WaTo,Loader Rickshaw,Door to Door Collection,moving,on,15.804,175.21,31.609579,74.381716,11/08/2026 09:29 AM,11/08/2026 11:00 AM,Reporting,Moving,10.57,False,UC-108,Wagha Town,Zone-13,Loader Rickshaw,Wagha Town,True,2026-08-11
-,LR-2904,LR2904,Lahore,"Tehsil Office, Wahgha Town",LWMC-WaTo,-,-,moving,on,14.721,122.13,31.477389,74.513593,11/08/2026 09:58 AM,11/08/2026 11:00 AM,Reporting,Moving,10.62,False,UC-189,Wagha Town,Zone-14,Loader Rickshaw,Wagha Town,True,2026-08-11
-,LR-2147,LR2147,Lahore,"Tehsil Office, Wahgha Town",LWMC-WaTo,-,-,moving,on,16.175,94.95,31.512764,74.476845,11/08/2026 10:11 AM,11/08/2026 10:30 AM,Reporting,Parked,12.56,False,UC-193,Wagha Town,Zone-14,Loader Rickshaw,Wagha Town,True,2026-08-11
-,LR-2449,LR2449,Lahore,"Tehsil Office, Wahgha Town",LWMC-WaTo,-,-,still,off,37.511,113.16,31.587619,74.472926,11/08/2026 08:53 AM,11/08/2026 09:30 AM,Reporting,Parked,0.0,True,UC-178,Wagha Town,Zone-12,Loader Rickshaw,Wagha Town,True,2026-08-11
-,LR-0930,LR0930,Lahore,"Tehsil Office, Wahgha Town",LWMC-WaTo,-,-,moving,on,10.175,99.18,31.608733,74.393266,11/08/2026 10:01 AM,11/08/2026 11:00 AM,Reporting,Parked,10.21,False,UC-108,Wagha Town,Zone-13,Loader Rickshaw,Wagha Town,True,2026-08-11
23602,LR-0889,LR0889,Lahore,"Tehsil Office, Wahgha Town",LWMC-WaTo,Loader Rickshaw,Door To Door Collection,moving,on,7.968,51.08,31.609073,74.39386,11/08/2026 10:09 AM,11/08/2026 11:00 AM,Reporting,Parked,12.81,False,UC-108,Wagha Town,Zone-13,Loader Rickshaw,Wagha Town,True,2026-08-11
23635,LR-1067,LR1067,Lahore,"Tehsil Office, Wahgha Town",LWMC-WaTo,Loader Rickshaw,Door To Door Collection,moving,on,12.396,305.93,31.605233,74.398609,11/08/2026 10:36 AM,11/08/2026 11:00 AM,Reporting,Moving,12.35,False,UC-135,Wagha Town,Zone-11,Loader Rickshaw,Wagha Town,True,2026-08-11
-,HA-44,HA44,Lahore,"Tehsil Office, Wahgha Town",LWMC-WaTo,-,-,still,off,16.784,300.11,31.602376,74.400855,11/08/2026 10:46 AM,11/08/2026 11:00 AM,Reporting,Moving,26.58,False,,,,Arm Roll,Wagha Town,False,2026-08-11
-,LR-2867,LR2867,Lahore,"Tehsil Office, Wahgha Town",LWMC-WaTo,-,-,moving,on,11.788,50.39,31.606001,74.393917,11/08/2026 10:17 AM,11/08/2026 10:30 AM,Reporting,Parked,13.58,False,UC-132,Wagha Town,Zone-11,Loader Rickshaw,Wagha Town,True,2026-08-11
23606,LR-0888,LR0888,Lahore,"Tehsil Office, Wahgha Town",LWMC-WaTo,Loader Rickshaw,Door To Door Collection,moving,on,8.182,109.59,31.602815,74.558163,11/08/2026 08:18 AM,11/08/2026 08:30 AM,Reporting,Excess Idling,10.72,False,UC-181,Wagha Town,Zone-13,Loader Rickshaw,Wagha Town,True,2026-08-11
23575,LR-0378,LR0378,Lahore,"Tehsil Office, Wahgha Town",LWMC-WaTo,Loader Rickshaw,Door To Door Collection,moving,on,9.119,38.58,31.636196,74.505792,11/08/2026 09:52 AM,11/08/2026 10:00 AM,Reporting,Excess Idling,10.87,False,UC-179,Wagha Town,Zone-13,Loader Rickshaw,Wagha Town,True,2026-08-11
-,LR-0096,LR0096,Lahore,"Tehsil Office, Wahgha Town",LWMC-WaTo,-,-,moving,on,19.191,273.14,31.606618,74.417105,11/08/2026 10:04 AM,11/08/2026 11:00 AM,Reporting,Moving,12.76,False,UC-174,Wagha Town,Zone-12,Loader Rickshaw,Wagha Town,True,2026-08-11
23595,LR-0827,LR0827,Lahore,"Tehsil Office, Wahgha Town",LWMC-WaTo,Loader Rickshaw,Door To Door Collection,still,off,14.637,91.0,31.600753,74.407515,11/08/2026 10:30 AM,11/08/2026 11:00 AM,Reporting,Parked,0.0,True,UC-137,Wagha Town,Zone-12,Loader Rickshaw,Wagha Town,True,2026-08-11
-,LR-2902,LR2902,Lahore,"Tehsil Office, Wahgha Town",LWMC-WaTo,-,-,still,off,16.356,201.56,31.516594,74.5042,11/08/2026 10:12 AM,11/08/2026 10:30 AM,Reporting,Parked,13.02,False,UC-180,Wagha Town,Zone-14,Loader Rickshaw,Wagha Town,True,2026-08-11
23596,LR-0825,LR0825,Lahore,"Tehsil Office, Wahgha Town",LWMC-WaTo,Loader Rickshaw,Door To Door Collection,moving,on,16.608,90.04,31.610509,74.381916,11/08/2026 10:17 AM,11/08/2026 11:00 AM,Reporting,Parked,9.85,False,UC-108,Wagha Town,Zone-13,Loader Rickshaw,Wagha Town,True,2026-08-11
-,LR-2303,LR2303,Lahore,"Tehsil Office, Wahgha Town",LWMC-WaTo,-,-,moving,on,33.173,129.4,31.481357,74.505695,11/08/2026 10:20 AM,11/08/2026 11:00 AM,Reporting,Parked,13.22,False,UC-193,Wagha Town,Zone-14,Loader Rickshaw,Wagha Town,True,2026-08-11
-,C-13-1061,C131061,Lahore,"Tehsil Office, Wahgha Town",LWMC-WaTo,-,-,moving,on,28.493,157.36,31.580667,74.527514,11/08/2026 10:28 AM,11/08/2026 11:00 AM,Reporting,Moving,24.69,False,UC-181,Wagha Town,Zone-13,Compactor,Aziz Bhatti Town,False,2026-08-11
23601,LR-0891,LR0891,Lahore,"Tehsil Office, Wahgha Town",LWMC-WaTo,Loader Rickshaw,Door To Door Collection,moving,on,17.066,192.31,31.608514,74.391322,11/08/2026 10:07 AM,11/08/2026 11:00 AM,Reporting,Moving,11.38,False,UC-108,Wagha Town,Zone-13,Loader Rickshaw,Wagha Town,True,2026-08-11
25345,LR-0461,LR0461,Lahore,"Tehsil Office, Wahgha Town",LWMC-WaTo,Loader Rickshaw,Door to Door Collection,moving,on,16.362,60.66,31.609367,74.396424,11/08/2026 10:17 AM,11/08/2026 11:00 AM,Reporting,Moving,16.94,False,UC-108,Wagha Town,Zone-13,Loader Rickshaw,Wagha Town,True,2026-08-11
25340,LR-0456,LR0456,Lahore,"Tehsil Office, Wahgha Town",LWMC-WaTo,Loader Rickshaw,Door to Door Collection,moving,on,21.587,138.31,31.594961,74.403587,11/08/2026 10:30 AM,11/08/2026 11:00 AM,Reporting,Parked,12.66,False,UC-138,Wagha Town,Zone-12,Loader Rickshaw,Wagha Town,True,2026-08-11
-,LR-0199,LR0199,Lahore,"Tehsil Office, Aziz Bhatti Town",LWMC-AzBT,-,-,moving,on,10.107,239.63,31.575583,74.397248,11/08/2026 10:32 AM,11/08/2026 11:00 AM,Reporting,Excess Idling,12.15,False,UC-141,Aziz Bhatti Town,Zone-15,Loader Rickshaw,Aziz Bhatti Town,True,2026-08-11
-,LR-2893,LR2893,Lahore,"Tehsil Office, Aziz Bhatti Town",LWMC-AzBT,-,-,moving,on,30.46,228.83,31.56091,74.396363,11/08/2026 10:11 AM,11/08/2026 11:00 AM,Reporting,Excess Idling,11.08,False,UC-158,Aziz Bhatti Town,Zone-17,Loader Rickshaw,Aziz Bhatti Town,True,2026-08-11
-,LR-1912,LR1912,Lahore,"Tehsil Office, Aziz Bhatti Town",LWMC-AzBT,-,-,moving,on,11.229,288.58,31.585818,74.391797,11/08/2026 09:55 AM,11/08/2026 11:00 AM,Reporting,Moving,11.89,False,UC-131,Wagha Town,Zone-11,Loader Rickshaw,Aziz Bhatti Town,False,2026-08-11
-,LR-1123,LR1123,Lahore,"Tehsil Office, Aziz Bhatti Town",LWMC-AzBT,-,-,moving,on,30.534,131.11,31.576542,74.444942,11/08/2026 10:43 AM,11/08/2026 11:00 AM,Reporting,Parked,12.81,False,UC-145,Aziz Bhatti Town,Zone-16,Loader Rickshaw,Aziz Bhatti Town,True,2026-08-11
-,LR-1397,LR1397,Lahore,"Tehsil Office, Aziz Bhatti Town",LWMC-AzBT,-,-,moving,on,11.552,48.28,31.566027,74.369478,11/08/2026 09:59 AM,11/08/2026 11:00 AM,Reporting,Parked,14.65,False,UC-119,Gulberg Town,Zone-19,Loader Rickshaw,Aziz Bhatti Town,False,2026-08-11
-,LR-2383,LR2383,Lahore,"Tehsil Office, Aziz Bhatti Town",LWMC-AzBT,-,-,moving,on,16.971,69.29,31.589605,74.433053,11/08/2026 10:14 AM,11/08/2026 11:00 AM,Reporting,Moving,13.47,False,UC-144,Wagha Town,Zone-12,Loader Rickshaw,Aziz Bhatti Town,False,2026-08-11
-,LR-1965,LR1965,Lahore,"Tehsil Office, Aziz Bhatti Town",LWMC-AzBT,-,-,moving,on,17.12,222.76,31.603102,74.40048,11/08/2026 09:22 AM,11/08/2026 11:00 AM,Reporting,Moving,11.89,False,UC-137,Wagha Town,Zone-12,Loader Rickshaw,Aziz Bhatti Town,False,2026-08-11
-,LR-1096,LR1096,Lahore,"Tehsil Office, Aziz Bhatti Town",LWMC-AzBT,-,-,moving,on,15.865,148.08,31.552307,74.413779,11/08/2026 10:09 AM,11/08/2026 10:30 AM,Reporting,Moving,12.91,False,UC-150,Aziz Bhatti Town,Zone-17,Loader Rickshaw,Aziz Bhatti Town,True,2026-08-11
-,LR-0301,LR0301,Lahore,"Tehsil Office, Aziz Bhatti Town",LWMC-AzBT,-,-,moving,on,31.622,128.86,31.558133,74.400973,11/08/2026 09:09 AM,11/08/2026 11:00 AM,Reporting,Moving,14.39,False,UC-148,Aziz Bhatti Town,Zone-17,Loader Rickshaw,Aziz Bhatti Town,True,2026-08-11
-,LR-1114,LR1114,Lahore,"Tehsil Office, Aziz Bhatti Town",LWMC-AzBT,-,-,moving,on,26.699,180.36,31.576104,74.424246,11/08/2026 10:27 AM,11/08/2026 11:00 AM,Reporting,Moving,11.64,False,UC-145,Aziz Bhatti Town,Zone-16,Loader Rickshaw,Aziz Bhatti Town,True,2026-08-11
-,LR-0715,LR0715,Lahore,"Tehsil Office, Aziz Bhatti Town",LWMC-AzBT,-,-,moving,on,12.042,281.38,31.57648,74.381101,11/08/2026 09:56 AM,11/08/2026 11:00 AM,Reporting,Moving,27.04,False,UC-122,Gulberg Town,Zone-19,Loader Rickshaw,Aziz Bhatti Town,False,2026-08-11
-,LR-1639,LR1639,Lahore,"Tehsil Office, Aziz Bhatti Town",LWMC-AzBT,-,-,moving,on,14.714,289.41,31.552112,74.40077,11/08/2026 10:38 AM,11/08/2026 11:00 AM,Reporting,Idle,14.04,False,,,,Loader Rickshaw,Aziz Bhatti Town,False,2026-08-11
-,LR-2887,LR2887,Lahore,"Tehsil Office, Aziz Bhatti Town",LWMC-AzBT,-,-,moving,on,17.2,64.34,31.580786,74.406762,11/08/2026 09:55 AM,11/08/2026 10:30 AM,Reporting,Parked,0.0,True,UC-140,Aziz Bhatti Town,Zone-15,Loader Rickshaw,Aziz Bhatti Town,True,2026-08-11
-,LR-1907,LR1907,Lahore,"Tehsil Office, Aziz Bhatti Town",LWMC-AzBT,-,-,still,off,13.679,289.91,31.562986,74.410191,11/08/2026 10:26 AM,11/08/2026 10:30 AM,Reporting,Moving,23.88,False,UC-147,Aziz Bhatti Town,Zone-16,Loader Rickshaw,Aziz Bhatti Town,True,2026-08-11
-,LR-2770,LR2770,Lahore,"Tehsil Office, Aziz Bhatti Town",LWMC-AzBT,-,-,still,off,36.04,253.59,31.574548,74.455513,11/08/2026 09:59 AM,11/08/2026 11:00 AM,Reporting,Moving,8.22,False,UC-152,Aziz Bhatti Town,Zone-16,Loader Rickshaw,Aziz Bhatti Town,True,2026-08-11
-,LR-1385,LR1385,Lahore,"Tehsil Office, Aziz Bhatti Town",LWMC-AzBT,-,-,moving,on,21.719,96.08,31.572288,74.401727,11/08/2026 09:02 AM,11/08/2026 11:00 AM,Reporting,Excess Idling,12.56,False,UC-141,Aziz Bhatti Town,Zone-15,Loader Rickshaw,Aziz Bhatti Town,True,2026-08-11
-,LR-1962,LR1962,Lahore,"Tehsil Office, Aziz Bhatti Town",LWMC-AzBT,-,-,moving,on,20.236,91.04,31.576297,74.395264,11/08/2026 09:36 AM,11/08/2026 11:00 AM,Reporting,Excess Idling,11.74,False,UC-155,Aziz Bhatti Town,Zone-15,Loader Rickshaw,Aziz Bhatti Town,True,2026-08-11
-,LR-1635,LR1635,Lahore,"Tehsil Office, Aziz Bhatti Town",LWMC-AzBT,-,-,moving,on,13.706,144.46,31.526556,74.425039,11/08/2026 08:40 AM,11/08/2026 09:00 AM,Reporting,Moving,12.0,False,,,,Loader Rickshaw,Aziz Bhatti Town,False,2026-08-11
-,LR-1404,LR1404,Lahore,"Tehsil Office, Aziz Bhatti Town",LWMC-AzBT,-,-,still,off,35.734,134.9,31.556047,74.398282,11/08/2026 10:11 AM,11/08/2026 10:30 AM,Reporting,Moving,11.64,False,UC-148,Aziz Bhatti Town,Zone-17,Loader Rickshaw,Aziz Bhatti Town,True,2026-08-11
-,LR-1401,LR1401,Lahore,"Tehsil Office, Aziz Bhatti Town",LWMC-AzBT,-,-,moving,on,21.655,326.38,31.608559,74.384806,11/08/2026 10:05 AM,11/08/2026 11:00 AM,Reporting,Moving,12.91,False,UC-108,Wagha Town,Zone-13,Loader Rickshaw,Aziz Bhatti Town,False,2026-08-11
-,LR-0583,LR0583,Lahore,"Tehsil Office, Aziz Bhatti Town",LWMC-AzBT,-,-,moving,on,0.164,1.85,31.574814,74.371121,11/08/2026 08:03 AM,11/08/2026 08:30 AM,Reporting,No Activity Since Yesterday,12.15,False,UC-120,Gulberg Town,Zone-19,Loader Rickshaw,Aziz Bhatti Town,False,2026-08-11
-,LR-0330,LR0330,Lahore,"Tehsil Office, Aziz Bhatti Town",LWMC-AzBT,-,-,moving,on,27.33,236.11,31.58773,74.410223,11/08/2026 09:20 AM,11/08/2026 11:00 AM,Reporting,Moving,12.25,False,UC-138,Wagha Town,Zone-12,Loader Rickshaw,Aziz Bhatti Town,False,2026-08-11
-,LR-1644,LR1644,Lahore,"Tehsil Office, Aziz Bhatti Town",LWMC-AzBT,-,-,moving,on,15.353,38.79,31.552323,74.413771,11/08/2026 09:14 AM,11/08/2026 09:30 AM,Reporting,Parked,28.32,False,UC-150,Aziz Bhatti Town,Zone-17,Loader Rickshaw,Aziz Bhatti Town,True,2026-08-11
-,LR-2784,LR2784,Lahore,"Tehsil Office, Aziz Bhatti Town",LWMC-AzBT,-,-,moving,on,6.178,162.23,31.579947,74.401294,11/08/2026 10:33 AM,11/08/2026 11:00 AM,Reporting,Moving,11.94,False,UC-141,Aziz Bhatti Town,Zone-15,Loader Rickshaw,Aziz Bhatti Town,True,2026-08-11
-,LR-1957,LR1957,Lahore,"Tehsil Office, Aziz Bhatti Town",LWMC-AzBT,-,-,moving,on,15.319,64.34,31.557073,74.389726,11/08/2026 09:51 AM,11/08/2026 11:00 AM,Reporting,Moving,9.85,False,UC-159,Aziz Bhatti Town,Zone-18,Loader Rickshaw,Aziz Bhatti Town,True,2026-08-11
-,LR-1400,LR1400,Lahore,"Tehsil Office, Aziz Bhatti Town",LWMC-AzBT,-,-,moving,on,9.442,42.85,31.562367,74.387694,11/08/2026 10:27 AM,11/08/2026 11:00 AM,Reporting,Moving,13.63,False,UC-184,Aziz Bhatti Town,Zone-18,Loader Rickshaw,Aziz Bhatti Town,True,2026-08-11
-,LR-2711,LR2711,Lahore,"Tehsil Office, Nishter Town",LWMC-NiTo,-,-,moving,on,26.001,103.08,31.414331,74.329486,11/08/2026 09:41 AM,11/08/2026 10:00 AM,Reporting,Parked,0.0,True,UC-241,Nishter Town,Zone-47,Loader Rickshaw,Nishter Town,True,2026-08-11
-,LR-2195,LR2195,Lahore,"Tehsil Office, Nishter Town",LWMC-NiTo,-,-,moving,on,16.96,321.83,31.422347,74.302153,11/08/2026 10:05 AM,11/08/2026 11:00 AM,Reporting,Idle,12.25,False,UC-240,Nishter Town,Zone-46,Loader Rickshaw,Nishter Town,True,2026-08-11
-,LR-1874,LR1874,Lahore,"Tehsil Office, Nishter Town",LWMC-NiTo,-,-,still,off,19.639,86.9,31.455981,74.337064,11/08/2026 10:40 AM,11/08/2026 11:00 AM,Reporting,Parked,7.56,False,UC-228,Nishter Town,Zone-44,Loader Rickshaw,Nishter Town,True,2026-08-11
-,LR-2214,LR2214,Lahore,"Tehsil Office, Nishter Town",LWMC-NiTo,-,-,still,off,19.698,116.91,31.438883,74.293967,11/08/2026 10:18 AM,11/08/2026 11:00 AM,Reporting,Moving,6.33,False,UC-235,Nishter Town,Zone-46,Loader Rickshaw,Nishter Town,True,2026-08-11
23068,LR-0176,LR0176,Lahore,"Tehsil Office, Nishter Town",LWMC-NiTo,Loader Rickshaw,Door To Door Collection,moving,on,12.885,89.28,31.364846,74.372624,11/08/2026 10:07 AM,11/08/2026 11:00 AM,Reporting,Parked,14.49,False,UC-247,Nishter Town,Zone-48,Loader Rickshaw,Nishter Town,True,2026-08-11
-,LR-2838,LR2838,Lahore,"Tehsil Office, Nishter Town",LWMC-NiTo,-,-,moving,on,19.316,143.61,31.388597,74.344973,11/08/2026 10:05 AM,11/08/2026 10:30 AM,Reporting,Parked,12.76,False,UC-244,Nishter Town,Zone-48,Loader Rickshaw,Nishter Town,True,2026-08-11
23037,LR-0076,LR0076,Lahore,"Tehsil Office, Nishter Town",LWMC-NiTo,Loader Rickshaw,Door To Door Collection,moving,on,22.668,74.09,31.403337,74.372239,11/08/2026 10:14 AM,11/08/2026 11:00 AM,Reporting,Excess Idling,11.79,False,UC-245,Nishter Town,Zone-48,Loader Rickshaw,Nishter Town,True,2026-08-11
22799,LR-0223,LR0223,Lahore,"Tehsil Office, Allama Iqbal Town",LWMC-AlIT,Loader Rickshaw,Door To Door Collection,still,off,0.789,11.86,31.274068,74.246343,11/08/2026 09:51 AM,11/08/2026 10:30 AM,Reporting,No Activity Since Yesterday,0.0,True,UC-268,Allama Iqbal Town,Zone-43,Loader Rickshaw,Allama Iqbal Town,True,2026-08-11
22885,LR-0528,LR0528,Lahore,"Tehsil Office, Allama Iqbal Town",LWMC-AlIT,Loader Rickshaw,Door To Door Collection,moving,on,29.018,86.4,31.462428,74.312908,11/08/2026 10:43 AM,11/08/2026 11:00 AM,Reporting,Parked,0.0,True,UC-232,Allama Iqbal Town,Zone-39,Loader Rickshaw,Allama Iqbal Town,True,2026-08-11
-,LR-1446,LR1446,Lahore,"Tehsil Office, Allama Iqbal Town",LWMC-AlIT,-,-,moving,on,6.019,76.43,31.470228,74.259721,11/08/2026 10:37 AM,11/08/2026 11:00 AM,Reporting,Parked,10.52,False,UC-114,Allama Iqbal Town,Zone-40,Loader Rickshaw,Allama Iqbal Town,True,2026-08-11
22824,LR-0204,LR0204,Lahore,"Tehsil Office, Allama Iqbal Town",LWMC-AlIT,Loader Rickshaw,Door To Door Collection,moving,on,22.135,82.01,31.468519,74.297606,11/08/2026 10:05 AM,11/08/2026 11:00 AM,Reporting,Moving,12.0,False,UC-222,Allama Iqbal Town,Zone-39,Loader Rickshaw,Allama Iqbal Town,True,2026-08-11
22810,LR-0232,LR0232,Lahore,"Tehsil Office, Allama Iqbal Town",LWMC-AlIT,Loader Rickshaw,Door To Door Collection,moving,on,22.663,91.79,31.476869,74.223319,11/08/2026 10:05 AM,11/08/2026 11:00 AM,Reporting,Parked,15.16,False,UC-117,Allama Iqbal Town,Zone-41,Loader Rickshaw,Allama Iqbal Town,True,2026-08-11
22811,LR-0233,LR0233,Lahore,"Tehsil Office, Allama Iqbal Town",LWMC-AlIT,Loader Rickshaw,Door To Door Collection,moving,on,25.629,173.43,31.486411,74.256108,11/08/2026 10:01 AM,11/08/2026 10:30 AM,Reporting,Moving,12.96,False,UC-111,Allama Iqbal Town,Zone-38,Loader Rickshaw,Allama Iqbal Town,True,2026-08-11
22923,LR-0623,LR0623,Lahore,"Tehsil Office, Allama Iqbal Town",LWMC-AlIT,Loader Rickshaw,Door To Door Collection,moving,on,17.573,209.69,31.469068,74.254564,11/08/2026 09:26 AM,11/08/2026 11:00 AM,Reporting,Moving,12.71,False,UC-114,Allama Iqbal Town,Zone-40,Loader Rickshaw,Allama Iqbal Town,True,2026-08-11
-,LR-2985,LR2985,Lahore,"Tehsil Office, Allama Iqbal Town",LWMC-AlIT,-,-,still,off,16.371,108.33,31.413539,74.354351,11/08/2026 10:44 AM,11/08/2026 11:00 AM,Reporting,Idle,12.0,False,UC-246,Nishter Town,Zone-48,,Allama Iqbal Town,False,2026-08-11
22855,LR-0448,LR0448,Lahore,"Tehsil Office, Allama Iqbal Town",LWMC-AlIT,Loader Rickshaw,Door To Door Collection,moving,on,10.79,188.34,31.470418,74.240777,11/08/2026 10:01 AM,11/08/2026 11:00 AM,Reporting,Moving,28.72,False,UC-110,Allama Iqbal Town,Zone-41,Loader Rickshaw,Allama Iqbal Town,True,2026-08-11
22941,LR-0846,LR0846,Lahore,"Tehsil Office, Allama Iqbal Town",LWMC-AlIT,Loader Rickshaw,Door To Door Collection,still,off,18.157,161.48,31.479998,74.289134,11/08/2026 10:03 AM,11/08/2026 10:30 AM,Reporting,Parked,27.81,False,UC-220,Allama Iqbal Town,Zone-39,Loader Rickshaw,Allama Iqbal Town,True,2026-08-11
22801,LR-0225,LR0225,Lahore,"Tehsil Office, Allama Iqbal Town",LWMC-AlIT,Loader Rickshaw,Door To Door Collection,moving,on,38.15,135.55,31.275738,74.252811,11/08/2026 09:38 AM,11/08/2026 10:00 AM,Reporting,Parked,11.38,False,UC-268,Allama Iqbal Town,Zone-43,Loader Rickshaw,Allama Iqbal Town,True,2026-08-11
18656,C-703,C703,Lahore,"Tehsil Office, Allama Iqbal Town",LWMC-AlIT,Compactor (7CM),Container-Based Collection,moving,on,60.926,174.88,31.511483,74.265548,11/08/2026 10:44 AM,11/08/2026 11:00 AM,Reporting,Moving,0.0,True,,,,Compactor,Allama Iqbal Town,False,2026-08-11
-,LR-1542,LR1542,Lahore,"Tehsil Office, Allama Iqbal Town",LWMC-AlIT,-,-,still,off,18.864,85.79,31.533324,74.268052,11/08/2026 10:23 AM,11/08/2026 10:30 AM,Reporting,Moving,14.19,False,UC-101,Allama Iqbal Town,Zone-37,Loader Rickshaw,Allama Iqbal Town,True,2026-08-11
22882,LR-0525,LR0525,Lahore,"Tehsil Office, Allama Iqbal Town",LWMC-AlIT,Loader Rickshaw,Door To Door Collection,moving,on,19.573,249.44,31.461373,74.308815,11/08/2026 09:41 AM,11/08/2026 11:00 AM,Reporting,Moving,12.1,False,UC-232,Allama Iqbal Town,Zone-39,Loader Rickshaw,Allama Iqbal Town,True,2026-08-11
-,LR-2641,LR2641,Lahore,"Tehsil Office, Allama Iqbal Town",LWMC-AlIT,-,-,moving,on,23.99,161.48,31.471423,74.287985,11/08/2026 09:32 AM,11/08/2026 11:00 AM,Reporting,Parked,7.86,False,UC-221,Allama Iqbal Town,Zone-39,Loader Rickshaw,Allama Iqbal Town,True,2026-08-11
-,LR-1512,LR1512,Lahore,"Tehsil Office, Allama Iqbal Town",LWMC-AlIT,-,-,still,off,41.935,163.48,31.349782,74.166817,11/08/2026 10:36 AM,11/08/2026 11:00 AM,Reporting,Moving,0.0,True,UC-264,Allama Iqbal Town,Zone-42,Loader Rickshaw,Allama Iqbal Town,True,2026-08-11
22948,LR-0916,LR0916,Lahore,"Tehsil Office, Allama Iqbal Town",LWMC-AlIT,Loader Rickshaw,Door To Door Collection,moving,on,4.864,25.53,31.377436,74.173231,11/08/2026 09:17 AM,11/08/2026 09:30 AM,Reporting,Parked,12.4,False,UC-260,Allama Iqbal Town,Zone-41,Loader Rickshaw,Allama Iqbal Town,True,2026-08-11
22786,LR-0049,LR0049,Lahore,"Tehsil Office, Allama Iqbal Town",LWMC-AlIT,Loader Rickshaw,Door To Door Collection,moving,on,16.29,91.66,31.527609,74.266138,11/08/2026 10:28 AM,11/08/2026 11:00 AM,Reporting,Parked,12.05,False,UC-102,Allama Iqbal Town,Zone-37,Loader Rickshaw,Allama Iqbal Town,True,2026-08-11
22940,LR-0845,LR0845,Lahore,"Tehsil Office, Allama Iqbal Town",LWMC-AlIT,Loader Rickshaw,Door To Door Collection,still,off,25.897,191.86,31.455239,74.315788,11/08/2026 09:47 AM,11/08/2026 10:30 AM,Reporting,Moving,11.89,False,UC-233,Allama Iqbal Town,Zone-39,Loader Rickshaw,Allama Iqbal Town,True,2026-08-11
-,LR-2931,LR2931,Lahore,"Tehsil Office, Allama Iqbal Town",LWMC-AlIT,-,-,moving,on,26.837,207.46,31.471513,74.298653,11/08/2026 10:31 AM,11/08/2026 11:00 AM,Reporting,Moving,11.64,False,UC-221,Allama Iqbal Town,Zone-39,,Allama Iqbal Town,True,2026-08-11
-,LR-1381,LR1381,Lahore,"Tehsil Office, Allama Iqbal Town",LWMC-AlIT,-,-,moving,on,30.586,141.33,31.259847,74.205617,11/08/2026 10:26 AM,11/08/2026 11:00 AM,Reporting,Excess Idling,8.99,False,UC-272,Allama Iqbal Town,Zone-43,Loader Rickshaw,Allama Iqbal Town,True,2026-08-11
22808,LR-0230,LR0230,Lahore,"Tehsil Office, Allama Iqbal Town",LWMC-AlIT,Loader Rickshaw,Door To Door Collection,moving,on,24.343,123.31,31.475427,74.2281,11/08/2026 10:13 AM,11/08/2026 11:00 AM,Reporting,Parked,13.27,False,UC-110,Allama Iqbal Town,Zone-41,Loader Rickshaw,Allama Iqbal Town,True,2026-08-11
-,LR-2787,LR2787,Lahore,"Tehsil Office, Shalimar Town",LWMC-ShTo,-,-,moving,on,15.602,230.73,31.601718,74.371221,11/08/2026 10:19 AM,11/08/2026 11:00 AM,Reporting,Moving,12.86,False,UC-163,Shalimar Town,Zone-9,Loader Rickshaw,Shalimar Town,True,2026-08-11
-,LR-2321,LR2321,Lahore,"Tehsil Office, Shalimar Town",LWMC-ShTo,-,-,moving,on,12.716,80.21,31.592442,74.376252,11/08/2026 10:28 AM,11/08/2026 11:00 AM,Reporting,Parked,0.0,True,UC-130,Shalimar Town,Zone-10,Loader Rickshaw,Shalimar Town,True,2026-08-11
25283,LR-0563,LR0563,Lahore,"Tehsil Office, Shalimar Town",LWMC-ShTo,Loader Rickshaw,Door to Door Collection,still,off,20.803,251.73,31.59693,74.337646,11/08/2026 10:12 AM,11/08/2026 11:00 AM,Reporting,Parked,10.11,False,UC-45,Shalimar Town,Zone-6,Loader Rickshaw,Shalimar Town,True,2026-08-11
25250,LR-0147,LR0147,Lahore,"Tehsil Office, Shalimar Town",LWMC-ShTo,Loader Rickshaw,Door to Door Collection,moving,on,8.259,262.85,31.601012,74.357702,11/08/2026 10:08 AM,11/08/2026 11:00 AM,Reporting,Parked,11.64,False,UC-161,Shalimar Town,Zone-9,Loader Rickshaw,Shalimar Town,True,2026-08-11
-,LR-2329,LR2329,Lahore,"Tehsil Office, Shalimar Town",LWMC-ShTo,-,-,moving,on,14.132,199.13,31.607102,74.35843,11/08/2026 10:42 AM,11/08/2026 11:00 AM,Reporting,Moving,0.0,True,UC-161,Shalimar Town,Zone-9,Loader Rickshaw,Shalimar Town,True,2026-08-11
19438,R-47,R47,Lahore,"Tehsil Office, Shalimar Town",LWMC-ShTo,Loader Rickshaw,Door To Door Collection,moving,on,9.59,65.38,31.573876,74.386011,11/08/2026 09:12 AM,11/08/2026 10:00 AM,Reporting,Parked,13.12,False,UC-156,Shalimar Town,Zone-10,Rickshaw,Shalimar Town,True,2026-08-11
23351,LR-1211,LR1211,Lahore,"Tehsil Office, Shalimar Town",LWMC-ShTo,Loader Rickshaw,Door To Door Collection,moving,on,13.848,270.88,31.579028,74.389622,11/08/2026 10:08 AM,11/08/2026 11:00 AM,Reporting,Moving,11.43,False,UC-154,Shalimar Town,Zone-10,Loader Rickshaw,Shalimar Town,True,2026-08-11
25266,LR-0353,LR0353,Lahore,"Tehsil Office, Shalimar Town",LWMC-ShTo,Loader Rickshaw,Door to Door Collection,moving,on,13.731,133.09,31.580952,74.34972,11/08/2026 10:27 AM,11/08/2026 10:30 AM,Reporting,Parked,12.96,False,UC-127,Shalimar Town,Zone-8,Loader Rickshaw,Shalimar Town,True,2026-08-11
23344,LR-1204,LR1204,Lahore,"Tehsil Office, Shalimar Town",LWMC-ShTo,Loader Rickshaw,Door To Door Collection,moving,on,13.4,172.56,31.596853,74.356895,11/08/2026 10:25 AM,11/08/2026 11:00 AM,Reporting,Moving,0.0,True,UC-161,Shalimar Town,Zone-9,Loader Rickshaw,Shalimar Town,True,2026-08-11
-,LR-2291,LR2291,Lahore,"Tehsil Office, Shalimar Town",LWMC-ShTo,-,-,moving,on,10.443,38.33,31.573304,74.381872,11/08/2026 07:55 AM,11/08/2026 08:30 AM,Reporting,Moving,13.42,False,UC-156,Shalimar Town,Zone-10,Loader Rickshaw,Shalimar Town,True,2026-08-11
-,LR-2067,LR2067,Lahore,"Tehsil Office, Shalimar Town",LWMC-ShTo,-,-,moving,on,10.135,52.88,31.594718,74.355866,11/08/2026 10:22 AM,11/08/2026 11:00 AM,Reporting,Parked,8.37,False,UC-166,Shalimar Town,Zone-8,Loader Rickshaw,Shalimar Town,True,2026-08-11
25298,LR-0669,LR0669,Lahore,"Tehsil Office, Shalimar Town",LWMC-ShTo,Loader Rickshaw,Door to Door Collection,moving,on,8.046,86.65,31.6015,74.369467,11/08/2026 10:44 AM,11/08/2026 11:00 AM,Reporting,Idle,0.0,True,UC-163,Shalimar Town,Zone-9,Loader Rickshaw,Shalimar Town,True,2026-08-11
22528,LR-0981,LR0981,Lahore,"Tehsil Office, Gulberg Town",LWMC-GuTo,Loader Rickshaw,Door To Door Collection,moving,on,5.946,32.43,31.525125,74.344129,11/08/2026 08:43 AM,11/08/2026 09:00 AM,Reporting,Moving,12.45,False,UC-200,Gulberg Town,Zone-20,Loader Rickshaw,Gulberg Town,True,2026-08-11
-,LR-1705,LR1705,Lahore,"Tehsil Office, Gulberg Town",LWMC-GuTo,-,-,still,off,18.879,141.19,31.499213,74.348139,11/08/2026 09:15 AM,11/08/2026 11:00 AM,Reporting,Excess Idling,12.76,False,UC-204,Gulberg Town,Zone-21,Loader Rickshaw,Gulberg Town,True,2026-08-11
22520,LR-1143,LR1143,Lahore,"Tehsil Office, Gulberg Town",LWMC-GuTo,Loader Rickshaw,Door To Door Collection,still,off,9.133,129.43,31.566505,74.335766,11/08/2026 09:21 AM,11/08/2026 10:30 AM,Reporting,Parked,10.21,False,UC-172,Gulberg Town,Zone-20,Loader Rickshaw,Gulberg Town,True,2026-08-11
22524,LR-1138,LR1138,Lahore,"Tehsil Office, Gulberg Town",LWMC-GuTo,Loader Rickshaw,Door To Door Collection,still,off,1.935,10.31,31.574702,74.37199,11/08/2026 07:13 AM,11/08/2026 07:30 AM,Reporting,Parked,0.0,True,UC-120,Gulberg Town,Zone-19,Loader Rickshaw,Gulberg Town,True,2026-08-11
22562,LR-1128,LR1128,Lahore,"Tehsil Office, Gulberg Town",LWMC-GuTo,Loader Rickshaw,Door To Door Collection,moving,on,14.856,214.69,31.484249,74.309656,11/08/2026 10:26 AM,11/08/2026 11:00 AM,Reporting,Moving,12.45,False,UC-209,Gulberg Town,Zone-23,Loader Rickshaw,Gulberg Town,True,2026-08-11
-,LR-3060,LR3060,Lahore,"Tehsil Office, Gulberg Town",LWMC-GuTo,-,-,moving,on,15.733,203.13,31.462165,74.340051,11/08/2026 09:25 AM,11/08/2026 11:00 AM,Reporting,Moving,13.83,False,UC-227,Nishter Town,Zone-44,,Gulberg Town,False,2026-08-11
-,LR-0995,LR0995,Lahore,"Tehsil Office, Gulberg Town",LWMC-GuTo,-,-,moving,on,15.835,85.25,31.472603,74.336181,11/08/2026 10:30 AM,11/08/2026 11:00 AM,Reporting,Parked,13.22,False,UC-226,Gulberg Town,Zone-22,Loader Rickshaw,Gulberg Town,True,2026-08-11
-,LR-2568,LR2568,Lahore,"Tehsil Office, Gulberg Town",LWMC-GuTo,-,-,moving,on,11.119,72.45,31.531542,74.340728,11/08/2026 10:47 AM,11/08/2026 11:00 AM,Reporting,Parked,13.07,False,UC-200,Gulberg Town,Zone-20,Loader Rickshaw,Gulberg Town,True,2026-08-11
22575,LR-0619,LR0619,Lahore,"Tehsil Office, Gulberg Town",LWMC-GuTo,Loader Rickshaw,Door To Door Collection,moving,on,17.899,86.15,31.468495,74.338823,11/08/2026 09:51 AM,11/08/2026 11:00 AM,Reporting,Parked,0.0,True,UC-226,Gulberg Town,Zone-22,Loader Rickshaw,Gulberg Town,True,2026-08-11
22523,LR-1137,LR1137,Lahore,"Tehsil Office, Gulberg Town",LWMC-GuTo,Loader Rickshaw,Door To Door Collection,moving,on,26.93,159.05,31.553691,74.359415,11/08/2026 09:50 AM,11/08/2026 11:00 AM,Reporting,Moving,0.0,True,,,,Loader Rickshaw,Gulberg Town,False,2026-08-11
-,LR-1942,LR1942,Lahore,"Tehsil Office, Gulberg Town",LWMC-GuTo,-,-,moving,on,24.119,242.06,31.461932,74.326663,11/08/2026 09:44 AM,11/08/2026 11:00 AM,Reporting,Moving,14.14,False,UC-225,Gulberg Town,Zone-22,Loader Rickshaw,Gulberg Town,True,2026-08-11
22560,LR-1126,LR1126,Lahore,"Tehsil Office, Gulberg Town",LWMC-GuTo,Loader Rickshaw,Door To Door Collection,moving,on,19.702,209.0,31.483011,74.312146,11/08/2026 10:11 AM,11/08/2026 11:00 AM,Reporting,Moving,6.23,False,UC-209,Gulberg Town,Zone-23,Loader Rickshaw,Gulberg Town,True,2026-08-11
22521,LR-1149,LR1149,Lahore,"Tehsil Office, Gulberg Town",LWMC-GuTo,Loader Rickshaw,Door To Door Collection,moving,on,8.038,54.81,31.571706,74.348885,11/08/2026 09:08 AM,11/08/2026 11:00 AM,Reporting,Moving,12.05,False,UC-118,Gulberg Town,Zone-19,Loader Rickshaw,Gulberg Town,True,2026-08-11
19749,S-40,S40,Lahore,"Tehsil Office, Data Gunj Baksh Town",LWMC-DaGB,Mini Dumper,Bulk Waste Collection,moving,on,15.137,69.79,31.554025,74.311494,11/08/2026 10:17 AM,11/08/2026 10:30 AM,Reporting,Moving,13.17,False,UC-69,DGBT,Zone-26,Mini Dumper,DGBT,True,2026-08-11
-,LR-2804,LR2804,Lahore,"Tehsil Office, Data Gunj Baksh Town",LWMC-DaGB,-,-,moving,on,10.989,53.48,31.554127,74.283222,11/08/2026 10:06 AM,11/08/2026 10:30 AM,Reporting,Parked,12.66,False,UC-72,DGBT,Zone-30,Loader Rickshaw,DGBT,True,2026-08-11
-,LR-1481,LR1481,Lahore,"Tehsil Office, Data Gunj Baksh Town",LWMC-DaGB,-,-,moving,on,14.611,68.98,31.571109,74.301987,11/08/2026 10:46 AM,11/08/2026 11:00 AM,Reporting,Excess Idling,10.98,False,UC-58,DGBT,Zone-27,Loader Rickshaw,DGBT,True,2026-08-11
-,LR-1480,LR1480,Lahore,"Tehsil Office, Data Gunj Baksh Town",LWMC-DaGB,-,-,moving,on,13.933,233.96,31.571864,74.294274,11/08/2026 10:27 AM,11/08/2026 11:00 AM,Reporting,Moving,13.02,False,UC-59,DGBT,Zone-29,Loader Rickshaw,DGBT,True,2026-08-11
19074,TL-106,TL106,Lahore,"Tehsil Office, Data Gunj Baksh Town",LWMC-DaGB,Loader Rickshaw,Bulk Waste Collection,still,off,7.339,176.71,31.582688,74.286637,11/08/2026 10:36 AM,11/08/2026 11:00 AM,Reporting,Excess Idling,12.51,False,UC-50,DGBT,Zone-28,Loader,DGBT,True,2026-08-11
-,LR-1331,LR1331,Lahore,"Tehsil Office, Data Gunj Baksh Town",LWMC-DaGB,-,-,moving,on,23.977,255.33,31.574943,74.296682,11/08/2026 10:38 AM,11/08/2026 11:00 AM,Reporting,Idle,0.0,True,UC-57,DGBT,Zone-27,Loader Rickshaw,DGBT,True,2026-08-11
19081,R-39,R39,Lahore,"Tehsil Office, Data Gunj Baksh Town",LWMC-DaGB,Loader Rickshaw,Bulk Waste Collection,still,off,15.406,96.29,31.538577,74.330168,11/08/2026 10:34 AM,11/08/2026 11:00 AM,Reporting,Parked,11.64,False,UC-198,DGBT,Zone-26,Rickshaw,DGBT,True,2026-08-11
-,LR-1484,LR1484,Lahore,"Tehsil Office, Data Gunj Baksh Town",LWMC-DaGB,-,-,moving,on,11.596,287.03,31.572354,74.283056,11/08/2026 10:34 AM,11/08/2026 11:00 AM,Reporting,Excess Idling,11.79,False,,,,Loader Rickshaw,DGBT,False,2026-08-11
-,LR-0360,LR0360,Lahore,"Tehsil Office, Samnabad Town",LWMC-SaTo,-,-,moving,on,23.99,84.63,31.510041,74.285188,11/08/2026 10:34 AM,11/08/2026 11:00 AM,Reporting,Parked,12.05,False,UC-214,Samnabad Town,Zone-36,Loader Rickshaw,Samnabad Town,True,2026-08-11
41355,LR-2256,LR2256,Lahore,"Tehsil Office, Samnabad Town",LWMC-SaTo,Loader Rickshaw,Door To Door Collection,moving,on,31.772,295.16,31.525312,74.298121,11/08/2026 10:38 AM,11/08/2026 11:00 AM,Reporting,Moving,14.04,False,UC-218,Samnabad Town,Zone-35,Loader Rickshaw,Samnabad Town,True,2026-08-11
-,LR-0768,LR0768,Lahore,"Tehsil Office, Samnabad Town",LWMC-SaTo,-,-,moving,on,34.301,170.21,31.554977,74.273017,11/08/2026 10:28 AM,11/08/2026 11:00 AM,Reporting,Moving,0.0,True,UC-71,Samnabad Town,Zone-31,Loader Rickshaw,Samnabad Town,True,2026-08-11
41354,LR-2255,LR2255,Lahore,"Tehsil Office, Samnabad Town",LWMC-SaTo,Loader Rickshaw,Door To Door Collection,moving,on,32.708,290.08,31.521233,74.292154,11/08/2026 10:26 AM,11/08/2026 11:00 AM,Reporting,Moving,13.63,False,UC-218,Samnabad Town,Zone-35,Loader Rickshaw,Samnabad Town,True,2026-08-11
-,LR-0494,LR0494,Lahore,"Tehsil Office, Samnabad Town",LWMC-SaTo,-,-,moving,on,32.443,229.28,31.518063,74.322205,11/08/2026 10:25 AM,11/08/2026 11:00 AM,Reporting,Moving,12.25,False,UC-216,Samnabad Town,Zone-35,Loader Rickshaw,Samnabad Town,True,2026-08-11
39121,C-733,C733,Lahore,"Tehsil Office, Samnabad Town",LWMC-SaTo,Compactor (7CM),Container-Based Collection,moving,on,44.304,218.86,31.55089,74.270468,11/08/2026 10:38 AM,11/08/2026 11:00 AM,Reporting,Moving,0.0,True,UC-77,Samnabad Town,Zone-31,Compactor,Samnabad Town,True,2026-08-11
-,LR-0958,LR0958,Lahore,"Tehsil Office, Samnabad Town",LWMC-SaTo,-,-,moving,on,17.573,290.6,31.534861,74.317568,11/08/2026 10:15 AM,11/08/2026 11:00 AM,Reporting,Parked,14.34,False,UC-84,Samnabad Town,Zone-34,Loader Rickshaw,Samnabad Town,True,2026-08-11
-,LR-0778,LR0778,Lahore,"Tehsil Office, Samnabad Town",LWMC-SaTo,-,-,moving,on,31.303,175.51,31.574615,74.273131,11/08/2026 09:45 AM,11/08/2026 11:00 AM,Reporting,Parked,12.0,False,UC-71,Samnabad Town,Zone-31,Loader Rickshaw,Samnabad Town,True,2026-08-11
-,LR-0034,LR0034,Lahore,"Tehsil Office, Samnabad Town",LWMC-SaTo,-,-,moving,on,22.425,281.85,31.542852,74.294596,11/08/2026 10:06 AM,11/08/2026 11:00 AM,Reporting,Excess Idling,9.29,False,UC-89,Samnabad Town,Zone-33,Loader Rickshaw,Samnabad Town,True,2026-08-11
-,LR-0975,LR0975,Lahore,"Tehsil Office, Samnabad Town",LWMC-SaTo,-,-,moving,on,15.078,125.51,31.515612,74.284682,11/08/2026 10:32 AM,11/08/2026 11:00 AM,Reporting,Parked,12.91,False,UC-213,Samnabad Town,Zone-36,Loader Rickshaw,Samnabad Town,True,2026-08-11
-,LR-2120,LR2120,Lahore,"Tehsil Office, Ravi Town",LWMC-RaTo,-,-,moving,on,,,31.592553,74.259119,11/08/2026 09:47 AM,11/08/2026 10:30 AM,Reporting,No Activity Since Yesterday,14.34,False,UC-5,Ravi Town,Zone-1,Loader Rickshaw,Ravi Town,True,2026-08-11
18479,CA-167,CA167,Lahore,"Tehsil Office, Ravi Town",LWMC-RaTo,Chain Arm Roll,Container-Based Collection,moving,on,86.428,434.86,31.602378,74.297764,11/08/2026 09:11 AM,11/08/2026 11:00 AM,Reporting,Moving,20.46,False,UC-48,DGBT,Zone-28,Chain Arm Roll,Ravi Town,False,2026-08-11
19261,LEG-1685,LEG1685,Lahore,"Tehsil Office, Ravi Town",LWMC-RaTo,Loader Rickshaw,Bulk Waste Collection,moving,on,12.134,110.66,31.602664,74.309549,11/08/2026 06:50 AM,11/08/2026 07:03 AM,Reporting,Excess Idling,14.04,False,UC-16,Ravi Town,Zone-4,Loader,Ravi Town,True,2026-08-11
19347,LEG-1436,LEG1436,Lahore,"Tehsil Office, Ravi Town",LWMC-RaTo,Loader Rickshaw,Bulk Waste Collection,moving,on,5.732,27.8,31.601455,74.307726,11/08/2026 10:39 AM,11/08/2026 11:00 AM,Reporting,Moving,12.76,False,UC-16,Ravi Town,Zone-4,Loader,Ravi Town,True,2026-08-11
-,LR-0441,LR0441,Lahore,"Tehsil Office, Ravi Town",LWMC-RaTo,-,-,moving,on,18.538,64.83,31.399296,74.282851,11/08/2026 10:26 AM,11/08/2026 11:00 AM,Reporting,Parked,12.66,False,UC-257,Allama Iqbal Town,Zone-40,Loader Rickshaw,Allama Iqbal Town,True,2026-08-11
-,LR-0061,LR0061,Lahore,"Tehsil Office, Ravi Town",LWMC-RaTo,-,-,moving,on,10.735,243.56,31.591178,74.320555,11/08/2026 10:03 AM,11/08/2026 11:00 AM,Reporting,Moving,13.02,False,UC-17,Ravi Town,Zone-4,Loader Rickshaw,Ravi Town,True,2026-08-11
-,LR-1177,LR1177,Lahore,"Tehsil Office, Ravi Town",LWMC-RaTo,-,-,moving,on,17.297,78.59,31.627718,74.304661,11/08/2026 09:23 AM,11/08/2026 11:00 AM,Reporting,Excess Idling,12.42,False,UC-14,Ravi Town,Zone-2,Loader Rickshaw,Ravi Town,True,2026-08-11
-,T-65,T65,Lahore,"Tehsil Office, Ravi Town",LWMC-RaTo,-,-,moving,on,14.478,168.48,31.585112,74.316221,11/08/2026 10:14 AM,11/08/2026 10:30 AM,Reporting,Moving,12.71,False,UC-38,Ravi Town,Zone-5,Tractor Trolley,Ravi Town,True,2026-08-11
-,LR-1240,LR1240,Lahore,"Tehsil Office, Ravi Town",LWMC-RaTo,-,-,moving,on,13.304,281.41,31.607387,74.322902,11/08/2026 10:08 AM,11/08/2026 11:00 AM,Reporting,Moving,0.0,True,UC-21,Ravi Town,Zone-3,Loader Rickshaw,Ravi Town,True,2026-08-11
-,LR-1234,LR1234,Lahore,"Tehsil Office, Ravi Town",LWMC-RaTo,-,-,moving,on,10.316,178.16,31.604765,74.320313,11/08/2026 10:30 AM,11/08/2026 11:00 AM,Reporting,Moving,0.0,True,UC-29,Ravi Town,Zone-3,Loader Rickshaw,Ravi Town,True,2026-08-11
-,LR-1595,LR1595,Lahore,"Tehsil Office, Ravi Town",LWMC-RaTo,-,-,moving,on,9.661,259.3,31.60048,74.325041,11/08/2026 10:15 AM,11/08/2026 11:00 AM,Reporting,Moving,12.4,False,UC-29,Ravi Town,Zone-3,Loader Rickshaw,Ravi Town,True,2026-08-11
19917,S-143,S143,Lahore,"Tehsil Office, Ravi Town",LWMC-RaTo,Mini Dumper,Bulk Waste Collection,moving,on,26.531,92.23,31.587269,74.322896,11/08/2026 10:32 AM,11/08/2026 11:00 AM,Reporting,Parked,13.47,False,UC-33,Ravi Town,Zone-5,Mini Dumper,Ravi Town,True,2026-08-11
-,LR-2956,LR2956,Lahore,"Tehsil Office, Wahgha Town",LWMC-WaTo,-,-,moving,on,6.679,234.23,31.607145,74.512696,11/08/2026 09:59 AM,11/08/2026 10:30 AM,Reporting,Parked,0.0,True,UC-179,Wagha Town,Zone-13,,Wagha Town,True,2026-08-11
25364,LR-0266,LR0266,Lahore,"Tehsil Office, Wahgha Town",LWMC-WaTo,Loader Rickshaw,Door to Door Collection,moving,on,13.514,106.33,31.615056,74.427592,11/08/2026 09:49 AM,11/08/2026 10:00 AM,Reporting,Parked,15.0,False,UC-174,Wagha Town,Zone-12,Loader Rickshaw,Wagha Town,True,2026-08-11
25335,LR-0407,LR0407,Lahore,"Tehsil Office, Wahgha Town",LWMC-WaTo,Loader Rickshaw,Door to Door Collection,moving,on,23.207,230.28,31.603789,74.400248,11/08/2026 09:40 AM,11/08/2026 11:00 AM,Reporting,Moving,11.13,False,,,,Loader Rickshaw,Wagha Town,False,2026-08-11
-,LR-2998,LR2998,Lahore,"Tehsil Office, Wahgha Town",LWMC-WaTo,-,-,moving,on,50.205,165.83,31.610656,74.382357,11/08/2026 09:58 AM,11/08/2026 11:00 AM,Reporting,Parked,11.64,False,UC-108,Wagha Town,Zone-13,Loader Rickshaw,Shalimar Town,False,2026-08-11
23558,LR-0281,LR0281,Lahore,"Tehsil Office, Wahgha Town",LWMC-WaTo,Loader Rickshaw,Door To Door Collection,still,off,3.292,340.05,31.598955,74.490944,11/08/2026 10:44 AM,11/08/2026 11:00 AM,Reporting,Moving,11.89,False,UC-177,Wagha Town,Zone-13,Loader Rickshaw,Wagha Town,True,2026-08-11
-,LR-2943,LR2943,Lahore,"Tehsil Office, Wahgha Town",LWMC-WaTo,-,-,moving,on,10.066,195.86,31.607397,74.358555,11/08/2026 10:04 AM,11/08/2026 11:00 AM,Reporting,Parked,12.3,False,UC-161,Shalimar Town,Zone-9,Loader Rickshaw,Shalimar Town,True,2026-08-11
25363,LR-0264,LR0264,Lahore,"Tehsil Office, Wahgha Town",LWMC-WaTo,Loader Rickshaw,Door to Door Collection,moving,on,25.49,132.59,31.611981,74.425375,11/08/2026 08:56 AM,11/08/2026 10:00 AM,Reporting,Parked,16.48,False,UC-174,Wagha Town,Zone-12,Loader Rickshaw,Wagha Town,True,2026-08-11
-,LR-0943,LR0943,Lahore,"Tehsil Office, Wahgha Town",LWMC-WaTo,-,-,moving,on,6.866,159.86,31.587217,74.504874,11/08/2026 09:52 AM,11/08/2026 10:30 AM,Reporting,Parked,26.33,False,UC-182,Wagha Town,Zone-13,Loader Rickshaw,Wagha Town,True,2026-08-11
23642,LR-1074,LR1074,Lahore,"Tehsil Office, Wahgha Town",LWMC-WaTo,Loader Rickshaw,Door To Door Collection,still,off,6.326,45.21,31.600709,74.534123,11/08/2026 08:27 AM,11/08/2026 08:30 AM,Reporting,Parked,11.69,False,UC-181,Wagha Town,Zone-13,Loader Rickshaw,Wagha Town,True,2026-08-11
-,C-710,C710,Lahore,"Tehsil Office, Wahgha Town",LWMC-WaTo,-,-,moving,on,60.671,286.98,31.587074,74.426024,11/08/2026 10:05 AM,11/08/2026 11:00 AM,Reporting,Moving,27.96,False,UC-144,Wagha Town,Zone-12,Compactor,Wagha Town,True,2026-08-11
23645,LR-1077,LR1077,Lahore,"Tehsil Office, Wahgha Town",LWMC-WaTo,Loader Rickshaw,Door To Door Collection,moving,on,26.137,134.78,31.608755,74.380288,11/08/2026 09:31 AM,11/08/2026 11:00 AM,Reporting,Moving,12.91,False,UC-108,Wagha Town,Zone-13,Loader Rickshaw,Wagha Town,True,2026-08-11
23580,LR-0628,LR0628,Lahore,"Tehsil Office, Wahgha Town",LWMC-WaTo,Loader Rickshaw,Door To Door Collection,still,off,6.157,32.35,31.578301,74.497878,11/08/2026 10:41 AM,11/08/2026 11:00 AM,Reporting,Parked,12.45,False,UC-183,Wagha Town,Zone-13,Loader Rickshaw,Wagha Town,True,2026-08-11
-,LR-0938,LR0938,Lahore,"Tehsil Office, Wahgha Town",LWMC-WaTo,-,-,moving,on,15.143,262.5,31.608468,74.386306,11/08/2026 10:05 AM,11/08/2026 11:00 AM,Reporting,Moving,11.18,False,UC-108,Wagha Town,Zone-13,Loader Rickshaw,Wagha Town,True,2026-08-11
-,S-198,S198,Lahore,"Tehsil Office, Wahgha Town",LWMC-WaTo,-,-,moving,on,33.382,239.43,31.609046,74.396795,11/08/2026 09:56 AM,11/08/2026 11:00 AM,Reporting,Moving,12.96,False,UC-108,Wagha Town,Zone-13,Mini Dumper,Wagha Town,True,2026-08-11
23594,LR-0830,LR0830,Lahore,"Tehsil Office, Wahgha Town",LWMC-WaTo,Loader Rickshaw,Door To Door Collection,moving,on,13.266,87.84,31.598977,74.403131,11/08/2026 09:47 AM,11/08/2026 11:00 AM,Reporting,Parked,11.79,False,UC-137,Wagha Town,Zone-12,Loader Rickshaw,Wagha Town,True,2026-08-11
-,LR-0721,LR0721,Lahore,"Tehsil Office, Aziz Bhatti Town",LWMC-AzBT,-,-,still,off,0.016,2.14,31.575308,74.37039,11/08/2026 06:28 AM,11/08/2026 10:30 AM,Reporting,No Activity Since Yesterday,28.62,False,UC-120,Gulberg Town,Zone-19,Loader Rickshaw,Aziz Bhatti Town,False,2026-08-11
-,LR-0299,LR0299,Lahore,"Tehsil Office, Aziz Bhatti Town",LWMC-AzBT,-,-,moving,on,18.069,69.95,31.59138,74.369382,11/08/2026 10:24 AM,11/08/2026 11:00 AM,Reporting,Moving,12.96,False,UC-162,Shalimar Town,Zone-9,Loader Rickshaw,Aziz Bhatti Town,False,2026-08-11
-,LR-1663,LR1663,Lahore,"Tehsil Office, Aziz Bhatti Town",LWMC-AzBT,-,-,still,off,0.029,0.2,31.575172,74.370538,11/08/2026 06:58 AM,11/08/2026 07:30 AM,Reporting,No Activity Since Yesterday,12.3,False,UC-120,Gulberg Town,Zone-19,Loader Rickshaw,Aziz Bhatti Town,False,2026-08-11
-,LR-1099,LR1099,Lahore,"Tehsil Office, Aziz Bhatti Town",LWMC-AzBT,-,-,moving,on,,,31.575045,74.370774,11/08/2026 12:53 AM,-,Reporting,No Activity Since Yesterday,10.62,False,UC-120,Gulberg Town,Zone-19,Loader Rickshaw,Aziz Bhatti Town,False,2026-08-11
-,LR-2889,LR2889,Lahore,"Tehsil Office, Aziz Bhatti Town",LWMC-AzBT,-,-,still,off,16.741,192.13,31.583829,74.404394,11/08/2026 10:18 AM,11/08/2026 11:00 AM,Reporting,Idle,13.73,False,UC-141,Aziz Bhatti Town,Zone-15,Loader Rickshaw,Aziz Bhatti Town,True,2026-08-11
-,LR-0725,LR0725,Lahore,"Tehsil Office, Aziz Bhatti Town",LWMC-AzBT,-,-,moving,on,40.072,146.59,31.610604,74.382352,11/08/2026 10:39 AM,11/08/2026 11:00 AM,Reporting,Excess Idling,11.08,False,UC-108,Wagha Town,Zone-13,Loader Rickshaw,Aziz Bhatti Town,False,2026-08-11
-,LR-0713,LR0713,Lahore,"Tehsil Office, Aziz Bhatti Town",LWMC-AzBT,-,-,moving,on,29.999,194.81,31.567386,74.38076,11/08/2026 10:17 AM,11/08/2026 10:30 AM,Reporting,Moving,11.54,False,UC-122,Gulberg Town,Zone-19,Loader Rickshaw,Aziz Bhatti Town,False,2026-08-11
18374,A-75,A75,Lahore,"Tehsil Office, Aziz Bhatti Town",LWMC-AzBT,Arm Roll Truck,Container-Based Collection,moving,on,64.434,301.18,31.609584,74.401134,11/08/2026 10:06 AM,11/08/2026 11:00 AM,Reporting,Moving,0.0,True,UC-137,Wagha Town,Zone-12,Arm Roll,Aziz Bhatti Town,False,2026-08-11
-,LR-0197,LR0197,Lahore,"Tehsil Office, Aziz Bhatti Town",LWMC-AzBT,-,-,still,off,10.488,262.25,31.582763,74.396507,11/08/2026 09:50 AM,11/08/2026 10:30 AM,Reporting,Moving,11.94,False,UC-139,Aziz Bhatti Town,Zone-15,Loader Rickshaw,Aziz Bhatti Town,True,2026-08-11
-,LR-0333,LR0333,Lahore,"Tehsil Office, Aziz Bhatti Town",LWMC-AzBT,-,-,still,off,39.83,302.5,31.553239,74.419626,11/08/2026 10:07 AM,11/08/2026 11:00 AM,Reporting,Moving,12.15,False,UC-152,Aziz Bhatti Town,Zone-16,Loader Rickshaw,Aziz Bhatti Town,True,2026-08-11
-,S-171,S171,Lahore,"Tehsil Office, Aziz Bhatti Town",LWMC-AzBT,-,-,moving,on,22.535,141.81,31.605192,74.426062,11/08/2026 10:24 AM,11/08/2026 11:00 AM,Reporting,Parked,0.0,True,UC-174,Wagha Town,Zone-12,Mini Dumper,Aziz Bhatti Town,False,2026-08-11
-,MFT-4,MFT4,Lahore,"Tehsil Office, Aziz Bhatti Town",LWMC-AzBT,-,-,moving,on,43.863,171.58,31.579076,74.441535,11/08/2026 07:56 AM,11/08/2026 08:30 AM,Reporting,Excess Idling,15.0,False,UC-145,Aziz Bhatti Town,Zone-16,Tractor Trolley,Aziz Bhatti Town,True,2026-08-11
-,LR-1919,LR1919,Lahore,"Tehsil Office, Aziz Bhatti Town",LWMC-AzBT,-,-,moving,on,20.646,181.55,31.573057,74.395244,11/08/2026 09:00 AM,11/08/2026 11:00 AM,Reporting,Moving,12.61,False,UC-141,Aziz Bhatti Town,Zone-15,Loader Rickshaw,Aziz Bhatti Town,True,2026-08-11
-,LR-0579,LR0579,Lahore,"Tehsil Office, Aziz Bhatti Town",LWMC-AzBT,-,-,moving,on,12.333,278.6,31.556767,74.368741,11/08/2026 10:28 AM,11/08/2026 11:00 AM,Reporting,Moving,12.81,False,UC-187,Aziz Bhatti Town,Zone-18,Loader Rickshaw,Aziz Bhatti Town,True,2026-08-11
-,LR-0726,LR0726,Lahore,"Tehsil Office, Aziz Bhatti Town",LWMC-AzBT,-,-,moving,on,34.311,121.4,31.583107,74.417368,11/08/2026 10:35 AM,11/08/2026 11:00 AM,Reporting,Moving,11.89,False,UC-143,Aziz Bhatti Town,Zone-16,Loader Rickshaw,Aziz Bhatti Town,True,2026-08-11
-,LR-2915,LR2915,Lahore,"Tehsil Office, Aziz Bhatti Town",LWMC-AzBT,-,-,moving,on,17.171,82.09,31.476717,74.289169,11/08/2026 07:19 AM,11/08/2026 08:00 AM,Reporting,Parked,0.0,True,UC-220,Allama Iqbal Town,Zone-39,,Aziz Bhatti Town,False,2026-08-11
23024,LR-03,LR03,Lahore,"Tehsil Office, Nishter Town",LWMC-NiTo,Loader Rickshaw,Door To Door Collection,moving,on,21.765,218.71,31.391352,74.356063,11/08/2026 10:06 AM,11/08/2026 10:30 AM,Reporting,Moving,14.34,False,UC-244,Nishter Town,Zone-48,,Nishter Town,True,2026-08-11
-,LR-2862,LR2862,Lahore,"Tehsil Office, Nishter Town",LWMC-NiTo,-,-,moving,on,20.82,219.61,31.410543,74.370725,11/08/2026 10:13 AM,11/08/2026 10:30 AM,Reporting,Moving,12.76,False,UC-245,Nishter Town,Zone-48,Loader Rickshaw,Nishter Town,True,2026-08-11
23042,LR-0081,LR0081,Lahore,"Tehsil Office, Nishter Town",LWMC-NiTo,Loader Rickshaw,Door To Door Collection,moving,on,33.935,123.4,31.436985,74.383301,11/08/2026 10:20 AM,11/08/2026 10:30 AM,Reporting,Parked,13.53,False,UC-254,Nishter Town,Zone-45,Loader Rickshaw,Nishter Town,True,2026-08-11
-,LR-1876,LR1876,Lahore,"Tehsil Office, Nishter Town",LWMC-NiTo,-,-,moving,on,15.295,98.15,31.458231,74.338729,11/08/2026 10:23 AM,11/08/2026 11:00 AM,Reporting,Moving,15.0,False,UC-228,Nishter Town,Zone-44,Loader Rickshaw,Nishter Town,True,2026-08-11
-,LR-2848,LR2848,Lahore,"Tehsil Office, Nishter Town",LWMC-NiTo,-,-,still,off,22.468,202.83,31.388759,74.344137,11/08/2026 09:46 AM,11/08/2026 10:30 AM,Reporting,Moving,13.42,False,UC-251,Nishter Town,Zone-47,Loader Rickshaw,Nishter Town,True,2026-08-11
-,LR-3044,LR3044,Lahore,"Tehsil Office, Nishter Town",LWMC-NiTo,-,-,moving,on,23.103,161.55,31.445918,74.386557,11/08/2026 09:56 AM,11/08/2026 10:30 AM,Reporting,Parked,7.92,False,UC-249,Nishter Town,Zone-45,Loader Rickshaw,Nishter Town,True,2026-08-11
19885,M-55,M55,Lahore,"Tehsil Office, Nishter Town",LWMC-NiTo,Mini Dumper,Bulk Waste Collection,still,off,33.553,100.53,31.428599,74.296079,11/08/2026 10:46 AM,11/08/2026 11:00 AM,Reporting,Moving,13.32,False,UC-240,Nishter Town,Zone-46,Foton-Mini Dumper,Nishter Town,True,2026-08-11
-,LR-1361,LR1361,Lahore,"Tehsil Office, Nishter Town",LWMC-NiTo,-,-,still,off,12.759,270.41,31.462825,74.341764,11/08/2026 09:38 AM,11/08/2026 10:00 AM,Reporting,Moving,0.0,True,UC-227,Nishter Town,Zone-44,Loader Rickshaw,Nishter Town,True,2026-08-11
-,CH-RP150K029606,CHRP150K029606,Lahore,"Tehsil Office, Nishter Town",LWMC-NiTo,-,-,still,off,28.913,119.23,31.443941,74.375687,11/08/2026 10:22 AM,11/08/2026 11:00 AM,Reporting,Parked,11.49,False,UC-231,Nishter Town,Zone-45,,Nishter Town,True,2026-08-11
-,LR-0719,LR0719,Lahore,"Tehsil Office, Nishter Town",LWMC-NiTo,-,-,moving,on,25.462,92.43,31.564067,74.380746,11/08/2026 10:28 AM,11/08/2026 11:00 AM,Reporting,Moving,14.49,False,UC-157,Aziz Bhatti Town,Zone-18,Loader Rickshaw,Aziz Bhatti Town,True,2026-08-11
-,LR-3047,LR3047,Lahore,"Tehsil Office, Nishter Town",LWMC-NiTo,-,-,still,off,13.539,193.5,31.443754,74.375648,11/08/2026 09:40 AM,11/08/2026 10:30 AM,Reporting,Moving,9.5,False,UC-231,Nishter Town,Zone-45,Loader Rickshaw,Nishter Town,True,2026-08-11
-,LR-1938,LR1938,Lahore,"Tehsil Office, Nishter Town",LWMC-NiTo,-,-,still,off,8.521,68.08,31.444406,74.310587,11/08/2026 09:34 AM,11/08/2026 10:00 AM,Reporting,Parked,12.4,False,UC-239,Nishter Town,Zone-46,,Nishter Town,True,2026-08-11
23058,LR-0112,LR0112,Lahore,"Tehsil Office, Nishter Town",LWMC-NiTo,Loader Rickshaw,Door To Door Collection,moving,on,24.946,301.53,31.405027,74.36036,11/08/2026 10:02 AM,11/08/2026 11:00 AM,Reporting,Moving,13.42,False,UC-246,Nishter Town,Zone-48,Loader Rickshaw,Nishter Town,True,2026-08-11
-,LR-2736,LR2736,Lahore,"Tehsil Office, Nishter Town",LWMC-NiTo,-,-,moving,on,9.894,319.01,31.451364,74.339368,11/08/2026 10:16 AM,11/08/2026 10:30 AM,Reporting,Moving,26.99,False,UC-229,Nishter Town,Zone-44,Loader Rickshaw,Nishter Town,True,2026-08-11
-,LR-2194,LR2194,Lahore,"Tehsil Office, Nishter Town",LWMC-NiTo,-,-,moving,on,21.323,275.66,31.434542,74.302776,11/08/2026 10:23 AM,11/08/2026 10:30 AM,Reporting,Parked,14.24,False,UC-238,Nishter Town,Zone-46,Loader Rickshaw,Nishter Town,True,2026-08-11
-,LR-1880,LR1880,Lahore,"Tehsil Office, Nishter Town",LWMC-NiTo,-,-,moving,on,11.007,39.14,31.452688,74.343979,11/08/2026 10:12 AM,11/08/2026 11:00 AM,Reporting,Moving,12.76,False,UC-228,Nishter Town,Zone-44,Loader Rickshaw,Nishter Town,True,2026-08-11
-,CH-SW250514CL3,CHSW250514CL3,Lahore,"Tehsil Office, Nishter Town",LWMC-NiTo,-,-,moving,on,13.12,196.76,31.434134,74.311503,11/08/2026 09:13 AM,11/08/2026 09:30 AM,Reporting,Moving,12.86,False,UC-237,Nishter Town,Zone-46,,Nishter Town,True,2026-08-11
23038,LR-0077,LR0077,Lahore,"Tehsil Office, Nishter Town",LWMC-NiTo,Loader Rickshaw,Door To Door Collection,still,off,24.253,169.69,31.427172,74.369906,11/08/2026 08:57 AM,11/08/2026 09:30 AM,Reporting,Moving,11.89,False,UC-243,Nishter Town,Zone-44,Loader Rickshaw,Nishter Town,True,2026-08-11
-,LR-2347,LR2347,Lahore,"Tehsil Office, Nishter Town",LWMC-NiTo,-,-,moving,on,27.228,115.2,31.44884,74.311538,11/08/2026 10:12 AM,11/08/2026 11:00 AM,Reporting,Idle,11.94,False,UC-234,Allama Iqbal Town,Zone-39,Loader Rickshaw,Nishter Town,False,2026-08-11
19875,M-107,M107,Lahore,"Tehsil Office, Nishter Town",LWMC-NiTo,Mini Dumper,Bulk Waste Collection,still,off,20.288,87.26,31.442647,74.347999,11/08/2026 10:16 AM,11/08/2026 11:00 AM,Reporting,Moving,12.66,False,UC-229,Nishter Town,Zone-44,Foton-Mini Dumper,Nishter Town,True,2026-08-11
23026,LR-0005,LR0005,Lahore,"Tehsil Office, Nishter Town",LWMC-NiTo,Loader Rickshaw,Door To Door Collection,still,off,21.203,84.84,31.395119,74.361523,11/08/2026 10:33 AM,11/08/2026 11:00 AM,Reporting,Moving,12.51,False,UC-244,Nishter Town,Zone-48,Loader Rickshaw,Nishter Town,True,2026-08-11
-,LR-2713,LR2713,Lahore,"Tehsil Office, Nishter Town",LWMC-NiTo,-,-,moving,on,13.074,81.15,31.444514,74.377819,11/08/2026 08:58 AM,11/08/2026 09:30 AM,Reporting,Parked,14.04,False,UC-231,Nishter Town,Zone-45,Loader Rickshaw,Nishter Town,True,2026-08-11
-,LR-1524,LR1524,Lahore,"Tehsil Office, Nishter Town",LWMC-NiTo,-,-,still,off,24.641,297.71,31.38868,74.344557,11/08/2026 09:50 AM,11/08/2026 11:00 AM,Reporting,Parked,11.18,False,UC-251,Nishter Town,Zone-47,Loader Rickshaw,Nishter Town,True,2026-08-11
-,LR-1751,LR1751,Lahore,"Tehsil Office, Nishter Town",LWMC-NiTo,-,-,moving,on,9.602,247.08,31.365923,74.367269,11/08/2026 10:24 AM,11/08/2026 11:00 AM,Reporting,Parked,27.5,False,UC-247,Nishter Town,Zone-48,Loader Rickshaw,Nishter Town,True,2026-08-11
-,LR-3029,LR3029,Lahore,"Tehsil Office, Nishter Town",LWMC-NiTo,-,-,moving,on,21.399,75.68,31.390961,74.328887,11/08/2026 09:19 AM,11/08/2026 10:30 AM,Reporting,Moving,12.81,False,UC-251,Nishter Town,Zone-47,Loader Rickshaw,Nishter Town,True,2026-08-11
-,LR-2857,LR2857,Lahore,"Tehsil Office, Nishter Town",LWMC-NiTo,-,-,moving,on,20.197,171.38,31.388503,74.344967,11/08/2026 09:50 AM,11/08/2026 10:30 AM,Reporting,Parked,12.05,False,UC-244,Nishter Town,Zone-48,Loader Rickshaw,Nishter Town,True,2026-08-11
23082,LR-0322,LR0322,Lahore,"Tehsil Office, Nishter Town",LWMC-NiTo,Loader Rickshaw,Door To Door Collection,moving,on,20.857,249.26,31.425053,74.300014,11/08/2026 09:32 AM,11/08/2026 10:00 AM,Reporting,Parked,13.93,False,UC-240,Nishter Town,Zone-46,Loader Rickshaw,Nishter Town,True,2026-08-11
-,LR-1877,LR1877,Lahore,"Tehsil Office, Nishter Town",LWMC-NiTo,-,-,moving,on,18.824,240.11,31.420587,74.358808,11/08/2026 09:34 AM,11/08/2026 11:00 AM,Reporting,Moving,6.9,False,UC-243,Nishter Town,Zone-44,Loader Rickshaw,Nishter Town,True,2026-08-11
22963,LR-1012,LR1012,Lahore,"Tehsil Office, Allama Iqbal Town",LWMC-AlIT,Loader Rickshaw,Door To Door Collection,moving,on,21.246,263.16,31.534146,74.267309,11/08/2026 10:18 AM,11/08/2026 11:00 AM,Reporting,Excess Idling,6.03,False,UC-101,Allama Iqbal Town,Zone-37,Loader Rickshaw,Allama Iqbal Town,True,2026-08-11
-,LR-2615,LR2615,Lahore,"Tehsil Office, Allama Iqbal Town",LWMC-AlIT,-,-,still,off,17.812,200.01,31.533978,74.267354,11/08/2026 10:32 AM,11/08/2026 11:00 AM,Reporting,Parked,14.04,False,UC-101,Allama Iqbal Town,Zone-37,Loader Rickshaw,Allama Iqbal Town,True,2026-08-11
22912,LR-0601,LR0601,Lahore,"Tehsil Office, Allama Iqbal Town",LWMC-AlIT,Loader Rickshaw,Door To Door Collection,moving,on,42.62,274.21,31.460416,74.261299,11/08/2026 09:59 AM,11/08/2026 11:00 AM,Reporting,Moving,11.54,False,UC-115,Allama Iqbal Town,Zone-40,Loader Rickshaw,Allama Iqbal Town,True,2026-08-11
-,LR-2145,LR2145,Lahore,"Tehsil Office, Allama Iqbal Town",LWMC-AlIT,-,-,moving,on,19.231,225.81,31.408661,74.142441,11/08/2026 10:04 AM,11/08/2026 11:00 AM,Reporting,Parked,0.0,True,UC-261,Allama Iqbal Town,Zone-41,Loader Rickshaw,Allama Iqbal Town,True,2026-08-11
22952,LR-0920,LR0920,Lahore,"Tehsil Office, Allama Iqbal Town",LWMC-AlIT,Loader Rickshaw,Door To Door Collection,moving,on,16.945,84.31,31.398461,74.155426,11/08/2026 10:29 AM,11/08/2026 11:00 AM,Reporting,Parked,12.05,False,UC-261,Allama Iqbal Town,Zone-41,Loader Rickshaw,Allama Iqbal Town,True,2026-08-11
-,LR-2171,LR2171,Lahore,"Tehsil Office, Allama Iqbal Town",LWMC-AlIT,-,-,moving,on,15.722,106.81,31.399353,74.167156,11/08/2026 10:36 AM,11/08/2026 11:00 AM,Reporting,Moving,13.47,False,UC-260,Allama Iqbal Town,Zone-41,Loader Rickshaw,Allama Iqbal Town,True,2026-08-11
22917,LR-0606,LR0606,Lahore,"Tehsil Office, Allama Iqbal Town",LWMC-AlIT,Loader Rickshaw,Door To Door Collection,moving,on,28.259,251.66,31.479022,74.215797,11/08/2026 09:26 AM,11/08/2026 11:00 AM,Reporting,Moving,12.2,False,UC-117,Allama Iqbal Town,Zone-41,Loader Rickshaw,Allama Iqbal Town,True,2026-08-11
22827,LR-0207,LR0207,Lahore,"Tehsil Office, Allama Iqbal Town",LWMC-AlIT,Loader Rickshaw,Door To Door Collection,moving,on,20.314,325.21,31.461732,74.295862,11/08/2026 10:39 AM,11/08/2026 11:00 AM,Reporting,Moving,14.14,False,UC-222,Allama Iqbal Town,Zone-39,Loader Rickshaw,Allama Iqbal Town,True,2026-08-11
-,LR-2612,LR2612,Lahore,"Tehsil Office, Allama Iqbal Town",LWMC-AlIT,-,-,moving,on,22.354,202.03,31.526348,74.280252,11/08/2026 10:21 AM,11/08/2026 11:00 AM,Reporting,Moving,13.98,False,UC-95,Allama Iqbal Town,Zone-37,Loader Rickshaw,Allama Iqbal Town,True,2026-08-11
22914,LR-0603,LR0603,Lahore,"Tehsil Office, Allama Iqbal Town",LWMC-AlIT,Loader Rickshaw,Door To Door Collection,still,off,38.274,103.34,31.465063,74.276975,11/08/2026 10:46 AM,11/08/2026 11:00 AM,Reporting,Moving,13.83,False,UC-115,Allama Iqbal Town,Zone-40,Loader Rickshaw,Allama Iqbal Town,True,2026-08-11
-,LR-2757,LR2757,Lahore,"Tehsil Office, Allama Iqbal Town",LWMC-AlIT,-,-,moving,on,20.416,226.31,31.50547,74.256018,11/08/2026 10:23 AM,11/08/2026 10:30 AM,Reporting,Parked,26.99,False,UC-106,Allama Iqbal Town,Zone-38,Loader Rickshaw,Allama Iqbal Town,True,2026-08-11
-,LR-2648,LR2648,Lahore,"Tehsil Office, Allama Iqbal Town",LWMC-AlIT,-,-,moving,on,24.001,232.56,31.461218,74.315352,11/08/2026 10:17 AM,11/08/2026 11:00 AM,Reporting,Moving,13.93,False,UC-232,Allama Iqbal Town,Zone-39,Loader Rickshaw,Allama Iqbal Town,True,2026-08-11
22836,LR-0313,LR0313,Lahore,"Tehsil Office, Allama Iqbal Town",LWMC-AlIT,Loader Rickshaw,Door To Door Collection,still,off,10.857,197.98,31.473195,74.224606,11/08/2026 09:41 AM,11/08/2026 11:00 AM,Reporting,Moving,14.55,False,UC-117,Allama Iqbal Town,Zone-41,Loader Rickshaw,Allama Iqbal Town,True,2026-08-11
22898,LR-0541,LR0541,Lahore,"Tehsil Office, Allama Iqbal Town",LWMC-AlIT,Loader Rickshaw,Door To Door Collection,moving,on,13.866,251.3,31.47284,74.296335,11/08/2026 09:09 AM,11/08/2026 10:00 AM,Reporting,Moving,10.98,False,UC-220,Allama Iqbal Town,Zone-39,Loader Rickshaw,Allama Iqbal Town,True,2026-08-11
-,LR-1695,LR1695,Lahore,"Tehsil Office, Allama Iqbal Town",LWMC-AlIT,-,-,moving,on,32.227,170.41,31.493024,74.267347,11/08/2026 09:49 AM,11/08/2026 10:00 AM,Reporting,Parked,0.0,True,UC-112,Allama Iqbal Town,Zone-38,Loader Rickshaw,Allama Iqbal Town,True,2026-08-11
-,LR-1541,LR1541,Lahore,"Tehsil Office, Allama Iqbal Town",LWMC-AlIT,-,-,moving,on,0.043,0.01,31.465282,74.225363,11/08/2026 05:27 AM,-,Reporting,No Activity Since Yesterday,14.85,False,UC-117,Allama Iqbal Town,Zone-41,Loader Rickshaw,Allama Iqbal Town,True,2026-08-11
-,LR-2622,LR2622,Lahore,"Tehsil Office, Allama Iqbal Town",LWMC-AlIT,-,-,moving,on,14.281,114.28,31.529665,74.274721,11/08/2026 10:39 AM,11/08/2026 11:00 AM,Reporting,Moving,11.84,False,UC-102,Allama Iqbal Town,Zone-37,Loader Rickshaw,Allama Iqbal Town,True,2026-08-11
22849,LR-0442,LR0442,Lahore,"Tehsil Office, Allama Iqbal Town",LWMC-AlIT,Loader Rickshaw,Door To Door Collection,moving,on,24.545,271.64,31.391622,74.282559,11/08/2026 09:53 AM,11/08/2026 11:00 AM,Reporting,Moving,13.07,False,UC-257,Allama Iqbal Town,Zone-40,Loader Rickshaw,Allama Iqbal Town,True,2026-08-11
-,LR-1983,LR1983,Lahore,"Tehsil Office, Allama Iqbal Town",LWMC-AlIT,-,-,still,off,22.083,141.53,31.463765,74.309512,11/08/2026 09:52 AM,11/08/2026 11:00 AM,Reporting,Parked,0.0,True,UC-232,Allama Iqbal Town,Zone-39,Loader Rickshaw,Allama Iqbal Town,True,2026-08-11
22845,LR-0312,LR0312,Lahore,"Tehsil Office, Allama Iqbal Town",LWMC-AlIT,Loader Rickshaw,Door To Door Collection,still,off,23.574,320.06,31.532528,74.278998,11/08/2026 10:44 AM,11/08/2026 11:00 AM,Reporting,Moving,0.0,True,UC-96,Allama Iqbal Town,Zone-37,Loader Rickshaw,Allama Iqbal Town,True,2026-08-11
22795,LR-0175,LR0175,Lahore,"Tehsil Office, Allama Iqbal Town",LWMC-AlIT,Loader Rickshaw,Door To Door Collection,moving,on,24.934,202.88,31.480284,74.23461,11/08/2026 10:04 AM,11/08/2026 11:00 AM,Reporting,Parked,0.0,True,UC-110,Allama Iqbal Town,Zone-41,Loader Rickshaw,Allama Iqbal Town,True,2026-08-11
-,LR-2637,LR2637,Lahore,"Tehsil Office, Allama Iqbal Town",LWMC-AlIT,-,-,moving,on,22.292,227.28,31.479279,74.295037,11/08/2026 10:07 AM,11/08/2026 10:30 AM,Reporting,Parked,0.0,True,UC-220,Allama Iqbal Town,Zone-39,Loader Rickshaw,Allama Iqbal Town,True,2026-08-11
-,LR-1374,LR1374,Lahore,"Tehsil Office, Allama Iqbal Town",LWMC-AlIT,-,-,moving,on,22.137,66.78,31.428712,74.174513,11/08/2026 09:55 AM,11/08/2026 11:00 AM,Reporting,Parked,8.88,False,UC-259,Allama Iqbal Town,Zone-41,Loader Rickshaw,Allama Iqbal Town,True,2026-08-11
22816,LR-0219,LR0219,Lahore,"Tehsil Office, Allama Iqbal Town",LWMC-AlIT,Loader Rickshaw,Door To Door Collection,still,off,20.204,210.41,31.401117,74.225673,11/08/2026 10:03 AM,11/08/2026 10:30 AM,Reporting,Parked,0.0,True,UC-269,Nishter Town,Zone-47,Loader Rickshaw,Allama Iqbal Town,False,2026-08-11
18446,CA-79,CA79,Lahore,"Tehsil Office, Allama Iqbal Town",LWMC-AlIT,Chain Arm Roll,Container-Based Collection,moving,on,106.98,303.69,31.4798,74.213451,11/08/2026 10:28 AM,11/08/2026 11:00 AM,Reporting,Moving,0.0,True,,,,Chain Arm Roll,Allama Iqbal Town,False,2026-08-11
22819,LR-0213,LR0213,Lahore,"Tehsil Office, Allama Iqbal Town",LWMC-AlIT,Loader Rickshaw,Door To Door Collection,moving,on,12.696,264.53,31.415347,74.221071,11/08/2026 09:49 AM,11/08/2026 10:00 AM,Reporting,Moving,8.37,False,UC-269,Nishter Town,Zone-47,Loader Rickshaw,Allama Iqbal Town,False,2026-08-11
22970,LR-1019,LR1019,Lahore,"Tehsil Office, Allama Iqbal Town",LWMC-AlIT,Loader Rickshaw,Door To Door Collection,moving,on,13.64,104.7,31.437034,74.174444,11/08/2026 10:29 AM,11/08/2026 11:00 AM,Reporting,Moving,28.26,False,UC-258,Allama Iqbal Town,Zone-41,Loader Rickshaw,Allama Iqbal Town,True,2026-08-11
-,LR-1988,LR1988,Lahore,"Tehsil Office, Allama Iqbal Town",LWMC-AlIT,-,-,still,off,22.695,93.84,31.452865,74.309703,11/08/2026 10:30 AM,11/08/2026 11:00 AM,Reporting,Parked,0.0,True,UC-234,Allama Iqbal Town,Zone-39,Loader Rickshaw,Allama Iqbal Town,True,2026-08-11
22888,LR-0531,LR0531,Lahore,"Tehsil Office, Allama Iqbal Town",LWMC-AlIT,Loader Rickshaw,Door To Door Collection,still,off,29.752,215.19,31.462719,74.308999,11/08/2026 10:30 AM,11/08/2026 11:00 AM,Reporting,Moving,12.91,False,UC-232,Allama Iqbal Town,Zone-39,Loader Rickshaw,Allama Iqbal Town,True,2026-08-11
22988,LR-1107,LR1107,Lahore,"Tehsil Office, Allama Iqbal Town",LWMC-AlIT,Loader Rickshaw,Door To Door Collection,moving,on,24.943,213.81,31.256521,74.218915,11/08/2026 09:12 AM,11/08/2026 11:00 AM,Reporting,Moving,11.84,False,UC-272,Allama Iqbal Town,Zone-43,Loader Rickshaw,Allama Iqbal Town,True,2026-08-11
22918,LR-0607,LR0607,Lahore,"Tehsil Office, Allama Iqbal Town",LWMC-AlIT,Loader Rickshaw,Door To Door Collection,moving,on,17.982,216.78,31.476586,74.224205,11/08/2026 09:57 AM,11/08/2026 11:00 AM,Reporting,Excess Idling,9.29,False,UC-117,Allama Iqbal Town,Zone-41,Loader Rickshaw,Allama Iqbal Town,True,2026-08-11
19660,M-07,M07,Lahore,"Tehsil Office, Allama Iqbal Town",LWMC-AlIT,Mini Dumper,Bulk Waste Collection,moving,on,33.55,313.06,31.277774,74.192421,11/08/2026 10:41 AM,11/08/2026 11:00 AM,Reporting,Moving,14.44,False,UC-267,Allama Iqbal Town,Zone-43,Foton-Mini Dumper,Allama Iqbal Town,True,2026-08-11
22825,LR-0205,LR0205,Lahore,"Tehsil Office, Allama Iqbal Town",LWMC-AlIT,Loader Rickshaw,Door To Door Collection,moving,on,30.839,127.38,31.466573,74.299518,11/08/2026 10:33 AM,11/08/2026 11:00 AM,Reporting,Parked,0.0,True,UC-222,Allama Iqbal Town,Zone-39,Loader Rickshaw,Allama Iqbal Town,True,2026-08-11
-,LR-2977,LR2977,Lahore,"Tehsil Office, Allama Iqbal Town",LWMC-AlIT,-,-,still,off,12.779,105.03,31.45437,74.369027,11/08/2026 10:00 AM,11/08/2026 11:00 AM,Reporting,Moving,14.29,False,UC-249,Nishter Town,Zone-45,,Allama Iqbal Town,False,2026-08-11
22943,LR-0874,LR0874,Lahore,"Tehsil Office, Allama Iqbal Town",LWMC-AlIT,Loader Rickshaw,Door To Door Collection,moving,on,23.918,161.33,31.478808,74.216632,11/08/2026 10:04 AM,11/08/2026 11:00 AM,Reporting,Moving,14.44,False,UC-117,Allama Iqbal Town,Zone-41,Loader Rickshaw,Allama Iqbal Town,True,2026-08-11
-,LR-2623,LR2623,Lahore,"Tehsil Office, Allama Iqbal Town",LWMC-AlIT,-,-,moving,on,16.797,89.5,31.53051,74.274231,11/08/2026 09:54 AM,11/08/2026 10:30 AM,Reporting,Parked,13.98,False,UC-102,Allama Iqbal Town,Zone-37,Loader Rickshaw,Allama Iqbal Town,True,2026-08-11
19653,S-142,S142,Lahore,"Tehsil Office, Allama Iqbal Town",LWMC-AlIT,Mini Dumper,Bulk Waste Collection,moving,on,36.614,146.19,31.363134,74.233839,11/08/2026 10:44 AM,11/08/2026 11:00 AM,Reporting,Moving,13.32,False,UC-270,Nishter Town,Zone-47,Mini Dumper,Allama Iqbal Town,False,2026-08-11
22829,LR-0209,LR0209,Lahore,"Tehsil Office, Allama Iqbal Town",LWMC-AlIT,Loader Rickshaw,Door To Door Collection,moving,on,22.584,176.69,31.476897,74.289139,11/08/2026 09:21 AM,11/08/2026 10:30 AM,Reporting,Moving,27.04,False,UC-220,Allama Iqbal Town,Zone-39,Loader Rickshaw,Allama Iqbal Town,True,2026-08-11
-,LR-2013,LR2013,Lahore,"Tehsil Office, Allama Iqbal Town",LWMC-AlIT,-,-,moving,on,16.282,104.45,31.330355,74.108918,11/08/2026 10:36 AM,11/08/2026 11:00 AM,Reporting,Idle,0.0,True,UC-262,Allama Iqbal Town,Zone-42,Loader Rickshaw,Allama Iqbal Town,True,2026-08-11
-,LR-2760,LR2760,Lahore,"Tehsil Office, Allama Iqbal Town",LWMC-AlIT,-,-,moving,on,29.296,167.61,31.473726,74.234246,11/08/2026 10:05 AM,11/08/2026 10:30 AM,Reporting,Parked,24.08,False,UC-110,Allama Iqbal Town,Zone-41,Loader Rickshaw,Allama Iqbal Town,True,2026-08-11
22813,LR-0216,LR0216,Lahore,"Tehsil Office, Allama Iqbal Town",LWMC-AlIT,Loader Rickshaw,Door To Door Collection,still,off,13.651,86.34,31.402752,74.225523,11/08/2026 10:38 AM,11/08/2026 11:00 AM,Reporting,Parked,0.0,True,UC-269,Nishter Town,Zone-47,Loader Rickshaw,Allama Iqbal Town,False,2026-08-11
22964,LR-1013,LR1013,Lahore,"Tehsil Office, Allama Iqbal Town",LWMC-AlIT,Loader Rickshaw,Door To Door Collection,moving,on,23.16,76.36,31.492816,74.275206,11/08/2026 10:18 AM,11/08/2026 10:30 AM,Reporting,Idle,12.81,False,UC-112,Allama Iqbal Town,Zone-38,Loader Rickshaw,Allama Iqbal Town,True,2026-08-11
-,LR-2056,LR2056,Lahore,"Tehsil Office, Allama Iqbal Town",LWMC-AlIT,-,-,moving,on,17.651,75.75,31.530845,74.283917,11/08/2026 08:29 AM,11/08/2026 09:00 AM,Reporting,Parked,12.61,False,UC-95,Allama Iqbal Town,Zone-37,Loader Rickshaw,Allama Iqbal Town,True,2026-08-11
-,LR-2372,LR2372,Lahore,"Tehsil Office, Allama Iqbal Town",LWMC-AlIT,-,-,moving,on,41.186,320.08,31.273933,74.235756,11/08/2026 10:30 AM,11/08/2026 11:00 AM,Reporting,Moving,14.85,False,UC-268,Allama Iqbal Town,Zone-43,Loader Rickshaw,Allama Iqbal Town,True,2026-08-11
-,LR-2630,LR2630,Lahore,"Tehsil Office, Allama Iqbal Town",LWMC-AlIT,-,-,moving,on,21.056,250.31,31.490016,74.238584,11/08/2026 10:18 AM,11/08/2026 11:00 AM,Reporting,Moving,14.9,False,UC-109,Allama Iqbal Town,Zone-38,Loader Rickshaw,Allama Iqbal Town,True,2026-08-11
-,LR-2924,LR2924,Lahore,"Tehsil Office, Allama Iqbal Town",LWMC-AlIT,-,-,moving,on,22.263,297.64,31.44249,74.292245,11/08/2026 10:17 AM,11/08/2026 10:30 AM,Reporting,Moving,11.43,False,UC-222,Allama Iqbal Town,Zone-39,,Allama Iqbal Town,True,2026-08-11
22826,LR-0206,LR0206,Lahore,"Tehsil Office, Allama Iqbal Town",LWMC-AlIT,Loader Rickshaw,Door To Door Collection,moving,on,22.566,95.78,31.468977,74.298369,11/08/2026 10:18 AM,11/08/2026 11:00 AM,Reporting,Moving,12.35,False,UC-222,Allama Iqbal Town,Zone-39,Loader Rickshaw,Allama Iqbal Town,True,2026-08-11
-,LR-1444,LR1444,Lahore,"Tehsil Office, Allama Iqbal Town",LWMC-AlIT,-,-,moving,on,24.597,106.53,31.466727,74.253502,11/08/2026 10:27 AM,11/08/2026 11:00 AM,Reporting,Moving,12.96,False,UC-114,Allama Iqbal Town,Zone-40,Loader Rickshaw,Allama Iqbal Town,True,2026-08-11
22991,LR-1110,LR1110,Lahore,"Tehsil Office, Allama Iqbal Town",LWMC-AlIT,Loader Rickshaw,Door To Door Collection,still,off,25.358,324.71,31.27396,74.194208,11/08/2026 10:44 AM,11/08/2026 11:00 AM,Reporting,Moving,0.0,True,UC-273,Allama Iqbal Town,Zone-43,Loader Rickshaw,Allama Iqbal Town,True,2026-08-11
-,LR-1692,LR1692,Lahore,"Tehsil Office, Allama Iqbal Town",LWMC-AlIT,-,-,still,off,18.367,253.4,31.535946,74.270577,11/08/2026 10:38 AM,11/08/2026 11:00 AM,Reporting,Moving,13.78,False,UC-101,Allama Iqbal Town,Zone-37,Loader Rickshaw,Allama Iqbal Town,True,2026-08-11
-,LR-2142,LR2142,Lahore,"Tehsil Office, Allama Iqbal Town",LWMC-AlIT,-,-,moving,on,20.315,92.41,31.403532,74.16915,11/08/2026 10:38 AM,11/08/2026 11:00 AM,Reporting,Parked,,False,UC-261,Allama Iqbal Town,Zone-41,Loader Rickshaw,Allama Iqbal Town,True,2026-08-11
22968,LR-1017,LR1017,Lahore,"Tehsil Office, Allama Iqbal Town",LWMC-AlIT,Loader Rickshaw,Door To Door Collection,moving,on,9.606,54.93,31.437013,74.173873,11/08/2026 09:58 AM,11/08/2026 11:00 AM,Reporting,Parked,11.79,False,UC-258,Allama Iqbal Town,Zone-41,Loader Rickshaw,Allama Iqbal Town,True,2026-08-11
-,LR-2909,LR2909,Lahore,"Tehsil Office, Allama Iqbal Town",LWMC-AlIT,-,-,moving,on,19.3,95.03,31.475326,74.227499,11/08/2026 10:24 AM,11/08/2026 11:00 AM,Reporting,Parked,12.61,False,UC-110,Allama Iqbal Town,Zone-41,,Allama Iqbal Town,True,2026-08-11
22867,LR-0470,LR0470,Lahore,"Tehsil Office, Allama Iqbal Town",LWMC-AlIT,Loader Rickshaw,Door To Door Collection,moving,on,18.975,224.3,31.250437,74.215157,11/08/2026 09:11 AM,11/08/2026 09:30 AM,Reporting,Excess Idling,13.47,False,UC-273,Allama Iqbal Town,Zone-43,Loader Rickshaw,Allama Iqbal Town,True,2026-08-11
19678,S-279,S279,Lahore,"Tehsil Office, Allama Iqbal Town",LWMC-AlIT,Mini Dumper,Bulk Waste Collection,still,off,48.271,179.8,31.253461,74.213484,11/08/2026 10:37 AM,11/08/2026 11:00 AM,Reporting,Moving,11.28,False,UC-273,Allama Iqbal Town,Zone-43,Mini Dumper,Allama Iqbal Town,True,2026-08-11
-,LR-2755,LR2755,Lahore,"Tehsil Office, Allama Iqbal Town",LWMC-AlIT,-,-,still,off,31.613,224.88,31.471335,74.267897,11/08/2026 10:00 AM,11/08/2026 11:00 AM,Reporting,Moving,13.88,False,UC-114,Allama Iqbal Town,Zone-40,Loader Rickshaw,Allama Iqbal Town,True,2026-08-11
-,LR-0060,LR0060,Lahore,"Tehsil Office, Allama Iqbal Town",LWMC-AlIT,-,-,still,off,30.232,293.66,31.256408,74.170059,11/08/2026 10:14 AM,11/08/2026 10:30 AM,Reporting,Moving,,False,UC-267,Allama Iqbal Town,Zone-43,Loader Rickshaw,Allama Iqbal Town,True,2026-08-11
22781,LR-0044,LR0044,Lahore,"Tehsil Office, Allama Iqbal Town",LWMC-AlIT,Loader Rickshaw,Door To Door Collection,moving,on,23.63,508.8,31.534484,74.267322,11/08/2026 10:40 AM,11/08/2026 11:00 AM,Reporting,Moving,13.53,False,UC-101,Allama Iqbal Town,Zone-37,Loader Rickshaw,Allama Iqbal Town,True,2026-08-11
18381,HA-20,HA20,Lahore,"Tehsil Office, Allama Iqbal Town",LWMC-AlIT,Arm Roll Truck,Container-Based Collection,moving,on,0.251,56.39,31.465298,74.225393,11/08/2026 06:45 AM,11/08/2026 07:03 AM,Reporting,No Activity Since Yesterday,23.93,False,UC-117,Allama Iqbal Town,Zone-41,Arm Roll,Allama Iqbal Town,True,2026-08-11
-,LR-1373,LR1373,Lahore,"Tehsil Office, Allama Iqbal Town",LWMC-AlIT,-,-,moving,on,18.565,234.73,31.414272,74.170336,11/08/2026 10:39 AM,11/08/2026 11:00 AM,Reporting,Moving,12.25,False,UC-259,Allama Iqbal Town,Zone-41,Loader Rickshaw,Allama Iqbal Town,True,2026-08-11
-,LR-2740,LR2740,Lahore,"Tehsil Office, Allama Iqbal Town",LWMC-AlIT,-,-,still,off,15.76,159.65,31.394164,74.276776,11/08/2026 08:22 AM,11/08/2026 10:00 AM,Reporting,Moving,11.54,False,UC-257,Allama Iqbal Town,Zone-40,Loader Rickshaw,Allama Iqbal Town,True,2026-08-11
18519,C-1308,C1308,Lahore,"Tehsil Office, Allama Iqbal Town",LWMC-AlIT,Compactor (13CM),Container-Based Collection,moving,on,54.158,295.0,31.461631,74.290096,11/08/2026 10:36 AM,11/08/2026 11:00 AM,Reporting,Moving,27.5,False,UC-222,Allama Iqbal Town,Zone-39,Compactor,Allama Iqbal Town,True,2026-08-11
-,LR-2918,LR2918,Lahore,"Tehsil Office, Allama Iqbal Town",LWMC-AlIT,-,-,moving,on,29.198,258.58,31.377824,74.334097,11/08/2026 10:13 AM,11/08/2026 11:00 AM,Reporting,Parked,9.04,False,UC-251,Nishter Town,Zone-47,,Allama Iqbal Town,False,2026-08-11
-,LR-2061,LR2061,Lahore,"Tehsil Office, Allama Iqbal Town",LWMC-AlIT,-,-,moving,on,15.361,207.53,31.519002,74.275055,11/08/2026 10:46 AM,11/08/2026 11:00 AM,Reporting,Moving,11.64,False,UC-97,Allama Iqbal Town,Zone-37,Loader Rickshaw,Allama Iqbal Town,True,2026-08-11
22949,LR-0917,LR0917,Lahore,"Tehsil Office, Allama Iqbal Town",LWMC-AlIT,Loader Rickshaw,Door To Door Collection,moving,on,11.279,264.85,31.381949,74.161619,11/08/2026 10:19 AM,11/08/2026 10:30 AM,Reporting,Moving,10.57,False,UC-260,Allama Iqbal Town,Zone-41,Loader Rickshaw,Allama Iqbal Town,True,2026-08-11
-,LR-1305,LR1305,Lahore,"Tehsil Office, Shalimar Town",LWMC-ShTo,-,-,moving,on,12.624,159.34,31.588267,74.340167,11/08/2026 10:35 AM,11/08/2026 11:00 AM,Reporting,Parked,0.0,True,UC-46,Shalimar Town,Zone-7,Loader Rickshaw,Shalimar Town,True,2026-08-11
25272,LR-0479,LR0479,Lahore,"Tehsil Office, Shalimar Town",LWMC-ShTo,Loader Rickshaw,Door to Door Collection,moving,on,10.617,71.45,31.602514,74.365303,11/08/2026 10:46 AM,11/08/2026 11:00 AM,Reporting,Parked,11.28,False,UC-161,Shalimar Town,Zone-9,Loader Rickshaw,Shalimar Town,True,2026-08-11
19445,MFL-115,MFL115,Lahore,"Tehsil Office, Shalimar Town",LWMC-ShTo,Loader Rickshaw,Door To Door Collection,moving,on,17.731,127.63,31.609379,74.338055,11/08/2026 10:30 AM,11/08/2026 11:00 AM,Reporting,Parked,11.54,False,UC-25,Shalimar Town,Zone-6,Loader,Shalimar Town,True,2026-08-11
25289,LR-0569,LR0569,Lahore,"Tehsil Office, Shalimar Town",LWMC-ShTo,Loader Rickshaw,Door to Door Collection,moving,on,16.495,320.11,31.597889,74.336571,11/08/2026 10:27 AM,11/08/2026 11:00 AM,Reporting,Moving,15.62,False,UC-45,Shalimar Town,Zone-6,Loader Rickshaw,Shalimar Town,True,2026-08-11
23330,LR-0965,LR0965,Lahore,"Tehsil Office, Shalimar Town",LWMC-ShTo,Loader Rickshaw,Door To Door Collection,moving,on,22.425,213.19,31.583273,74.375921,11/08/2026 10:12 AM,11/08/2026 11:00 AM,Reporting,Parked,12.2,False,UC-128,Shalimar Town,Zone-10,Loader Rickshaw,Shalimar Town,True,2026-08-11
-,LR-2418,LR2418,Lahore,"Tehsil Office, Shalimar Town",LWMC-ShTo,-,-,moving,on,18.483,339.16,31.587624,74.352433,11/08/2026 10:43 AM,11/08/2026 11:00 AM,Reporting,Idle,6.69,False,UC-167,Shalimar Town,Zone-8,Loader Rickshaw,Shalimar Town,True,2026-08-11
-,LR-2946,LR2946,Lahore,"Tehsil Office, Shalimar Town",LWMC-ShTo,-,-,moving,on,16.684,292.64,31.590082,74.362842,11/08/2026 10:30 AM,11/08/2026 11:00 AM,Reporting,Moving,11.28,False,UC-162,Shalimar Town,Zone-9,Loader Rickshaw,Shalimar Town,True,2026-08-11
25317,LR-0859,LR0859,Lahore,"Tehsil Office, Shalimar Town",LWMC-ShTo,Loader Rickshaw,Door to Door Collection,moving,on,19.884,219.38,31.601233,74.358166,11/08/2026 10:20 AM,11/08/2026 11:00 AM,Reporting,Idle,11.79,False,UC-161,Shalimar Town,Zone-9,Loader Rickshaw,Shalimar Town,True,2026-08-11
-,LR-1791,LR1791,Lahore,"Tehsil Office, Shalimar Town",LWMC-ShTo,-,-,moving,on,14.205,329.06,31.584875,74.333738,11/08/2026 10:34 AM,11/08/2026 11:00 AM,Reporting,Excess Idling,0.0,True,UC-30,Ravi Town,Zone-4,Loader Rickshaw,Shalimar Town,False,2026-08-11
-,S-01,S01,Lahore,"Tehsil Office, Shalimar Town",LWMC-ShTo,-,-,moving,on,26.463,185.65,31.582157,74.344182,11/08/2026 10:44 AM,11/08/2026 11:00 AM,Reporting,Moving,13.58,False,UC-44,Shalimar Town,Zone-8,Mini Dumper,Shalimar Town,True,2026-08-11
-,LR-2377,LR2377,Lahore,"Tehsil Office, Shalimar Town",LWMC-ShTo,-,-,moving,on,6.576,16.86,31.583233,74.339663,11/08/2026 10:06 AM,11/08/2026 11:00 AM,Reporting,Excess Idling,0.0,True,UC-46,Shalimar Town,Zone-7,Loader Rickshaw,Shalimar Town,True,2026-08-11
-,LR-2779,LR2779,Lahore,"Tehsil Office, Shalimar Town",LWMC-ShTo,-,-,still,off,7.864,184.56,31.605512,74.349601,11/08/2026 09:45 AM,11/08/2026 10:30 AM,Reporting,Moving,11.69,False,UC-26,Shalimar Town,Zone-6,Loader Rickshaw,Shalimar Town,True,2026-08-11
-,M-114,M114,Lahore,"Tehsil Office, Shalimar Town",LWMC-ShTo,-,-,moving,on,33.542,145.18,31.584781,74.386412,11/08/2026 10:21 AM,11/08/2026 11:00 AM,Reporting,Parked,12.66,False,UC-154,Shalimar Town,Zone-10,Foton-Mini Dumper,Shalimar Town,True,2026-08-11
-,LR-2081,LR2081,Lahore,"Tehsil Office, Shalimar Town",LWMC-ShTo,-,-,still,off,16.583,161.65,31.588213,74.361003,11/08/2026 10:41 AM,11/08/2026 11:00 AM,Reporting,Moving,11.74,False,UC-164,Shalimar Town,Zone-8,Loader Rickshaw,Shalimar Town,True,2026-08-11
-,S-387,S387,Lahore,"Tehsil Office, Shalimar Town",LWMC-ShTo,-,-,moving,on,16.511,90.16,31.608613,74.368923,11/08/2026 09:39 AM,11/08/2026 11:00 AM,Reporting,Moving,13.27,False,UC-108,Wagha Town,Zone-13,Mini Dumper,Shalimar Town,False,2026-08-11
-,LR-2065,LR2065,Lahore,"Tehsil Office, Shalimar Town",LWMC-ShTo,-,-,still,off,24.386,214.43,31.610398,74.381633,11/08/2026 10:38 AM,11/08/2026 11:00 AM,Reporting,Parked,0.0,True,UC-108,Wagha Town,Zone-13,Loader Rickshaw,Shalimar Town,False,2026-08-11
-,S-330,S330,Lahore,"Tehsil Office, Shalimar Town",LWMC-ShTo,-,-,still,off,34.203,141.9,31.608608,74.36839,11/08/2026 10:08 AM,11/08/2026 11:00 AM,Reporting,Parked,11.59,False,UC-108,Wagha Town,Zone-13,Mini Dumper,Shalimar Town,False,2026-08-11
25294,LR-0596,LR0596,Lahore,"Tehsil Office, Shalimar Town",LWMC-ShTo,Loader Rickshaw,Door to Door Collection,still,off,23.917,241.48,31.58305,74.36951,11/08/2026 10:34 AM,11/08/2026 11:00 AM,Reporting,Parked,0.0,True,UC-125,Shalimar Town,Zone-10,Loader Rickshaw,Shalimar Town,True,2026-08-11
-,M-120,M120,Lahore,"Tehsil Office, Shalimar Town",LWMC-ShTo,-,-,moving,on,38.982,157.13,31.608543,74.352748,11/08/2026 09:28 AM,11/08/2026 11:00 AM,Reporting,Parked,13.42,False,UC-24,Shalimar Town,Zone-6,Foton-Mini Dumper,Shalimar Town,True,2026-08-11
-,LR-1707,LR1707,Lahore,"Tehsil Office, Gulberg Town",LWMC-GuTo,-,-,moving,on,18.342,147.61,31.501544,74.332491,11/08/2026 09:06 AM,11/08/2026 11:00 AM,Reporting,Moving,14.65,False,UC-208,Gulberg Town,Zone-23,Loader Rickshaw,Gulberg Town,True,2026-08-11
22514,LR-0797,LR0797,Lahore,"Tehsil Office, Gulberg Town",LWMC-GuTo,Loader Rickshaw,Door To Door Collection,moving,on,9.02,71.21,31.571339,74.369834,11/08/2026 10:03 AM,11/08/2026 10:30 AM,Reporting,Moving,12.0,False,UC-120,Gulberg Town,Zone-19,Loader Rickshaw,Gulberg Town,True,2026-08-11
-,D-50,D50,Lahore,"Tehsil Office, Gulberg Town",LWMC-GuTo,-,-,moving,on,72.048,159.61,31.417702,74.358855,11/08/2026 10:18 AM,11/08/2026 11:00 AM,Reporting,Moving,14.8,False,UC-246,Nishter Town,Zone-48,Dumper,Gulberg Town,False,2026-08-11
-,D-18,D18,Lahore,"Tehsil Office, Gulberg Town",LWMC-GuTo,-,-,moving,on,86.623,264.39,31.394751,74.36219,11/08/2026 09:13 AM,11/08/2026 11:00 AM,Reporting,Moving,23.73,False,UC-244,Nishter Town,Zone-48,Dumper,Gulberg Town,False,2026-08-11
22531,LR-0984,LR0984,Lahore,"Tehsil Office, Gulberg Town",LWMC-GuTo,Loader Rickshaw,Door To Door Collection,moving,on,8.208,301.21,31.521625,74.340189,11/08/2026 10:45 AM,11/08/2026 11:00 AM,Reporting,Moving,12.51,False,UC-203,Gulberg Town,Zone-21,Loader Rickshaw,Gulberg Town,True,2026-08-11
22543,LR-0638,LR0638,Lahore,"Tehsil Office, Gulberg Town",LWMC-GuTo,Loader Rickshaw,Door To Door Collection,moving,on,13.797,65.81,31.551647,74.35617,11/08/2026 09:47 AM,11/08/2026 10:00 AM,Reporting,Parked,11.89,False,UC-81,DGBT,Zone-26,Loader Rickshaw,Gulberg Town,False,2026-08-11
-,LR-1583,LR1583,Lahore,"Tehsil Office, Gulberg Town",LWMC-GuTo,-,-,moving,on,20.247,75.93,31.575661,74.365558,11/08/2026 09:19 AM,11/08/2026 10:30 AM,Reporting,Excess Idling,12.25,False,UC-119,Gulberg Town,Zone-19,Loader Rickshaw,Gulberg Town,True,2026-08-11
-,CH-SW250549CL3,CHSW250549CL3,Lahore,"Tehsil Office, Gulberg Town",LWMC-GuTo,-,-,moving,on,12.258,243.56,31.357405,74.378477,11/08/2026 09:45 AM,11/08/2026 11:00 AM,Reporting,Excess Idling,13.73,False,UC-248,Nishter Town,Zone-49,,Gulberg Town,False,2026-08-11
-,LR-1718,LR1718,Lahore,"Tehsil Office, Gulberg Town",LWMC-GuTo,-,-,moving,on,25.664,123.79,31.453884,74.212578,11/08/2026 08:53 AM,11/08/2026 09:00 AM,Reporting,Parked,14.8,False,UC-116,Allama Iqbal Town,Zone-41,Loader Rickshaw,Allama Iqbal Town,True,2026-08-11
-,LR-3112,LR3112,Lahore,"Tehsil Office, Gulberg Town",LWMC-GuTo,-,-,still,off,13.834,313.83,31.370073,74.375811,11/08/2026 10:30 AM,11/08/2026 11:00 AM,Reporting,Moving,11.08,False,UC-244,Nishter Town,Zone-48,,Gulberg Town,False,2026-08-11
-,LR-1556,LR1556,Lahore,"Tehsil Office, Gulberg Town",LWMC-GuTo,-,-,moving,on,10.94,51.16,31.560511,74.353214,11/08/2026 09:45 AM,11/08/2026 10:00 AM,Reporting,Parked,11.89,False,UC-124,Gulberg Town,Zone-19,Loader Rickshaw,Gulberg Town,True,2026-08-11
-,LR-0374,LR0374,Lahore,"Tehsil Office, Data Gunj Baksh Town",LWMC-DaGB,-,-,moving,on,18.044,262.01,31.610738,74.382596,11/08/2026 10:01 AM,11/08/2026 11:00 AM,Reporting,Moving,12.56,False,UC-108,Wagha Town,Zone-13,Loader Rickshaw,Wagha Town,True,2026-08-11
19076,MFL-47,MFL47,Lahore,"Tehsil Office, Data Gunj Baksh Town",LWMC-DaGB,Loader Rickshaw,Bulk Waste Collection,moving,on,7.13,115.29,31.566964,74.286434,11/08/2026 10:35 AM,11/08/2026 11:00 AM,Reporting,Parked,16.99,False,UC-60,DGBT,Zone-29,Loader,DGBT,True,2026-08-11
19738,S-115,S115,Lahore,"Tehsil Office, Data Gunj Baksh Town",LWMC-DaGB,Mini Dumper,Bulk Waste Collection,moving,on,36.878,140.75,31.573129,74.291845,11/08/2026 10:36 AM,11/08/2026 11:00 AM,Reporting,Parked,12.1,False,UC-59,DGBT,Zone-29,Mini Dumper,DGBT,True,2026-08-11
-,ND-23,ND23,Lahore,"Tehsil Office, Data Gunj Baksh Town",LWMC-DaGB,-,-,moving,on,77.792,175.75,31.563965,74.389852,11/08/2026 10:29 AM,11/08/2026 11:00 AM,Reporting,Moving,28.52,False,UC-184,Aziz Bhatti Town,Zone-18,Dumper,DGBT,False,2026-08-11
19730,S-239,S239,Lahore,"Tehsil Office, Data Gunj Baksh Town",LWMC-DaGB,Mini Dumper,Bulk Waste Collection,moving,on,23.385,135.44,31.574651,74.308558,11/08/2026 10:10 AM,11/08/2026 11:00 AM,Reporting,Moving,12.35,False,UC-63,DGBT,Zone-27,Mini Dumper,DGBT,True,2026-08-11
-,LR-3091,LR3091,Lahore,"Tehsil Office, Data Gunj Baksh Town",LWMC-DaGB,-,-,moving,on,8.832,293.76,31.563862,74.283572,11/08/2026 10:22 AM,11/08/2026 11:00 AM,Reporting,Moving,11.84,False,UC-66,DGBT,Zone-29,Loader Rickshaw,Ravi Town,False,2026-08-11
19552,MS-15,MS15,Lahore,"Tehsil Office, Data Gunj Baksh Town",LWMC-DaGB,Mechanical Sweeper,Sweeping,still,off,28.116,258.5,31.574085,74.285916,11/08/2026 09:57 AM,11/08/2026 11:00 AM,Reporting,Parked,13.12,False,UC-56,DGBT,Zone-29,Mechanical Sweeper,Night Operations,False,2026-08-11
19780,S-72,S72,Lahore,"Tehsil Office, Data Gunj Baksh Town",LWMC-DaGB,Mini Dumper,Bulk Waste Collection,moving,on,24.461,92.03,31.555668,74.284783,11/08/2026 10:03 AM,11/08/2026 11:00 AM,Reporting,Parked,10.77,False,UC-72,DGBT,Zone-30,Mini Dumper,DGBT,True,2026-08-11
41295,LR-1897,LR1897,Lahore,"Tehsil Office, Samnabad Town",LWMC-SaTo,Loader Rickshaw,Door To Door Collection,moving,on,24.905,94.15,31.534576,74.28047,11/08/2026 10:23 AM,11/08/2026 11:00 AM,Reporting,Moving,11.49,False,UC-94,Samnabad Town,Zone-32,Loader Rickshaw,Samnabad Town,True,2026-08-11
-,LR-2656,LR2656,Lahore,"Tehsil Office, Samnabad Town",LWMC-SaTo,-,-,moving,on,17.567,195.76,31.526733,74.28986,11/08/2026 09:30 AM,11/08/2026 10:00 AM,Reporting,Parked,12.71,False,UC-107,Samnabad Town,Zone-35,Loader Rickshaw,Samnabad Town,True,2026-08-11
-,LR-0959,LR0959,Lahore,"Tehsil Office, Samnabad Town",LWMC-SaTo,-,-,moving,on,20.083,245.81,31.518958,74.326572,11/08/2026 10:38 AM,11/08/2026 11:00 AM,Reporting,Excess Idling,25.77,False,UC-208,Gulberg Town,Zone-23,Loader Rickshaw,Samnabad Town,False,2026-08-11
41280,LR-1465,LR1465,Lahore,"Tehsil Office, Samnabad Town",LWMC-SaTo,Loader Rickshaw,Door To Door Collection,moving,on,25.141,176.68,31.519389,74.295151,11/08/2026 10:41 AM,11/08/2026 11:00 AM,Reporting,Moving,11.08,False,UC-219,Samnabad Town,Zone-36,Loader Rickshaw,Samnabad Town,True,2026-08-11
-,LR-0769,LR0769,Lahore,"Tehsil Office, Samnabad Town",LWMC-SaTo,-,-,moving,on,30.731,116.26,31.571274,74.281094,11/08/2026 09:38 AM,11/08/2026 11:00 AM,Reporting,Parked,11.69,False,UC-71,Samnabad Town,Zone-31,Loader Rickshaw,Samnabad Town,True,2026-08-11
41336,LR-2242,LR2242,Lahore,"Tehsil Office, Samnabad Town",LWMC-SaTo,Loader Rickshaw,Door To Door Collection,moving,on,21.18,85.54,31.535291,74.304257,11/08/2026 10:08 AM,11/08/2026 10:30 AM,Reporting,Moving,13.42,False,UC-91,Samnabad Town,Zone-33,Loader Rickshaw,Samnabad Town,True,2026-08-11
-,TLD-06,TLD06,Lahore,"Tehsil Office, Samnabad Town",LWMC-SaTo,-,-,still,off,4.25,34.53,31.498568,74.26702,11/08/2026 10:46 AM,11/08/2026 11:00 AM,Reporting,Parked,0.0,True,UC-215,Samnabad Town,Zone-36,Loader,Samnabad Town,True,2026-08-11
41224,LR-1053,LR1053,Lahore,"Tehsil Office, Samnabad Town",LWMC-SaTo,Loader Rickshaw,Door To Door Collection,still,off,18.762,255.4,31.550731,74.29723,11/08/2026 10:08 AM,11/08/2026 11:00 AM,Reporting,Idle,12.4,False,UC-76,Samnabad Town,Zone-31,Loader Rickshaw,Samnabad Town,True,2026-08-11
41241,LR-1190,LR1190,Lahore,"Tehsil Office, Samnabad Town",LWMC-SaTo,Loader Rickshaw,Door To Door Collection,moving,on,18.934,271.11,31.542271,74.28475,11/08/2026 10:23 AM,11/08/2026 11:00 AM,Reporting,Moving,12.61,False,UC-80,Samnabad Town,Zone-32,Loader Rickshaw,Samnabad Town,True,2026-08-11
41269,LR-1454,LR1454,Lahore,"Tehsil Office, Samnabad Town",LWMC-SaTo,Loader Rickshaw,Door To Door Collection,still,off,11.324,74.71,31.524987,74.286275,11/08/2026 10:32 AM,11/08/2026 11:00 AM,Reporting,Parked,10.11,False,UC-212,Samnabad Town,Zone-36,Loader Rickshaw,Samnabad Town,True,2026-08-11
19343,FTL-26,FTL26,Lahore,"Tehsil Office, Ravi Town",LWMC-RaTo,Loader Rickshaw,Bulk Waste Collection,moving,on,14.233,122.71,31.59351,74.32626,11/08/2026 09:39 AM,11/08/2026 11:00 AM,Reporting,Moving,16.23,False,UC-22,Ravi Town,Zone-4,Loader,Ravi Town,True,2026-08-11
-,LR-0551,LR0551,Lahore,"Tehsil Office, Ravi Town",LWMC-RaTo,-,-,moving,on,18.895,340.98,31.537992,74.267383,11/08/2026 10:32 AM,11/08/2026 11:00 AM,Reporting,Moving,11.03,False,UC-101,Allama Iqbal Town,Zone-37,Loader Rickshaw,Allama Iqbal Town,True,2026-08-11
-,T-61,T61,Lahore,"Tehsil Office, Ravi Town",LWMC-RaTo,-,-,still,off,5.034,34.26,31.581788,74.326194,11/08/2026 05:54 AM,11/08/2026 06:30 AM,Reporting,Parked,0.0,True,UC-32,Ravi Town,Zone-5,Tractor Trolley,Ravi Town,True,2026-08-11
-,S-305,S305,Lahore,"Tehsil Office, Wahgha Town",LWMC-WaTo,-,-,moving,on,34.602,132.21,31.610728,74.382439,11/08/2026 10:04 AM,11/08/2026 11:00 AM,Reporting,Moving,11.89,False,UC-108,Wagha Town,Zone-13,Mini Dumper,Wagha Town,True,2026-08-11
-,S-153,S153,Lahore,"Tehsil Office, Wahgha Town",LWMC-WaTo,-,-,moving,on,23.608,171.78,31.599614,74.391162,11/08/2026 10:40 AM,11/08/2026 11:00 AM,Reporting,Parked,14.09,False,UC-134,Wagha Town,Zone-11,Mini Dumper,Wagha Town,True,2026-08-11
25326,LR-0398,LR0398,Lahore,"Tehsil Office, Wahgha Town",LWMC-WaTo,Loader Rickshaw,Door to Door Collection,moving,on,8.232,363.6,31.608062,74.381313,11/08/2026 10:20 AM,11/08/2026 11:00 AM,Reporting,Moving,11.59,False,UC-163,Shalimar Town,Zone-9,Loader Rickshaw,Wagha Town,False,2026-08-11
-,ND-29,ND29,Lahore,"Tehsil Office, Wahgha Town",LWMC-WaTo,-,-,moving,on,55.789,171.83,31.600119,74.532206,11/08/2026 10:22 AM,11/08/2026 11:00 AM,Reporting,Parked,25.87,False,UC-181,Wagha Town,Zone-13,Dumper,Wagha Town,True,2026-08-11
-,LR-0942,LR0942,Lahore,"Tehsil Office, Wahgha Town",LWMC-WaTo,-,-,moving,on,4.648,119.9,31.600636,74.495817,11/08/2026 10:19 AM,11/08/2026 11:00 AM,Reporting,Parked,12.76,False,UC-182,Wagha Town,Zone-13,Loader Rickshaw,Wagha Town,True,2026-08-11
-,LR-1641,LR1641,Lahore,"Tehsil Office, Aziz Bhatti Town",LWMC-AzBT,-,-,moving,on,14.195,64.21,31.557793,74.396014,11/08/2026 10:05 AM,11/08/2026 10:30 AM,Reporting,Excess Idling,12.05,False,UC-160,Aziz Bhatti Town,Zone-17,Loader Rickshaw,Aziz Bhatti Town,True,2026-08-11
-,CA-148,CA148,Lahore,"Tehsil Office, Aziz Bhatti Town",LWMC-AzBT,-,-,moving,on,88.624,297.81,31.569959,74.419462,11/08/2026 10:24 AM,11/08/2026 11:00 AM,Reporting,Moving,12.91,False,UC-146,Aziz Bhatti Town,Zone-16,Chain Arm Roll,Aziz Bhatti Town,True,2026-08-11
-,LR-1004,LR1004,Lahore,"Tehsil Office, Aziz Bhatti Town",LWMC-AzBT,-,-,moving,on,16.383,234.98,31.558574,74.385217,11/08/2026 10:31 AM,11/08/2026 11:00 AM,Reporting,Parked,12.05,False,UC-184,Aziz Bhatti Town,Zone-18,Loader Rickshaw,Aziz Bhatti Town,True,2026-08-11
-,LR-0724,LR0724,Lahore,"Tehsil Office, Aziz Bhatti Town",LWMC-AzBT,-,-,moving,on,24.24,195.5,31.583553,74.413382,11/08/2026 10:05 AM,11/08/2026 11:00 AM,Reporting,Moving,12.4,False,UC-143,Aziz Bhatti Town,Zone-16,Loader Rickshaw,Aziz Bhatti Town,True,2026-08-11
-,LR-1884,LR1884,Lahore,"Tehsil Office, Nishter Town",LWMC-NiTo,-,-,moving,on,23.342,304.5,31.44863,74.351801,11/08/2026 10:08 AM,11/08/2026 10:30 AM,Reporting,Moving,14.55,False,,,,Loader Rickshaw,Nishter Town,False,2026-08-11
23070,LR-0178,LR0178,Lahore,"Tehsil Office, Nishter Town",LWMC-NiTo,Loader Rickshaw,Door To Door Collection,still,off,24.754,150.93,31.281688,74.306648,11/08/2026 10:35 AM,11/08/2026 11:00 AM,Reporting,Parked,0.0,True,UC-271,Nishter Town,Zone-47,Loader Rickshaw,Nishter Town,True,2026-08-11
-,LR-3021,LR3021,Lahore,"Tehsil Office, Nishter Town",LWMC-NiTo,-,-,moving,on,12.242,60.11,31.395945,74.362662,11/08/2026 09:45 AM,11/08/2026 11:00 AM,Reporting,Parked,5.77,False,UC-246,Nishter Town,Zone-48,Loader Rickshaw,Nishter Town,True,2026-08-11
-,LR-1883,LR1883,Lahore,"Tehsil Office, Nishter Town",LWMC-NiTo,-,-,moving,on,11.957,120.86,31.354706,74.468118,11/08/2026 10:11 AM,11/08/2026 10:30 AM,Reporting,Moving,13.42,False,UC-196,Nishter Town,Zone-49,Loader Rickshaw,Nishter Town,True,2026-08-11
-,LR-0882,LR0882,Lahore,"Tehsil Office, Nishter Town",LWMC-NiTo,-,-,moving,on,20.337,117.5,31.388856,74.342971,11/08/2026 09:38 AM,11/08/2026 11:00 AM,Reporting,Moving,12.61,False,UC-251,Nishter Town,Zone-47,Loader Rickshaw,Nishter Town,True,2026-08-11
23139,LR-0911,LR0911,Lahore,"Tehsil Office, Nishter Town",LWMC-NiTo,Loader Rickshaw,Door To Door Collection,moving,on,15.176,101.28,31.399903,74.383358,11/08/2026 10:37 AM,11/08/2026 11:00 AM,Reporting,Moving,13.73,False,UC-254,Nishter Town,Zone-45,Loader Rickshaw,Nishter Town,True,2026-08-11
-,MFL-94,MFL94,Lahore,"Tehsil Office, Nishter Town",LWMC-NiTo,-,-,still,off,11.982,311.44,31.388733,74.344252,11/08/2026 10:44 AM,11/08/2026 11:00 AM,Reporting,Excess Idling,14.34,False,UC-251,Nishter Town,Zone-47,Loader,Nishter Town,True,2026-08-11
18396,HA-49,HA49,Lahore,"Tehsil Office, Nishter Town",LWMC-NiTo,Arm Roll Truck,Container-Based Collection,moving,on,77.289,316.0,31.434506,74.356302,11/08/2026 10:02 AM,11/08/2026 11:00 AM,Reporting,Moving,13.98,False,UC-243,Nishter Town,Zone-44,Arm Roll,Nishter Town,True,2026-08-11
-,LR-2847,LR2847,Lahore,"Tehsil Office, Nishter Town",LWMC-NiTo,-,-,still,off,13.93,73.36,31.454391,74.344774,11/08/2026 10:12 AM,11/08/2026 11:00 AM,Reporting,Parked,12.86,False,UC-228,Nishter Town,Zone-44,Loader Rickshaw,Nishter Town,True,2026-08-11
-,LR-2201,LR2201,Lahore,"Tehsil Office, Nishter Town",LWMC-NiTo,-,-,moving,on,17.302,228.94,31.437911,74.305591,11/08/2026 10:17 AM,11/08/2026 11:00 AM,Reporting,Moving,11.94,False,UC-237,Nishter Town,Zone-46,Loader Rickshaw,Nishter Town,True,2026-08-11
-,LR-2696,LR2696,Lahore,"Tehsil Office, Nishter Town",LWMC-NiTo,-,-,moving,on,15.009,323.46,31.430721,74.311191,11/08/2026 09:58 AM,11/08/2026 10:30 AM,Reporting,Moving,12.0,False,UC-238,Nishter Town,Zone-46,Loader Rickshaw,Nishter Town,True,2026-08-11
-,LR-3026,LR3026,Lahore,"Tehsil Office, Nishter Town",LWMC-NiTo,-,-,moving,on,19.55,201.18,31.44908,74.311143,11/08/2026 09:21 AM,11/08/2026 11:00 AM,Reporting,Moving,12.2,False,UC-234,Allama Iqbal Town,Zone-39,Loader Rickshaw,Nishter Town,False,2026-08-11
-,LR-3022,LR3022,Lahore,"Tehsil Office, Nishter Town",LWMC-NiTo,-,-,moving,on,13.562,292.83,31.363851,74.367458,11/08/2026 10:22 AM,11/08/2026 11:00 AM,Reporting,Moving,12.81,False,UC-248,Nishter Town,Zone-49,Loader Rickshaw,Nishter Town,True,2026-08-11
18394,A-59-LEG-3704,A59LEG3704,Lahore,"Tehsil Office, Nishter Town",LWMC-NiTo,Arm Roll Truck,Container-Based Collection,still,off,103.098,257.71,31.388756,74.318902,11/08/2026 10:45 AM,11/08/2026 11:00 AM,Reporting,Moving,29.64,False,UC-251,Nishter Town,Zone-47,Arm Roll,Nishter Town,True,2026-08-11
-,LR-1886,LR1886,Lahore,"Tehsil Office, Nishter Town",LWMC-NiTo,-,-,still,off,17.027,171.55,31.454143,74.305568,11/08/2026 10:46 AM,11/08/2026 11:00 AM,Reporting,Parked,0.0,True,UC-235,Nishter Town,Zone-46,Loader Rickshaw,Nishter Town,True,2026-08-11
23072,LR-0180,LR0180,Lahore,"Tehsil Office, Nishter Town",LWMC-NiTo,Loader Rickshaw,Door To Door Collection,moving,on,26.818,129.81,31.419362,74.300482,11/08/2026 10:19 AM,11/08/2026 11:00 AM,Reporting,Moving,12.1,False,UC-240,Nishter Town,Zone-46,Loader Rickshaw,Nishter Town,True,2026-08-11
-,LR-1354,LR1354,Lahore,"Tehsil Office, Nishter Town",LWMC-NiTo,-,-,moving,on,15.82,280.1,31.408964,74.359768,11/08/2026 10:24 AM,11/08/2026 11:00 AM,Reporting,Moving,12.51,False,UC-246,Nishter Town,Zone-48,Loader Rickshaw,Nishter Town,True,2026-08-11
22818,LR-0211,LR0211,Lahore,"Tehsil Office, Allama Iqbal Town",LWMC-AlIT,Loader Rickshaw,Door To Door Collection,moving,on,19.982,330.0,31.398132,74.222652,11/08/2026 10:38 AM,11/08/2026 11:00 AM,Reporting,Idle,11.33,False,UC-269,Nishter Town,Zone-47,Loader Rickshaw,Allama Iqbal Town,False,2026-08-11
22839,LR-0316,LR0316,Lahore,"Tehsil Office, Allama Iqbal Town",LWMC-AlIT,Loader Rickshaw,Door To Door Collection,moving,on,22.892,104.86,31.475364,74.227875,11/08/2026 10:00 AM,11/08/2026 11:00 AM,Reporting,Moving,14.14,False,UC-110,Allama Iqbal Town,Zone-41,Loader Rickshaw,Allama Iqbal Town,True,2026-08-11
-,LR-2369,LR2369,Lahore,"Tehsil Office, Allama Iqbal Town",LWMC-AlIT,-,-,moving,on,14.337,114.66,31.250889,74.210254,11/08/2026 10:38 AM,11/08/2026 11:00 AM,Reporting,Parked,,False,UC-273,Allama Iqbal Town,Zone-43,Loader Rickshaw,Allama Iqbal Town,True,2026-08-11
-,LR-2913,LR2913,Lahore,"Tehsil Office, Allama Iqbal Town",LWMC-AlIT,-,-,moving,on,27.843,228.18,31.467398,74.302244,11/08/2026 09:44 AM,11/08/2026 11:00 AM,Reporting,Moving,11.23,False,UC-222,Allama Iqbal Town,Zone-39,,Allama Iqbal Town,True,2026-08-11
22837,LR-0314,LR0314,Lahore,"Tehsil Office, Allama Iqbal Town",LWMC-AlIT,Loader Rickshaw,Door To Door Collection,moving,on,25.923,107.45,31.468846,74.233084,11/08/2026 09:45 AM,11/08/2026 10:30 AM,Reporting,Moving,25.1,False,UC-110,Allama Iqbal Town,Zone-41,Loader Rickshaw,Allama Iqbal Town,True,2026-08-11
23011,LR-1160,LR1160,Lahore,"Tehsil Office, Allama Iqbal Town",LWMC-AlIT,Loader Rickshaw,Door To Door Collection,moving,on,25.571,250.09,31.325192,74.102438,11/08/2026 09:29 AM,11/08/2026 11:00 AM,Reporting,Excess Idling,11.94,False,UC-263,Allama Iqbal Town,Zone-42,Loader Rickshaw,Allama Iqbal Town,True,2026-08-11
22969,LR-1018,LR1018,Lahore,"Tehsil Office, Allama Iqbal Town",LWMC-AlIT,Loader Rickshaw,Door To Door Collection,still,off,19.51,210.4,31.33698,74.243202,11/08/2026 10:11 AM,11/08/2026 11:00 AM,Reporting,Moving,27.96,False,UC-270,Nishter Town,Zone-47,Loader Rickshaw,Allama Iqbal Town,False,2026-08-11
22929,LR-0834,LR0834,Lahore,"Tehsil Office, Allama Iqbal Town",LWMC-AlIT,Loader Rickshaw,Door To Door Collection,still,off,19.786,345.6,31.474382,74.302021,11/08/2026 10:37 AM,11/08/2026 11:00 AM,Reporting,Idle,12.71,False,,,,Loader Rickshaw,Allama Iqbal Town,False,2026-08-11
22803,LR-0227,LR0227,Lahore,"Tehsil Office, Allama Iqbal Town",LWMC-AlIT,Loader Rickshaw,Door To Door Collection,moving,on,25.455,107.45,31.268609,74.247229,11/08/2026 10:44 AM,11/08/2026 11:00 AM,Reporting,Moving,16.08,False,UC-268,Allama Iqbal Town,Zone-43,Loader Rickshaw,Allama Iqbal Town,True,2026-08-11
22798,LR-0222,LR0222,Lahore,"Tehsil Office, Allama Iqbal Town",LWMC-AlIT,Loader Rickshaw,Door To Door Collection,moving,on,25.22,105.68,31.280668,74.198823,11/08/2026 10:25 AM,11/08/2026 11:00 AM,Reporting,Moving,13.53,False,UC-272,Allama Iqbal Town,Zone-43,Loader Rickshaw,Allama Iqbal Town,True,2026-08-11
19656,S-373,S373,Lahore,"Tehsil Office, Allama Iqbal Town",LWMC-AlIT,Mini Dumper,Bulk Waste Collection,moving,on,32.401,281.33,31.418726,74.221758,11/08/2026 10:38 AM,11/08/2026 11:00 AM,Reporting,Moving,14.04,False,UC-269,Nishter Town,Zone-47,Mini Dumper,Nishter Town,True,2026-08-11
22977,LR-1026,LR1026,Lahore,"Tehsil Office, Allama Iqbal Town",LWMC-AlIT,Loader Rickshaw,Door To Door Collection,moving,on,27.846,251.55,31.365754,74.237638,11/08/2026 10:28 AM,11/08/2026 11:00 AM,Reporting,Parked,13.37,False,UC-271,Nishter Town,Zone-47,Loader Rickshaw,Allama Iqbal Town,False,2026-08-11
22873,LR-0476,LR0476,Lahore,"Tehsil Office, Allama Iqbal Town",LWMC-AlIT,Loader Rickshaw,Door To Door Collection,moving,on,36.886,177.31,31.245142,74.208565,11/08/2026 10:16 AM,11/08/2026 11:00 AM,Reporting,Parked,0.0,True,UC-273,Allama Iqbal Town,Zone-43,Loader Rickshaw,Allama Iqbal Town,True,2026-08-11
22840,LR-0305,LR0305,Lahore,"Tehsil Office, Allama Iqbal Town",LWMC-AlIT,Loader Rickshaw,Door To Door Collection,moving,on,17.604,360.73,31.528869,74.276067,11/08/2026 09:40 AM,11/08/2026 11:00 AM,Reporting,Moving,11.84,False,UC-96,Allama Iqbal Town,Zone-37,Loader Rickshaw,Allama Iqbal Town,True,2026-08-11
22783,LR-0046,LR0046,Lahore,"Tehsil Office, Allama Iqbal Town",LWMC-AlIT,Loader Rickshaw,Door To Door Collection,moving,on,19.141,345.48,31.534753,74.267249,11/08/2026 10:40 AM,11/08/2026 11:00 AM,Reporting,Idle,11.64,False,UC-101,Allama Iqbal Town,Zone-37,Loader Rickshaw,Allama Iqbal Town,True,2026-08-11
22981,LR-1030,LR1030,Lahore,"Tehsil Office, Allama Iqbal Town",LWMC-AlIT,Loader Rickshaw,Door To Door Collection,moving,on,41.555,317.06,31.328991,74.294031,11/08/2026 10:15 AM,11/08/2026 11:00 AM,Reporting,Moving,12.3,False,UC-271,Nishter Town,Zone-47,Loader Rickshaw,Allama Iqbal Town,False,2026-08-11
22886,LR-0529,LR0529,Lahore,"Tehsil Office, Allama Iqbal Town",LWMC-AlIT,Loader Rickshaw,Door To Door Collection,moving,on,27.342,102.28,31.463591,74.306107,11/08/2026 08:54 AM,11/08/2026 09:00 AM,Reporting,Excess Idling,0.0,True,UC-232,Allama Iqbal Town,Zone-39,Loader Rickshaw,Allama Iqbal Town,True,2026-08-11
-,LR-2972,LR2972,Lahore,"Tehsil Office, Allama Iqbal Town",LWMC-AlIT,-,-,moving,on,23.233,77.78,31.311701,74.39426,11/08/2026 10:15 AM,11/08/2026 10:30 AM,Reporting,Parked,9.7,False,UC-253,Nishter Town,Zone-49,,Allama Iqbal Town,False,2026-08-11
-,LR-2639,LR2639,Lahore,"Tehsil Office, Allama Iqbal Town",LWMC-AlIT,-,-,moving,on,15.441,188.51,31.480001,74.290432,11/08/2026 09:15 AM,11/08/2026 09:30 AM,Reporting,Moving,23.73,False,UC-220,Allama Iqbal Town,Zone-39,Loader Rickshaw,Allama Iqbal Town,True,2026-08-11
-,LR-2616,LR2616,Lahore,"Tehsil Office, Allama Iqbal Town",LWMC-AlIT,-,-,moving,on,21.284,206.75,31.534266,74.26137,11/08/2026 09:59 AM,11/08/2026 11:00 AM,Reporting,Moving,24.9,False,UC-101,Allama Iqbal Town,Zone-37,Loader Rickshaw,Allama Iqbal Town,True,2026-08-11
22925,LR-0625,LR0625,Lahore,"Tehsil Office, Allama Iqbal Town",LWMC-AlIT,Loader Rickshaw,Door To Door Collection,still,off,31.151,226.11,31.479736,74.213216,11/08/2026 10:12 AM,11/08/2026 11:00 AM,Reporting,Parked,10.11,False,,,,Loader Rickshaw,Allama Iqbal Town,False,2026-08-11
22835,LR-0274,LR0274,Lahore,"Tehsil Office, Allama Iqbal Town",LWMC-AlIT,Loader Rickshaw,Door To Door Collection,moving,on,27.93,180.78,31.478882,74.216436,11/08/2026 09:21 AM,11/08/2026 11:00 AM,Reporting,Moving,13.98,False,UC-117,Allama Iqbal Town,Zone-41,Loader Rickshaw,Allama Iqbal Town,True,2026-08-11
-,LR-1689,LR1689,Lahore,"Tehsil Office, Allama Iqbal Town",LWMC-AlIT,-,-,moving,on,23.084,183.69,31.516754,74.263116,11/08/2026 10:20 AM,11/08/2026 10:30 AM,Reporting,Parked,13.02,False,UC-103,Allama Iqbal Town,Zone-38,Loader Rickshaw,Allama Iqbal Town,True,2026-08-11
22852,LR-0445,LR0445,Lahore,"Tehsil Office, Allama Iqbal Town",LWMC-AlIT,Loader Rickshaw,Door To Door Collection,moving,on,35.165,139.71,31.453514,74.253808,11/08/2026 10:43 AM,11/08/2026 11:00 AM,Reporting,Moving,12.96,False,UC-256,Allama Iqbal Town,Zone-40,Loader Rickshaw,Allama Iqbal Town,True,2026-08-11
22907,LR-0550,LR0550,Lahore,"Tehsil Office, Allama Iqbal Town",LWMC-AlIT,Loader Rickshaw,Door To Door Collection,moving,on,15.649,66.95,31.535966,74.274627,11/08/2026 09:08 AM,11/08/2026 11:00 AM,Reporting,Moving,12.81,False,UC-101,Allama Iqbal Town,Zone-37,Loader Rickshaw,Allama Iqbal Town,True,2026-08-11
-,LR-2613,LR2613,Lahore,"Tehsil Office, Allama Iqbal Town",LWMC-AlIT,-,-,still,off,23.747,212.0,31.53428,74.267272,11/08/2026 10:32 AM,11/08/2026 11:00 AM,Reporting,Parked,14.04,False,UC-101,Allama Iqbal Town,Zone-37,Loader Rickshaw,Allama Iqbal Town,True,2026-08-11
-,LR-1727,LR1727,Lahore,"Tehsil Office, Allama Iqbal Town",LWMC-AlIT,-,-,moving,on,36.401,223.44,31.5065,74.255257,11/08/2026 10:38 AM,11/08/2026 11:00 AM,Reporting,Parked,0.0,True,UC-106,Allama Iqbal Town,Zone-38,Loader Rickshaw,Allama Iqbal Town,True,2026-08-11
-,LR-2109,LR2109,Lahore,"Tehsil Office, Shalimar Town",LWMC-ShTo,-,-,moving,on,10.009,126.65,31.603141,74.367851,11/08/2026 10:37 AM,11/08/2026 11:00 AM,Reporting,Parked,12.96,False,UC-161,Shalimar Town,Zone-9,Loader Rickshaw,Shalimar Town,True,2026-08-11
-,LR-2069,LR2069,Lahore,"Tehsil Office, Shalimar Town",LWMC-ShTo,-,-,moving,on,11.759,319.01,31.610164,74.381439,11/08/2026 09:49 AM,11/08/2026 10:30 AM,Reporting,Excess Idling,11.03,False,UC-108,Wagha Town,Zone-13,Loader Rickshaw,Shalimar Town,False,2026-08-11
-,LR-2778,LR2778,Lahore,"Tehsil Office, Shalimar Town",LWMC-ShTo,-,-,moving,on,14.87,71.29,31.617578,74.345255,11/08/2026 08:56 AM,11/08/2026 09:30 AM,,,,,UC-25,Shalimar Town,Zone-6,Loader Rickshaw,Shalimar Town,True,2026-08-11
-,LR-2883,LR2883,Lahore,"Tehsil Office, Shalimar Town",LWMC-ShTo,-,-,moving,on,18.762,163.58,31.592513,74.371322,11/08/2026 10:22 AM,11/08/2026 11:00 AM,Reporting,Parked,10.11,False,UC-129,Shalimar Town,Zone-9,Loader Rickshaw,Shalimar Town,True,2026-08-11
-,LR-2884,LR2884,Lahore,"Tehsil Office, Shalimar Town",LWMC-ShTo,-,-,still,off,17.685,73.51,31.590435,74.373729,11/08/2026 10:34 AM,11/08/2026 11:00 AM,Reporting,Parked,11.43,False,UC-129,Shalimar Town,Zone-9,Loader Rickshaw,Shalimar Town,True,2026-08-11
25281,LR-0488,LR0488,Lahore,"Tehsil Office, Shalimar Town",LWMC-ShTo,Loader Rickshaw,Door to Door Collection,moving,on,19.067,127.08,31.601799,74.369224,11/08/2026 10:37 AM,11/08/2026 11:00 AM,Reporting,Moving,12.55,False,UC-163,Shalimar Town,Zone-9,Loader Rickshaw,Shalimar Town,True,2026-08-11
-,LR-2342,LR2342,Lahore,"Tehsil Office, Shalimar Town",LWMC-ShTo,-,-,still,off,11.883,148.03,31.594168,74.339635,11/08/2026 10:32 AM,11/08/2026 11:00 AM,Reporting,Parked,12.56,False,UC-47,Shalimar Town,Zone-7,Loader Rickshaw,Shalimar Town,True,2026-08-11
25282,LR-0562,LR0562,Lahore,"Tehsil Office, Shalimar Town",LWMC-ShTo,Loader Rickshaw,Door to Door Collection,moving,on,19.626,97.15,31.601593,74.35833,11/08/2026 10:43 AM,11/08/2026 11:00 AM,Reporting,Parked,0.0,True,UC-161,Shalimar Town,Zone-9,Loader Rickshaw,Shalimar Town,True,2026-08-11
25301,LR-0674,LR0674,Lahore,"Tehsil Office, Shalimar Town",LWMC-ShTo,Loader Rickshaw,Door to Door Collection,moving,on,24.251,318.73,31.58767,74.380043,11/08/2026 10:45 AM,11/08/2026 11:00 AM,Reporting,Excess Idling,13.37,False,UC-125,Shalimar Town,Zone-10,Loader Rickshaw,Shalimar Town,True,2026-08-11
-,MFT-06,MFT06,Lahore,"Tehsil Office, Gulberg Town",LWMC-GuTo,-,-,moving,on,51.344,166.93,31.388561,74.345333,11/08/2026 10:21 AM,11/08/2026 11:00 AM,Reporting,Excess Idling,13.47,False,UC-244,Nishter Town,Zone-48,Tractor Trolley,Gulberg Town,False,2026-08-11
-,LR-3104,LR3104,Lahore,"Tehsil Office, Gulberg Town",LWMC-GuTo,-,-,still,off,17.857,78.51,31.378846,74.370226,11/08/2026 09:37 AM,11/08/2026 11:00 AM,Reporting,Excess Idling,28.21,False,UC-244,Nishter Town,Zone-48,,Gulberg Town,False,2026-08-11
-,LR-1943,LR1943,Lahore,"Tehsil Office, Gulberg Town",LWMC-GuTo,-,-,moving,on,21.048,309.44,31.391147,74.355695,11/08/2026 10:01 AM,11/08/2026 11:00 AM,Reporting,Excess Idling,27.3,False,UC-244,Nishter Town,Zone-48,Loader Rickshaw,Gulberg Town,False,2026-08-11
19722,S-366,S366,Lahore,"Tehsil Office, Data Gunj Baksh Town",LWMC-DaGB,Mini Dumper,Bulk Waste Collection,moving,on,23.474,79.06,31.572636,74.279827,11/08/2026 10:19 AM,11/08/2026 11:00 AM,Reporting,Parked,12.91,False,,,,Mini Dumper,DGBT,False,2026-08-11
19754,S-164,S164,Lahore,"Tehsil Office, Data Gunj Baksh Town",LWMC-DaGB,Mini Dumper,Bulk Waste Collection,still,off,36.354,155.86,31.566127,74.307624,11/08/2026 09:44 AM,11/08/2026 10:30 AM,Reporting,Moving,12.71,False,UC-58,DGBT,Zone-27,Mini Dumper,DGBT,True,2026-08-11
-,LR-0691,LR0691,Lahore,"Tehsil Office, Data Gunj Baksh Town",LWMC-DaGB,-,-,moving,on,0.305,4.01,31.592947,74.259187,11/08/2026 06:03 AM,11/08/2026 09:00 AM,Reporting,No Activity Since Yesterday,8.99,False,UC-5,Ravi Town,Zone-1,Loader Rickshaw,DGBT,False,2026-08-11
41376,LR-2277,LR2277,Lahore,"Tehsil Office, Samnabad Town",LWMC-SaTo,Loader Rickshaw,Door To Door Collection,still,off,0.021,,31.464144,74.225266,11/08/2026 04:36 AM,11/08/2026 07:03 AM,Reporting,No Activity Since Yesterday,12.15,False,UC-117,Allama Iqbal Town,Zone-41,Loader Rickshaw,Samnabad Town,False,2026-08-11
-,LR-0817,LR0817,Lahore,"Tehsil Office, Samnabad Town",LWMC-SaTo,-,-,moving,on,30.621,245.31,31.576396,74.271706,11/08/2026 08:48 AM,11/08/2026 09:00 AM,Reporting,Moving,10.67,False,UC-71,Samnabad Town,Zone-31,Loader Rickshaw,Samnabad Town,True,2026-08-11
41296,LR-1898,LR1898,Lahore,"Tehsil Office, Samnabad Town",LWMC-SaTo,Loader Rickshaw,Door To Door Collection,moving,on,35.27,275.69,31.533821,74.285838,11/08/2026 10:13 AM,11/08/2026 11:00 AM,Reporting,Excess Idling,0.0,True,UC-94,Samnabad Town,Zone-32,Loader Rickshaw,Samnabad Town,True,2026-08-11
-,LR-0767,LR0767,Lahore,"Tehsil Office, Samnabad Town",LWMC-SaTo,-,-,moving,on,20.042,249.81,31.571382,74.278786,11/08/2026 09:06 AM,11/08/2026 10:00 AM,Reporting,Parked,13.27,False,UC-71,Samnabad Town,Zone-31,Loader Rickshaw,Samnabad Town,True,2026-08-11
41227,LR-1056,LR1056,Lahore,"Tehsil Office, Samnabad Town",LWMC-SaTo,Loader Rickshaw,Door To Door Collection,moving,on,17.658,357.16,31.551583,74.287258,11/08/2026 10:39 AM,11/08/2026 11:00 AM,Reporting,Moving,12.81,False,UC-75,Samnabad Town,Zone-31,Loader Rickshaw,Samnabad Town,True,2026-08-11
40321,LR-1048,LR1048,Lahore,"Tehsil Office, Samnabad Town",LWMC-SaTo,Loader Rickshaw,Door To Door Collection,moving,on,13.133,38.31,31.514861,74.281775,11/08/2026 06:24 AM,11/08/2026 07:03 AM,Reporting,Parked,14.65,False,UC-212,Samnabad Town,Zone-36,Loader Rickshaw,Samnabad Town,True,2026-08-11
41316,LR-1868,LR1868,Lahore,"Tehsil Office, Samnabad Town",LWMC-SaTo,Loader Rickshaw,Door To Door Collection,moving,on,25.915,224.83,31.552054,74.280912,11/08/2026 09:03 AM,11/08/2026 09:30 AM,Reporting,Moving,11.84,False,UC-75,Samnabad Town,Zone-31,Loader Rickshaw,Samnabad Town,True,2026-08-11
-,LR-2834,LR2834,Lahore,"Tehsil Office, Samnabad Town",LWMC-SaTo,-,-,still,off,28.197,259.78,31.52268,74.297844,11/08/2026 10:09 AM,11/08/2026 10:30 AM,Reporting,Parked,12.05,False,UC-219,Samnabad Town,Zone-36,Loader Rickshaw,Samnabad Town,True,2026-08-11
41369,LR-2270,LR2270,Lahore,"Tehsil Office, Samnabad Town",LWMC-SaTo,Loader Rickshaw,Door To Door Collection,still,off,,518.71,31.463607,74.224869,11/08/2026 10:29 AM,11/08/2026 11:00 AM,Reporting,No Activity Since Yesterday,8.78,False,UC-117,Allama Iqbal Town,Zone-41,Loader Rickshaw,Samnabad Town,False,2026-08-11
-,LR-0497,LR0497,Lahore,"Tehsil Office, Samnabad Town",LWMC-SaTo,-,-,moving,on,29.206,174.88,31.514639,74.320222,11/08/2026 09:52 AM,11/08/2026 11:00 AM,Reporting,Parked,11.18,False,UC-216,Samnabad Town,Zone-35,Loader Rickshaw,Samnabad Town,True,2026-08-11
-,LR-2118,LR2118,Lahore,"Tehsil Office, Ravi Town",LWMC-RaTo,-,-,moving,on,14.315,518.53,31.635682,74.285575,11/08/2026 10:28 AM,11/08/2026 11:00 AM,Reporting,Moving,9.34,False,UC-8,Ravi Town,Zone-2,Loader Rickshaw,Ravi Town,True,2026-08-11
19956,S-120,S120,Lahore,"Tehsil Office, Ravi Town",LWMC-RaTo,Mini Dumper,Bulk Waste Collection,moving,on,28.82,116.34,31.604428,74.297077,11/08/2026 09:56 AM,11/08/2026 11:00 AM,Reporting,Parked,28.77,False,UC-48,DGBT,Zone-28,Mini Dumper,Ravi Town,False,2026-08-11
-,MFL-71,MFL71,Lahore,"Tehsil Office, Nishter Town",LWMC-NiTo,-,-,moving,on,13.422,380.63,31.421279,74.317415,11/08/2026 10:42 AM,11/08/2026 11:00 AM,Reporting,Idle,13.47,False,UC-241,Nishter Town,Zone-47,Loader,Nishter Town,True,2026-08-11
-,LR-2710,LR2710,Lahore,"Tehsil Office, Nishter Town",LWMC-NiTo,-,-,moving,on,22.645,151.61,31.373572,74.365039,11/08/2026 07:38 AM,11/08/2026 08:00 AM,Reporting,Parked,0.0,True,UC-247,Nishter Town,Zone-48,Loader Rickshaw,Nishter Town,True,2026-08-11
-,LR-1893,LR1893,Lahore,"Tehsil Office, Nishter Town",LWMC-NiTo,-,-,moving,on,13.525,352.81,31.456007,74.348833,11/08/2026 10:25 AM,11/08/2026 11:00 AM,Reporting,Excess Idling,12.11,False,UC-228,Nishter Town,Zone-44,Loader Rickshaw,Nishter Town,True,2026-08-11
23022,LR-0001,LR0001,Lahore,"Tehsil Office, Nishter Town",LWMC-NiTo,Loader Rickshaw,Door To Door Collection,moving,on,30.371,114.26,31.411761,74.359822,11/08/2026 10:12 AM,11/08/2026 11:00 AM,Reporting,Idle,13.02,False,UC-246,Nishter Town,Zone-48,Loader Rickshaw,Nishter Town,True,2026-08-11
22854,LR-0447,LR0447,Lahore,"Tehsil Office, Allama Iqbal Town",LWMC-AlIT,Loader Rickshaw,Door To Door Collection,moving,on,34.767,228.23,31.445401,74.263202,11/08/2026 10:36 AM,11/08/2026 11:00 AM,Reporting,Moving,13.32,False,,,,Loader Rickshaw,Allama Iqbal Town,False,2026-08-11
-,LR-2014,LR2014,Lahore,"Tehsil Office, Allama Iqbal Town",LWMC-AlIT,-,-,moving,on,28.147,133.11,31.331558,74.110422,11/08/2026 10:29 AM,11/08/2026 11:00 AM,Reporting,Moving,0.0,True,UC-262,Allama Iqbal Town,Zone-42,Loader Rickshaw,Allama Iqbal Town,True,2026-08-11
-,LR-2064,LR2064,Lahore,"Tehsil Office, Shalimar Town",LWMC-ShTo,-,-,still,off,18.397,370.78,31.584447,74.351451,11/08/2026 10:34 AM,11/08/2026 11:00 AM,Reporting,Moving,11.38,False,UC-167,Shalimar Town,Zone-8,Loader Rickshaw,Shalimar Town,True,2026-08-11
-,LR-2602,LR2602,Lahore,"Tehsil Office, Shalimar Town",LWMC-ShTo,-,-,moving,on,43.148,338.68,31.572224,74.382437,11/08/2026 10:18 AM,11/08/2026 11:00 AM,Reporting,Idle,12.25,False,UC-156,Shalimar Town,Zone-10,Loader Rickshaw,Shalimar Town,True,2026-08-11
-,D-68,D68,Lahore,"Tehsil Office, Data Gunj Baksh Town",LWMC-DaGB,-,-,moving,on,62.856,227.4,31.573263,74.299866,11/08/2026 09:50 AM,11/08/2026 11:00 AM,Reporting,Moving,27.86,False,UC-57,DGBT,Zone-27,Dumper,DGBT,True,2026-08-11
41360,LR-2261,LR2261,Lahore,"Tehsil Office, Samnabad Town",LWMC-SaTo,Loader Rickshaw,Door To Door Collection,moving,on,43.717,197.76,31.575203,74.271224,11/08/2026 10:21 AM,11/08/2026 11:00 AM,Reporting,Parked,12.45,False,UC-71,Samnabad Town,Zone-31,Loader Rickshaw,Samnabad Town,True,2026-08-11
39119,C-724,C724,Lahore,"Tehsil Office, Samnabad Town",LWMC-SaTo,Compactor (7CM),Container-Based Collection,moving,on,74.011,268.68,31.534228,74.310547,11/08/2026 10:42 AM,11/08/2026 11:00 AM,Reporting,Idle,0.0,True,UC-86,Samnabad Town,Zone-34,Compactor,Samnabad Town,True,2026-08-11
41292,LR-1894,LR1894,Lahore,"Tehsil Office, Samnabad Town",LWMC-SaTo,Loader Rickshaw,Door To Door Collection,moving,on,25.445,303.11,31.540023,74.285697,11/08/2026 09:51 AM,11/08/2026 11:00 AM,Reporting,Moving,13.93,False,UC-94,Samnabad Town,Zone-32,Loader Rickshaw,Samnabad Town,True,2026-08-11
39144,CA-163,CA163,Lahore,"Tehsil Office, Samnabad Town",LWMC-SaTo,Chain Arm Roll,Container-Based Collection,moving,on,63.235,265.86,31.521505,74.284602,11/08/2026 09:55 AM,11/08/2026 11:00 AM,Reporting,Moving,14.8,False,UC-212,Samnabad Town,Zone-36,Chain Arm Roll,Samnabad Town,True,2026-08-11
-,LR-2745,LR2745,Lahore,"Tehsil Office, Allama Iqbal Town",LWMC-AlIT,-,-,moving,on,29.352,245.94,31.478125,74.230033,11/08/2026 09:08 AM,11/08/2026 11:00 AM,Reporting,Moving,12.25,False,UC-110,Allama Iqbal Town,Zone-41,Loader Rickshaw,Allama Iqbal Town,True,2026-08-11
-,S-364,S364,Lahore,"Tehsil Office, Shalimar Town",LWMC-ShTo,-,-,still,off,19.436,106.5,31.58129,74.338408,11/08/2026 10:00 AM,11/08/2026 10:30 AM,Reporting,Parked,12.25,False,UC-46,Shalimar Town,Zone-7,Mini Dumper,Shalimar Town,True,2026-08-11
-,MFL-78,MFL78,Lahore,"Tehsil Office, Data Gunj Baksh Town",LWMC-DaGB,-,-,moving,on,16.899,323.5,31.537452,74.331048,11/08/2026 09:26 AM,11/08/2026 10:00 AM,Reporting,Excess Idling,0.0,True,UC-199,DGBT,Zone-26,Loader,DGBT,True,2026-08-11
39211,WB-07,WB07,Lahore,"Tehsil Office, Samnabad Town",LWMC-SaTo,Water Bowzer,Washing,moving,on,50.931,100.58,31.543426,74.265923,11/08/2026 10:22 AM,11/08/2026 11:00 AM,Reporting,Parked,14.65,False,UC-93,Samnabad Town,Zone-31,Water Bowser,Samnabad Town,True,2026-08-11
-,LR-1405,LR1405,Lahore,"Tehsil Office, Aziz Bhatti Town",LWMC-AzBT,-,-,moving,on,12.771,49.71,31.583576,74.380191,11/08/2026 09:40 AM,11/08/2026 11:00 AM,Reporting,Parked,11.49,False,UC-125,Shalimar Town,Zone-10,Loader Rickshaw,Aziz Bhatti Town,False,2026-08-11
-,S-351,S351,Lahore,"Tehsil Office, Allama Iqbal Town",LWMC-AlIT,-,-,still,off,34.502,118.41,31.573948,74.345523,11/08/2026 10:07 AM,11/08/2026 10:30 AM,Reporting,Parked,0.0,True,UC-118,Gulberg Town,Zone-19,Mini Dumper,Gulberg Town,True,2026-08-11
22870,LR-0473,LR0473,Lahore,"Tehsil Office, Allama Iqbal Town",LWMC-AlIT,Loader Rickshaw,Door To Door Collection,still,off,31.281,346.98,31.245815,74.20629,11/08/2026 10:36 AM,11/08/2026 11:00 AM,Reporting,Parked,0.0,True,UC-273,Allama Iqbal Town,Zone-43,Loader Rickshaw,Allama Iqbal Town,True,2026-08-11
-,LR-1532,LR1532,Lahore,"Tehsil Office, Wahgha Town",LWMC-WaTo,-,-,moving,on,19.075,260.5,31.495465,74.484091,11/08/2026 10:44 AM,11/08/2026 11:00 AM,Reporting,Moving,13.63,False,UC-194,Wagha Town,Zone-14,Loader Rickshaw,Wagha Town,True,2026-08-11
-,LR-1514,LR1514,Lahore,"Tehsil Office, Allama Iqbal Town",LWMC-AlIT,-,-,still,off,32.556,136.31,31.310927,74.159785,11/08/2026 10:29 AM,11/08/2026 11:00 AM,Reporting,Moving,0.0,True,UC-264,Allama Iqbal Town,Zone-42,Loader Rickshaw,Allama Iqbal Town,True,2026-08-11
-,LR-1528,LR1528,Lahore,"Tehsil Office, Wahgha Town",LWMC-WaTo,-,-,still,off,14.917,249.34,31.512993,74.503374,11/08/2026 10:35 AM,11/08/2026 11:00 AM,Reporting,Idle,11.03,False,UC-193,Wagha Town,Zone-14,Loader Rickshaw,Wagha Town,True,2026-08-11
-,LR-2163,LR2163,Lahore,"Tehsil Office, Wahgha Town",LWMC-WaTo,-,-,moving,on,14.493,93.11,31.514237,74.504286,11/08/2026 09:47 AM,11/08/2026 11:00 AM,Reporting,Moving,15.21,False,UC-180,Wagha Town,Zone-14,Loader Rickshaw,Wagha Town,True,2026-08-11
-,S-51,S51,Lahore,"Tehsil Office, Allama Iqbal Town",LWMC-AlIT,-,-,moving,on,14.176,69.54,31.471252,74.298874,11/08/2026 07:53 AM,11/08/2026 08:00 AM,Reporting,Parked,0.0,True,UC-221,Allama Iqbal Town,Zone-39,Mini Dumper,Allama Iqbal Town,True,2026-08-11
-,LR-2614,LR2614,Lahore,"Tehsil Office, Allama Iqbal Town",LWMC-AlIT,-,-,moving,on,17.337,238.05,31.532248,74.272184,11/08/2026 10:21 AM,11/08/2026 11:00 AM,Reporting,Moving,13.78,False,UC-101,Allama Iqbal Town,Zone-37,Loader Rickshaw,Allama Iqbal Town,True,2026-08-11
-,LR-2782,LR2782,Lahore,"Tehsil Office, Shalimar Town",LWMC-ShTo,-,-,moving,on,13.169,98.21,31.587086,74.346333,11/08/2026 10:29 AM,11/08/2026 11:00 AM,,,,,UC-42,Shalimar Town,Zone-7,Loader Rickshaw,Shalimar Town,True,2026-08-11
-,LR-1818,LR1818,Lahore,"Tehsil Office, Ravi Town",LWMC-RaTo,-,-,moving,on,11.41,162.18,31.584473,74.307702,11/08/2026 09:26 AM,11/08/2026 10:30 AM,Reporting,Parked,12.1,False,UC-37,Ravi Town,Zone-5,Loader Rickshaw,Ravi Town,True,2026-08-11
19925,S-194,S194,Lahore,"Tehsil Office, Ravi Town",LWMC-RaTo,Mini Dumper,Bulk Waste Collection,still,off,15.09,82.13,31.588827,74.320374,11/08/2026 10:20 AM,11/08/2026 11:00 AM,Reporting,Moving,11.69,False,UC-17,Ravi Town,Zone-4,Mini Dumper,Ravi Town,True,2026-08-11
23435,LR-0087,LR0087,Lahore,"Tehsil Office, Ravi Town",LWMC-RaTo,Loader Rickshaw,Door To Door Collection,moving,on,8.883,197.3,31.61004,74.277153,11/08/2026 10:27 AM,11/08/2026 11:00 AM,Reporting,Moving,11.79,False,UC-4,Ravi Town,Zone-1,Loader Rickshaw,Ravi Town,True,2026-08-11
-,LR-1616,LR1616,Lahore,"Tehsil Office, Ravi Town",LWMC-RaTo,-,-,still,off,9.263,322.64,31.606968,74.319669,11/08/2026 10:14 AM,11/08/2026 11:00 AM,Reporting,Idle,12.25,False,UC-20,Ravi Town,Zone-3,Loader Rickshaw,Ravi Town,True,2026-08-11
19309,LR-0166,LR0166,Lahore,"Tehsil Office, Ravi Town",LWMC-RaTo,Loader Rickshaw,Bulk Waste Collection,moving,on,16.446,75.38,31.632111,74.280621,11/08/2026 10:28 AM,11/08/2026 11:00 AM,Reporting,Moving,12.2,False,UC-6,Ravi Town,Zone-1,Loader Rickshaw,Ravi Town,True,2026-08-11
-,LR-1778,LR1778,Lahore,"Tehsil Office, Wahgha Town",LWMC-WaTo,-,-,moving,on,24.208,132.19,31.484689,74.501385,11/08/2026 10:38 AM,11/08/2026 11:00 AM,Reporting,Idle,12.15,False,UC-193,Wagha Town,Zone-14,Loader Rickshaw,Wagha Town,True,2026-08-11
-,LR-1837,LR1837,Lahore,"Tehsil Office, Wahgha Town",LWMC-WaTo,-,-,moving,on,30.184,126.0,31.493123,74.52546,11/08/2026 10:40 AM,11/08/2026 11:00 AM,Reporting,Parked,11.64,False,UC-189,Wagha Town,Zone-14,Loader Rickshaw,Wagha Town,True,2026-08-11
-,S-249,S249,Lahore,"Tehsil Office, Wahgha Town",LWMC-WaTo,-,-,moving,on,41.209,168.78,31.587174,74.404369,11/08/2026 10:14 AM,11/08/2026 11:00 AM,Reporting,Parked,13.12,False,UC-138,Wagha Town,Zone-12,Mini Dumper,Wagha Town,True,2026-08-11
-,M-118,M118,Lahore,"Tehsil Office, Wahgha Town",LWMC-WaTo,-,-,moving,on,34.041,203.59,31.58729,74.40499,11/08/2026 10:22 AM,11/08/2026 10:30 AM,Reporting,Parked,12.81,False,UC-138,Wagha Town,Zone-12,Foton-Mini Dumper,Wagha Town,True,2026-08-11
-,MFL-59,MFL59,Lahore,"Tehsil Office, Wahgha Town",LWMC-WaTo,-,-,still,off,22.016,375.8,31.600389,74.534822,11/08/2026 10:46 AM,11/08/2026 11:00 AM,Reporting,Idle,15.21,False,UC-181,Wagha Town,Zone-13,Loader,Wagha Town,True,2026-08-11
-,LR-1531,LR1531,Lahore,"Tehsil Office, Wahgha Town",LWMC-WaTo,-,-,still,off,14.981,69.28,31.521223,74.503966,11/08/2026 10:47 AM,11/08/2026 11:00 AM,Reporting,Parked,11.89,False,UC-180,Wagha Town,Zone-14,Loader Rickshaw,Wagha Town,True,2026-08-11
-,LR-2905,LR2905,Lahore,"Tehsil Office, Wahgha Town",LWMC-WaTo,-,-,moving,on,16.943,89.65,31.551809,74.471028,11/08/2026 10:04 AM,11/08/2026 10:30 AM,Reporting,Moving,11.64,False,UC-192,Wagha Town,Zone-14,Loader Rickshaw,Wagha Town,True,2026-08-11
23571,LR-0372,LR0372,Lahore,"Tehsil Office, Wahgha Town",LWMC-WaTo,Loader Rickshaw,Door To Door Collection,still,off,9.71,75.13,31.636117,74.506141,11/08/2026 09:37 AM,11/08/2026 11:00 AM,Reporting,Parked,12.0,False,UC-179,Wagha Town,Zone-13,Loader Rickshaw,Wagha Town,True,2026-08-11
-,LR-1638,LR1638,Lahore,"Tehsil Office, Aziz Bhatti Town",LWMC-AzBT,-,-,moving,on,17.579,117.31,31.55229,74.422531,11/08/2026 10:30 AM,11/08/2026 11:00 AM,Reporting,Parked,12.1,False,,,,Loader Rickshaw,Aziz Bhatti Town,False,2026-08-11
-,LR-1908,LR1908,Lahore,"Tehsil Office, Aziz Bhatti Town",LWMC-AzBT,-,-,moving,on,10.466,37.16,31.552579,74.412165,11/08/2026 10:02 AM,11/08/2026 10:30 AM,Reporting,Parked,12.56,False,UC-150,Aziz Bhatti Town,Zone-17,Loader Rickshaw,Aziz Bhatti Town,True,2026-08-11
-,LR-0187,LR0187,Lahore,"Tehsil Office, Aziz Bhatti Town",LWMC-AzBT,-,-,moving,on,14.2,81.09,31.552292,74.413783,11/08/2026 10:12 AM,11/08/2026 11:00 AM,Reporting,Parked,13.07,False,UC-150,Aziz Bhatti Town,Zone-17,Loader Rickshaw,Aziz Bhatti Town,True,2026-08-11
-,LR-1961,LR1961,Lahore,"Tehsil Office, Aziz Bhatti Town",LWMC-AzBT,-,-,still,off,,,31.575203,74.370601,11/08/2026 09:41 AM,11/08/2026 11:00 AM,Reporting,No Activity Since Yesterday,11.94,False,UC-120,Gulberg Town,Zone-19,Loader Rickshaw,Aziz Bhatti Town,False,2026-08-11
-,LR-0737,LR0737,Lahore,"Tehsil Office, Aziz Bhatti Town",LWMC-AzBT,-,-,still,off,15.881,535.61,31.559293,74.372412,11/08/2026 09:31 AM,11/08/2026 10:30 AM,Reporting,Parked,12.56,False,UC-187,Aziz Bhatti Town,Zone-18,Loader Rickshaw,Aziz Bhatti Town,True,2026-08-11
-,LR-1967,LR1967,Lahore,"Tehsil Office, Aziz Bhatti Town",LWMC-AzBT,-,-,moving,on,11.827,133.51,31.555223,74.404431,11/08/2026 10:17 AM,11/08/2026 10:30 AM,Reporting,Moving,12.1,False,UC-148,Aziz Bhatti Town,Zone-17,Loader Rickshaw,Aziz Bhatti Town,True,2026-08-11
-,LR-0738,LR0738,Lahore,"Tehsil Office, Aziz Bhatti Town",LWMC-AzBT,-,-,still,off,,,31.575018,74.370492,11/08/2026 09:21 AM,11/08/2026 10:30 AM,Reporting,No Activity Since Yesterday,11.64,False,UC-120,Gulberg Town,Zone-19,Loader Rickshaw,Aziz Bhatti Town,False,2026-08-11
-,LR-1918,LR1918,Lahore,"Tehsil Office, Aziz Bhatti Town",LWMC-AzBT,-,-,moving,on,8.956,200.66,31.583527,74.403537,11/08/2026 10:43 AM,11/08/2026 11:00 AM,Reporting,Moving,13.88,False,UC-141,Aziz Bhatti Town,Zone-15,Loader Rickshaw,Aziz Bhatti Town,True,2026-08-11
-,LR-2714,LR2714,Lahore,"Tehsil Office, Nishter Town",LWMC-NiTo,-,-,moving,on,15.571,126.93,31.443337,74.329197,11/08/2026 09:57 AM,11/08/2026 10:30 AM,Reporting,Moving,11.54,False,UC-233,Allama Iqbal Town,Zone-39,Loader Rickshaw,Nishter Town,False,2026-08-11
-,LR-2845,LR2845,Lahore,"Tehsil Office, Nishter Town",LWMC-NiTo,-,-,still,off,14.381,131.15,31.445951,74.340273,11/08/2026 10:39 AM,11/08/2026 11:00 AM,Reporting,Moving,11.33,False,UC-229,Nishter Town,Zone-44,Loader Rickshaw,Nishter Town,True,2026-08-11
19243,L-10,L10,Lahore,"Tehsil Office, Nishter Town",LWMC-NiTo,Loader Rickshaw,Bulk Waste Collection,still,off,1.671,12.05,31.44941,74.31123,11/08/2026 10:38 AM,11/08/2026 11:00 AM,Reporting,Idle,0.0,True,UC-234,Allama Iqbal Town,Zone-39,Loader,Nishter Town,False,2026-08-11
-,LR-2687,LR2687,Lahore,"Tehsil Office, Nishter Town",LWMC-NiTo,-,-,moving,on,29.329,121.88,31.446692,74.310167,11/08/2026 10:32 AM,11/08/2026 11:00 AM,Reporting,Parked,12.96,False,UC-239,Nishter Town,Zone-46,Loader Rickshaw,Nishter Town,True,2026-08-11
-,LR-2355,LR2355,Lahore,"Tehsil Office, Nishter Town",LWMC-NiTo,-,-,moving,on,16.038,302.31,31.440809,74.371408,11/08/2026 09:53 AM,11/08/2026 10:00 AM,Reporting,Moving,12.81,False,UC-231,Nishter Town,Zone-45,Loader Rickshaw,Nishter Town,True,2026-08-11
23036,LR-0075,LR0075,Lahore,"Tehsil Office, Nishter Town",LWMC-NiTo,Loader Rickshaw,Door To Door Collection,moving,on,17.995,458.69,31.446289,74.374868,11/08/2026 09:23 AM,11/08/2026 11:00 AM,Reporting,Moving,13.12,False,UC-231,Nishter Town,Zone-45,Loader Rickshaw,Nishter Town,True,2026-08-11
-,LR-2019,LR2019,Lahore,"Tehsil Office, Allama Iqbal Town",LWMC-AlIT,-,-,still,off,26.174,99.68,31.311122,74.227183,11/08/2026 10:08 AM,11/08/2026 10:30 AM,Reporting,Parked,12.51,False,UC-270,Nishter Town,Zone-47,Loader Rickshaw,Allama Iqbal Town,False,2026-08-11
22772,LR-0055,LR0055,Lahore,"Tehsil Office, Allama Iqbal Town",LWMC-AlIT,Loader Rickshaw,Door To Door Collection,moving,on,42.614,341.35,31.240658,74.203584,11/08/2026 10:37 AM,11/08/2026 11:00 AM,Reporting,Moving,13.98,False,UC-273,Allama Iqbal Town,Zone-43,Loader Rickshaw,Allama Iqbal Town,True,2026-08-11
22984,LR-1103,LR1103,Lahore,"Tehsil Office, Allama Iqbal Town",LWMC-AlIT,Loader Rickshaw,Door To Door Collection,still,off,37.522,226.78,31.239989,74.220237,11/08/2026 10:37 AM,11/08/2026 11:00 AM,Reporting,Idle,12.3,False,UC-272,Allama Iqbal Town,Zone-43,Loader Rickshaw,Gulberg Town,False,2026-08-11
-,LR-2371,LR2371,Lahore,"Tehsil Office, Allama Iqbal Town",LWMC-AlIT,-,-,moving,on,31.76,135.8,31.401644,74.230222,11/08/2026 09:48 AM,11/08/2026 10:30 AM,Reporting,Parked,10.41,False,UC-269,Nishter Town,Zone-47,Loader Rickshaw,Allama Iqbal Town,False,2026-08-11
19686,S-320,S320,Lahore,"Tehsil Office, Allama Iqbal Town",LWMC-AlIT,Mini Dumper,Bulk Waste Collection,moving,on,28.918,151.48,31.480262,74.253961,11/08/2026 10:37 AM,11/08/2026 11:00 AM,Reporting,Parked,11.59,False,UC-113,Allama Iqbal Town,Zone-40,Mini Dumper,Allama Iqbal Town,True,2026-08-11
-,LR-2601,LR2601,Lahore,"Tehsil Office, Shalimar Town",LWMC-ShTo,-,-,moving,on,12.449,204.03,31.571693,74.385081,11/08/2026 10:05 AM,11/08/2026 11:00 AM,Reporting,Moving,13.93,False,UC-156,Shalimar Town,Zone-10,Loader Rickshaw,Shalimar Town,True,2026-08-11
-,LR-2499,LR2499,Lahore,"Tehsil Office, Shalimar Town",LWMC-ShTo,-,-,moving,on,21.583,194.71,31.577536,74.375227,11/08/2026 10:10 AM,11/08/2026 10:30 AM,Reporting,Moving,28.26,False,UC-120,Gulberg Town,Zone-19,Loader Rickshaw,Shalimar Town,False,2026-08-11
-,LR-2595,LR2595,Lahore,"Tehsil Office, Shalimar Town",LWMC-ShTo,-,-,still,off,12.048,207.63,31.589184,74.356678,11/08/2026 10:45 AM,11/08/2026 11:00 AM,Reporting,Parked,12.25,False,UC-164,Shalimar Town,Zone-8,Loader Rickshaw,Shalimar Town,True,2026-08-11
19123,MFL-23,MFL23,Lahore,"Tehsil Office, Gulberg Town",LWMC-GuTo,Loader Rickshaw,Bulk Waste Collection,moving,on,11.682,313.76,31.530817,74.353697,11/08/2026 10:26 AM,11/08/2026 11:00 AM,Reporting,Moving,11.23,False,UC-201,Gulberg Town,Zone-21,Loader,Gulberg Town,True,2026-08-11
22515,LR-0798,LR0798,Lahore,"Tehsil Office, Gulberg Town",LWMC-GuTo,Loader Rickshaw,Door To Door Collection,moving,on,5.957,52.38,31.571339,74.370113,11/08/2026 07:40 AM,11/08/2026 08:00 AM,Reporting,Parked,13.78,False,UC-120,Gulberg Town,Zone-19,Loader Rickshaw,Gulberg Town,True,2026-08-11
-,LR-2511,LR2511,Lahore,"Tehsil Office, Data Gunj Baksh Town",LWMC-DaGB,-,-,still,off,21.615,245.19,31.563561,74.319483,11/08/2026 10:47 AM,11/08/2026 11:00 AM,Reporting,Moving,12.66,False,UC-62,DGBT,Zone-25,Loader Rickshaw,DGBT,True,2026-08-11
-,LR-1591,LR1591,Lahore,"Tehsil Office, Data Gunj Baksh Town",LWMC-DaGB,-,-,still,off,9.822,79.33,31.573548,74.281464,11/08/2026 09:47 AM,11/08/2026 10:30 AM,Reporting,Parked,13.98,False,UC-50,DGBT,Zone-28,Loader Rickshaw,DGBT,True,2026-08-11
-,LR-1323,LR1323,Lahore,"Tehsil Office, Data Gunj Baksh Town",LWMC-DaGB,-,-,moving,on,0.162,0.68,31.592829,74.259308,11/08/2026 10:44 AM,11/08/2026 11:00 AM,Reporting,No Activity Since Yesterday,12.2,False,UC-5,Ravi Town,Zone-1,Loader Rickshaw,DGBT,False,2026-08-11
-,LR-0710,LR0710,Lahore,"Tehsil Office, Data Gunj Baksh Town",LWMC-DaGB,-,-,moving,on,22.179,77.78,31.594226,74.293424,11/08/2026 10:04 AM,11/08/2026 10:30 AM,Reporting,Parked,12.96,False,UC-48,DGBT,Zone-28,Loader Rickshaw,DGBT,True,2026-08-11
-,LR-2438,LR2438,Lahore,"Tehsil Office, Samnabad Town",LWMC-SaTo,-,-,still,off,,,31.463906,74.224996,11/08/2026 09:23 AM,11/08/2026 10:30 AM,Reporting,No Activity Since Yesterday,11.94,False,UC-117,Allama Iqbal Town,Zone-41,Loader Rickshaw,Samnabad Town,False,2026-08-11
-,LR-0136,LR0136,Lahore,"Tehsil Office, Ravi Town",LWMC-RaTo,-,-,moving,on,12.905,172.98,31.579848,74.310431,11/08/2026 09:52 AM,11/08/2026 11:00 AM,Reporting,Moving,27.96,False,UC-36,Ravi Town,Zone-5,Loader Rickshaw,Ravi Town,True,2026-08-11
-,LR-1228,LR1228,Lahore,"Tehsil Office, Ravi Town",LWMC-RaTo,-,-,moving,on,4.843,579.2,31.589807,74.319497,11/08/2026 10:26 AM,11/08/2026 11:00 AM,Reporting,Moving,14.6,False,UC-17,Ravi Town,Zone-4,Loader Rickshaw,Ravi Town,True,2026-08-11
-,LR-1606,LR1606,Lahore,"Tehsil Office, Ravi Town",LWMC-RaTo,-,-,moving,on,9.143,247.28,31.597909,74.320002,11/08/2026 10:22 AM,11/08/2026 10:30 AM,Reporting,Excess Idling,12.2,False,UC-22,Ravi Town,Zone-4,Loader Rickshaw,Ravi Town,True,2026-08-11
-,LR-1607,LR1607,Lahore,"Tehsil Office, Ravi Town",LWMC-RaTo,-,-,moving,on,11.514,88.81,31.58393,74.309407,11/08/2026 09:58 AM,11/08/2026 11:00 AM,Reporting,Moving,10.92,False,UC-37,Ravi Town,Zone-5,Loader Rickshaw,Ravi Town,True,2026-08-11
19296,LR-0198,LR0198,Lahore,"Tehsil Office, Ravi Town",LWMC-RaTo,Loader Rickshaw,Bulk Waste Collection,moving,on,8.117,169.23,31.589022,74.328362,11/08/2026 10:39 AM,11/08/2026 11:00 AM,Reporting,Moving,11.59,False,UC-30,Ravi Town,Zone-4,Loader Rickshaw,Ravi Town,True,2026-08-11
-,LR-1673,LR1673,Lahore,"Tehsil Office, Ravi Town",LWMC-RaTo,-,-,still,off,16.486,179.16,31.630753,74.311957,11/08/2026 10:22 AM,11/08/2026 11:00 AM,Reporting,Parked,12.0,False,UC-14,Ravi Town,Zone-2,Loader Rickshaw,Ravi Town,True,2026-08-11
-,LR-2046,LR2046,Lahore,"Tehsil Office, Ravi Town",LWMC-RaTo,-,-,moving,on,23.867,289.5,31.617486,74.298791,11/08/2026 10:36 AM,11/08/2026 11:00 AM,Reporting,Moving,12.0,False,UC-13,Ravi Town,Zone-2,Loader Rickshaw,Ravi Town,True,2026-08-11
19313,LR-0427,LR0427,Lahore,"Tehsil Office, Ravi Town",LWMC-RaTo,Loader Rickshaw,Bulk Waste Collection,still,off,23.516,202.01,31.660779,74.306055,11/08/2026 10:45 AM,11/08/2026 11:00 AM,Reporting,Moving,14.04,False,UC-9,Ravi Town,Zone-2,Loader Rickshaw,Ravi Town,True,2026-08-11
-,LR-0260,LR0260,Lahore,"Tehsil Office, Ravi Town",LWMC-RaTo,-,-,moving,on,11.845,271.94,31.590852,74.320935,11/08/2026 10:31 AM,11/08/2026 11:00 AM,Reporting,Parked,0.0,True,UC-17,Ravi Town,Zone-4,Loader Rickshaw,Ravi Town,True,2026-08-11
19919,S-236,S236,Lahore,"Tehsil Office, Ravi Town",LWMC-RaTo,Mini Dumper,Bulk Waste Collection,still,off,22.707,101.04,31.585335,74.330576,11/08/2026 10:40 AM,11/08/2026 11:00 AM,Reporting,Moving,14.04,False,UC-30,Ravi Town,Zone-4,Mini Dumper,Ravi Town,True,2026-08-11
19314,LR-0426,LR0426,Lahore,"Tehsil Office, Ravi Town",LWMC-RaTo,Loader Rickshaw,Bulk Waste Collection,moving,on,20.129,227.3,31.640771,74.287183,11/08/2026 10:41 AM,11/08/2026 11:00 AM,Reporting,Idle,12.1,False,UC-9,Ravi Town,Zone-2,Loader Rickshaw,Ravi Town,True,2026-08-11
19928,S-377,S377,Lahore,"Tehsil Office, Ravi Town",LWMC-RaTo,Mini Dumper,Bulk Waste Collection,moving,on,23.971,307.55,31.584063,74.328991,11/08/2026 10:25 AM,11/08/2026 11:00 AM,Reporting,Moving,12.2,False,UC-33,Ravi Town,Zone-5,Mini Dumper,Ravi Town,True,2026-08-11
-,LR-1171,LR1171,Lahore,"Tehsil Office, Ravi Town",LWMC-RaTo,-,-,still,off,,,31.592552,74.259701,11/08/2026 08:50 AM,11/08/2026 10:00 AM,Reporting,No Activity Since Yesterday,9.24,False,UC-5,Ravi Town,Zone-1,Loader Rickshaw,Ravi Town,True,2026-08-11
-,ND-42,ND42,Lahore,"Tehsil Office, Ravi Town",LWMC-RaTo,-,-,still,off,65.53,253.34,31.614111,74.284707,11/08/2026 10:42 AM,11/08/2026 11:00 AM,Reporting,Moving,26.43,False,UC-4,Ravi Town,Zone-1,Dumper,Ravi Town,True,2026-08-11
18602,C-1382,C1382,Lahore,"Tehsil Office, Ravi Town",LWMC-RaTo,Compactor (13CM),Container-Based Collection,still,off,0.055,17.06,31.573423,74.287804,11/08/2026 10:46 AM,11/08/2026 11:00 AM,Reporting,No Activity Since Yesterday,25.61,False,UC-56,DGBT,Zone-29,Compactor,Ravi Town,False,2026-08-11
19936,M-86,M86,Lahore,"Tehsil Office, Ravi Town",LWMC-RaTo,Mini Dumper,Bulk Waste Collection,moving,on,12.738,66.81,31.588909,74.31131,11/08/2026 09:39 AM,11/08/2026 10:00 AM,Reporting,Moving,11.79,False,UC-38,Ravi Town,Zone-5,Foton-Mini Dumper,Ravi Town,True,2026-08-11
-,LR-2124,LR2124,Lahore,"Tehsil Office, Ravi Town",LWMC-RaTo,-,-,moving,on,15.292,115.0,31.630524,74.309063,11/08/2026 10:40 AM,11/08/2026 11:00 AM,Reporting,Moving,12.81,False,UC-11,Ravi Town,Zone-2,Loader Rickshaw,Ravi Town,True,2026-08-11
19922,S-165,S165,Lahore,"Tehsil Office, Ravi Town",LWMC-RaTo,Mini Dumper,Bulk Waste Collection,still,off,24.249,110.79,31.59415,74.327597,11/08/2026 10:22 AM,11/08/2026 10:30 AM,Reporting,Moving,12.56,False,UC-22,Ravi Town,Zone-4,Mini Dumper,Ravi Town,True,2026-08-11
-,LR-0063,LR0063,Lahore,"Tehsil Office, Ravi Town",LWMC-RaTo,-,-,moving,on,12.257,272.39,31.605193,74.328313,11/08/2026 10:06 AM,11/08/2026 11:00 AM,Reporting,Excess Idling,12.4,False,UC-23,Ravi Town,Zone-3,Loader Rickshaw,Ravi Town,True,2026-08-11
19962,S-303,S303,Lahore,"Tehsil Office, Ravi Town",LWMC-RaTo,Mini Dumper,Bulk Waste Collection,moving,on,37.907,161.53,31.607606,74.310001,11/08/2026 10:43 AM,11/08/2026 11:00 AM,Reporting,Parked,11.94,False,UC-18,Ravi Town,Zone-3,Mini Dumper,Ravi Town,True,2026-08-11
-,LR-0586,LR0586,Lahore,"Tehsil Office, Ravi Town",LWMC-RaTo,-,-,moving,on,18.691,129.19,31.635745,74.286165,11/08/2026 10:17 AM,11/08/2026 10:30 AM,Reporting,Parked,11.03,False,UC-8,Ravi Town,Zone-2,Loader Rickshaw,Ravi Town,True,2026-08-11
-,D-52,D52,Lahore,"Tehsil Office, Ravi Town",LWMC-RaTo,-,-,moving,on,32.705,72.63,31.634203,74.312779,11/08/2026 10:30 AM,11/08/2026 11:00 AM,Reporting,Parked,11.74,False,,,,Dumper,Ravi Town,False,2026-08-11
59162,C-1322,C1322,Lahore,"Tehsil Office, Ravi Town",LWMC-RaTo,Compactor (13CM),Container-Based Collection,moving,on,74.828,279.13,31.583743,74.260171,11/08/2026 10:29 AM,11/08/2026 11:00 AM,Reporting,Moving,12.96,False,UC-1,Ravi Town,Zone-1,Compactor,Ravi Town,True,2026-08-11
-,LR-1610,LR1610,Lahore,"Tehsil Office, Ravi Town",LWMC-RaTo,-,-,still,off,9.187,319.33,31.604349,74.317747,11/08/2026 10:30 AM,11/08/2026 11:00 AM,Reporting,Idle,12.25,False,UC-19,Ravi Town,Zone-3,Loader Rickshaw,Ravi Town,True,2026-08-11
-,LR-0950,LR0950,Lahore,"Tehsil Office, Ravi Town",LWMC-RaTo,-,-,moving,on,13.526,150.05,31.593726,74.305637,11/08/2026 10:28 AM,11/08/2026 11:00 AM,Reporting,Moving,11.69,False,UC-15,Ravi Town,Zone-4,Loader Rickshaw,Ravi Town,True,2026-08-11
-,LR-1831,LR1831,Lahore,"Tehsil Office, Ravi Town",LWMC-RaTo,-,-,still,off,15.093,576.38,31.619687,74.299933,11/08/2026 10:14 AM,11/08/2026 10:30 AM,Reporting,Excess Idling,13.88,False,UC-13,Ravi Town,Zone-2,Loader Rickshaw,Ravi Town,True,2026-08-11
-,LR-1178,LR1178,Lahore,"Tehsil Office, Ravi Town",LWMC-RaTo,-,-,still,off,0.051,0.18,31.593064,74.259402,11/08/2026 05:41 AM,11/08/2026 07:00 AM,Reporting,No Activity Since Yesterday,5.88,False,UC-5,Ravi Town,Zone-1,Loader Rickshaw,Ravi Town,True,2026-08-11
-,LR-2674,LR2674,Lahore,"Tehsil Office, Ravi Town",LWMC-RaTo,-,-,still,off,,,31.635241,74.286972,11/08/2026 09:25 AM,11/08/2026 10:30 AM,Reporting,No Activity Since Yesterday,12.4,False,UC-10,Ravi Town,Zone-2,Loader Rickshaw,Ravi Town,True,2026-08-11
-,LR-1233,LR1233,Lahore,"Tehsil Office, Ravi Town",LWMC-RaTo,-,-,moving,on,13.26,300.61,31.605784,74.318486,11/08/2026 10:31 AM,11/08/2026 11:00 AM,Reporting,Idle,12.76,False,UC-20,Ravi Town,Zone-3,Loader Rickshaw,Ravi Town,True,2026-08-11
-,LR-1944,LR1944,Lahore,"Tehsil Office, Ravi Town",LWMC-RaTo,-,-,still,off,12.43,116.13,31.60998,74.277268,11/08/2026 10:46 AM,11/08/2026 11:00 AM,Reporting,Parked,12.45,False,UC-5,Ravi Town,Zone-1,Loader Rickshaw,Ravi Town,True,2026-08-11
-,HA-1,HA1,Lahore,"Tehsil Office, Ravi Town",LWMC-RaTo,-,-,still,off,59.204,221.78,31.634226,74.312798,11/08/2026 10:19 AM,11/08/2026 11:00 AM,Reporting,Parked,14.19,False,,,,Arm Roll,Ravi Town,False,2026-08-11
-,MFT-02,MFT02,Lahore,"Tehsil Office, Ravi Town",LWMC-RaTo,-,-,still,off,5.655,243.78,31.591213,74.320572,11/08/2026 09:42 AM,11/08/2026 10:00 AM,Reporting,Moving,11.18,False,UC-17,Ravi Town,Zone-4,Tractor Trolley,Ravi Town,True,2026-08-11
23436,LR-0088,LR0088,Lahore,"Tehsil Office, Ravi Town",LWMC-RaTo,Loader Rickshaw,Door To Door Collection,still,off,6.862,197.31,31.609986,74.277409,11/08/2026 10:46 AM,11/08/2026 11:00 AM,Reporting,Idle,11.69,False,UC-4,Ravi Town,Zone-1,Loader Rickshaw,Ravi Town,True,2026-08-11
-,HA-6,HA6,Lahore,"Tehsil Office, Ravi Town",LWMC-RaTo,-,-,moving,on,75.787,265.44,31.5999,74.298672,11/08/2026 10:32 AM,11/08/2026 11:00 AM,Reporting,Excess Idling,27.09,False,UC-48,DGBT,Zone-28,Arm Roll,Ravi Town,False,2026-08-11
-,LR-2480,LR2480,Lahore,"Tehsil Office, Ravi Town",LWMC-RaTo,-,-,still,off,5.123,100.48,31.595269,74.316983,11/08/2026 10:14 AM,11/08/2026 10:30 AM,Reporting,Parked,12.86,False,UC-17,Ravi Town,Zone-4,Loader Rickshaw,Ravi Town,True,2026-08-11
19921,S-44,S44,Lahore,"Tehsil Office, Ravi Town",LWMC-RaTo,Mini Dumper,Bulk Waste Collection,moving,on,20.469,110.28,31.61675,74.279299,11/08/2026 10:10 AM,11/08/2026 10:30 AM,Reporting,Moving,12.3,False,UC-4,Ravi Town,Zone-1,Mini Dumper,Ravi Town,True,2026-08-11
-,LR-1229,LR1229,Lahore,"Tehsil Office, Ravi Town",LWMC-RaTo,-,-,still,off,7.853,51.46,31.605813,74.317719,11/08/2026 10:41 AM,11/08/2026 11:00 AM,Reporting,Parked,10.67,False,UC-20,Ravi Town,Zone-3,Loader Rickshaw,Ravi Town,True,2026-08-11
-,LR-1626,LR1626,Lahore,"Tehsil Office, Ravi Town",LWMC-RaTo,-,-,moving,on,5.96,269.56,31.590775,74.320466,11/08/2026 10:31 AM,11/08/2026 11:00 AM,Reporting,Parked,12.96,False,UC-17,Ravi Town,Zone-4,Loader Rickshaw,Ravi Town,True,2026-08-11
19344,MFL-110,MFL110,Lahore,"Tehsil Office, Ravi Town",LWMC-RaTo,Loader Rickshaw,Bulk Waste Collection,moving,on,12.938,296.71,31.607264,74.331553,11/08/2026 10:42 AM,11/08/2026 11:00 AM,Reporting,Excess Idling,0.0,True,UC-23,Ravi Town,Zone-3,Loader,Ravi Town,True,2026-08-11
-,C-1376,C1376,Lahore,"Tehsil Office, Ravi Town",LWMC-RaTo,-,-,still,off,60.007,286.3,31.634018,74.312813,11/08/2026 10:41 AM,11/08/2026 11:00 AM,Reporting,Parked,25.36,False,UC-11,Ravi Town,Zone-2,Compactor,Ravi Town,True,2026-08-11
19923,S-178,S178,Lahore,"Tehsil Office, Ravi Town",LWMC-RaTo,Mini Dumper,Bulk Waste Collection,moving,on,26.104,124.36,31.609126,74.303489,11/08/2026 10:08 AM,11/08/2026 11:00 AM,Reporting,Moving,13.17,False,UC-16,Ravi Town,Zone-4,Mini Dumper,Ravi Town,True,2026-08-11
-,SD-02,SD02,Lahore,"Tehsil Office, Ravi Town",LWMC-RaTo,-,-,moving,on,68.794,228.9,31.609442,74.314732,11/08/2026 10:20 AM,11/08/2026 11:00 AM,Reporting,Moving,13.12,False,UC-19,Ravi Town,Zone-3,Dumper,Ravi Town,True,2026-08-11
18679,C-716,C716,Lahore,"Tehsil Office, Ravi Town",LWMC-RaTo,Compactor (7CM),Container-Based Collection,moving,on,95.556,269.8,31.633636,74.312965,11/08/2026 10:32 AM,11/08/2026 11:00 AM,Reporting,Moving,15.36,False,,,,Compactor,Ravi Town,False,2026-08-11
19948,S-146,S146,Lahore,"Tehsil Office, Ravi Town",LWMC-RaTo,Mini Dumper,Bulk Waste Collection,moving,on,31.489,127.46,31.607932,74.301783,11/08/2026 09:47 AM,11/08/2026 10:00 AM,Reporting,Parked,12.81,False,,,,Mini Dumper,Ravi Town,False,2026-08-11
-,LR-1603,LR1603,Lahore,"Tehsil Office, Ravi Town",LWMC-RaTo,-,-,still,off,,,31.591226,74.317327,11/08/2026 09:39 AM,11/08/2026 11:00 AM,Reporting,No Activity Since Yesterday,11.79,False,UC-17,Ravi Town,Zone-4,Loader Rickshaw,Ravi Town,True,2026-08-11
59159,C-711,C711,Lahore,"Tehsil Office, Ravi Town",LWMC-RaTo,Compactor (7CM),Container-Based Collection,moving,on,64.494,298.21,31.609033,74.330809,11/08/2026 10:40 AM,11/08/2026 11:00 AM,Reporting,Parked,11.08,False,UC-23,Ravi Town,Zone-3,Compactor,Ravi Town,True,2026-08-11
19955,S-30,S30,Lahore,"Tehsil Office, Ravi Town",LWMC-RaTo,Mini Dumper,Bulk Waste Collection,moving,on,22.439,97.04,31.578771,74.264543,11/08/2026 10:19 AM,11/08/2026 11:00 AM,Reporting,Moving,13.37,False,UC-1,Ravi Town,Zone-1,Mini Dumper,Ravi Town,True,2026-08-11
-,LR-1611,LR1611,Lahore,"Tehsil Office, Ravi Town",LWMC-RaTo,-,-,still,off,,,31.591104,74.317526,11/08/2026 09:28 AM,11/08/2026 10:30 AM,Reporting,No Activity Since Yesterday,11.94,False,UC-17,Ravi Town,Zone-4,Loader Rickshaw,Ravi Town,True,2026-08-11
-,D-64,D64,Lahore,"Tehsil Office, Ravi Town",LWMC-RaTo,-,-,moving,on,69.372,207.23,31.616716,74.279218,11/08/2026 10:40 AM,11/08/2026 11:00 AM,Reporting,Moving,23.93,False,UC-4,Ravi Town,Zone-1,Dumper,Ravi Town,True,2026-08-11
-,LR-1608,LR1608,Lahore,"Tehsil Office, Ravi Town",LWMC-RaTo,-,-,moving,on,13.83,297.93,31.589792,74.322109,11/08/2026 10:39 AM,11/08/2026 11:00 AM,Reporting,Idle,11.49,False,UC-17,Ravi Town,Zone-4,Loader Rickshaw,Ravi Town,True,2026-08-11
23434,LR-0086,LR0086,Lahore,"Tehsil Office, Ravi Town",LWMC-RaTo,Loader Rickshaw,Door To Door Collection,still,off,11.092,245.06,31.611156,74.264333,11/08/2026 10:44 AM,11/08/2026 11:00 AM,Reporting,Moving,12.05,False,UC-1,Ravi Town,Zone-1,Loader Rickshaw,Ravi Town,True,2026-08-11
-,LR-1220,LR1220,Lahore,"Tehsil Office, Ravi Town",LWMC-RaTo,-,-,moving,on,9.251,148.68,31.584083,74.327147,11/08/2026 10:11 AM,11/08/2026 11:00 AM,Reporting,Parked,10.52,False,UC-33,Ravi Town,Zone-5,Loader Rickshaw,Ravi Town,True,2026-08-11
18605,C-1334,C1334,Lahore,"Tehsil Office, Ravi Town",LWMC-RaTo,Compactor (13CM),Container-Based Collection,still,off,54.031,322.23,31.635756,74.285579,11/08/2026 10:43 AM,11/08/2026 11:00 AM,Reporting,Moving,28.06,False,UC-8,Ravi Town,Zone-2,Compactor,Ravi Town,True,2026-08-11
-,LR-2043,LR2043,Lahore,"Tehsil Office, Ravi Town",LWMC-RaTo,-,-,still,off,,,31.635117,74.287042,11/08/2026 09:41 AM,11/08/2026 11:00 AM,Reporting,No Activity Since Yesterday,8.88,False,UC-10,Ravi Town,Zone-2,Loader Rickshaw,Ravi Town,True,2026-08-11
19289,LR-0248,LR0248,Lahore,"Tehsil Office, Ravi Town",LWMC-RaTo,Loader Rickshaw,Bulk Waste Collection,still,off,14.225,219.25,31.587765,74.332666,11/08/2026 10:06 AM,11/08/2026 11:00 AM,Reporting,Moving,11.74,False,UC-30,Ravi Town,Zone-4,Loader Rickshaw,Ravi Town,True,2026-08-11
18683,C-717,C717,Lahore,"Tehsil Office, Ravi Town",LWMC-RaTo,Compactor (7CM),Container-Based Collection,still,off,0.083,4.83,31.573494,74.287741,11/08/2026 09:37 AM,11/08/2026 11:00 AM,Reporting,No Activity Since Yesterday,25.1,False,UC-56,DGBT,Zone-29,Compactor,Ravi Town,False,2026-08-11
19266,LR-0161,LR0161,Lahore,"Tehsil Office, Ravi Town",LWMC-RaTo,Loader Rickshaw,Bulk Waste Collection,moving,on,14.396,246.0,31.635609,74.285205,11/08/2026 10:43 AM,11/08/2026 11:00 AM,Reporting,Moving,11.64,False,UC-8,Ravi Town,Zone-2,Loader Rickshaw,Ravi Town,True,2026-08-11
-,ND-43,ND43,Lahore,"Tehsil Office, Ravi Town",LWMC-RaTo,-,-,moving,on,56.447,197.31,31.609311,74.323648,11/08/2026 10:00 AM,11/08/2026 10:30 AM,Reporting,Moving,14.49,False,,,,Dumper,Ravi Town,False,2026-08-11
-,LR-2113,LR2113,Lahore,"Tehsil Office, Ravi Town",LWMC-RaTo,-,-,moving,on,14.001,71.58,31.626911,74.285321,11/08/2026 10:02 AM,11/08/2026 11:00 AM,Reporting,Parked,5.06,False,UC-7,Ravi Town,Zone-1,Loader Rickshaw,Ravi Town,True,2026-08-11
19944,S-179,S179,Lahore,"Tehsil Office, Ravi Town",LWMC-RaTo,Mini Dumper,Bulk Waste Collection,moving,on,22.79,108.51,31.608322,74.304073,11/08/2026 10:12 AM,11/08/2026 11:00 AM,Reporting,Parked,12.61,False,UC-16,Ravi Town,Zone-4,Mini Dumper,Ravi Town,True,2026-08-11
19935,M-126,M126,Lahore,"Tehsil Office, Ravi Town",LWMC-RaTo,Mini Dumper,Bulk Waste Collection,still,off,12.502,114.06,31.607324,74.272542,11/08/2026 10:14 AM,11/08/2026 11:00 AM,Reporting,Parked,13.12,False,UC-5,Ravi Town,Zone-1,Foton-Mini Dumper,Ravi Town,True,2026-08-11
-,LR-1618,LR1618,Lahore,"Tehsil Office, Ravi Town",LWMC-RaTo,-,-,moving,on,6.487,167.11,31.584648,74.320497,11/08/2026 10:42 AM,11/08/2026 11:00 AM,Reporting,Excess Idling,24.49,False,UC-33,Ravi Town,Zone-5,Loader Rickshaw,Ravi Town,True,2026-08-11
19940,M-13,M13,Lahore,"Tehsil Office, Ravi Town",LWMC-RaTo,Mini Dumper,Bulk Waste Collection,moving,on,41.25,176.86,31.617976,74.297936,11/08/2026 10:35 AM,11/08/2026 11:00 AM,Reporting,Moving,13.42,False,UC-13,Ravi Town,Zone-2,Foton-Mini Dumper,Ravi Town,True,2026-08-11
-,LR-2117,LR2117,Lahore,"Tehsil Office, Ravi Town",LWMC-RaTo,-,-,moving,on,19.204,103.45,31.640557,74.282798,11/08/2026 10:38 AM,11/08/2026 11:00 AM,Reporting,Parked,11.94,False,UC-8,Ravi Town,Zone-2,Loader Rickshaw,Ravi Town,True,2026-08-11
-,LR-1173,LR1173,Lahore,"Tehsil Office, Ravi Town",LWMC-RaTo,-,-,still,off,14.701,110.15,31.633972,74.312733,11/08/2026 10:39 AM,11/08/2026 11:00 AM,Reporting,Idle,12.66,False,UC-11,Ravi Town,Zone-2,Loader Rickshaw,Ravi Town,True,2026-08-11
19916,S-248,S248,Lahore,"Tehsil Office, Ravi Town",LWMC-RaTo,Mini Dumper,Bulk Waste Collection,still,off,88.587,245.13,31.608143,74.270802,11/08/2026 09:27 AM,11/08/2026 10:30 AM,Reporting,Moving,13.02,False,UC-5,Ravi Town,Zone-1,Mini Dumper,Ravi Town,True,2026-08-11
-,LR-1623,LR1623,Lahore,"Tehsil Office, Ravi Town",LWMC-RaTo,-,-,still,off,8.478,259.88,31.602632,74.321313,11/08/2026 10:00 AM,11/08/2026 10:30 AM,Reporting,Excess Idling,12.25,False,UC-29,Ravi Town,Zone-3,Loader Rickshaw,Ravi Town,True,2026-08-11
19931,M-29,M29,Lahore,"Tehsil Office, Ravi Town",LWMC-RaTo,Mini Dumper,Bulk Waste Collection,still,off,39.897,139.75,31.611471,74.311493,11/08/2026 10:37 AM,11/08/2026 11:00 AM,Reporting,Moving,11.38,False,UC-23,Ravi Town,Zone-3,Foton-Mini Dumper,Ravi Town,True,2026-08-11
-,MFL-90,MFL90,Lahore,"Tehsil Office, Ravi Town",LWMC-RaTo,-,-,still,off,11.844,333.1,31.591382,74.320498,11/08/2026 10:44 AM,11/08/2026 11:00 AM,Reporting,Excess Idling,14.09,False,UC-17,Ravi Town,Zone-4,Loader,Ravi Town,True,2026-08-11
-,MFL-100,MFL100,Lahore,"Tehsil Office, Ravi Town",LWMC-RaTo,-,-,still,off,6.576,82.45,31.601956,74.308765,11/08/2026 09:26 AM,11/08/2026 10:30 AM,Reporting,Excess Idling,12.61,False,UC-16,Ravi Town,Zone-4,Loader,Ravi Town,True,2026-08-11
-,LR-0901,LR0901,Lahore,"Tehsil Office, Ravi Town",LWMC-RaTo,-,-,moving,on,8.647,53.53,31.592203,74.319364,11/08/2026 10:30 AM,11/08/2026 11:00 AM,Reporting,Parked,12.61,False,UC-17,Ravi Town,Zone-4,Loader Rickshaw,Ravi Town,True,2026-08-11
19960,S-74,S74,Lahore,"Tehsil Office, Ravi Town",LWMC-RaTo,Mini Dumper,Bulk Waste Collection,moving,on,24.64,328.96,31.634212,74.31268,11/08/2026 10:37 AM,11/08/2026 11:00 AM,Reporting,Moving,7.92,False,,,,Mini Dumper,Ravi Town,False,2026-08-11
-,HA-5,HA5,Lahore,"Tehsil Office, Ravi Town",LWMC-RaTo,-,-,moving,on,45.831,242.61,31.583903,74.260093,11/08/2026 10:40 AM,11/08/2026 11:00 AM,Reporting,Parked,11.08,False,UC-1,Ravi Town,Zone-1,Arm Roll,Ravi Town,True,2026-08-11
-,LR-0900,LR0900,Lahore,"Tehsil Office, Ravi Town",LWMC-RaTo,-,-,moving,on,5.292,191.34,31.598752,74.317978,11/08/2026 10:44 AM,11/08/2026 11:00 AM,Reporting,Moving,14.39,False,UC-22,Ravi Town,Zone-4,Loader Rickshaw,Ravi Town,True,2026-08-11
-,LR-1615,LR1615,Lahore,"Tehsil Office, Ravi Town",LWMC-RaTo,-,-,moving,on,10.167,279.14,31.598832,74.316091,11/08/2026 10:40 AM,11/08/2026 11:00 AM,Reporting,Moving,28.16,False,UC-19,Ravi Town,Zone-3,Loader Rickshaw,Ravi Town,True,2026-08-11
19926,S-234,S234,Lahore,"Tehsil Office, Ravi Town",LWMC-RaTo,Mini Dumper,Bulk Waste Collection,moving,on,3.522,35.95,31.57329,74.287798,11/08/2026 10:30 AM,11/08/2026 11:00 AM,Reporting,Parked,11.89,False,UC-56,DGBT,Zone-29,Mini Dumper,Ravi Town,False,2026-08-11
-,LR-1805,LR1805,Lahore,"Tehsil Office, Ravi Town",LWMC-RaTo,-,-,moving,on,13.557,199.94,31.604006,74.327093,11/08/2026 10:23 AM,11/08/2026 11:00 AM,Reporting,Parked,12.1,False,UC-20,Ravi Town,Zone-3,Loader Rickshaw,Ravi Town,True,2026-08-11
19946,S-222,S222,Lahore,"Tehsil Office, Ravi Town",LWMC-RaTo,Mini Dumper,Bulk Waste Collection,moving,on,30.855,118.98,31.610083,74.256538,11/08/2026 10:18 AM,11/08/2026 10:30 AM,Reporting,Parked,7.99,False,,,,Mini Dumper,Ravi Town,False,2026-08-11
19323,LR-0437,LR0437,Lahore,"Tehsil Office, Ravi Town",LWMC-RaTo,Loader Rickshaw,Bulk Waste Collection,moving,on,11.119,192.06,31.590891,74.320816,11/08/2026 10:02 AM,11/08/2026 11:00 AM,Reporting,Moving,14.7,False,UC-17,Ravi Town,Zone-4,Loader Rickshaw,Ravi Town,True,2026-08-11
19317,LR-0423,LR0423,Lahore,"Tehsil Office, Ravi Town",LWMC-RaTo,Loader Rickshaw,Bulk Waste Collection,still,off,15.02,146.25,31.634474,74.312486,11/08/2026 10:32 AM,11/08/2026 11:00 AM,Reporting,Idle,11.79,False,,,,Loader Rickshaw,Ravi Town,False,2026-08-11
-,LR-2039,LR2039,Lahore,"Tehsil Office, Ravi Town",LWMC-RaTo,-,-,moving,on,7.422,226.91,31.5901,74.320402,11/08/2026 10:42 AM,11/08/2026 11:00 AM,Reporting,Parked,0.0,True,UC-17,Ravi Town,Zone-4,Loader Rickshaw,Ravi Town,True,2026-08-11
-,SD-01,SD01,Lahore,"Tehsil Office, Ravi Town",LWMC-RaTo,-,-,moving,on,43.979,230.4,31.61098,74.311296,11/08/2026 10:21 AM,11/08/2026 11:00 AM,Reporting,Excess Idling,12.05,False,UC-23,Ravi Town,Zone-3,Dumper,Ravi Town,True,2026-08-11
18480,CA-157,CA157,Lahore,"Tehsil Office, Ravi Town",LWMC-RaTo,Chain Arm Roll,Container-Based Collection,moving,on,81.465,269.19,31.634222,74.312741,11/08/2026 10:14 AM,11/08/2026 10:30 AM,Reporting,Moving,12.56,False,,,,Chain Arm Roll,Ravi Town,False,2026-08-11
19945,S-38,S38,Lahore,"Tehsil Office, Ravi Town",LWMC-RaTo,Mini Dumper,Bulk Waste Collection,still,off,24.562,112.46,31.595985,74.306996,11/08/2026 10:33 AM,11/08/2026 11:00 AM,Reporting,Moving,28.72,False,UC-15,Ravi Town,Zone-4,Mini Dumper,Ravi Town,True,2026-08-11
-,LR-1235,LR1235,Lahore,"Tehsil Office, Ravi Town",LWMC-RaTo,-,-,moving,on,10.8,80.16,31.590995,74.317289,11/08/2026 10:41 AM,11/08/2026 11:00 AM,Reporting,Excess Idling,12.56,False,UC-17,Ravi Town,Zone-4,Loader Rickshaw,Ravi Town,True,2026-08-11
-,LR-1176,LR1176,Lahore,"Tehsil Office, Ravi Town",LWMC-RaTo,-,-,moving,on,11.225,45.33,31.634868,74.313477,11/08/2026 10:15 AM,11/08/2026 11:00 AM,Reporting,Parked,12.96,False,,,,Loader Rickshaw,Ravi Town,False,2026-08-11
19345,MFL-62,MFL62,Lahore,"Tehsil Office, Ravi Town",LWMC-RaTo,Loader Rickshaw,Bulk Waste Collection,still,off,15.006,316.31,31.638026,74.309546,11/08/2026 10:45 AM,11/08/2026 11:00 AM,Reporting,Excess Idling,13.78,False,UC-11,Ravi Town,Zone-2,Loader,Ravi Town,True,2026-08-11
-,LR-1504,LR1504,Lahore,"Tehsil Office, Ravi Town",LWMC-RaTo,-,-,moving,on,8.463,51.13,31.610249,74.276388,11/08/2026 09:34 AM,11/08/2026 11:00 AM,Reporting,Parked,12.61,False,UC-5,Ravi Town,Zone-1,Loader Rickshaw,Ravi Town,True,2026-08-11
-,LR-1175,LR1175,Lahore,"Tehsil Office, Ravi Town",LWMC-RaTo,-,-,moving,on,14.566,69.58,31.633828,74.312368,11/08/2026 10:25 AM,11/08/2026 11:00 AM,Reporting,Parked,13.07,False,UC-11,Ravi Town,Zone-2,Loader Rickshaw,Ravi Town,True,2026-08-11
23440,LR-0092,LR0092,Lahore,"Tehsil Office, Ravi Town",LWMC-RaTo,Loader Rickshaw,Door To Door Collection,still,off,13.379,158.76,31.609975,74.277324,11/08/2026 09:36 AM,11/08/2026 11:00 AM,Reporting,Moving,11.89,False,UC-4,Ravi Town,Zone-1,Loader Rickshaw,Ravi Town,True,2026-08-11
-,C-25-084,C25084,Lahore,"Tehsil Office, Ravi Town",LWMC-RaTo,-,-,still,off,,,31.623687,74.421389,11/08/2026 09:17 AM,11/08/2026 10:30 AM,Reporting,No Activity Since Yesterday,12.71,False,UC-108,Wagha Town,Zone-13,Compactor,Aziz Bhatti Town,False,2026-08-11
-,LR-1621,LR1621,Lahore,"Tehsil Office, Ravi Town",LWMC-RaTo,-,-,still,off,5.577,298.86,31.591035,74.317799,11/08/2026 10:19 AM,11/08/2026 10:30 AM,Reporting,Excess Idling,13.53,False,UC-17,Ravi Town,Zone-4,Loader Rickshaw,Ravi Town,True,2026-08-11
59161,C-1317,C1317,Lahore,"Tehsil Office, Ravi Town",LWMC-RaTo,Compactor (13CM),Container-Based Collection,still,off,74.649,286.5,31.634046,74.312791,11/08/2026 10:20 AM,11/08/2026 11:00 AM,Reporting,Moving,27.81,False,UC-11,Ravi Town,Zone-2,Compactor,Ravi Town,True,2026-08-11
19951,S-177,S177,Lahore,"Tehsil Office, Ravi Town",LWMC-RaTo,Mini Dumper,Bulk Waste Collection,moving,on,16.134,71.41,31.639511,74.308497,11/08/2026 10:01 AM,11/08/2026 11:00 AM,Reporting,Parked,13.68,False,UC-11,Ravi Town,Zone-2,Mini Dumper,Ravi Town,True,2026-08-11
-,MFL-96,MFL96,Lahore,"Tehsil Office, Ravi Town",LWMC-RaTo,-,-,still,off,11.422,346.89,31.634229,74.312772,11/08/2026 10:45 AM,11/08/2026 11:00 AM,Reporting,Excess Idling,12.51,False,,,,Loader,Ravi Town,False,2026-08-11
19929,S-227,S227,Lahore,"Tehsil Office, Ravi Town",LWMC-RaTo,Mini Dumper,Bulk Waste Collection,moving,on,17.817,219.73,31.626751,74.277883,11/08/2026 10:43 AM,11/08/2026 11:00 AM,Reporting,Parked,12.05,False,UC-7,Ravi Town,Zone-1,Mini Dumper,Ravi Town,True,2026-08-11
19943,S-295,S295,Lahore,"Tehsil Office, Ravi Town",LWMC-RaTo,Mini Dumper,Bulk Waste Collection,moving,on,10.521,72.01,31.625243,74.290873,11/08/2026 10:40 AM,11/08/2026 11:00 AM,Reporting,Idle,12.05,False,UC-12,Ravi Town,Zone-2,Mini Dumper,Ravi Town,True,2026-08-11
18603,C-1377L,C1377L,Lahore,"Tehsil Office, Ravi Town",LWMC-RaTo,Compactor (13CM),Container-Based Collection,still,off,60.244,275.44,31.634273,74.312658,11/08/2026 10:42 AM,11/08/2026 11:00 AM,Reporting,Idle,10.92,False,,,,Compactor,Ravi Town,False,2026-08-11
19920,S-290,S290,Lahore,"Tehsil Office, Ravi Town",LWMC-RaTo,Mini Dumper,Bulk Waste Collection,still,off,29.936,128.11,31.61118,74.328324,11/08/2026 10:36 AM,11/08/2026 11:00 AM,Reporting,Parked,10.92,False,UC-23,Ravi Town,Zone-3,Mini Dumper,Ravi Town,True,2026-08-11
18475,CA-143,CA143,Lahore,"Tehsil Office, Ravi Town",LWMC-RaTo,Chain Arm Roll,Container-Based Collection,still,off,78.062,279.78,31.573227,74.287306,11/08/2026 10:01 AM,11/08/2026 11:00 AM,Reporting,Parked,24.59,False,UC-56,DGBT,Zone-29,Chain Arm Roll,Ravi Town,False,2026-08-11
19961,S-294,S294,Lahore,"Tehsil Office, Ravi Town",LWMC-RaTo,Mini Dumper,Bulk Waste Collection,moving,on,92.307,250.4,31.583941,74.291216,11/08/2026 10:13 AM,11/08/2026 11:00 AM,Reporting,Parked,12.05,False,UC-52,DGBT,Zone-28,Mini Dumper,Ravi Town,False,2026-08-11
-,LR-1612,LR1612,Lahore,"Tehsil Office, Ravi Town",LWMC-RaTo,-,-,moving,on,18.569,344.23,31.605753,74.315007,11/08/2026 10:01 AM,11/08/2026 11:00 AM,Reporting,Moving,0.0,True,UC-19,Ravi Town,Zone-3,Loader Rickshaw,Ravi Town,True,2026-08-11
19319,LR-0421,LR0421,Lahore,"Tehsil Office, Ravi Town",LWMC-RaTo,Loader Rickshaw,Bulk Waste Collection,still,off,16.972,182.98,31.63487,74.313536,11/08/2026 09:38 AM,11/08/2026 11:00 AM,Reporting,Moving,12.25,False,,,,Loader Rickshaw,Ravi Town,False,2026-08-11
19949,S-368,S368,Lahore,"Tehsil Office, Ravi Town",LWMC-RaTo,Mini Dumper,Bulk Waste Collection,moving,on,22.3,105.76,31.618335,74.290613,11/08/2026 10:43 AM,11/08/2026 11:00 AM,Reporting,Moving,12.91,False,UC-13,Ravi Town,Zone-2,Mini Dumper,Ravi Town,True,2026-08-11
-,LR-0904,LR0904,Lahore,"Tehsil Office, Ravi Town",LWMC-RaTo,-,-,still,off,12.408,303.66,31.604713,74.311139,11/08/2026 10:29 AM,11/08/2026 11:00 AM,Reporting,Excess Idling,11.13,False,UC-18,Ravi Town,Zone-3,Loader Rickshaw,Ravi Town,True,2026-08-11
-,MFL-85,MFL85,Lahore,"Tehsil Office, Ravi Town",LWMC-RaTo,-,-,moving,on,7.665,116.75,31.601221,74.309521,11/08/2026 10:41 AM,11/08/2026 11:00 AM,Reporting,Idle,14.34,False,UC-16,Ravi Town,Zone-4,Loader,Ravi Town,True,2026-08-11
-,LR-1507,LR1507,Lahore,"Tehsil Office, Ravi Town",LWMC-RaTo,-,-,moving,on,12.443,101.91,31.628243,74.309382,11/08/2026 10:09 AM,11/08/2026 11:00 AM,Reporting,Parked,11.03,False,UC-14,Ravi Town,Zone-2,Loader Rickshaw,Ravi Town,True,2026-08-11
-,LR-1506,LR1506,Lahore,"Tehsil Office, Ravi Town",LWMC-RaTo,-,-,still,off,12.553,67.59,31.631286,74.31032,11/08/2026 10:13 AM,11/08/2026 11:00 AM,Reporting,Parked,11.74,False,UC-14,Ravi Town,Zone-2,Loader Rickshaw,Ravi Town,True,2026-08-11
-,D-27,D27,Lahore,"Tehsil Office, Ravi Town",LWMC-RaTo,-,-,moving,on,67.776,191.4,31.638066,74.309858,11/08/2026 10:39 AM,11/08/2026 11:00 AM,Reporting,Idle,12.96,False,,,,Dumper,Ravi Town,False,2026-08-11
19953,S-64,S64,Lahore,"Tehsil Office, Ravi Town",LWMC-RaTo,Mini Dumper,Bulk Waste Collection,moving,on,19.823,105.06,31.621697,74.271291,11/08/2026 10:38 AM,11/08/2026 11:00 AM,Reporting,Parked,13.53,False,UC-2,Ravi Town,Zone-1,Mini Dumper,Ravi Town,True,2026-08-11
-,LR-1247,LR1247,Lahore,"Tehsil Office, Ravi Town",LWMC-RaTo,-,-,moving,on,15.764,74.68,31.577492,74.320948,11/08/2026 10:11 AM,11/08/2026 10:30 AM,Reporting,Parked,11.94,False,UC-32,Ravi Town,Zone-5,Loader Rickshaw,Ravi Town,True,2026-08-11
19930,S-168,S168,Lahore,"Tehsil Office, Ravi Town",LWMC-RaTo,Mini Dumper,Bulk Waste Collection,moving,on,37.329,148.86,31.610924,74.259459,11/08/2026 10:19 AM,11/08/2026 11:00 AM,Reporting,Moving,0.0,True,UC-1,Ravi Town,Zone-1,Mini Dumper,Ravi Town,True,2026-08-11
19906,S-54,S54,Lahore,"Tehsil Office, Ravi Town",LWMC-RaTo,Mini Dumper,Bulk Waste Collection,still,off,20.114,91.33,31.603831,74.324159,11/08/2026 10:39 AM,11/08/2026 11:00 AM,Reporting,Parked,12.51,False,UC-20,Ravi Town,Zone-3,Mini Dumper,Ravi Town,True,2026-08-11
-,WR-0044,WR0044,Lahore,"Tehsil Office, Ravi Town",LWMC-RaTo,-,-,moving,on,2.681,26.05,31.590885,74.320353,11/08/2026 09:21 AM,11/08/2026 10:30 AM,Reporting,Parked,12.61,False,UC-17,Ravi Town,Zone-4,Washer Rickshaw,Ravi Town,True,2026-08-11
-,LR-2479,LR2479,Lahore,"Tehsil Office, Ravi Town",LWMC-RaTo,-,-,moving,on,8.491,82.28,31.608699,74.303446,11/08/2026 10:28 AM,11/08/2026 11:00 AM,Reporting,Parked,13.22,False,UC-16,Ravi Town,Zone-4,Loader Rickshaw,Ravi Town,True,2026-08-11
-,P-6,P6,Lahore,"Tehsil Office, Ravi Town",LWMC-RaTo,-,-,still,off,23.238,93.08,31.598276,74.253735,11/08/2026 10:31 AM,11/08/2026 11:00 AM,Reporting,Moving,12.76,False,UC-1,Ravi Town,Zone-1,Pickup,Ravi Town,True,2026-08-11
-,LR-0899,LR0899,Lahore,"Tehsil Office, Ravi Town",LWMC-RaTo,-,-,moving,on,11.827,319.53,31.590855,74.317251,11/08/2026 10:38 AM,11/08/2026 11:00 AM,Reporting,Parked,11.69,False,UC-17,Ravi Town,Zone-4,Loader Rickshaw,Ravi Town,True,2026-08-11
-,MFL-70,MFL70,Lahore,"Tehsil Office, Ravi Town",LWMC-RaTo,-,-,still,off,16.065,330.11,31.614285,74.284793,11/08/2026 10:44 AM,11/08/2026 11:00 AM,Reporting,Parked,12.4,False,UC-4,Ravi Town,Zone-1,Loader,Ravi Town,True,2026-08-11
-,MFL-101,MFL101,Lahore,"Tehsil Office, Ravi Town",LWMC-RaTo,-,-,moving,on,4.415,351.35,31.584579,74.259126,11/08/2026 10:45 AM,11/08/2026 11:00 AM,Reporting,Excess Idling,13.98,False,UC-1,Ravi Town,Zone-1,Loader,Ravi Town,True,2026-08-11
-,LR-2139,LR2139,Lahore,"Tehsil Office, Ravi Town",LWMC-RaTo,-,-,moving,on,11.447,68.13,31.586411,74.313102,11/08/2026 10:30 AM,11/08/2026 11:00 AM,Reporting,Parked,12.35,False,UC-38,Ravi Town,Zone-5,Loader Rickshaw,Ravi Town,True,2026-08-11
-,LR-2141,LR2141,Lahore,"Tehsil Office, Ravi Town",LWMC-RaTo,-,-,still,off,13.05,197.63,31.576906,74.317174,11/08/2026 09:52 AM,11/08/2026 10:00 AM,Reporting,Parked,11.94,False,UC-34,Ravi Town,Zone-5,Loader Rickshaw,Ravi Town,True,2026-08-11
19934,M-24,M24,Lahore,"Tehsil Office, Ravi Town",LWMC-RaTo,Mini Dumper,Bulk Waste Collection,still,off,41.313,128.0,31.634372,74.312557,11/08/2026 10:43 AM,11/08/2026 11:00 AM,Reporting,Parked,13.27,False,UC-11,Ravi Town,Zone-2,Foton-Mini Dumper,Ravi Town,True,2026-08-11
-,LR-1686,LR1686,Lahore,"Tehsil Office, Ravi Town",LWMC-RaTo,-,-,moving,on,14.32,80.18,31.622337,74.274542,11/08/2026 10:23 AM,11/08/2026 10:30 AM,Reporting,Parked,12.51,False,UC-3,Ravi Town,Zone-1,Loader Rickshaw,Ravi Town,True,2026-08-11
19293,LR-0251,LR0251,Lahore,"Tehsil Office, Ravi Town",LWMC-RaTo,Loader Rickshaw,Bulk Waste Collection,moving,on,8.103,162.53,31.588544,74.32776,11/08/2026 10:35 AM,11/08/2026 11:00 AM,Reporting,Excess Idling,12.0,False,UC-30,Ravi Town,Zone-4,Loader Rickshaw,Ravi Town,True,2026-08-11
-,D-51,D51,Lahore,"Tehsil Office, Ravi Town",LWMC-RaTo,-,-,moving,on,64.283,201.09,31.648102,74.296061,11/08/2026 10:21 AM,11/08/2026 11:00 AM,Reporting,Moving,12.56,False,UC-9,Ravi Town,Zone-2,Dumper,Ravi Town,True,2026-08-11
19354,ALB-7360,ALB7360,Lahore,"Tehsil Office, Ravi Town",LWMC-RaTo,Loader Rickshaw,Bulk Waste Collection,moving,on,12.302,292.91,31.573199,74.299622,11/08/2026 10:26 AM,11/08/2026 11:00 AM,Reporting,Moving,11.59,False,UC-57,DGBT,Zone-27,Loader,Ravi Town,False,2026-08-11
-,LR-2160,LR2160,Lahore,"Tehsil Office, Wahgha Town",LWMC-WaTo,-,-,moving,on,16.207,175.41,31.531555,74.545841,11/08/2026 10:39 AM,11/08/2026 11:00 AM,Reporting,Parked,13.83,False,UC-180,Wagha Town,Zone-14,Loader Rickshaw,Wagha Town,True,2026-08-11
-,LR-1833,LR1833,Lahore,"Tehsil Office, Wahgha Town",LWMC-WaTo,-,-,still,off,0.128,1.89,31.522366,74.457442,11/08/2026 10:25 AM,11/08/2026 10:30 AM,Reporting,No Activity Since Yesterday,11.13,False,UC-193,Wagha Town,Zone-14,Loader Rickshaw,Wagha Town,True,2026-08-11
-,LR-1729,LR1729,Lahore,"Tehsil Office, Wahgha Town",LWMC-WaTo,-,-,still,off,25.822,280.78,31.395827,74.536617,11/08/2026 10:23 AM,11/08/2026 11:00 AM,Reporting,Excess Idling,12.05,False,UC-191,Wagha Town,Zone-14,Loader Rickshaw,Wagha Town,True,2026-08-11
-,LR-2162,LR2162,Lahore,"Tehsil Office, Wahgha Town",LWMC-WaTo,-,-,still,off,22.774,79.51,31.391267,74.571363,11/08/2026 08:21 AM,11/08/2026 08:30 AM,Reporting,Excess Idling,11.79,False,UC-191,Wagha Town,Zone-14,Loader Rickshaw,Wagha Town,True,2026-08-11
-,LR-1785,LR1785,Lahore,"Tehsil Office, Wahgha Town",LWMC-WaTo,-,-,still,off,18.805,81.86,31.444184,74.526438,11/08/2026 10:40 AM,11/08/2026 11:00 AM,Reporting,Parked,0.0,True,UC-191,Wagha Town,Zone-14,Loader Rickshaw,Wagha Town,True,2026-08-11
-,LR-1787,LR1787,Lahore,"Tehsil Office, Wahgha Town",LWMC-WaTo,-,-,still,off,26.871,187.9,31.471223,74.624681,11/08/2026 10:45 AM,11/08/2026 11:00 AM,Reporting,Moving,12.3,False,UC-190,Wagha Town,Zone-14,Loader Rickshaw,Wagha Town,True,2026-08-11
-,LR-2469,LR2469,Lahore,"Tehsil Office, Wahgha Town",LWMC-WaTo,-,-,moving,on,24.989,304.21,31.590226,74.429936,11/08/2026 10:44 AM,11/08/2026 11:00 AM,Reporting,Moving,13.78,False,UC-175,Wagha Town,Zone-12,Loader Rickshaw,Wagha Town,True,2026-08-11
-,LR-1289,LR1289,Lahore,"Tehsil Office, Wahgha Town",LWMC-WaTo,-,-,still,off,6.593,171.0,31.586401,74.388193,11/08/2026 10:43 AM,11/08/2026 11:00 AM,Reporting,Parked,11.89,False,UC-131,Wagha Town,Zone-11,Loader Rickshaw,Wagha Town,True,2026-08-11
-,LR-2306,LR2306,Lahore,"Tehsil Office, Wahgha Town",LWMC-WaTo,-,-,moving,on,15.649,60.46,31.536678,74.585145,11/08/2026 08:34 AM,11/08/2026 09:30 AM,Reporting,Parked,25.91,False,UC-180,Wagha Town,Zone-14,Loader Rickshaw,Wagha Town,True,2026-08-11
-,LR-2451,LR2451,Lahore,"Tehsil Office, Wahgha Town",LWMC-WaTo,-,-,still,off,32.969,229.16,31.593797,74.454655,11/08/2026 10:40 AM,11/08/2026 11:00 AM,Reporting,Moving,13.98,False,UC-178,Wagha Town,Zone-12,Loader Rickshaw,Wagha Town,True,2026-08-11
-,LR-2953,LR2953,Lahore,"Tehsil Office, Wahgha Town",LWMC-WaTo,-,-,still,off,9.02,61.66,31.603882,74.454681,11/08/2026 09:28 AM,11/08/2026 10:30 AM,Reporting,Parked,11.79,False,UC-177,Wagha Town,Zone-13,,Wagha Town,True,2026-08-11
23633,LR-1065,LR1065,Lahore,"Tehsil Office, Wahgha Town",LWMC-WaTo,Loader Rickshaw,Door To Door Collection,still,off,7.313,479.68,31.562288,74.527346,11/08/2026 10:45 AM,11/08/2026 11:00 AM,Reporting,Parked,11.38,False,UC-181,Wagha Town,Zone-13,Loader Rickshaw,Wagha Town,True,2026-08-11
-,WR-0025,WR0025,Lahore,"Tehsil Office, Wahgha Town",LWMC-WaTo,-,-,moving,on,20.728,110.7,31.58963,74.432003,11/08/2026 10:36 AM,11/08/2026 11:00 AM,Reporting,Parked,12.05,False,UC-144,Wagha Town,Zone-12,Washer Rickshaw,Wagha Town,True,2026-08-11
-,LR-2869,LR2869,Lahore,"Tehsil Office, Wahgha Town",LWMC-WaTo,-,-,moving,on,13.394,67.58,31.600033,74.393874,11/08/2026 10:40 AM,11/08/2026 11:00 AM,Reporting,Parked,11.23,False,UC-134,Wagha Town,Zone-11,Loader Rickshaw,Wagha Town,True,2026-08-11
-,M-83,M83,Lahore,"Tehsil Office, Wahgha Town",LWMC-WaTo,-,-,moving,on,45.93,136.59,31.609041,74.392841,11/08/2026 10:37 AM,11/08/2026 11:00 AM,Reporting,Parked,11.69,False,UC-108,Wagha Town,Zone-13,Foton-Mini Dumper,Wagha Town,True,2026-08-11
23560,LR-0283,LR0283,Lahore,"Tehsil Office, Wahgha Town",LWMC-WaTo,Loader Rickshaw,Door To Door Collection,still,off,10.896,48.13,31.597443,74.469327,11/08/2026 10:28 AM,11/08/2026 11:00 AM,Reporting,Parked,12.2,False,UC-178,Wagha Town,Zone-12,Loader Rickshaw,Wagha Town,True,2026-08-11
-,LR-0511,LR0511,Lahore,"Tehsil Office, Wahgha Town",LWMC-WaTo,-,-,still,off,9.531,136.23,31.58622,74.41206,11/08/2026 10:41 AM,11/08/2026 11:00 AM,Reporting,Excess Idling,13.17,False,UC-144,Wagha Town,Zone-12,Loader Rickshaw,Wagha Town,True,2026-08-11
-,LR-1927,LR1927,Lahore,"Tehsil Office, Wahgha Town",LWMC-WaTo,-,-,still,off,25.093,92.13,31.653329,74.482097,11/08/2026 09:39 AM,11/08/2026 10:00 AM,Reporting,Parked,12.0,False,UC-176,Wagha Town,Zone-13,Loader Rickshaw,Wagha Town,True,2026-08-11
23584,LR-0632,LR0632,Lahore,"Tehsil Office, Wahgha Town",LWMC-WaTo,Loader Rickshaw,Door To Door Collection,moving,on,5.152,30.96,31.586694,74.502153,11/08/2026 10:40 AM,11/08/2026 11:00 AM,Reporting,Parked,12.1,False,UC-182,Wagha Town,Zone-13,Loader Rickshaw,Wagha Town,True,2026-08-11
23641,LR-1073,LR1073,Lahore,"Tehsil Office, Wahgha Town",LWMC-WaTo,Loader Rickshaw,Door To Door Collection,moving,on,12.964,309.44,31.561841,74.537824,11/08/2026 10:43 AM,11/08/2026 11:00 AM,Reporting,Idle,12.05,False,UC-181,Wagha Town,Zone-13,Loader Rickshaw,Wagha Town,True,2026-08-11
-,LR-1779,LR1779,Lahore,"Tehsil Office, Wahgha Town",LWMC-WaTo,-,-,moving,on,30.153,97.78,31.512977,74.504328,11/08/2026 10:39 AM,11/08/2026 11:00 AM,Reporting,Parked,12.51,False,UC-180,Wagha Town,Zone-14,Loader Rickshaw,Wagha Town,True,2026-08-11
-,S-346,S346,Lahore,"Tehsil Office, Wahgha Town",LWMC-WaTo,-,-,moving,on,24.614,112.88,31.600253,74.401414,11/08/2026 10:40 AM,11/08/2026 11:00 AM,Reporting,Parked,12.66,False,UC-137,Wagha Town,Zone-12,Mini Dumper,Wagha Town,True,2026-08-11
-,LR-2937,LR2937,Lahore,"Tehsil Office, Wahgha Town",LWMC-WaTo,-,-,moving,on,26.431,324.26,31.570052,74.385419,11/08/2026 10:36 AM,11/08/2026 11:00 AM,Reporting,Moving,12.81,False,UC-156,Shalimar Town,Zone-10,Loader Rickshaw,Shalimar Town,True,2026-08-11
-,LR-1839,LR1839,Lahore,"Tehsil Office, Wahgha Town",LWMC-WaTo,-,-,moving,on,29.327,95.98,31.492573,74.52371,11/08/2026 10:40 AM,11/08/2026 11:00 AM,Reporting,Parked,11.33,False,UC-189,Wagha Town,Zone-14,Loader Rickshaw,Wagha Town,True,2026-08-11
23568,LR-0751,LR0751,Lahore,"Tehsil Office, Wahgha Town",LWMC-WaTo,Loader Rickshaw,Door To Door Collection,moving,on,32.217,137.21,31.596651,74.459063,11/08/2026 10:34 AM,11/08/2026 11:00 AM,Reporting,Parked,12.81,False,UC-178,Wagha Town,Zone-12,Loader Rickshaw,Wagha Town,True,2026-08-11
-,LR-1530,LR1530,Lahore,"Tehsil Office, Wahgha Town",LWMC-WaTo,-,-,still,off,15.74,100.5,31.491231,74.478317,11/08/2026 10:46 AM,11/08/2026 11:00 AM,Reporting,Moving,13.78,False,UC-194,Wagha Town,Zone-14,Loader Rickshaw,Wagha Town,True,2026-08-11
-,LR-0505,LR0505,Lahore,"Tehsil Office, Wahgha Town",LWMC-WaTo,-,-,moving,on,8.786,241.86,31.580878,74.439661,11/08/2026 10:13 AM,11/08/2026 10:30 AM,Reporting,Moving,13.07,False,UC-145,Aziz Bhatti Town,Zone-16,Loader Rickshaw,Wagha Town,False,2026-08-11
-,LR-2313,LR2313,Lahore,"Tehsil Office, Wahgha Town",LWMC-WaTo,-,-,moving,on,13.965,227.48,31.608477,74.386642,11/08/2026 10:38 AM,11/08/2026 11:00 AM,Reporting,Moving,10.98,False,UC-108,Wagha Town,Zone-13,Loader Rickshaw,Wagha Town,True,2026-08-11
-,A-65,A65,Lahore,"Tehsil Office, Wahgha Town",LWMC-WaTo,-,-,moving,on,41.406,274.6,31.609058,74.39286,11/08/2026 10:38 AM,11/08/2026 11:00 AM,Reporting,Moving,13.12,False,UC-108,Wagha Town,Zone-13,Arm Roll,Wagha Town,True,2026-08-11
-,S-260,S260,Lahore,"Tehsil Office, Wahgha Town",LWMC-WaTo,-,-,moving,on,43.579,261.56,31.596054,74.492769,11/08/2026 10:38 AM,11/08/2026 11:00 AM,Reporting,Moving,25.82,False,UC-177,Wagha Town,Zone-13,Mini Dumper,Wagha Town,True,2026-08-11
-,MFT-05,MFT05,Lahore,"Tehsil Office, Wahgha Town",LWMC-WaTo,-,-,moving,on,16.224,352.68,31.610841,74.423877,11/08/2026 10:25 AM,11/08/2026 11:00 AM,Reporting,Idle,14.29,False,UC-174,Wagha Town,Zone-12,Tractor Trolley,Wagha Town,True,2026-08-11
25330,LR-0400,LR0400,Lahore,"Tehsil Office, Wahgha Town",LWMC-WaTo,Loader Rickshaw,Door to Door Collection,still,off,25.478,263.8,31.59844,74.397228,11/08/2026 10:23 AM,11/08/2026 11:00 AM,Reporting,Idle,12.15,False,UC-134,Wagha Town,Zone-11,Loader Rickshaw,Wagha Town,True,2026-08-11
-,LR-3068,LR3068,Lahore,"Tehsil Office, Wahgha Town",LWMC-WaTo,-,-,moving,on,21.883,167.34,31.609656,74.381986,11/08/2026 10:30 AM,11/08/2026 11:00 AM,Reporting,Moving,11.64,False,UC-108,Wagha Town,Zone-13,,Wagha Town,True,2026-08-11
-,MFL-75,MFL75,Lahore,"Tehsil Office, Wahgha Town",LWMC-WaTo,-,-,still,off,7.395,196.01,31.486511,74.478419,11/08/2026 10:46 AM,11/08/2026 11:00 AM,Reporting,Moving,14.39,False,UC-194,Wagha Town,Zone-14,Loader,Wagha Town,True,2026-08-11
-,LR-2314,LR2314,Lahore,"Tehsil Office, Wahgha Town",LWMC-WaTo,-,-,still,off,19.013,209.84,31.600871,74.411801,11/08/2026 10:45 AM,11/08/2026 11:00 AM,Reporting,Moving,13.63,False,UC-137,Wagha Town,Zone-12,Loader Rickshaw,Wagha Town,True,2026-08-11
23578,LR-0463,LR0463,Lahore,"Tehsil Office, Wahgha Town",LWMC-WaTo,Loader Rickshaw,Door To Door Collection,still,off,,,31.57891,74.503601,11/08/2026 09:21 AM,11/08/2026 10:30 AM,,,,,UC-182,Wagha Town,Zone-13,Loader Rickshaw,Wagha Town,True,2026-08-11
23563,LR-0304,LR0304,Lahore,"Tehsil Office, Wahgha Town",LWMC-WaTo,Loader Rickshaw,Door To Door Collection,still,off,9.636,38.54,31.603363,74.453377,11/08/2026 10:39 AM,11/08/2026 11:00 AM,Reporting,Parked,12.15,False,UC-177,Wagha Town,Zone-13,Loader Rickshaw,Wagha Town,True,2026-08-11
-,LR-0949,LR0949,Lahore,"Tehsil Office, Wahgha Town",LWMC-WaTo,-,-,moving,on,9.937,47.26,31.653117,74.482058,11/08/2026 09:42 AM,11/08/2026 11:00 AM,Reporting,Parked,11.79,False,UC-176,Wagha Town,Zone-13,Loader Rickshaw,Wagha Town,True,2026-08-11
-,LR-2308,LR2308,Lahore,"Tehsil Office, Wahgha Town",LWMC-WaTo,-,-,moving,on,14.153,221.73,31.608766,74.393046,11/08/2026 10:36 AM,11/08/2026 11:00 AM,Reporting,Moving,12.0,False,UC-108,Wagha Town,Zone-13,Loader Rickshaw,Wagha Town,True,2026-08-11
23587,LR-0636,LR0636,Lahore,"Tehsil Office, Wahgha Town",LWMC-WaTo,Loader Rickshaw,Door To Door Collection,still,off,5.507,17.69,31.622333,74.490945,11/08/2026 09:27 AM,11/08/2026 10:30 AM,Reporting,Parked,11.49,False,UC-176,Wagha Town,Zone-13,Loader Rickshaw,Wagha Town,True,2026-08-11
-,LR-2454,LR2454,Lahore,"Tehsil Office, Wahgha Town",LWMC-WaTo,-,-,moving,on,51.358,316.39,31.587158,74.404432,11/08/2026 10:25 AM,11/08/2026 11:00 AM,Reporting,Moving,12.15,False,UC-138,Wagha Town,Zone-12,Loader Rickshaw,Wagha Town,True,2026-08-11
-,LR-1783,LR1783,Lahore,"Tehsil Office, Wahgha Town",LWMC-WaTo,-,-,moving,on,28.764,224.08,31.512887,74.502554,11/08/2026 10:39 AM,11/08/2026 11:00 AM,Reporting,Idle,13.83,False,UC-193,Wagha Town,Zone-14,Loader Rickshaw,Wagha Town,True,2026-08-11
-,S-356,S356,Lahore,"Tehsil Office, Wahgha Town",LWMC-WaTo,-,-,still,off,40.21,129.98,31.594267,74.402524,11/08/2026 10:15 AM,11/08/2026 10:30 AM,Reporting,Parked,12.05,False,,,,Mini Dumper,Wagha Town,False,2026-08-11
-,LR-1928,LR1928,Lahore,"Tehsil Office, Wahgha Town",LWMC-WaTo,-,-,still,off,9.357,139.21,31.616709,74.463104,11/08/2026 10:12 AM,11/08/2026 10:30 AM,Reporting,Parked,13.53,False,UC-176,Wagha Town,Zone-13,Loader Rickshaw,Wagha Town,True,2026-08-11
-,LR-0934,LR0934,Lahore,"Tehsil Office, Wahgha Town",LWMC-WaTo,-,-,still,off,16.641,310.48,31.58996,74.386447,11/08/2026 10:45 AM,11/08/2026 11:00 AM,Reporting,Idle,11.89,False,UC-133,Wagha Town,Zone-11,Loader Rickshaw,Wagha Town,True,2026-08-11
23586,LR-0635,LR0635,Lahore,"Tehsil Office, Wahgha Town",LWMC-WaTo,Loader Rickshaw,Door To Door Collection,moving,on,4.892,46.61,31.575222,74.492878,11/08/2026 10:39 AM,11/08/2026 11:00 AM,Reporting,Parked,11.79,False,UC-183,Wagha Town,Zone-13,Loader Rickshaw,Wagha Town,True,2026-08-11
29255,C-734,C734,Lahore,"Tehsil Office, Wahgha Town",LWMC-WaTo,Compactor (25CM),Bulk Waste Collection,moving,on,88.839,311.83,31.609981,74.422936,11/08/2026 10:32 AM,11/08/2026 11:00 AM,Reporting,Moving,27.91,False,UC-174,Wagha Town,Zone-12,Compactor,Wagha Town,True,2026-08-11
-,LR-1930,LR1930,Lahore,"Tehsil Office, Wahgha Town",LWMC-WaTo,-,-,still,off,11.227,253.9,31.605195,74.458322,11/08/2026 09:40 AM,11/08/2026 11:00 AM,Reporting,Parked,11.89,False,UC-177,Wagha Town,Zone-13,Loader Rickshaw,Wagha Town,True,2026-08-11
-,LR-0282,LR0282,Lahore,"Tehsil Office, Wahgha Town",LWMC-WaTo,-,-,still,off,,,31.578974,74.503531,11/08/2026 09:45 AM,11/08/2026 11:00 AM,,,,,UC-182,Wagha Town,Zone-13,Loader Rickshaw,Wagha Town,True,2026-08-11
-,S-259,S259,Lahore,"Tehsil Office, Wahgha Town",LWMC-WaTo,-,-,still,off,29.303,111.28,31.609128,74.380019,11/08/2026 10:34 AM,11/08/2026 11:00 AM,Reporting,Moving,13.58,False,UC-108,Wagha Town,Zone-13,Mini Dumper,Wagha Town,True,2026-08-11
-,LR-0098,LR0098,Lahore,"Tehsil Office, Wahgha Town",LWMC-WaTo,-,-,moving,on,25.061,95.76,31.597259,74.401778,11/08/2026 10:39 AM,11/08/2026 11:00 AM,Reporting,Parked,11.43,False,UC-135,Wagha Town,Zone-11,Loader Rickshaw,Wagha Town,True,2026-08-11
-,M-111,M111,Lahore,"Tehsil Office, Wahgha Town",LWMC-WaTo,-,-,still,off,37.566,166.61,31.458236,74.537882,11/08/2026 10:44 AM,11/08/2026 11:00 AM,Reporting,Moving,12.56,False,UC-189,Wagha Town,Zone-14,Foton-Mini Dumper,Wagha Town,True,2026-08-11
-,SD-05,SD05,Lahore,"Tehsil Office, Wahgha Town",LWMC-WaTo,-,-,moving,on,77.926,225.44,31.609467,74.400956,11/08/2026 10:21 AM,11/08/2026 11:00 AM,Reporting,Idle,12.81,False,UC-137,Wagha Town,Zone-12,Dumper,Wagha Town,True,2026-08-11
-,S-106,S106,Lahore,"Tehsil Office, Wahgha Town",LWMC-WaTo,-,-,moving,on,32.113,124.38,31.636934,74.367579,11/08/2026 10:21 AM,11/08/2026 10:30 AM,Reporting,Moving,12.05,False,UC-108,Wagha Town,Zone-13,Mini Dumper,Wagha Town,True,2026-08-11
-,D-29,D29,Lahore,"Tehsil Office, Wahgha Town",LWMC-WaTo,-,-,still,off,35.263,156.21,31.609191,74.379976,11/08/2026 10:00 AM,11/08/2026 11:00 AM,Reporting,Parked,25.61,False,UC-108,Wagha Town,Zone-13,Dumper,Wagha Town,True,2026-08-11
-,LR-2468,LR2468,Lahore,"Tehsil Office, Wahgha Town",LWMC-WaTo,-,-,moving,on,17.795,191.61,31.588866,74.455292,11/08/2026 10:39 AM,11/08/2026 11:00 AM,Reporting,Moving,13.93,False,UC-175,Wagha Town,Zone-12,Loader Rickshaw,Wagha Town,True,2026-08-11
23639,LR-1071,LR1071,Lahore,"Tehsil Office, Wahgha Town",LWMC-WaTo,Loader Rickshaw,Door To Door Collection,moving,on,9.432,471.43,31.597757,74.5613,11/08/2026 08:04 AM,11/08/2026 08:30 AM,Reporting,Excess Idling,13.63,False,UC-181,Wagha Town,Zone-13,Loader Rickshaw,Wagha Town,True,2026-08-11
-,LR-0937,LR0937,Lahore,"Tehsil Office, Wahgha Town",LWMC-WaTo,-,-,still,off,10.791,514.88,31.601345,74.397758,11/08/2026 10:40 AM,11/08/2026 11:00 AM,Reporting,Parked,12.15,False,UC-135,Wagha Town,Zone-11,Loader Rickshaw,Wagha Town,True,2026-08-11
-,LR-3072,LR3072,Lahore,"Tehsil Office, Wahgha Town",LWMC-WaTo,-,-,still,off,14.063,267.14,31.61074,74.382068,11/08/2026 10:09 AM,11/08/2026 11:00 AM,Reporting,Moving,11.49,False,UC-108,Wagha Town,Zone-13,,Wagha Town,True,2026-08-11
23569,LR-0370,LR0370,Lahore,"Tehsil Office, Wahgha Town",LWMC-WaTo,Loader Rickshaw,Door To Door Collection,still,off,9.808,68.84,31.63264,74.501119,11/08/2026 08:58 AM,11/08/2026 09:30 AM,Reporting,Excess Idling,13.83,False,UC-179,Wagha Town,Zone-13,Loader Rickshaw,Wagha Town,True,2026-08-11
-,MFL-89,MFL89,Lahore,"Tehsil Office, Wahgha Town",LWMC-WaTo,-,-,still,off,17.656,432.0,31.594744,74.426436,11/08/2026 10:44 AM,11/08/2026 11:00 AM,Reporting,Idle,14.39,False,UC-138,Wagha Town,Zone-12,Loader,Wagha Town,True,2026-08-11
23567,LR-0750,LR0750,Lahore,"Tehsil Office, Wahgha Town",LWMC-WaTo,Loader Rickshaw,Door To Door Collection,moving,on,25.25,92.58,31.610032,74.38176,11/08/2026 10:38 AM,11/08/2026 11:00 AM,Reporting,Parked,12.1,False,UC-108,Wagha Town,Zone-13,Loader Rickshaw,Wagha Town,True,2026-08-11
-,LR-2455,LR2455,Lahore,"Tehsil Office, Wahgha Town",LWMC-WaTo,-,-,still,off,48.552,264.89,31.583961,74.486003,11/08/2026 10:13 AM,11/08/2026 11:00 AM,Reporting,Excess Idling,28.06,False,UC-178,Wagha Town,Zone-12,Loader Rickshaw,Wagha Town,True,2026-08-11
-,LR-2897,LR2897,Lahore,"Tehsil Office, Wahgha Town",LWMC-WaTo,-,-,still,off,7.835,299.61,31.621142,74.361739,11/08/2026 10:46 AM,11/08/2026 11:00 AM,Reporting,Excess Idling,10.98,False,UC-108,Wagha Town,Zone-13,Loader Rickshaw,Wagha Town,True,2026-08-11
-,M-125,M125,Lahore,"Tehsil Office, Wahgha Town",LWMC-WaTo,-,-,still,off,34.855,113.5,31.530313,74.546322,11/08/2026 10:46 AM,11/08/2026 11:00 AM,Reporting,Parked,13.78,False,UC-180,Wagha Town,Zone-14,Foton-Mini Dumper,Wagha Town,True,2026-08-11
23583,LR-0631,LR0631,Lahore,"Tehsil Office, Wahgha Town",LWMC-WaTo,Loader Rickshaw,Door To Door Collection,still,off,6.816,226.15,31.601169,74.538551,11/08/2026 10:11 AM,11/08/2026 11:00 AM,Reporting,Parked,11.38,False,UC-181,Wagha Town,Zone-13,Loader Rickshaw,Wagha Town,True,2026-08-11
-,S-81,S81,Lahore,"Tehsil Office, Wahgha Town",LWMC-WaTo,-,-,still,off,,,31.609461,74.380291,11/08/2026 09:20 AM,11/08/2026 10:30 AM,Reporting,No Activity Since Yesterday,11.43,False,UC-108,Wagha Town,Zone-13,Mini Dumper,Wagha Town,True,2026-08-11
-,LR-0402,LR0402,Lahore,"Tehsil Office, Wahgha Town",LWMC-WaTo,-,-,moving,on,13.327,422.0,31.593737,74.470609,11/08/2026 10:43 AM,11/08/2026 11:00 AM,Reporting,Moving,13.53,False,UC-178,Wagha Town,Zone-12,Loader Rickshaw,Wagha Town,True,2026-08-11
-,LR-2955,LR2955,Lahore,"Tehsil Office, Wahgha Town",LWMC-WaTo,-,-,moving,on,13.516,313.75,31.587269,74.404378,11/08/2026 10:36 AM,11/08/2026 11:00 AM,Reporting,Moving,11.23,False,UC-138,Wagha Town,Zone-12,,Wagha Town,True,2026-08-11
-,D-20 (69),D2069,Lahore,"Tehsil Office, Wahgha Town",LWMC-WaTo,-,-,still,off,8.85,40.48,31.623644,74.421459,11/08/2026 10:14 AM,11/08/2026 11:00 AM,Reporting,Parked,25.66,False,UC-108,Wagha Town,Zone-13,Dumper,Wagha Town,True,2026-08-11
23592,LR-0828,LR0828,Lahore,"Tehsil Office, Wahgha Town",LWMC-WaTo,Loader Rickshaw,Door To Door Collection,moving,on,22.052,106.66,31.589221,74.392698,11/08/2026 10:19 AM,11/08/2026 10:30 AM,Reporting,Parked,11.84,False,UC-131,Wagha Town,Zone-11,Loader Rickshaw,Wagha Town,True,2026-08-11
-,S-334,S334,Lahore,"Tehsil Office, Wahgha Town",LWMC-WaTo,-,-,moving,on,42.94,153.43,31.591048,74.443981,11/08/2026 10:23 AM,11/08/2026 11:00 AM,Reporting,Parked,12.91,False,UC-175,Wagha Town,Zone-12,Mini Dumper,Wagha Town,True,2026-08-11
25341,LR-0457,LR0457,Lahore,"Tehsil Office, Wahgha Town",LWMC-WaTo,Loader Rickshaw,Door to Door Collection,still,off,22.836,92.0,31.59065,74.427243,11/08/2026 10:32 AM,11/08/2026 11:00 AM,Reporting,Parked,11.33,False,UC-138,Wagha Town,Zone-12,Loader Rickshaw,Wagha Town,True,2026-08-11
-,LR-1843,LR1843,Lahore,"Tehsil Office, Wahgha Town",LWMC-WaTo,-,-,still,off,17.373,229.09,31.53026,74.545027,11/08/2026 10:29 AM,11/08/2026 11:00 AM,Reporting,Idle,11.94,False,UC-180,Wagha Town,Zone-14,Loader Rickshaw,Wagha Town,True,2026-08-11
23556,LR-0278,LR0278,Lahore,"Tehsil Office, Wahgha Town",LWMC-WaTo,Loader Rickshaw,Door To Door Collection,still,off,14.186,55.56,31.601083,74.492344,11/08/2026 10:09 AM,11/08/2026 10:30 AM,Reporting,Parked,11.59,False,UC-177,Wagha Town,Zone-13,Loader Rickshaw,Wagha Town,True,2026-08-11
-,LR-1924,LR1924,Lahore,"Tehsil Office, Wahgha Town",LWMC-WaTo,-,-,still,off,9.744,66.66,31.59345,74.556686,11/08/2026 09:02 AM,11/08/2026 09:30 AM,Reporting,Moving,11.94,False,UC-181,Wagha Town,Zone-13,Loader Rickshaw,Wagha Town,True,2026-08-11
-,LR-2302,LR2302,Lahore,"Tehsil Office, Wahgha Town",LWMC-WaTo,-,-,still,off,24.773,149.05,31.472127,74.622045,11/08/2026 10:09 AM,11/08/2026 10:30 AM,Reporting,Excess Idling,13.98,False,UC-190,Wagha Town,Zone-14,Loader Rickshaw,Wagha Town,True,2026-08-11
-,C-746,C746,Lahore,"Tehsil Office, Wahgha Town",LWMC-WaTo,-,-,moving,on,85.157,282.0,31.447298,74.455734,11/08/2026 10:26 AM,11/08/2026 11:00 AM,Reporting,Moving,13.63,False,UC-194,Wagha Town,Zone-14,Compactor,Wagha Town,True,2026-08-11
-,S-342,S342,Lahore,"Tehsil Office, Wahgha Town",LWMC-WaTo,-,-,moving,on,31.496,112.66,31.609045,74.392842,11/08/2026 10:16 AM,11/08/2026 11:00 AM,Reporting,Parked,13.93,False,UC-108,Wagha Town,Zone-13,Mini Dumper,Wagha Town,True,2026-08-11
25329,LR-0399,LR0399,Lahore,"Tehsil Office, Wahgha Town",LWMC-WaTo,Loader Rickshaw,Door to Door Collection,moving,on,17.599,220.93,31.603555,74.399527,11/08/2026 10:17 AM,11/08/2026 11:00 AM,Reporting,Excess Idling,11.64,False,UC-135,Wagha Town,Zone-11,Loader Rickshaw,Wagha Town,True,2026-08-11
-,S-67,S67,Lahore,"Tehsil Office, Wahgha Town",LWMC-WaTo,-,-,moving,on,33.791,135.84,31.591245,74.445718,11/08/2026 10:21 AM,11/08/2026 10:30 AM,Reporting,Moving,13.12,False,UC-175,Wagha Town,Zone-12,Mini Dumper,Wagha Town,True,2026-08-11
-,MFL-98,MFL98,Lahore,"Tehsil Office, Wahgha Town",LWMC-WaTo,-,-,moving,on,17.501,344.68,31.591076,74.442357,11/08/2026 10:40 AM,11/08/2026 11:00 AM,Reporting,Idle,14.29,False,UC-178,Wagha Town,Zone-12,Loader,Wagha Town,True,2026-08-11
-,CA-166,CA166,Lahore,"Tehsil Office, Wahgha Town",LWMC-WaTo,-,-,moving,on,118.13,301.64,31.522551,74.424488,11/08/2026 10:36 AM,11/08/2026 11:00 AM,Reporting,Moving,13.98,False,,,,Chain Arm Roll,Wagha Town,False,2026-08-11
-,M-119,M119,Lahore,"Tehsil Office, Wahgha Town",LWMC-WaTo,-,-,moving,on,63.03,159.98,31.604127,74.567917,11/08/2026 10:06 AM,11/08/2026 11:00 AM,Reporting,Parked,12.35,False,UC-181,Wagha Town,Zone-13,Foton-Mini Dumper,Wagha Town,True,2026-08-11
-,LR-1925,LR1925,Lahore,"Tehsil Office, Wahgha Town",LWMC-WaTo,-,-,moving,on,7.961,117.25,31.600669,74.534072,11/08/2026 09:58 AM,11/08/2026 11:00 AM,Reporting,Parked,12.1,False,UC-181,Wagha Town,Zone-13,Loader Rickshaw,Wagha Town,True,2026-08-11
-,M-44,M44,Lahore,"Tehsil Office, Wahgha Town",LWMC-WaTo,-,-,still,off,45.592,131.33,31.394018,74.569333,11/08/2026 07:30 AM,11/08/2026 08:00 AM,Reporting,Excess Idling,13.98,False,UC-191,Wagha Town,Zone-14,Foton-Mini Dumper,Wagha Town,True,2026-08-11
-,C-1380,C1380,Lahore,"Tehsil Office, Wahgha Town",LWMC-WaTo,-,-,moving,on,59.8,309.83,31.586834,74.402407,11/08/2026 10:32 AM,11/08/2026 11:00 AM,Reporting,Moving,28.21,False,UC-139,Aziz Bhatti Town,Zone-15,Compactor,Wagha Town,False,2026-08-11
-,LR-2310,LR2310,Lahore,"Tehsil Office, Wahgha Town",LWMC-WaTo,-,-,moving,on,13.165,278.58,31.601189,74.401334,11/08/2026 10:42 AM,11/08/2026 11:00 AM,Reporting,Moving,12.3,False,UC-137,Wagha Town,Zone-12,Loader Rickshaw,Wagha Town,True,2026-08-11
-,LR-3066,LR3066,Lahore,"Tehsil Office, Wahgha Town",LWMC-WaTo,-,-,still,off,18.053,134.73,31.610746,74.381993,11/08/2026 10:22 AM,11/08/2026 11:00 AM,Reporting,Parked,11.38,False,UC-108,Wagha Town,Zone-13,,Wagha Town,True,2026-08-11
-,LR-2939,LR2939,Lahore,"Tehsil Office, Wahgha Town",LWMC-WaTo,-,-,still,off,15.829,319.86,31.599852,74.371531,11/08/2026 10:41 AM,11/08/2026 11:00 AM,Reporting,Moving,17.35,False,UC-163,Shalimar Town,Zone-9,Loader Rickshaw,Shalimar Town,True,2026-08-11
-,S-207,S207,Lahore,"Tehsil Office, Wahgha Town",LWMC-WaTo,-,-,moving,on,33.859,136.44,31.610641,74.425482,11/08/2026 10:23 AM,11/08/2026 11:00 AM,Reporting,Parked,11.94,False,UC-174,Wagha Town,Zone-12,Mini Dumper,Wagha Town,True,2026-08-11
-,M-132,M132,Lahore,"Tehsil Office, Wahgha Town",LWMC-WaTo,-,-,still,off,43.306,139.88,31.594663,74.501994,11/08/2026 10:29 AM,11/08/2026 11:00 AM,Reporting,Parked,11.89,False,UC-182,Wagha Town,Zone-13,Foton-Mini Dumper,Wagha Town,True,2026-08-11
-,S-331,S331,Lahore,"Tehsil Office, Wahgha Town",LWMC-WaTo,-,-,moving,on,30.874,145.61,31.596008,74.397496,11/08/2026 10:10 AM,11/08/2026 11:00 AM,Reporting,Parked,11.28,False,UC-134,Wagha Town,Zone-11,Mini Dumper,Wagha Town,True,2026-08-11
-,S-312,S312,Lahore,"Tehsil Office, Wahgha Town",LWMC-WaTo,-,-,moving,on,35.174,126.63,31.586452,74.390502,11/08/2026 10:42 AM,11/08/2026 11:00 AM,Reporting,Moving,13.27,False,UC-131,Wagha Town,Zone-11,Mini Dumper,Wagha Town,True,2026-08-11
23589,LR-0831,LR0831,Lahore,"Tehsil Office, Wahgha Town",LWMC-WaTo,Loader Rickshaw,Door To Door Collection,moving,on,21.981,128.48,31.587303,74.393411,11/08/2026 10:35 AM,11/08/2026 11:00 AM,Reporting,Parked,11.79,False,UC-131,Wagha Town,Zone-11,Loader Rickshaw,Wagha Town,True,2026-08-11
-,LR-0507,LR0507,Lahore,"Tehsil Office, Wahgha Town",LWMC-WaTo,-,-,moving,on,7.808,98.08,31.587939,74.412973,11/08/2026 09:12 AM,11/08/2026 10:00 AM,Reporting,Parked,11.64,False,UC-144,Wagha Town,Zone-12,Loader Rickshaw,Wagha Town,True,2026-08-11
-,LR-3070,LR3070,Lahore,"Tehsil Office, Wahgha Town",LWMC-WaTo,-,-,moving,on,11.583,264.35,31.600686,74.405245,11/08/2026 10:02 AM,11/08/2026 11:00 AM,Reporting,Idle,10.82,False,UC-137,Wagha Town,Zone-12,,Wagha Town,True,2026-08-11
-,LR-2393,LR2393,Lahore,"Tehsil Office, Wahgha Town",LWMC-WaTo,-,-,moving,on,6.274,52.76,31.603713,74.399708,11/08/2026 10:19 AM,11/08/2026 11:00 AM,Reporting,Parked,11.89,False,,,,Loader Rickshaw,Wagha Town,False,2026-08-11
-,S-12,S12,Lahore,"Tehsil Office, Wahgha Town",LWMC-WaTo,-,-,moving,on,40.063,323.75,31.589987,74.434188,11/08/2026 10:31 AM,11/08/2026 11:00 AM,Reporting,Moving,12.0,False,UC-175,Wagha Town,Zone-12,Mini Dumper,Wagha Town,True,2026-08-11
25333,LR-0405,LR0405,Lahore,"Tehsil Office, Wahgha Town",LWMC-WaTo,Loader Rickshaw,Door to Door Collection,still,off,12.454,298.13,31.600608,74.396999,11/08/2026 10:47 AM,11/08/2026 11:00 AM,Reporting,Idle,13.22,False,UC-134,Wagha Town,Zone-11,Loader Rickshaw,Wagha Town,True,2026-08-11
-,LR-2870,LR2870,Lahore,"Tehsil Office, Wahgha Town",LWMC-WaTo,-,-,still,off,4.475,223.56,31.605567,74.399869,11/08/2026 10:17 AM,11/08/2026 10:30 AM,Reporting,Moving,12.0,False,UC-137,Wagha Town,Zone-12,Loader Rickshaw,Wagha Town,True,2026-08-11
-,LR-1288,LR1288,Lahore,"Tehsil Office, Wahgha Town",LWMC-WaTo,-,-,moving,on,21.809,124.61,31.651874,74.365204,11/08/2026 10:00 AM,11/08/2026 10:30 AM,Reporting,Idle,12.35,False,UC-108,Wagha Town,Zone-13,Loader Rickshaw,Wagha Town,True,2026-08-11
-,LR-0939,LR0939,Lahore,"Tehsil Office, Wahgha Town",LWMC-WaTo,-,-,moving,on,19.659,228.73,31.603282,74.400215,11/08/2026 10:18 AM,11/08/2026 11:00 AM,Reporting,Excess Idling,12.91,False,UC-135,Wagha Town,Zone-11,Loader Rickshaw,Wagha Town,True,2026-08-11
-,LR-1842,LR1842,Lahore,"Tehsil Office, Wahgha Town",LWMC-WaTo,-,-,moving,on,18.099,99.65,31.528611,74.543367,11/08/2026 10:40 AM,11/08/2026 11:00 AM,Reporting,Parked,14.34,False,UC-180,Wagha Town,Zone-14,Loader Rickshaw,Wagha Town,True,2026-08-11
-,WR-007,WR007,Lahore,"Tehsil Office, Wahgha Town",LWMC-WaTo,-,-,moving,on,7.757,61.91,31.586683,74.400472,11/08/2026 09:35 AM,11/08/2026 11:00 AM,Reporting,Parked,11.28,False,UC-136,Wagha Town,Zone-11,Washer Rickshaw,Wagha Town,True,2026-08-11
-,S-313,S313,Lahore,"Tehsil Office, Wahgha Town",LWMC-WaTo,-,-,moving,on,20.777,135.01,31.569153,74.441917,11/08/2026 10:37 AM,11/08/2026 11:00 AM,Reporting,Parked,12.15,False,UC-192,Wagha Town,Zone-14,Mini Dumper,Wagha Town,True,2026-08-11
-,CA-127,CA127,Lahore,"Tehsil Office, Wahgha Town",LWMC-WaTo,-,-,moving,on,55.842,268.8,31.650098,74.476321,11/08/2026 10:02 AM,11/08/2026 11:00 AM,Reporting,Idle,12.45,False,UC-176,Wagha Town,Zone-13,Chain Arm Roll,Wagha Town,True,2026-08-11
-,LR-2952,LR2952,Lahore,"Tehsil Office, Wahgha Town",LWMC-WaTo,-,-,moving,on,18.405,340.36,31.586771,74.400974,11/08/2026 10:39 AM,11/08/2026 11:00 AM,Reporting,Moving,12.66,False,UC-136,Wagha Town,Zone-11,,Wagha Town,True,2026-08-11
-,LR-2457,LR2457,Lahore,"Tehsil Office, Wahgha Town",LWMC-WaTo,-,-,moving,on,47.906,272.18,31.590483,74.438726,11/08/2026 10:33 AM,11/08/2026 11:00 AM,Reporting,Moving,13.12,False,UC-175,Wagha Town,Zone-12,Loader Rickshaw,Wagha Town,True,2026-08-11
-,CA-82,CA82,Lahore,"Tehsil Office, Wahgha Town",LWMC-WaTo,-,-,moving,on,50.913,269.68,31.609668,74.381133,11/08/2026 10:21 AM,11/08/2026 11:00 AM,Reporting,Moving,28.47,False,UC-108,Wagha Town,Zone-13,Chain Arm Roll,Wagha Town,True,2026-08-11
-,LR-1840,LR1840,Lahore,"Tehsil Office, Wahgha Town",LWMC-WaTo,-,-,moving,on,16.311,300.86,31.526201,74.546896,11/08/2026 10:40 AM,11/08/2026 11:00 AM,Reporting,Idle,13.88,False,UC-180,Wagha Town,Zone-14,Loader Rickshaw,Wagha Town,True,2026-08-11
-,LR-2307,LR2307,Lahore,"Tehsil Office, Wahgha Town",LWMC-WaTo,-,-,still,off,25.315,168.19,31.461802,74.607429,11/08/2026 09:28 AM,11/08/2026 10:30 AM,Reporting,Parked,12.2,False,UC-190,Wagha Town,Zone-14,Loader Rickshaw,Wagha Town,True,2026-08-11
-,S-158,S158,Lahore,"Tehsil Office, Wahgha Town",LWMC-WaTo,-,-,moving,on,33.878,128.03,31.476443,74.510967,11/08/2026 09:52 AM,11/08/2026 10:30 AM,Reporting,Moving,12.2,False,UC-189,Wagha Town,Zone-14,Mini Dumper,Wagha Town,True,2026-08-11
23494,LR-0389,LR0389,Lahore,"Tehsil Office, Wahgha Town",LWMC-WaTo,Loader Rickshaw,Door To Door Collection,moving,on,11.106,193.58,31.609596,74.381228,11/08/2026 10:44 AM,11/08/2026 11:00 AM,Reporting,Parked,13.12,False,UC-108,Wagha Town,Zone-13,Loader Rickshaw,Wagha Town,True,2026-08-11
-,S-336,S336,Lahore,"Tehsil Office, Wahgha Town",LWMC-WaTo,-,-,still,off,26.073,86.68,31.636109,74.505993,11/08/2026 09:33 AM,11/08/2026 11:00 AM,Reporting,Moving,12.61,False,UC-179,Wagha Town,Zone-13,Mini Dumper,Wagha Town,True,2026-08-11
23555,LR-0277,LR0277,Lahore,"Tehsil Office, Wahgha Town",LWMC-WaTo,Loader Rickshaw,Door To Door Collection,still,off,12.726,83.43,31.597854,74.488297,11/08/2026 10:19 AM,11/08/2026 10:30 AM,Reporting,Parked,12.25,False,UC-177,Wagha Town,Zone-13,Loader Rickshaw,Wagha Town,True,2026-08-11
-,LR-2999,LR2999,Lahore,"Tehsil Office, Wahgha Town",LWMC-WaTo,-,-,moving,on,6.729,152.38,31.594062,74.383548,11/08/2026 09:47 AM,11/08/2026 11:00 AM,Reporting,Moving,13.17,False,UC-130,Shalimar Town,Zone-10,,Wagha Town,False,2026-08-11
-,LR-0508,LR0508,Lahore,"Tehsil Office, Wahgha Town",LWMC-WaTo,-,-,moving,on,31.256,176.06,31.609637,74.38168,11/08/2026 10:02 AM,11/08/2026 11:00 AM,Reporting,Moving,12.0,False,UC-108,Wagha Town,Zone-13,Loader Rickshaw,Wagha Town,True,2026-08-11
-,D-30,D30,Lahore,"Tehsil Office, Wahgha Town",LWMC-WaTo,-,-,moving,on,43.552,239.86,31.620684,74.395762,11/08/2026 10:16 AM,11/08/2026 11:00 AM,Reporting,Moving,13.78,False,UC-108,Wagha Town,Zone-13,Dumper,Wagha Town,True,2026-08-11
25331,LR-0401,LR0401,Lahore,"Tehsil Office, Wahgha Town",LWMC-WaTo,Loader Rickshaw,Door to Door Collection,moving,on,20.188,325.86,31.602458,74.393687,11/08/2026 10:41 AM,11/08/2026 11:00 AM,Reporting,Parked,0.0,True,UC-132,Wagha Town,Zone-11,Loader Rickshaw,Wagha Town,True,2026-08-11
-,S-161,S161,Lahore,"Tehsil Office, Wahgha Town",LWMC-WaTo,-,-,moving,on,40.184,131.48,31.435954,74.572036,11/08/2026 10:17 AM,11/08/2026 10:30 AM,Reporting,Moving,12.35,False,UC-190,Wagha Town,Zone-14,Mini Dumper,Wagha Town,True,2026-08-11
-,S-289,S289,Lahore,"Tehsil Office, Wahgha Town",LWMC-WaTo,-,-,moving,on,45.092,164.58,31.593778,74.488643,11/08/2026 10:29 AM,11/08/2026 11:00 AM,Reporting,Moving,14.14,False,UC-177,Wagha Town,Zone-13,Mini Dumper,Wagha Town,True,2026-08-11
23550,LR-0265,LR0265,Lahore,"Tehsil Office, Wahgha Town",LWMC-WaTo,Loader Rickshaw,Door To Door Collection,moving,on,34.528,286.1,31.608653,74.380313,11/08/2026 10:40 AM,11/08/2026 11:00 AM,Reporting,Moving,11.79,False,UC-108,Wagha Town,Zone-13,Loader Rickshaw,Wagha Town,True,2026-08-11
-,LR-1926,LR1926,Lahore,"Tehsil Office, Wahgha Town",LWMC-WaTo,-,-,moving,on,14.794,234.46,31.564432,74.566604,11/08/2026 09:59 AM,11/08/2026 11:00 AM,Reporting,Moving,14.44,False,UC-181,Wagha Town,Zone-13,Loader Rickshaw,Wagha Town,True,2026-08-11
23600,LR-0884,LR0884,Lahore,"Tehsil Office, Wahgha Town",LWMC-WaTo,Loader Rickshaw,Door To Door Collection,still,off,,,31.610502,74.381982,11/08/2026 09:37 AM,11/08/2026 11:00 AM,Reporting,No Activity Since Yesterday,12.1,False,UC-108,Wagha Town,Zone-13,Loader Rickshaw,Wagha Town,True,2026-08-11
23638,LR-1070,LR1070,Lahore,"Tehsil Office, Wahgha Town",LWMC-WaTo,Loader Rickshaw,Door To Door Collection,still,off,17.464,261.98,31.645786,74.464121,11/08/2026 10:46 AM,11/08/2026 11:00 AM,Reporting,Idle,11.33,False,UC-176,Wagha Town,Zone-13,Loader Rickshaw,Wagha Town,True,2026-08-11
29190,C-708,C708,Lahore,"Tehsil Office, Wahgha Town",LWMC-WaTo,Compactor (25CM),Bulk Waste Collection,still,off,6.683,46.46,31.623262,74.421583,11/08/2026 09:30 AM,11/08/2026 11:00 AM,Reporting,Parked,25.51,False,UC-108,Wagha Town,Zone-13,Compactor,Wagha Town,True,2026-08-11
-,S-359,S359,Lahore,"Tehsil Office, Wahgha Town",LWMC-WaTo,-,-,moving,on,37.463,164.3,31.584978,74.38638,11/08/2026 10:15 AM,11/08/2026 11:00 AM,Reporting,Moving,13.37,False,UC-131,Wagha Town,Zone-11,Mini Dumper,Wagha Town,True,2026-08-11
-,D-59,D59,Lahore,"Tehsil Office, Wahgha Town",LWMC-WaTo,-,-,moving,on,0.892,4.66,31.608482,74.388407,11/08/2026 10:26 AM,11/08/2026 11:00 AM,Reporting,Parked,25.51,False,UC-108,Wagha Town,Zone-13,Dumper,Wagha Town,True,2026-08-11
-,LR-1929,LR1929,Lahore,"Tehsil Office, Wahgha Town",LWMC-WaTo,-,-,moving,on,22.761,104.7,31.63106,74.486089,11/08/2026 10:09 AM,11/08/2026 11:00 AM,Reporting,Excess Idling,12.15,False,UC-176,Wagha Town,Zone-13,Loader Rickshaw,Wagha Town,True,2026-08-11
-,D-13,D13,Lahore,"Tehsil Office, Wahgha Town",LWMC-WaTo,-,-,moving,on,63.236,307.05,31.611198,74.383178,11/08/2026 10:38 AM,11/08/2026 11:00 AM,Reporting,Parked,26.58,False,UC-108,Wagha Town,Zone-13,Dumper,Wagha Town,True,2026-08-11
-,LR-2156,LR2156,Lahore,"Tehsil Office, Wahgha Town",LWMC-WaTo,-,-,moving,on,22.708,216.23,31.549329,74.491963,11/08/2026 10:04 AM,11/08/2026 11:00 AM,Reporting,Idle,11.79,False,UC-192,Wagha Town,Zone-14,Loader Rickshaw,Wagha Town,True,2026-08-11
-,S-347,S347,Lahore,"Tehsil Office, Wahgha Town",LWMC-WaTo,-,-,still,off,28.835,146.4,31.456499,74.446349,11/08/2026 10:36 AM,11/08/2026 11:00 AM,Reporting,Moving,13.12,False,UC-194,Wagha Town,Zone-14,Mini Dumper,Wagha Town,True,2026-08-11
-,LR-1786,LR1786,Lahore,"Tehsil Office, Wahgha Town",LWMC-WaTo,-,-,still,off,28.34,248.21,31.513026,74.504336,11/08/2026 10:31 AM,11/08/2026 11:00 AM,Reporting,Idle,28.37,False,UC-180,Wagha Town,Zone-14,Loader Rickshaw,Wagha Town,True,2026-08-11
-,LR-2950,LR2950,Lahore,"Tehsil Office, Wahgha Town",LWMC-WaTo,-,-,moving,on,22.907,123.78,31.639598,74.369867,11/08/2026 10:11 AM,11/08/2026 11:00 AM,Reporting,Moving,12.25,False,UC-108,Wagha Town,Zone-13,,Wagha Town,True,2026-08-11
-,LR-3000,LR3000,Lahore,"Tehsil Office, Wahgha Town",LWMC-WaTo,-,-,moving,on,18.436,300.48,31.605768,74.383491,11/08/2026 10:30 AM,11/08/2026 11:00 AM,Reporting,Excess Idling,12.15,False,UC-132,Wagha Town,Zone-11,,Wagha Town,True,2026-08-11
-,LR-0948,LR0948,Lahore,"Tehsil Office, Wahgha Town",LWMC-WaTo,-,-,still,off,6.136,66.83,31.597892,74.518814,11/08/2026 10:35 AM,11/08/2026 11:00 AM,Reporting,Excess Idling,11.23,False,UC-181,Wagha Town,Zone-13,Loader Rickshaw,Wagha Town,True,2026-08-11
-,LR-2875,LR2875,Lahore,"Tehsil Office, Wahgha Town",LWMC-WaTo,-,-,moving,on,19.464,158.65,31.593097,74.399641,11/08/2026 10:06 AM,11/08/2026 11:00 AM,Reporting,Parked,13.12,False,UC-136,Wagha Town,Zone-11,Loader Rickshaw,Wagha Town,True,2026-08-11
-,S-149,S149,Lahore,"Tehsil Office, Wahgha Town",LWMC-WaTo,-,-,moving,on,51.954,165.71,31.609241,74.380532,11/08/2026 10:15 AM,11/08/2026 11:00 AM,Reporting,Parked,12.0,False,UC-108,Wagha Town,Zone-13,Mini Dumper,Wagha Town,True,2026-08-11
-,LR-2938,LR2938,Lahore,"Tehsil Office, Wahgha Town",LWMC-WaTo,-,-,moving,on,19.958,130.9,31.596691,74.350359,11/08/2026 10:40 AM,11/08/2026 11:00 AM,Reporting,Parked,9.7,False,UC-24,Shalimar Town,Zone-6,Loader Rickshaw,Shalimar Town,True,2026-08-11
-,MFL-99,MFL99,Lahore,"Tehsil Office, Wahgha Town",LWMC-WaTo,-,-,still,off,3.008,234.41,31.450603,74.452659,11/08/2026 10:41 AM,11/08/2026 11:00 AM,Reporting,Idle,12.76,False,UC-194,Wagha Town,Zone-14,Loader,Wagha Town,True,2026-08-11
-,LR-2470,LR2470,Lahore,"Tehsil Office, Wahgha Town",LWMC-WaTo,-,-,moving,on,30.455,218.21,31.589842,74.432535,11/08/2026 10:39 AM,11/08/2026 11:00 AM,Reporting,Moving,12.05,False,UC-144,Wagha Town,Zone-12,Loader Rickshaw,Wagha Town,True,2026-08-11
29188,C13-1047,C131047,Lahore,"Tehsil Office, Wahgha Town",LWMC-WaTo,Compactor (13CM),Bulk Waste Collection,still,off,,,31.609702,74.381637,11/08/2026 08:19 AM,11/08/2026 09:30 AM,Reporting,No Activity Since Yesterday,25.2,False,UC-108,Wagha Town,Zone-13,Compactor,Wagha Town,True,2026-08-11
-,LR-2903,LR2903,Lahore,"Tehsil Office, Wahgha Town",LWMC-WaTo,-,-,moving,on,28.763,128.76,31.475708,74.53505,11/08/2026 10:39 AM,11/08/2026 11:00 AM,Reporting,Moving,11.64,False,UC-189,Wagha Town,Zone-14,Loader Rickshaw,Wagha Town,True,2026-08-11
-,LR-1282,LR1282,Lahore,"Tehsil Office, Wahgha Town",LWMC-WaTo,-,-,moving,on,18.696,64.71,31.610683,74.3824,11/08/2026 10:12 AM,11/08/2026 11:00 AM,Reporting,Parked,12.25,False,UC-108,Wagha Town,Zone-13,Loader Rickshaw,Wagha Town,True,2026-08-11
-,LR-1933,LR1933,Lahore,"Tehsil Office, Wahgha Town",LWMC-WaTo,-,-,still,off,1.365,19.6,31.586153,74.504394,11/08/2026 09:39 AM,11/08/2026 11:00 AM,Reporting,Parked,11.43,False,UC-182,Wagha Town,Zone-13,Loader Rickshaw,Wagha Town,True,2026-08-11
-,LR-1836,LR1836,Lahore,"Tehsil Office, Wahgha Town",LWMC-WaTo,-,-,still,off,20.493,217.66,31.477295,74.513417,11/08/2026 10:46 AM,11/08/2026 11:00 AM,Reporting,Excess Idling,11.18,False,UC-189,Wagha Town,Zone-14,Loader Rickshaw,Wagha Town,True,2026-08-11
-,LR-3074,LR3074,Lahore,"Tehsil Office, Wahgha Town",LWMC-WaTo,-,-,moving,on,10.652,304.28,31.59004,74.410099,11/08/2026 10:41 AM,11/08/2026 11:00 AM,Reporting,Moving,11.38,False,UC-138,Wagha Town,Zone-12,,Wagha Town,True,2026-08-11
23631,LR-1063,LR1063,Lahore,"Tehsil Office, Wahgha Town",LWMC-WaTo,Loader Rickshaw,Door To Door Collection,moving,on,18.231,123.06,31.599714,74.398903,11/08/2026 09:55 AM,11/08/2026 11:00 AM,Reporting,Parked,11.38,False,UC-135,Wagha Town,Zone-11,Loader Rickshaw,Wagha Town,True,2026-08-11
23574,LR-0377,LR0377,Lahore,"Tehsil Office, Wahgha Town",LWMC-WaTo,Loader Rickshaw,Door To Door Collection,still,off,7.429,21.85,31.636096,74.506199,11/08/2026 07:02 AM,11/08/2026 08:30 AM,Reporting,Parked,28.01,False,UC-179,Wagha Town,Zone-13,Loader Rickshaw,Wagha Town,True,2026-08-11
23598,LR-0826,LR0826,Lahore,"Tehsil Office, Wahgha Town",LWMC-WaTo,Loader Rickshaw,Door To Door Collection,still,off,16.951,194.68,31.605047,74.402535,11/08/2026 10:27 AM,11/08/2026 10:30 AM,Reporting,Moving,14.39,False,UC-137,Wagha Town,Zone-12,Loader Rickshaw,Wagha Town,True,2026-08-11
29218,C-1379,C1379,Lahore,"Tehsil Office, Wahgha Town",LWMC-WaTo,Compactor (25CM),Bulk Waste Collection,still,off,70.168,317.38,31.597247,74.501575,11/08/2026 10:35 AM,11/08/2026 11:00 AM,Reporting,Moving,28.47,False,UC-182,Wagha Town,Zone-13,Compactor,Wagha Town,True,2026-08-11
-,M-85,M85,Lahore,"Tehsil Office, Wahgha Town",LWMC-WaTo,-,-,moving,on,51.159,89.38,31.606898,74.398259,11/08/2026 10:13 AM,11/08/2026 10:30 AM,Reporting,Moving,13.12,False,,,,Foton-Mini Dumper,Wagha Town,False,2026-08-11
-,CA-153,CA153,Lahore,"Tehsil Office, Wahgha Town",LWMC-WaTo,-,-,still,off,88.889,286.5,31.610514,74.511972,11/08/2026 10:45 AM,11/08/2026 11:00 AM,Reporting,Idle,5.52,False,UC-179,Wagha Town,Zone-13,Chain Arm Roll,Wagha Town,True,2026-08-11
23553,LR-0286,LR0286,Lahore,"Tehsil Office, Wahgha Town",LWMC-WaTo,Loader Rickshaw,Door To Door Collection,moving,on,19.775,540.89,31.588528,74.403986,11/08/2026 10:07 AM,11/08/2026 11:00 AM,Reporting,Parked,13.22,False,UC-138,Wagha Town,Zone-12,Loader Rickshaw,Wagha Town,True,2026-08-11
-,LR-1931,LR1931,Lahore,"Tehsil Office, Wahgha Town",LWMC-WaTo,-,-,still,off,8.413,210.28,31.605156,74.458064,11/08/2026 10:47 AM,11/08/2026 11:00 AM,Reporting,Excess Idling,10.98,False,UC-177,Wagha Town,Zone-13,Loader Rickshaw,Wagha Town,True,2026-08-11
-,LR-3071,LR3071,Lahore,"Tehsil Office, Wahgha Town",LWMC-WaTo,-,-,still,off,19.656,282.85,31.593791,74.412168,11/08/2026 10:22 AM,11/08/2026 11:00 AM,Reporting,Moving,12.4,False,UC-138,Wagha Town,Zone-12,,Wagha Town,True,2026-08-11
25332,LR-0404,LR0404,Lahore,"Tehsil Office, Wahgha Town",LWMC-WaTo,Loader Rickshaw,Door to Door Collection,moving,on,24.663,176.59,31.602506,74.388778,11/08/2026 10:42 AM,11/08/2026 11:00 AM,Reporting,Parked,11.69,False,UC-132,Wagha Town,Zone-11,Loader Rickshaw,Wagha Town,True,2026-08-11
-,M-72,M72,Lahore,"Tehsil Office, Wahgha Town",LWMC-WaTo,-,-,moving,on,35.402,148.8,31.463434,74.524453,11/08/2026 10:34 AM,11/08/2026 11:00 AM,Reporting,Parked,12.91,False,UC-189,Wagha Town,Zone-14,Foton-Mini Dumper,Wagha Town,True,2026-08-11
-,M-82,M82,Lahore,"Tehsil Office, Wahgha Town",LWMC-WaTo,-,-,still,off,41.31,135.09,31.5874,74.406191,11/08/2026 10:22 AM,11/08/2026 11:00 AM,Reporting,Parked,12.45,False,UC-138,Wagha Town,Zone-12,Foton-Mini Dumper,Wagha Town,True,2026-08-11
-,LR-0153,LR0153,Lahore,"Tehsil Office, Wahgha Town",LWMC-WaTo,-,-,moving,on,46.089,294.63,31.592173,74.442165,11/08/2026 10:19 AM,11/08/2026 11:00 AM,Reporting,Excess Idling,12.45,False,UC-178,Wagha Town,Zone-12,Loader Rickshaw,Wagha Town,True,2026-08-11
-,S-355,S355,Lahore,"Tehsil Office, Wahgha Town",LWMC-WaTo,-,-,still,off,36.342,124.09,31.41665,74.593054,11/08/2026 07:54 AM,11/08/2026 09:30 AM,Reporting,Parked,12.05,False,UC-191,Wagha Town,Zone-14,Mini Dumper,Wagha Town,True,2026-08-11
-,M-84,M84,Lahore,"Tehsil Office, Wahgha Town",LWMC-WaTo,-,-,moving,on,39.106,121.31,31.60129,74.401331,11/08/2026 10:13 AM,11/08/2026 11:00 AM,Reporting,Moving,13.58,False,UC-137,Wagha Town,Zone-12,Foton-Mini Dumper,Wagha Town,True,2026-08-11
-,LR-0932,LR0932,Lahore,"Tehsil Office, Wahgha Town",LWMC-WaTo,-,-,still,off,14.748,120.08,31.59656,74.399372,11/08/2026 10:41 AM,11/08/2026 11:00 AM,Reporting,Moving,12.81,False,UC-135,Wagha Town,Zone-11,Loader Rickshaw,Wagha Town,True,2026-08-11
-,CA-116,CA116,Lahore,"Tehsil Office, Wahgha Town",LWMC-WaTo,-,-,moving,on,89.155,298.48,31.513714,74.477234,11/08/2026 10:23 AM,11/08/2026 10:30 AM,Reporting,Moving,26.53,False,UC-193,Wagha Town,Zone-14,Chain Arm Roll,Wagha Town,True,2026-08-11
-,S-343,S343,Lahore,"Tehsil Office, Wahgha Town",LWMC-WaTo,-,-,still,off,40.38,139.36,31.60843,74.387421,11/08/2026 10:23 AM,11/08/2026 11:00 AM,Reporting,Parked,12.45,False,UC-108,Wagha Town,Zone-13,Mini Dumper,Wagha Town,True,2026-08-11
18372,HA-24,HA24,Lahore,"Tehsil Office, Aziz Bhatti Town",LWMC-AzBT,Arm Roll Truck,Container-Based Collection,still,off,,,31.579421,74.441419,11/08/2026 08:45 AM,11/08/2026 10:00 AM,Reporting,No Activity Since Yesterday,22.55,False,UC-175,Wagha Town,Zone-12,Arm Roll,Aziz Bhatti Town,False,2026-08-11
-,LR-0189,LR0189,Lahore,"Tehsil Office, Aziz Bhatti Town",LWMC-AzBT,-,-,moving,on,12.944,175.56,31.552328,74.411721,11/08/2026 10:42 AM,11/08/2026 11:00 AM,Reporting,Moving,12.1,False,UC-149,Aziz Bhatti Town,Zone-17,Loader Rickshaw,Aziz Bhatti Town,True,2026-08-11
-,LR-1648,LR1648,Lahore,"Tehsil Office, Aziz Bhatti Town",LWMC-AzBT,-,-,still,off,12.507,172.71,31.559351,74.372709,11/08/2026 10:27 AM,11/08/2026 11:00 AM,Reporting,Parked,11.54,False,UC-187,Aziz Bhatti Town,Zone-18,Loader Rickshaw,Aziz Bhatti Town,True,2026-08-11
-,LR-1390,LR1390,Lahore,"Tehsil Office, Aziz Bhatti Town",LWMC-AzBT,-,-,moving,on,21.282,168.59,31.595539,74.402265,11/08/2026 10:39 AM,11/08/2026 11:00 AM,Reporting,Moving,12.96,False,UC-138,Wagha Town,Zone-12,Loader Rickshaw,Aziz Bhatti Town,False,2026-08-11
-,LR-0291,LR0291,Lahore,"Tehsil Office, Aziz Bhatti Town",LWMC-AzBT,-,-,moving,on,10.679,265.64,31.580385,74.397993,11/08/2026 10:25 AM,11/08/2026 11:00 AM,Reporting,Parked,14.04,False,UC-141,Aziz Bhatti Town,Zone-15,Loader Rickshaw,Aziz Bhatti Town,True,2026-08-11
-,LR-2777,LR2777,Lahore,"Tehsil Office, Aziz Bhatti Town",LWMC-AzBT,-,-,moving,on,16.15,492.28,31.586621,74.400739,11/08/2026 10:21 AM,11/08/2026 11:00 AM,Reporting,Parked,7.24,False,UC-139,Aziz Bhatti Town,Zone-15,Loader Rickshaw,Aziz Bhatti Town,True,2026-08-11
-,LR-2512,LR2512,Lahore,"Tehsil Office, Aziz Bhatti Town",LWMC-AzBT,-,-,moving,on,25.38,75.68,31.56413,74.320425,11/08/2026 10:38 AM,11/08/2026 11:00 AM,Reporting,Parked,13.22,False,UC-62,DGBT,Zone-25,Loader Rickshaw,DGBT,True,2026-08-11
-,LR-0575,LR0575,Lahore,"Tehsil Office, Aziz Bhatti Town",LWMC-AzBT,-,-,still,off,15.634,262.89,31.558907,74.369339,11/08/2026 10:30 AM,11/08/2026 11:00 AM,Reporting,Excess Idling,12.0,False,UC-187,Aziz Bhatti Town,Zone-18,Loader Rickshaw,Aziz Bhatti Town,True,2026-08-11
-,LR-0292,LR0292,Lahore,"Tehsil Office, Aziz Bhatti Town",LWMC-AzBT,-,-,moving,on,11.392,66.33,31.580089,74.398809,11/08/2026 10:08 AM,11/08/2026 11:00 AM,Reporting,Parked,11.84,False,UC-141,Aziz Bhatti Town,Zone-15,Loader Rickshaw,Aziz Bhatti Town,True,2026-08-11
-,LR-0327,LR0327,Lahore,"Tehsil Office, Aziz Bhatti Town",LWMC-AzBT,-,-,still,off,29.489,314.63,31.572291,74.437551,11/08/2026 10:45 AM,11/08/2026 11:00 AM,Reporting,Moving,14.7,False,UC-152,Aziz Bhatti Town,Zone-16,Loader Rickshaw,Aziz Bhatti Town,True,2026-08-11
-,LR-1909,LR1909,Lahore,"Tehsil Office, Aziz Bhatti Town",LWMC-AzBT,-,-,moving,on,33.073,217.43,31.57959,74.413642,11/08/2026 10:14 AM,11/08/2026 11:00 AM,Reporting,Parked,12.2,False,UC-143,Aziz Bhatti Town,Zone-16,Loader Rickshaw,Aziz Bhatti Town,True,2026-08-11
-,LR-2591,LR2591,Lahore,"Tehsil Office, Aziz Bhatti Town",LWMC-AzBT,-,-,still,off,28.361,288.36,31.576874,74.421658,11/08/2026 10:46 AM,11/08/2026 11:00 AM,Reporting,Moving,12.86,False,UC-145,Aziz Bhatti Town,Zone-16,Loader Rickshaw,Aziz Bhatti Town,True,2026-08-11
-,LR-2464,LR2464,Lahore,"Tehsil Office, Aziz Bhatti Town",LWMC-AzBT,-,-,still,off,35.059,280.21,31.583893,74.418159,11/08/2026 10:00 AM,11/08/2026 11:00 AM,Reporting,Moving,11.59,False,UC-143,Aziz Bhatti Town,Zone-16,Loader Rickshaw,Aziz Bhatti Town,True,2026-08-11
-,LR-0723,LR0723,Lahore,"Tehsil Office, Aziz Bhatti Town",LWMC-AzBT,-,-,moving,on,29.52,235.76,31.609303,74.396248,11/08/2026 10:42 AM,11/08/2026 11:00 AM,Reporting,Parked,11.89,False,UC-108,Wagha Town,Zone-13,Loader Rickshaw,Aziz Bhatti Town,False,2026-08-11
-,SD-07,SD07,Lahore,"Tehsil Office, Aziz Bhatti Town",LWMC-AzBT,-,-,moving,on,77.034,220.75,31.586963,74.402412,11/08/2026 10:36 AM,11/08/2026 11:00 AM,Reporting,Moving,14.29,False,UC-136,Wagha Town,Zone-11,Dumper,Aziz Bhatti Town,False,2026-08-11
-,LR-0300,LR0300,Lahore,"Tehsil Office, Aziz Bhatti Town",LWMC-AzBT,-,-,still,off,28.526,280.08,31.558106,74.399424,11/08/2026 10:46 AM,11/08/2026 11:00 AM,Reporting,Moving,13.47,False,UC-148,Aziz Bhatti Town,Zone-17,Loader Rickshaw,Aziz Bhatti Town,True,2026-08-11
-,LR-0302,LR0302,Lahore,"Tehsil Office, Aziz Bhatti Town",LWMC-AzBT,-,-,moving,on,18.146,243.26,31.608614,74.380334,11/08/2026 10:13 AM,11/08/2026 10:30 AM,Reporting,Moving,11.08,False,UC-108,Wagha Town,Zone-13,Loader Rickshaw,Aziz Bhatti Town,False,2026-08-11
-,LR-1659,LR1659,Lahore,"Tehsil Office, Aziz Bhatti Town",LWMC-AzBT,-,-,still,off,24.422,201.8,31.494214,74.430026,11/08/2026 10:06 AM,11/08/2026 11:00 AM,Reporting,Excess Idling,11.74,False,,,,Loader Rickshaw,Aziz Bhatti Town,False,2026-08-11
-,LR-1005,LR1005,Lahore,"Tehsil Office, Aziz Bhatti Town",LWMC-AzBT,-,-,still,off,13.627,134.58,31.559418,74.372832,11/08/2026 09:29 AM,11/08/2026 10:00 AM,Reporting,Parked,13.63,False,UC-187,Aziz Bhatti Town,Zone-18,Loader Rickshaw,Aziz Bhatti Town,True,2026-08-11
-,LR-1403,LR1403,Lahore,"Tehsil Office, Aziz Bhatti Town",LWMC-AzBT,-,-,moving,on,27.79,243.86,31.562149,74.380862,11/08/2026 09:50 AM,11/08/2026 11:00 AM,Reporting,Moving,11.74,False,UC-184,Aziz Bhatti Town,Zone-18,Loader Rickshaw,Aziz Bhatti Town,True,2026-08-11
-,LR-1399,LR1399,Lahore,"Tehsil Office, Aziz Bhatti Town",LWMC-AzBT,-,-,moving,on,24.517,119.53,31.608699,74.380411,11/08/2026 09:36 AM,11/08/2026 10:00 AM,Reporting,Moving,11.54,False,UC-108,Wagha Town,Zone-13,Loader Rickshaw,Aziz Bhatti Town,False,2026-08-11
-,LR-1653,LR1653,Lahore,"Tehsil Office, Aziz Bhatti Town",LWMC-AzBT,-,-,moving,on,21.938,423.36,31.608573,74.370198,11/08/2026 10:16 AM,11/08/2026 11:00 AM,Reporting,Parked,13.58,False,UC-108,Wagha Town,Zone-13,Loader Rickshaw,Aziz Bhatti Town,False,2026-08-11
-,LR-1003,LR1003,Lahore,"Tehsil Office, Aziz Bhatti Town",LWMC-AzBT,-,-,still,off,13.632,310.36,31.559413,74.373319,11/08/2026 10:39 AM,11/08/2026 11:00 AM,Reporting,Excess Idling,11.33,False,UC-187,Aziz Bhatti Town,Zone-18,Loader Rickshaw,Aziz Bhatti Town,True,2026-08-11
-,LR-0188,LR0188,Lahore,"Tehsil Office, Aziz Bhatti Town",LWMC-AzBT,-,-,moving,on,12.636,63.33,31.551714,74.4154,11/08/2026 10:40 AM,11/08/2026 11:00 AM,Reporting,Moving,11.49,False,UC-150,Aziz Bhatti Town,Zone-17,Loader Rickshaw,Aziz Bhatti Town,True,2026-08-11
-,LR-1409,LR1409,Lahore,"Tehsil Office, Aziz Bhatti Town",LWMC-AzBT,-,-,still,off,,,31.575121,74.370544,11/08/2026 09:42 AM,11/08/2026 11:00 AM,Reporting,No Activity Since Yesterday,11.18,False,UC-120,Gulberg Town,Zone-19,Loader Rickshaw,Aziz Bhatti Town,False,2026-08-11
-,LR-0741,LR0741,Lahore,"Tehsil Office, Aziz Bhatti Town",LWMC-AzBT,-,-,still,off,14.815,98.18,31.559237,74.371922,11/08/2026 09:29 AM,11/08/2026 11:00 AM,Reporting,Parked,13.12,False,UC-187,Aziz Bhatti Town,Zone-18,Loader Rickshaw,Aziz Bhatti Town,True,2026-08-11
-,LR-1192,LR1192,Lahore,"Tehsil Office, Aziz Bhatti Town",LWMC-AzBT,-,-,moving,on,14.222,75.0,31.609627,74.381919,11/08/2026 09:44 AM,11/08/2026 11:00 AM,Reporting,Moving,12.45,False,UC-108,Wagha Town,Zone-13,Loader Rickshaw,Aziz Bhatti Town,False,2026-08-11
-,LR-1389,LR1389,Lahore,"Tehsil Office, Aziz Bhatti Town",LWMC-AzBT,-,-,moving,on,20.809,96.0,31.609088,74.393873,11/08/2026 10:37 AM,11/08/2026 11:00 AM,Reporting,Parked,12.2,False,UC-108,Wagha Town,Zone-13,Loader Rickshaw,Aziz Bhatti Town,False,2026-08-11
-,LR-1125,LR1125,Lahore,"Tehsil Office, Aziz Bhatti Town",LWMC-AzBT,-,-,moving,on,28.751,502.21,31.578163,74.430575,11/08/2026 10:01 AM,11/08/2026 10:30 AM,Reporting,Parked,28.06,False,UC-145,Aziz Bhatti Town,Zone-16,Loader Rickshaw,Aziz Bhatti Town,True,2026-08-11
-,LR-2471,LR2471,Lahore,"Tehsil Office, Aziz Bhatti Town",LWMC-AzBT,-,-,moving,on,21.428,230.25,31.577212,74.408113,11/08/2026 10:27 AM,11/08/2026 11:00 AM,Reporting,Parked,10.72,False,UC-143,Aziz Bhatti Town,Zone-16,Loader Rickshaw,Aziz Bhatti Town,True,2026-08-11
18370,HA-19,HA19,Lahore,"Tehsil Office, Aziz Bhatti Town",LWMC-AzBT,Arm Roll Truck,Container-Based Collection,moving,on,73.244,277.61,31.620277,74.3961,11/08/2026 10:13 AM,11/08/2026 11:00 AM,Reporting,Moving,11.74,False,UC-108,Wagha Town,Zone-13,Arm Roll,Aziz Bhatti Town,False,2026-08-11
18504,C13-1088,C131088,Lahore,"Tehsil Office, Aziz Bhatti Town",LWMC-AzBT,Compactor (13CM),Container-Based Collection,moving,on,44.939,248.96,31.610774,74.382628,11/08/2026 10:16 AM,11/08/2026 11:00 AM,Reporting,Parked,26.38,False,UC-108,Wagha Town,Zone-13,Compactor,Aziz Bhatti Town,False,2026-08-11
-,WR-0023,WR0023,Lahore,"Tehsil Office, Aziz Bhatti Town",LWMC-AzBT,-,-,moving,on,16.321,91.53,31.581732,74.413571,11/08/2026 10:17 AM,11/08/2026 11:00 AM,Reporting,Parked,12.51,False,UC-143,Aziz Bhatti Town,Zone-16,Washer Rickshaw,Aziz Bhatti Town,True,2026-08-11
-,LR-0734,LR0734,Lahore,"Tehsil Office, Aziz Bhatti Town",LWMC-AzBT,-,-,moving,on,19.464,259.63,31.576317,74.387811,11/08/2026 10:09 AM,11/08/2026 10:30 AM,Reporting,Moving,11.74,False,UC-155,Aziz Bhatti Town,Zone-15,Loader Rickshaw,Aziz Bhatti Town,True,2026-08-11
-,LR-2465,LR2465,Lahore,"Tehsil Office, Aziz Bhatti Town",LWMC-AzBT,-,-,moving,on,30.348,286.98,31.581469,74.412011,11/08/2026 10:15 AM,11/08/2026 11:00 AM,Reporting,Idle,13.93,False,UC-140,Aziz Bhatti Town,Zone-15,Loader Rickshaw,Aziz Bhatti Town,True,2026-08-11
-,LR-0729,LR0729,Lahore,"Tehsil Office, Aziz Bhatti Town",LWMC-AzBT,-,-,still,off,13.548,492.46,31.559455,74.372845,11/08/2026 10:45 AM,11/08/2026 11:00 AM,Reporting,Moving,12.81,False,UC-187,Aziz Bhatti Town,Zone-18,Loader Rickshaw,Aziz Bhatti Town,True,2026-08-11
-,S-102,S102,Lahore,"Tehsil Office, Aziz Bhatti Town",LWMC-AzBT,-,-,moving,on,9.934,85.61,31.577614,74.398298,11/08/2026 10:34 AM,11/08/2026 11:00 AM,Reporting,Moving,13.98,False,UC-141,Aziz Bhatti Town,Zone-15,Mini Dumper,Aziz Bhatti Town,True,2026-08-11
-,LR-0200,LR0200,Lahore,"Tehsil Office, Aziz Bhatti Town",LWMC-AzBT,-,-,still,off,12.516,296.81,31.573805,74.394862,11/08/2026 10:13 AM,11/08/2026 11:00 AM,Reporting,Moving,11.49,False,UC-141,Aziz Bhatti Town,Zone-15,Loader Rickshaw,Aziz Bhatti Town,True,2026-08-11
-,LR-1649,LR1649,Lahore,"Tehsil Office, Aziz Bhatti Town",LWMC-AzBT,-,-,moving,on,17.562,138.73,31.558164,74.390182,11/08/2026 10:23 AM,11/08/2026 11:00 AM,Reporting,Parked,12.1,False,UC-159,Aziz Bhatti Town,Zone-18,Loader Rickshaw,Aziz Bhatti Town,True,2026-08-11
-,LR-2886,LR2886,Lahore,"Tehsil Office, Aziz Bhatti Town",LWMC-AzBT,-,-,moving,on,24.97,160.75,31.610749,74.381941,11/08/2026 10:13 AM,11/08/2026 11:00 AM,Reporting,Idle,11.49,False,UC-108,Wagha Town,Zone-13,Loader Rickshaw,Aziz Bhatti Town,False,2026-08-11
-,LR-0303,LR0303,Lahore,"Tehsil Office, Aziz Bhatti Town",LWMC-AzBT,-,-,still,off,35.97,270.03,31.556849,74.405726,11/08/2026 10:33 AM,11/08/2026 11:00 AM,Reporting,Moving,13.58,False,UC-148,Aziz Bhatti Town,Zone-17,Loader Rickshaw,Aziz Bhatti Town,True,2026-08-11
-,LR-1960,LR1960,Lahore,"Tehsil Office, Aziz Bhatti Town",LWMC-AzBT,-,-,still,off,26.085,141.16,31.597892,74.401748,11/08/2026 10:18 AM,11/08/2026 11:00 AM,Reporting,Moving,12.05,False,UC-138,Wagha Town,Zone-12,Loader Rickshaw,Aziz Bhatti Town,False,2026-08-11
-,LR-1118,LR1118,Lahore,"Tehsil Office, Aziz Bhatti Town",LWMC-AzBT,-,-,moving,on,19.414,74.4,31.584667,74.410054,11/08/2026 10:29 AM,11/08/2026 11:00 AM,Reporting,Parked,11.28,False,UC-144,Wagha Town,Zone-12,Loader Rickshaw,Aziz Bhatti Town,False,2026-08-11
-,LR-2892,LR2892,Lahore,"Tehsil Office, Aziz Bhatti Town",LWMC-AzBT,-,-,moving,on,14.205,121.9,31.563823,74.389987,11/08/2026 10:41 AM,11/08/2026 11:00 AM,Reporting,Parked,12.96,False,UC-184,Aziz Bhatti Town,Zone-18,Loader Rickshaw,Aziz Bhatti Town,True,2026-08-11
-,ND-36,ND36,Lahore,"Tehsil Office, Aziz Bhatti Town",LWMC-AzBT,-,-,still,off,,,31.57944,74.441283,11/08/2026 09:45 AM,11/08/2026 11:00 AM,Reporting,No Activity Since Yesterday,22.91,False,UC-175,Wagha Town,Zone-12,Dumper,DGBT,False,2026-08-11
-,S-92,S92,Lahore,"Tehsil Office, Aziz Bhatti Town",LWMC-AzBT,-,-,moving,on,27.59,162.05,31.608452,74.399952,11/08/2026 10:39 AM,11/08/2026 11:00 AM,Reporting,Parked,12.66,False,UC-137,Wagha Town,Zone-12,Mini Dumper,Aziz Bhatti Town,False,2026-08-11
-,LR-0716,LR0716,Lahore,"Tehsil Office, Aziz Bhatti Town",LWMC-AzBT,-,-,moving,on,25.017,104.28,31.564927,74.380862,11/08/2026 10:37 AM,11/08/2026 11:00 AM,Reporting,Moving,12.61,False,UC-157,Aziz Bhatti Town,Zone-18,Loader Rickshaw,Aziz Bhatti Town,True,2026-08-11
-,LR-0324,LR0324,Lahore,"Tehsil Office, Aziz Bhatti Town",LWMC-AzBT,-,-,moving,on,38.857,249.43,31.579008,74.465004,11/08/2026 10:40 AM,11/08/2026 11:00 AM,Reporting,Excess Idling,13.27,False,UC-152,Aziz Bhatti Town,Zone-16,Loader Rickshaw,Aziz Bhatti Town,True,2026-08-11
-,LR-0290,LR0290,Lahore,"Tehsil Office, Aziz Bhatti Town",LWMC-AzBT,-,-,moving,on,10.591,296.91,31.57881,74.397243,11/08/2026 10:30 AM,11/08/2026 11:00 AM,Reporting,Idle,25.31,False,UC-141,Aziz Bhatti Town,Zone-15,Loader Rickshaw,Aziz Bhatti Town,True,2026-08-11
-,LR-1915,LR1915,Lahore,"Tehsil Office, Aziz Bhatti Town",LWMC-AzBT,-,-,still,off,10.731,146.23,31.579684,74.405035,11/08/2026 10:36 AM,11/08/2026 11:00 AM,Reporting,Parked,11.59,False,UC-140,Aziz Bhatti Town,Zone-15,Loader Rickshaw,Aziz Bhatti Town,True,2026-08-11
-,LR-2472,LR2472,Lahore,"Tehsil Office, Aziz Bhatti Town",LWMC-AzBT,-,-,still,off,31.009,113.48,31.580004,74.408895,11/08/2026 10:22 AM,11/08/2026 10:30 AM,Reporting,Parked,12.91,False,UC-140,Aziz Bhatti Town,Zone-15,Loader Rickshaw,Aziz Bhatti Town,True,2026-08-11
-,LR-1406,LR1406,Lahore,"Tehsil Office, Aziz Bhatti Town",LWMC-AzBT,-,-,moving,on,16.793,95.01,31.565199,74.390804,11/08/2026 09:58 AM,11/08/2026 11:00 AM,Reporting,Excess Idling,12.45,False,UC-142,Aziz Bhatti Town,Zone-15,Loader Rickshaw,Aziz Bhatti Town,True,2026-08-11
-,LR-1647,LR1647,Lahore,"Tehsil Office, Aziz Bhatti Town",LWMC-AzBT,-,-,still,off,15.633,114.81,31.559383,74.372375,11/08/2026 09:46 AM,11/08/2026 11:00 AM,Reporting,Parked,11.79,False,UC-187,Aziz Bhatti Town,Zone-18,Loader Rickshaw,Aziz Bhatti Town,True,2026-08-11
-,MFL-88,MFL88,Lahore,"Tehsil Office, Aziz Bhatti Town",LWMC-AzBT,-,-,moving,on,20.706,334.63,31.484276,74.431489,11/08/2026 10:07 AM,11/08/2026 11:00 AM,Reporting,Moving,11.28,False,,,,Loader,Aziz Bhatti Town,False,2026-08-11
-,LR-1645,LR1645,Lahore,"Tehsil Office, Aziz Bhatti Town",LWMC-AzBT,-,-,still,off,24.616,555.41,31.475254,74.432898,11/08/2026 10:44 AM,11/08/2026 11:00 AM,Reporting,Idle,12.45,False,,,,Loader Rickshaw,Aziz Bhatti Town,False,2026-08-11
-,LR-0296,LR0296,Lahore,"Tehsil Office, Aziz Bhatti Town",LWMC-AzBT,-,-,moving,on,45.421,570.91,31.608472,74.387707,11/08/2026 10:34 AM,11/08/2026 11:00 AM,Reporting,Moving,28.77,False,UC-108,Wagha Town,Zone-13,Loader Rickshaw,Aziz Bhatti Town,False,2026-08-11
-,LR-0742,LR0742,Lahore,"Tehsil Office, Aziz Bhatti Town",LWMC-AzBT,-,-,still,off,18.353,86.48,31.559327,74.372321,11/08/2026 09:39 AM,11/08/2026 11:00 AM,Reporting,Parked,11.89,False,UC-187,Aziz Bhatti Town,Zone-18,Loader Rickshaw,Aziz Bhatti Town,True,2026-08-11
-,LR-2895,LR2895,Lahore,"Tehsil Office, Aziz Bhatti Town",LWMC-AzBT,-,-,still,off,0.001,0.2,31.574868,74.37056,11/08/2026 09:35 AM,11/08/2026 11:00 AM,Reporting,No Activity Since Yesterday,11.13,False,UC-120,Gulberg Town,Zone-19,Loader Rickshaw,Aziz Bhatti Town,False,2026-08-11
-,LR-1914,LR1914,Lahore,"Tehsil Office, Aziz Bhatti Town",LWMC-AzBT,-,-,moving,on,9.709,184.36,31.582697,74.396462,11/08/2026 09:36 AM,11/08/2026 10:00 AM,Reporting,Parked,12.0,False,UC-139,Aziz Bhatti Town,Zone-15,Loader Rickshaw,Aziz Bhatti Town,True,2026-08-11
-,LR-0289,LR0289,Lahore,"Tehsil Office, Aziz Bhatti Town",LWMC-AzBT,-,-,moving,on,10.61,296.36,31.578607,74.395255,11/08/2026 10:31 AM,11/08/2026 11:00 AM,Reporting,Idle,13.78,False,UC-141,Aziz Bhatti Town,Zone-15,Loader Rickshaw,Aziz Bhatti Town,True,2026-08-11
-,WR-012,WR012,Lahore,"Tehsil Office, Aziz Bhatti Town",LWMC-AzBT,-,-,still,off,18.806,124.23,31.561532,74.380538,11/08/2026 10:20 AM,11/08/2026 11:00 AM,Reporting,Parked,12.45,False,UC-184,Aziz Bhatti Town,Zone-18,Washer Rickshaw,Aziz Bhatti Town,True,2026-08-11
-,LR-2587,LR2587,Lahore,"Tehsil Office, Aziz Bhatti Town",LWMC-AzBT,-,-,still,off,39.413,283.25,31.554402,74.424756,11/08/2026 10:44 AM,11/08/2026 11:00 AM,Reporting,Excess Idling,11.64,False,UC-152,Aziz Bhatti Town,Zone-16,Loader Rickshaw,Aziz Bhatti Town,True,2026-08-11
-,LR-2461,LR2461,Lahore,"Tehsil Office, Aziz Bhatti Town",LWMC-AzBT,-,-,still,off,21.877,272.23,31.577187,74.411727,11/08/2026 10:25 AM,11/08/2026 11:00 AM,Reporting,Moving,13.68,False,UC-143,Aziz Bhatti Town,Zone-16,Loader Rickshaw,Aziz Bhatti Town,True,2026-08-11
-,LR-1408,LR1408,Lahore,"Tehsil Office, Aziz Bhatti Town",LWMC-AzBT,-,-,still,off,,,31.575269,74.370582,11/08/2026 09:14 AM,11/08/2026 09:30 AM,Reporting,No Activity Since Yesterday,11.79,False,UC-120,Gulberg Town,Zone-19,Loader Rickshaw,Aziz Bhatti Town,False,2026-08-11
-,LR-2384,LR2384,Lahore,"Tehsil Office, Aziz Bhatti Town",LWMC-AzBT,-,-,moving,on,36.71,209.8,31.562805,74.423843,11/08/2026 10:24 AM,11/08/2026 11:00 AM,Reporting,Idle,11.74,False,UC-147,Aziz Bhatti Town,Zone-16,Loader Rickshaw,Aziz Bhatti Town,True,2026-08-11
-,LR-0743,LR0743,Lahore,"Tehsil Office, Aziz Bhatti Town",LWMC-AzBT,-,-,still,off,14.62,169.23,31.551011,74.364301,11/08/2026 10:28 AM,11/08/2026 11:00 AM,Reporting,Excess Idling,11.89,False,UC-188,Aziz Bhatti Town,Zone-18,Loader Rickshaw,Aziz Bhatti Town,True,2026-08-11
-,WR-011,WR011,Lahore,"Tehsil Office, Aziz Bhatti Town",LWMC-AzBT,-,-,still,off,,,31.575123,74.370689,11/08/2026 09:41 AM,11/08/2026 11:00 AM,Reporting,No Activity Since Yesterday,11.03,False,UC-120,Gulberg Town,Zone-19,Washer Rickshaw,Aziz Bhatti Town,False,2026-08-11
-,LR-1097,LR1097,Lahore,"Tehsil Office, Aziz Bhatti Town",LWMC-AzBT,-,-,moving,on,34.448,239.53,31.571998,74.431436,11/08/2026 09:42 AM,11/08/2026 11:00 AM,Reporting,Excess Idling,10.72,False,UC-146,Aziz Bhatti Town,Zone-16,Loader Rickshaw,Aziz Bhatti Town,True,2026-08-11
-,LR-1956,LR1956,Lahore,"Tehsil Office, Aziz Bhatti Town",LWMC-AzBT,-,-,moving,on,14.45,157.09,31.559386,74.373277,11/08/2026 09:58 AM,11/08/2026 10:30 AM,Reporting,Parked,11.74,False,UC-187,Aziz Bhatti Town,Zone-18,Loader Rickshaw,Aziz Bhatti Town,True,2026-08-11
-,LR-0294,LR0294,Lahore,"Tehsil Office, Aziz Bhatti Town",LWMC-AzBT,-,-,moving,on,12.076,262.01,31.576051,74.400747,11/08/2026 10:29 AM,11/08/2026 11:00 AM,Reporting,Moving,12.4,False,UC-141,Aziz Bhatti Town,Zone-15,Loader Rickshaw,Aziz Bhatti Town,True,2026-08-11
-,LR-2586,LR2586,Lahore,"Tehsil Office, Aziz Bhatti Town",LWMC-AzBT,-,-,moving,on,23.586,66.26,31.609336,74.396131,11/08/2026 10:20 AM,11/08/2026 10:30 AM,Reporting,Parked,12.05,False,UC-108,Wagha Town,Zone-13,Loader Rickshaw,Aziz Bhatti Town,False,2026-08-11
-,LR-2780,LR2780,Lahore,"Tehsil Office, Aziz Bhatti Town",LWMC-AzBT,-,-,moving,on,29.088,147.51,31.586639,74.400637,11/08/2026 10:16 AM,11/08/2026 11:00 AM,Reporting,Parked,10.26,False,UC-139,Aziz Bhatti Town,Zone-15,Loader Rickshaw,Aziz Bhatti Town,True,2026-08-11
-,LR-0739,LR0739,Lahore,"Tehsil Office, Aziz Bhatti Town",LWMC-AzBT,-,-,still,off,16.935,311.94,31.559361,74.372743,11/08/2026 10:45 AM,11/08/2026 11:00 AM,Reporting,Moving,25.31,False,UC-187,Aziz Bhatti Town,Zone-18,Loader Rickshaw,Aziz Bhatti Town,True,2026-08-11
-,LR-0576,LR0576,Lahore,"Tehsil Office, Aziz Bhatti Town",LWMC-AzBT,-,-,still,off,11.025,180.46,31.559344,74.372638,11/08/2026 09:23 AM,11/08/2026 10:30 AM,Reporting,Excess Idling,11.64,False,UC-187,Aziz Bhatti Town,Zone-18,Loader Rickshaw,Aziz Bhatti Town,True,2026-08-11
-,LR-1407,LR1407,Lahore,"Tehsil Office, Aziz Bhatti Town",LWMC-AzBT,-,-,still,off,20.27,181.4,31.610909,74.383072,11/08/2026 10:15 AM,11/08/2026 10:30 AM,Reporting,Parked,11.84,False,UC-108,Wagha Town,Zone-13,Loader Rickshaw,Aziz Bhatti Town,False,2026-08-11
-,LR-1657,LR1657,Lahore,"Tehsil Office, Aziz Bhatti Town",LWMC-AzBT,-,-,moving,on,28.419,118.43,31.559396,74.376784,11/08/2026 10:40 AM,11/08/2026 11:00 AM,Reporting,Parked,12.45,False,UC-187,Aziz Bhatti Town,Zone-18,Loader Rickshaw,Aziz Bhatti Town,True,2026-08-11
-,LR-1394,LR1394,Lahore,"Tehsil Office, Aziz Bhatti Town",LWMC-AzBT,-,-,moving,on,29.566,169.34,31.552925,74.363712,11/08/2026 10:28 AM,11/08/2026 11:00 AM,Reporting,Moving,12.35,False,UC-186,Aziz Bhatti Town,Zone-18,Loader Rickshaw,Aziz Bhatti Town,True,2026-08-11
-,LR-1658,LR1658,Lahore,"Tehsil Office, Aziz Bhatti Town",LWMC-AzBT,-,-,still,off,13.223,300.71,31.552337,74.413644,11/08/2026 10:12 AM,11/08/2026 10:30 AM,Reporting,Moving,12.3,False,UC-150,Aziz Bhatti Town,Zone-17,Loader Rickshaw,Aziz Bhatti Town,True,2026-08-11
-,LR-1646,LR1646,Lahore,"Tehsil Office, Aziz Bhatti Town",LWMC-AzBT,-,-,still,off,10.465,139.18,31.559165,74.374148,11/08/2026 10:26 AM,11/08/2026 11:00 AM,Reporting,Parked,13.58,False,UC-187,Aziz Bhatti Town,Zone-18,Loader Rickshaw,Aziz Bhatti Town,True,2026-08-11
-,WR-003,WR003,Lahore,"Tehsil Office, Aziz Bhatti Town",LWMC-AzBT,-,-,moving,on,12.809,134.34,31.549973,74.379923,11/08/2026 10:17 AM,11/08/2026 10:30 AM,Reporting,Moving,12.1,False,,,,Washer Rickshaw,Aziz Bhatti Town,False,2026-08-11
-,LR-1002,LR1002,Lahore,"Tehsil Office, Aziz Bhatti Town",LWMC-AzBT,-,-,moving,on,13.961,63.38,31.559428,74.374368,11/08/2026 10:21 AM,11/08/2026 11:00 AM,Reporting,Parked,12.05,False,UC-187,Aziz Bhatti Town,Zone-18,Loader Rickshaw,Aziz Bhatti Town,True,2026-08-11
-,LR-1655,LR1655,Lahore,"Tehsil Office, Aziz Bhatti Town",LWMC-AzBT,-,-,still,off,13.62,464.63,31.534433,74.424637,11/08/2026 09:40 AM,11/08/2026 11:00 AM,Reporting,Excess Idling,11.49,False,,,,Loader Rickshaw,Aziz Bhatti Town,False,2026-08-11
-,ND-22,ND22,Lahore,"Tehsil Office, Aziz Bhatti Town",LWMC-AzBT,-,-,still,off,,,31.623566,74.421522,11/08/2026 09:29 AM,11/08/2026 11:00 AM,Reporting,No Activity Since Yesterday,26.12,False,UC-108,Wagha Town,Zone-13,Dumper,Aziz Bhatti Town,False,2026-08-11
-,LR-0293,LR0293,Lahore,"Tehsil Office, Aziz Bhatti Town",LWMC-AzBT,-,-,still,off,10.816,109.78,31.575187,74.395251,11/08/2026 10:31 AM,11/08/2026 11:00 AM,Reporting,Parked,12.45,False,UC-141,Aziz Bhatti Town,Zone-15,Loader Rickshaw,Aziz Bhatti Town,True,2026-08-11
18432,CA-144,CA144,Lahore,"Tehsil Office, Aziz Bhatti Town",LWMC-AzBT,Chain Arm Roll,Container-Based Collection,moving,on,100.365,346.61,31.609591,74.381732,11/08/2026 10:25 AM,11/08/2026 11:00 AM,Reporting,Moving,11.43,False,UC-108,Wagha Town,Zone-13,Chain Arm Roll,Aziz Bhatti Town,False,2026-08-11
-,LR-0746,LR0746,Lahore,"Tehsil Office, Aziz Bhatti Town",LWMC-AzBT,-,-,still,off,17.436,314.98,31.547631,74.360512,11/08/2026 10:27 AM,11/08/2026 11:00 AM,Reporting,Idle,12.3,False,UC-188,Aziz Bhatti Town,Zone-18,Loader Rickshaw,Aziz Bhatti Town,True,2026-08-11
-,LR-2891,LR2891,Lahore,"Tehsil Office, Aziz Bhatti Town",LWMC-AzBT,-,-,moving,on,20.144,94.29,31.580733,74.395446,11/08/2026 10:22 AM,11/08/2026 11:00 AM,Reporting,Parked,13.42,False,UC-141,Aziz Bhatti Town,Zone-15,Loader Rickshaw,Aziz Bhatti Town,True,2026-08-11
-,LR-1115,LR1115,Lahore,"Tehsil Office, Aziz Bhatti Town",LWMC-AzBT,-,-,moving,on,0.021,0.06,31.575418,74.370721,11/08/2026 10:01 AM,11/08/2026 11:00 AM,Reporting,No Activity Since Yesterday,10.52,False,UC-120,Gulberg Town,Zone-19,Loader Rickshaw,Aziz Bhatti Town,False,2026-08-11
-,LR-1968,LR1968,Lahore,"Tehsil Office, Aziz Bhatti Town",LWMC-AzBT,-,-,still,off,15.135,523.58,31.552345,74.413618,11/08/2026 10:39 AM,11/08/2026 11:00 AM,Reporting,Parked,12.1,False,UC-150,Aziz Bhatti Town,Zone-17,Loader Rickshaw,Aziz Bhatti Town,True,2026-08-11
-,LR-1392,LR1392,Lahore,"Tehsil Office, Aziz Bhatti Town",LWMC-AzBT,-,-,moving,on,32.29,252.96,31.609036,74.392803,11/08/2026 10:26 AM,11/08/2026 11:00 AM,Reporting,Moving,0.0,True,UC-108,Wagha Town,Zone-13,Loader Rickshaw,Aziz Bhatti Town,False,2026-08-11
-,LR-0295,LR0295,Lahore,"Tehsil Office, Aziz Bhatti Town",LWMC-AzBT,-,-,moving,on,32.734,246.19,31.561367,74.399307,11/08/2026 10:34 AM,11/08/2026 11:00 AM,Reporting,Parked,13.83,False,UC-148,Aziz Bhatti Town,Zone-17,Loader Rickshaw,Aziz Bhatti Town,True,2026-08-11
-,LR-0297,LR0297,Lahore,"Tehsil Office, Aziz Bhatti Town",LWMC-AzBT,-,-,moving,on,41.744,320.64,31.566661,74.380746,11/08/2026 10:14 AM,11/08/2026 10:30 AM,Reporting,Moving,12.81,False,UC-122,Gulberg Town,Zone-19,Loader Rickshaw,Aziz Bhatti Town,False,2026-08-11
-,S-14,S14,Lahore,"Tehsil Office, Aziz Bhatti Town",LWMC-AzBT,-,-,still,off,,,31.609517,74.380308,11/08/2026 10:08 AM,11/08/2026 10:30 AM,Reporting,No Activity Since Yesterday,12.05,False,UC-108,Wagha Town,Zone-13,Mini Dumper,Aziz Bhatti Town,False,2026-08-11
-,MFL-33,MFL33,Lahore,"Tehsil Office, Aziz Bhatti Town",LWMC-AzBT,-,-,still,off,,,31.579251,74.441469,11/08/2026 09:34 AM,11/08/2026 11:00 AM,Reporting,No Activity Since Yesterday,12.15,False,UC-175,Wagha Town,Zone-12,Loader,Aziz Bhatti Town,False,2026-08-11
-,LR-0298,LR0298,Lahore,"Tehsil Office, Aziz Bhatti Town",LWMC-AzBT,-,-,moving,on,30.484,610.85,31.562907,74.385118,11/08/2026 10:39 AM,11/08/2026 11:00 AM,Reporting,Moving,13.78,False,UC-184,Aziz Bhatti Town,Zone-18,Loader Rickshaw,Aziz Bhatti Town,True,2026-08-11
-,C-1304,C1304,Lahore,"Tehsil Office, Nishter Town",LWMC-NiTo,-,-,still,off,49.114,611.96,31.336992,74.243154,11/08/2026 10:44 AM,11/08/2026 11:00 AM,Reporting,Moving,13.42,False,UC-270,Nishter Town,Zone-47,Compactor,Nishter Town,True,2026-08-11
23137,LR-909,LR909,Lahore,"Tehsil Office, Nishter Town",LWMC-NiTo,Loader Rickshaw,Door To Door Collection,still,off,19.478,76.86,31.398656,74.404568,11/08/2026 10:33 AM,11/08/2026 11:00 AM,Reporting,Parked,12.86,False,UC-197,Nishter Town,Zone-45,Loader Rickshaw,Nishter Town,True,2026-08-11
-,LR-3038,LR3038,Lahore,"Tehsil Office, Nishter Town",LWMC-NiTo,-,-,moving,on,11.526,61.14,31.357797,74.397455,11/08/2026 09:53 AM,11/08/2026 10:30 AM,Reporting,Excess Idling,24.49,False,UC-248,Nishter Town,Zone-49,Loader Rickshaw,Nishter Town,True,2026-08-11
-,LR-2216,LR2216,Lahore,"Tehsil Office, Nishter Town",LWMC-NiTo,-,-,still,off,30.994,78.28,31.317677,74.372628,11/08/2026 10:45 AM,11/08/2026 11:00 AM,,,,,UC-252,Nishter Town,Zone-49,Loader Rickshaw,Nishter Town,True,2026-08-11
23128,LR-0792,LR0792,Lahore,"Tehsil Office, Nishter Town",LWMC-NiTo,Loader Rickshaw,Door To Door Collection,still,off,12.383,85.9,31.384603,74.366423,11/08/2026 10:33 AM,11/08/2026 11:00 AM,Reporting,Moving,11.13,False,UC-244,Nishter Town,Zone-48,Loader Rickshaw,Nishter Town,True,2026-08-11
23107,LR-0418,LR0418,Lahore,"Tehsil Office, Nishter Town",LWMC-NiTo,Loader Rickshaw,Door To Door Collection,moving,on,9.495,46.18,31.422908,74.456444,11/08/2026 10:46 AM,11/08/2026 11:00 AM,Reporting,Parked,12.2,False,UC-195,Nishter Town,Zone-49,Loader Rickshaw,Nishter Town,True,2026-08-11
19867,M-95,M95,Lahore,"Tehsil Office, Nishter Town",LWMC-NiTo,Mini Dumper,Bulk Waste Collection,still,off,,,31.478661,74.343672,11/08/2026 09:40 AM,11/08/2026 11:00 AM,Reporting,No Activity Since Yesterday,12.25,False,UC-206,Gulberg Town,Zone-22,Foton-Mini Dumper,Nishter Town,False,2026-08-11
-,LR-1753,LR1753,Lahore,"Tehsil Office, Nishter Town",LWMC-NiTo,-,-,moving,on,17.133,123.88,31.366867,74.370542,11/08/2026 10:31 AM,11/08/2026 11:00 AM,Reporting,Parked,12.96,False,UC-247,Nishter Town,Zone-48,Loader Rickshaw,Nishter Town,True,2026-08-11
-,LR-2735,LR2735,Lahore,"Tehsil Office, Nishter Town",LWMC-NiTo,-,-,still,off,18.415,338.66,31.405347,74.361837,11/08/2026 10:42 AM,11/08/2026 11:00 AM,Reporting,Idle,11.79,False,UC-246,Nishter Town,Zone-48,Loader Rickshaw,Nishter Town,True,2026-08-11
-,C-083,C083,Lahore,"Tehsil Office, Nishter Town",LWMC-NiTo,-,-,moving,on,27.082,170.4,31.449061,74.354104,11/08/2026 10:12 AM,11/08/2026 10:30 AM,Reporting,Parked,12.56,False,,,,Compactor,Nishter Town,False,2026-08-11
-,LR-1352,LR1352,Lahore,"Tehsil Office, Nishter Town",LWMC-NiTo,-,-,still,off,6.937,208.93,31.454358,74.440197,11/08/2026 10:45 AM,11/08/2026 11:00 AM,Reporting,Moving,14.8,False,UC-194,Wagha Town,Zone-14,Loader Rickshaw,Nishter Town,False,2026-08-11
-,LR-3023,LR3023,Lahore,"Tehsil Office, Nishter Town",LWMC-NiTo,-,-,still,off,27.475,141.0,31.418544,74.245258,11/08/2026 10:03 AM,11/08/2026 10:30 AM,Reporting,Excess Idling,14.39,False,UC-269,Nishter Town,Zone-47,Loader Rickshaw,Nishter Town,True,2026-08-11
-,LR-3045,LR3045,Lahore,"Tehsil Office, Nishter Town",LWMC-NiTo,-,-,moving,on,8.985,76.25,31.35469,74.372674,11/08/2026 10:04 AM,11/08/2026 10:30 AM,Reporting,Moving,11.54,False,UC-248,Nishter Town,Zone-49,Loader Rickshaw,Nishter Town,True,2026-08-11
-,MFT-07,MFT07,Lahore,"Tehsil Office, Nishter Town",LWMC-NiTo,-,-,still,off,15.6,105.11,31.427002,74.359783,11/08/2026 10:26 AM,11/08/2026 11:00 AM,Reporting,Parked,11.74,False,UC-243,Nishter Town,Zone-44,Tractor Trolley,Nishter Town,True,2026-08-11
-,LR-2728,LR2728,Lahore,"Tehsil Office, Nishter Town",LWMC-NiTo,-,-,still,off,31.776,285.13,31.421913,74.457057,11/08/2026 09:58 AM,11/08/2026 11:00 AM,Reporting,Parked,12.25,False,UC-195,Nishter Town,Zone-49,Loader Rickshaw,Nishter Town,True,2026-08-11
-,LR-2722,LR2722,Lahore,"Tehsil Office, Nishter Town",LWMC-NiTo,-,-,still,off,6.305,198.48,31.456944,74.441247,11/08/2026 10:44 AM,11/08/2026 11:00 AM,Reporting,Excess Idling,10.26,False,UC-194,Wagha Town,Zone-14,Loader Rickshaw,Nishter Town,False,2026-08-11
23123,LR-0787,LR0787,Lahore,"Tehsil Office, Nishter Town",LWMC-NiTo,Loader Rickshaw,Door To Door Collection,still,off,,,31.367704,74.365019,11/08/2026 09:29 AM,11/08/2026 11:00 AM,Reporting,No Activity Since Yesterday,11.23,False,UC-248,Nishter Town,Zone-49,Loader Rickshaw,Nishter Town,True,2026-08-11
18586,C13-1084,C131084,Lahore,"Tehsil Office, Nishter Town",LWMC-NiTo,Compactor (13CM),Container-Based Collection,still,off,,,31.442285,74.348469,11/08/2026 09:23 AM,11/08/2026 10:30 AM,Reporting,No Activity Since Yesterday,24.8,False,UC-229,Nishter Town,Zone-44,Compactor,Nishter Town,True,2026-08-11
-,LR-2403,LR2403,Lahore,"Tehsil Office, Nishter Town",LWMC-NiTo,-,-,moving,on,12.192,160.61,31.442117,74.472074,11/08/2026 10:39 AM,11/08/2026 11:00 AM,Reporting,Moving,12.05,False,UC-194,Wagha Town,Zone-14,Loader Rickshaw,Nishter Town,False,2026-08-11
-,LR-2859,LR2859,Lahore,"Tehsil Office, Nishter Town",LWMC-NiTo,-,-,moving,on,29.598,184.48,31.347921,74.375771,11/08/2026 10:39 AM,11/08/2026 11:00 AM,Reporting,Idle,11.33,False,UC-253,Nishter Town,Zone-49,Loader Rickshaw,Nishter Town,True,2026-08-11
19878,S-8,S8,Lahore,"Tehsil Office, Nishter Town",LWMC-NiTo,Mini Dumper,Bulk Waste Collection,moving,on,34.354,124.28,31.412766,74.367538,11/08/2026 10:07 AM,11/08/2026 11:00 AM,Reporting,Moving,13.07,False,UC-245,Nishter Town,Zone-48,Mini Dumper,Nishter Town,True,2026-08-11
-,LR-2404,LR2404,Lahore,"Tehsil Office, Nishter Town",LWMC-NiTo,-,-,still,off,6.096,246.53,31.438881,74.452088,11/08/2026 10:46 AM,11/08/2026 11:00 AM,Reporting,Moving,12.05,False,UC-194,Wagha Town,Zone-14,Loader Rickshaw,Nishter Town,False,2026-08-11
23104,LR-0415,LR0415,Lahore,"Tehsil Office, Nishter Town",LWMC-NiTo,Loader Rickshaw,Door To Door Collection,moving,on,29.552,277.55,31.402257,74.406556,11/08/2026 10:46 AM,11/08/2026 11:00 AM,Reporting,Moving,12.4,False,UC-197,Nishter Town,Zone-45,Loader Rickshaw,Nishter Town,True,2026-08-11
-,WR-0034,WR0034,Lahore,"Tehsil Office, Nishter Town",LWMC-NiTo,-,-,moving,on,13.628,58.0,31.402308,74.360772,11/08/2026 10:15 AM,11/08/2026 10:30 AM,Reporting,Parked,12.61,False,,,,Washer Rickshaw,Nishter Town,False,2026-08-11
-,LR-2405,LR2405,Lahore,"Tehsil Office, Nishter Town",LWMC-NiTo,-,-,moving,on,9.703,64.25,31.368585,74.469477,11/08/2026 10:41 AM,11/08/2026 11:00 AM,Reporting,Parked,13.98,False,UC-196,Nishter Town,Zone-49,Loader Rickshaw,Nishter Town,True,2026-08-11
-,LR-2844,LR2844,Lahore,"Tehsil Office, Nishter Town",LWMC-NiTo,-,-,moving,on,9.504,91.5,31.368396,74.362573,11/08/2026 10:34 AM,11/08/2026 11:00 AM,Reporting,Parked,13.37,False,UC-248,Nishter Town,Zone-49,Loader Rickshaw,Nishter Town,True,2026-08-11
-,LR-2853,LR2853,Lahore,"Tehsil Office, Nishter Town",LWMC-NiTo,-,-,moving,on,21.975,151.28,31.376864,74.344572,11/08/2026 10:29 AM,11/08/2026 11:00 AM,Reporting,Moving,12.25,False,UC-251,Nishter Town,Zone-47,Loader Rickshaw,Nishter Town,True,2026-08-11
-,LR-1888,LR1888,Lahore,"Tehsil Office, Nishter Town",LWMC-NiTo,-,-,moving,on,13.937,221.13,31.462369,74.345957,11/08/2026 10:37 AM,11/08/2026 11:00 AM,Reporting,Parked,12.71,False,UC-227,Nishter Town,Zone-44,Loader Rickshaw,Nishter Town,True,2026-08-11
23143,WR-17,WR17,Lahore,"Tehsil Office, Nishter Town",LWMC-NiTo,Loader Rickshaw,Door To Door Collection,still,off,8.083,31.88,31.43141,74.311857,11/08/2026 09:35 AM,11/08/2026 11:00 AM,Reporting,Parked,11.84,False,UC-233,Allama Iqbal Town,Zone-39,Washer Rickshaw,Nishter Town,False,2026-08-11
-,LR-2218,LR2218,Lahore,"Tehsil Office, Nishter Town",LWMC-NiTo,-,-,still,off,11.764,46.5,31.46175,74.440368,11/08/2026 10:45 AM,11/08/2026 11:00 AM,Reporting,Parked,11.79,False,UC-194,Wagha Town,Zone-14,Loader Rickshaw,Nishter Town,False,2026-08-11
23103,LR-0414,LR0414,Lahore,"Tehsil Office, Nishter Town",LWMC-NiTo,Loader Rickshaw,Door To Door Collection,moving,on,24.83,82.58,31.393833,74.365355,11/08/2026 10:30 AM,11/08/2026 11:00 AM,Reporting,Parked,26.99,False,UC-244,Nishter Town,Zone-48,Loader Rickshaw,Nishter Town,True,2026-08-11
-,LR-2399,LR2399,Lahore,"Tehsil Office, Nishter Town",LWMC-NiTo,-,-,still,off,8.928,44.86,31.458041,74.445571,11/08/2026 10:30 AM,11/08/2026 11:00 AM,Reporting,Parked,11.84,False,UC-194,Wagha Town,Zone-14,Loader Rickshaw,Nishter Town,False,2026-08-11
19848,M-65,M65,Lahore,"Tehsil Office, Nishter Town",LWMC-NiTo,Mini Dumper,Bulk Waste Collection,moving,on,36.699,186.55,31.368471,74.475434,11/08/2026 10:36 AM,11/08/2026 11:00 AM,Reporting,Idle,12.86,False,UC-196,Nishter Town,Zone-49,Foton-Mini Dumper,Nishter Town,True,2026-08-11
23126,LR-0790,LR0790,Lahore,"Tehsil Office, Nishter Town",LWMC-NiTo,Loader Rickshaw,Door To Door Collection,still,off,,,31.367873,74.365011,11/08/2026 09:12 AM,11/08/2026 10:30 AM,Reporting,No Activity Since Yesterday,14.19,False,UC-248,Nishter Town,Zone-49,Loader Rickshaw,Nishter Town,True,2026-08-11
-,S-392,S392,Lahore,"Tehsil Office, Nishter Town",LWMC-NiTo,-,-,still,off,13.884,59.85,31.465327,74.225587,11/08/2026 09:58 AM,11/08/2026 10:30 AM,Reporting,Parked,11.94,False,UC-117,Allama Iqbal Town,Zone-41,Mini Dumper,Nishter Town,False,2026-08-11
23101,LR-412,LR412,Lahore,"Tehsil Office, Nishter Town",LWMC-NiTo,Loader Rickshaw,Door To Door Collection,moving,on,36.386,115.61,31.414424,74.428436,11/08/2026 10:25 AM,11/08/2026 11:00 AM,Reporting,Parked,12.3,False,UC-197,Nishter Town,Zone-45,Loader Rickshaw,Nishter Town,True,2026-08-11
19888,S-375,S375,Lahore,"Tehsil Office, Nishter Town",LWMC-NiTo,Mini Dumper,Bulk Waste Collection,moving,on,54.037,166.56,31.449464,74.311378,11/08/2026 09:42 AM,11/08/2026 11:00 AM,Reporting,Parked,12.66,False,UC-234,Allama Iqbal Town,Zone-39,Mini Dumper,Nishter Town,False,2026-08-11
-,D-62,D62,Lahore,"Tehsil Office, Nishter Town",LWMC-NiTo,-,-,moving,on,110.231,257.03,31.477282,74.344316,11/08/2026 10:28 AM,11/08/2026 11:00 AM,Reporting,Parked,27.81,False,UC-206,Gulberg Town,Zone-22,Dumper,Nishter Town,False,2026-08-11
-,LR-3033,LR3033,Lahore,"Tehsil Office, Nishter Town",LWMC-NiTo,-,-,moving,on,26.534,110.58,31.411273,74.363851,11/08/2026 10:06 AM,11/08/2026 11:00 AM,Reporting,Moving,11.13,False,UC-245,Nishter Town,Zone-48,Loader Rickshaw,Nishter Town,True,2026-08-11
23081,LR-0321,LR0321,Lahore,"Tehsil Office, Nishter Town",LWMC-NiTo,Loader Rickshaw,Door To Door Collection,moving,on,19.297,104.0,31.36514,74.373907,11/08/2026 10:22 AM,11/08/2026 11:00 AM,Reporting,Parked,13.32,False,UC-247,Nishter Town,Zone-48,Loader Rickshaw,Nishter Town,True,2026-08-11
19851,M-135,M135,Lahore,"Tehsil Office, Nishter Town",LWMC-NiTo,Mini Dumper,Bulk Waste Collection,moving,on,62.108,154.31,31.284846,74.406647,11/08/2026 10:38 AM,11/08/2026 11:00 AM,Reporting,Moving,13.07,False,UC-253,Nishter Town,Zone-49,Foton-Mini Dumper,Nishter Town,True,2026-08-11
19244,MFL-65,MFL65,Lahore,"Tehsil Office, Nishter Town",LWMC-NiTo,Loader Rickshaw,Bulk Waste Collection,still,off,11.579,81.88,31.441896,74.343963,11/08/2026 09:14 AM,11/08/2026 10:30 AM,Reporting,Parked,12.2,False,UC-229,Nishter Town,Zone-44,Loader,Samnabad Town,False,2026-08-11
-,LR-3014,LR3014,Lahore,"Tehsil Office, Nishter Town",LWMC-NiTo,-,-,still,off,27.04,120.84,31.401591,74.398013,11/08/2026 10:33 AM,11/08/2026 11:00 AM,Reporting,Parked,12.45,False,UC-197,Nishter Town,Zone-45,Loader Rickshaw,Nishter Town,True,2026-08-11
-,LR-1940,LR1940,Lahore,"Tehsil Office, Nishter Town",LWMC-NiTo,-,-,still,off,9.692,57.39,31.436539,74.310288,11/08/2026 09:55 AM,11/08/2026 10:30 AM,Reporting,Moving,11.13,False,UC-237,Nishter Town,Zone-46,Loader Rickshaw,Nishter Town,True,2026-08-11
-,LR-1875,LR1875,Lahore,"Tehsil Office, Nishter Town",LWMC-NiTo,-,-,moving,on,10.761,326.03,31.462371,74.345789,11/08/2026 10:25 AM,11/08/2026 11:00 AM,Reporting,Idle,31.73,False,UC-227,Nishter Town,Zone-44,Loader Rickshaw,Nishter Town,True,2026-08-11
23073,LR-0181,LR0181,Lahore,"Tehsil Office, Nishter Town",LWMC-NiTo,Loader Rickshaw,Door To Door Collection,moving,on,29.752,263.69,31.395296,74.361802,11/08/2026 10:33 AM,11/08/2026 11:00 AM,Reporting,Idle,10.67,False,UC-244,Nishter Town,Zone-48,Loader Rickshaw,Nishter Town,True,2026-08-11
19849,S-15,S15,Lahore,"Tehsil Office, Nishter Town",LWMC-NiTo,Mini Dumper,Bulk Waste Collection,moving,on,29.568,315.03,31.381636,74.343776,11/08/2026 10:28 AM,11/08/2026 11:00 AM,Reporting,Parked,12.61,False,UC-251,Nishter Town,Zone-47,Mini Dumper,Nishter Town,True,2026-08-11
-,LR-2732,LR2732,Lahore,"Tehsil Office, Nishter Town",LWMC-NiTo,-,-,moving,on,12.876,124.15,31.357291,74.530619,11/08/2026 09:45 AM,11/08/2026 10:00 AM,Reporting,Excess Idling,12.4,False,UC-196,Nishter Town,Zone-49,Loader Rickshaw,Nishter Town,True,2026-08-11
-,LR-2217,LR2217,Lahore,"Tehsil Office, Nishter Town",LWMC-NiTo,-,-,moving,on,13.739,180.91,31.454389,74.429678,11/08/2026 10:41 AM,11/08/2026 11:00 AM,Reporting,Parked,13.17,False,,,,Loader Rickshaw,Nishter Town,False,2026-08-11
19858,M-60,M60,Lahore,"Tehsil Office, Nishter Town",LWMC-NiTo,Mini Dumper,Bulk Waste Collection,moving,on,41.601,132.0,31.386714,74.473197,11/08/2026 10:07 AM,11/08/2026 10:30 AM,Reporting,Moving,12.51,False,UC-195,Nishter Town,Zone-49,Foton-Mini Dumper,Nishter Town,True,2026-08-11
-,LR-1368,LR1368,Lahore,"Tehsil Office, Nishter Town",LWMC-NiTo,-,-,still,off,7.437,240.03,31.443016,74.474117,11/08/2026 10:43 AM,11/08/2026 11:00 AM,Reporting,Parked,13.63,False,UC-194,Wagha Town,Zone-14,Loader Rickshaw,Nishter Town,False,2026-08-11
18595,C13-1098,C131098,Lahore,"Tehsil Office, Nishter Town",LWMC-NiTo,Compactor (13CM),Container-Based Collection,still,off,43.768,264.69,31.458177,74.350594,11/08/2026 10:24 AM,11/08/2026 10:30 AM,Reporting,Excess Idling,26.28,False,,,,Compactor,Nishter Town,False,2026-08-11
-,MFL-103,MFL103,Lahore,"Tehsil Office, Nishter Town",LWMC-NiTo,-,-,moving,on,0.125,1.33,31.354348,74.381046,11/08/2026 10:36 AM,11/08/2026 11:00 AM,Reporting,No Activity Since Yesterday,12.15,False,UC-248,Nishter Town,Zone-49,Loader,Nishter Town,True,2026-08-11
19898,S-58,S58,Lahore,"Tehsil Office, Nishter Town",LWMC-NiTo,Mini Dumper,Bulk Waste Collection,still,off,38.817,112.43,31.330645,74.390533,11/08/2026 10:41 AM,11/08/2026 11:00 AM,Reporting,Parked,12.81,False,UC-253,Nishter Town,Zone-49,Mini Dumper,Nishter Town,True,2026-08-11
19894,S-46,S46,Lahore,"Tehsil Office, Nishter Town",LWMC-NiTo,Mini Dumper,Bulk Waste Collection,still,off,46.253,158.98,31.445517,74.297293,11/08/2026 10:41 AM,11/08/2026 11:00 AM,Reporting,Moving,14.29,False,UC-235,Nishter Town,Zone-46,Mini Dumper,Nishter Town,True,2026-08-11
23099,LR-410,LR410,Lahore,"Tehsil Office, Nishter Town",LWMC-NiTo,Loader Rickshaw,Door To Door Collection,moving,on,27.408,98.25,31.401501,74.397918,11/08/2026 10:27 AM,11/08/2026 11:00 AM,Reporting,Parked,12.91,False,UC-197,Nishter Town,Zone-45,Loader Rickshaw,Nishter Town,True,2026-08-11
-,M-61,M61,Lahore,"Tehsil Office, Nishter Town",LWMC-NiTo,-,-,moving,on,31.794,131.36,31.369223,74.370569,11/08/2026 10:24 AM,11/08/2026 11:00 AM,Reporting,Moving,12.56,False,UC-247,Nishter Town,Zone-48,Foton-Mini Dumper,Nishter Town,True,2026-08-11
-,LR-2278,LR2278,Lahore,"Tehsil Office, Nishter Town",LWMC-NiTo,-,-,moving,on,11.829,79.34,31.439688,74.362333,11/08/2026 10:38 AM,11/08/2026 11:00 AM,Reporting,Parked,13.83,False,UC-242,Nishter Town,Zone-45,Loader Rickshaw,Nishter Town,True,2026-08-11
-,LR-2005,LR2005,Lahore,"Tehsil Office, Nishter Town",LWMC-NiTo,-,-,still,off,10.194,131.78,31.363044,74.373637,11/08/2026 10:08 AM,11/08/2026 11:00 AM,Reporting,Moving,12.76,False,UC-248,Nishter Town,Zone-49,Loader Rickshaw,Nishter Town,True,2026-08-11
-,LR-2350,LR2350,Lahore,"Tehsil Office, Nishter Town",LWMC-NiTo,-,-,still,off,,,31.449126,74.390933,11/08/2026 09:09 AM,11/08/2026 10:30 AM,Reporting,No Activity Since Yesterday,12.25,False,UC-249,Nishter Town,Zone-45,Loader Rickshaw,Nishter Town,True,2026-08-11
-,MFT-12,MFT12,Lahore,"Tehsil Office, Nishter Town",LWMC-NiTo,-,-,moving,on,21.034,139.41,31.421049,74.317267,11/08/2026 10:41 AM,11/08/2026 11:00 AM,Reporting,Parked,28.21,False,UC-241,Nishter Town,Zone-47,Tractor Trolley,Nishter Town,True,2026-08-11
-,LR-2836,LR2836,Lahore,"Tehsil Office, Nishter Town",LWMC-NiTo,-,-,moving,on,17.4,93.15,31.396653,74.361501,11/08/2026 10:21 AM,11/08/2026 10:30 AM,Reporting,Parked,13.68,False,UC-244,Nishter Town,Zone-48,Loader Rickshaw,Nishter Town,True,2026-08-11
18674,C-728,C728,Lahore,"Tehsil Office, Nishter Town",LWMC-NiTo,Compactor (7CM),Container-Based Collection,moving,on,0.006,7.0,31.448956,74.311319,11/08/2026 10:18 AM,11/08/2026 10:30 AM,Reporting,Moving,10.41,False,UC-234,Allama Iqbal Town,Zone-39,Compactor,Nishter Town,False,2026-08-11
-,LR-3041,LR3041,Lahore,"Tehsil Office, Nishter Town",LWMC-NiTo,-,-,moving,on,12.724,66.59,31.352993,74.374343,11/08/2026 10:03 AM,11/08/2026 11:00 AM,Reporting,Parked,12.91,False,UC-248,Nishter Town,Zone-49,Loader Rickshaw,Nishter Town,True,2026-08-11
-,LR-1879,LR1879,Lahore,"Tehsil Office, Nishter Town",LWMC-NiTo,-,-,moving,on,13.022,89.04,31.46194,74.347828,11/08/2026 10:06 AM,11/08/2026 10:30 AM,Reporting,Parked,11.43,False,UC-227,Nishter Town,Zone-44,Loader Rickshaw,Nishter Town,True,2026-08-11
23062,LR-0116,LR0116,Lahore,"Tehsil Office, Nishter Town",LWMC-NiTo,Loader Rickshaw,Door To Door Collection,moving,on,16.774,90.36,31.417991,74.358272,11/08/2026 10:24 AM,11/08/2026 10:30 AM,Reporting,Parked,0.0,True,UC-243,Nishter Town,Zone-44,Loader Rickshaw,Nishter Town,True,2026-08-11
18469,C05-288,C05288,Lahore,"Tehsil Office, Nishter Town",LWMC-NiTo,Chain Arm Roll,Container-Based Collection,moving,on,81.067,564.48,31.384912,74.325183,11/08/2026 10:03 AM,11/08/2026 10:30 AM,Reporting,Moving,28.26,False,UC-251,Nishter Town,Zone-47,Chain Arm Roll,Nishter Town,True,2026-08-11
23106,LR-417,LR417,Lahore,"Tehsil Office, Nishter Town",LWMC-NiTo,Loader Rickshaw,Door To Door Collection,moving,on,29.253,91.41,31.422013,74.456916,11/08/2026 09:51 AM,11/08/2026 10:30 AM,Reporting,Parked,12.0,False,UC-195,Nishter Town,Zone-49,Loader Rickshaw,Nishter Town,True,2026-08-11
-,WV-06,WV06,Lahore,"Tehsil Office, Nishter Town",LWMC-NiTo,-,-,moving,on,4.727,38.51,31.457066,74.336405,11/08/2026 10:34 AM,11/08/2026 11:00 AM,Reporting,Moving,26.63,False,UC-225,Gulberg Town,Zone-22,Water Bowser,Nishter Town,False,2026-08-11
-,LR-2842,LR2842,Lahore,"Tehsil Office, Nishter Town",LWMC-NiTo,-,-,still,off,20.16,278.93,31.412277,74.370073,11/08/2026 10:23 AM,11/08/2026 11:00 AM,Reporting,Excess Idling,9.85,False,UC-245,Nishter Town,Zone-48,Loader Rickshaw,Nishter Town,True,2026-08-11
-,LR-2715,LR2715,Lahore,"Tehsil Office, Nishter Town",LWMC-NiTo,-,-,still,off,19.68,185.71,31.422273,74.372726,11/08/2026 09:30 AM,11/08/2026 11:00 AM,Reporting,Excess Idling,12.1,False,UC-243,Nishter Town,Zone-44,Loader Rickshaw,Nishter Town,True,2026-08-11
19247,L-12,L12,Lahore,"Tehsil Office, Nishter Town",LWMC-NiTo,Loader Rickshaw,Bulk Waste Collection,moving,on,3.014,279.75,31.420762,74.329522,11/08/2026 10:45 AM,11/08/2026 11:00 AM,Reporting,Moving,24.34,False,UC-241,Nishter Town,Zone-47,Loader,Nishter Town,True,2026-08-11
-,LR-2219,LR2219,Lahore,"Tehsil Office, Nishter Town",LWMC-NiTo,-,-,still,off,10.068,195.21,31.458678,74.441598,11/08/2026 10:45 AM,11/08/2026 11:00 AM,Reporting,Parked,12.05,False,UC-194,Wagha Town,Zone-14,Loader Rickshaw,Nishter Town,False,2026-08-11
-,LR-0867,LR0867,Lahore,"Tehsil Office, Nishter Town",LWMC-NiTo,-,-,moving,on,0.12,0.36,31.367683,74.364966,11/08/2026 10:06 AM,11/08/2026 11:00 AM,Reporting,No Activity Since Yesterday,10.98,False,UC-248,Nishter Town,Zone-49,Loader Rickshaw,Nishter Town,True,2026-08-11
-,LR-2856,LR2856,Lahore,"Tehsil Office, Nishter Town",LWMC-NiTo,-,-,moving,on,24.499,164.23,31.238323,74.221231,11/08/2026 10:21 AM,11/08/2026 11:00 AM,Reporting,Moving,13.98,False,UC-272,Allama Iqbal Town,Zone-43,Loader Rickshaw,Nishter Town,False,2026-08-11
23133,LR-0905,LR0905,Lahore,"Tehsil Office, Nishter Town",LWMC-NiTo,Loader Rickshaw,Door To Door Collection,still,off,7.062,84.73,31.44854,74.434687,11/08/2026 10:44 AM,11/08/2026 11:00 AM,Reporting,Moving,13.02,False,UC-197,Nishter Town,Zone-45,Loader Rickshaw,Nishter Town,True,2026-08-11
-,LR-2215,LR2215,Lahore,"Tehsil Office, Nishter Town",LWMC-NiTo,-,-,moving,on,25.156,361.85,31.447287,74.301927,11/08/2026 10:46 AM,11/08/2026 11:00 AM,Reporting,Idle,12.15,False,UC-235,Nishter Town,Zone-46,Loader Rickshaw,Nishter Town,True,2026-08-11
-,LR-1360,LR1360,Lahore,"Tehsil Office, Nishter Town",LWMC-NiTo,-,-,moving,on,35.823,98.41,31.412529,74.374532,11/08/2026 10:44 AM,11/08/2026 11:00 AM,Reporting,Parked,8.73,False,UC-254,Nishter Town,Zone-45,Loader Rickshaw,Nishter Town,True,2026-08-11
19892,S-348,S348,Lahore,"Tehsil Office, Nishter Town",LWMC-NiTo,Mini Dumper,Bulk Waste Collection,moving,on,54.947,158.15,31.449449,74.311324,11/08/2026 10:10 AM,11/08/2026 11:00 AM,Reporting,Parked,12.4,False,UC-234,Allama Iqbal Town,Zone-39,Mini Dumper,Nishter Town,False,2026-08-11
-,LR-2727,LR2727,Lahore,"Tehsil Office, Nishter Town",LWMC-NiTo,-,-,still,off,36.214,187.11,31.422774,74.480865,11/08/2026 09:45 AM,11/08/2026 11:00 AM,Reporting,Parked,11.89,False,UC-195,Nishter Town,Zone-49,Loader Rickshaw,Nishter Town,True,2026-08-11
18465,CA-165,CA165,Lahore,"Tehsil Office, Nishter Town",LWMC-NiTo,Chain Arm Roll,Container-Based Collection,moving,on,166.723,404.86,31.389753,74.337044,11/08/2026 10:26 AM,11/08/2026 11:00 AM,Reporting,Moving,28.37,False,UC-251,Nishter Town,Zone-47,Chain Arm Roll,Nishter Town,True,2026-08-11
-,C13-1093,C131093,Lahore,"Tehsil Office, Nishter Town",LWMC-NiTo,-,-,still,off,30.341,92.4,31.439942,74.310248,11/08/2026 10:34 AM,11/08/2026 11:00 AM,Reporting,Parked,11.28,False,UC-239,Nishter Town,Zone-46,Compactor,Nishter Town,True,2026-08-11
-,LR-2401,LR2401,Lahore,"Tehsil Office, Nishter Town",LWMC-NiTo,-,-,still,off,15.852,201.21,31.353775,74.528416,11/08/2026 09:57 AM,11/08/2026 10:30 AM,Reporting,Parked,12.1,False,UC-196,Nishter Town,Zone-49,Loader Rickshaw,Nishter Town,True,2026-08-11
19882,M-94,M94,Lahore,"Tehsil Office, Nishter Town",LWMC-NiTo,Mini Dumper,Bulk Waste Collection,still,off,,,31.464904,74.225124,11/08/2026 09:49 AM,11/08/2026 11:00 AM,Reporting,No Activity Since Yesterday,12.25,False,UC-117,Allama Iqbal Town,Zone-41,Foton-Mini Dumper,Nishter Town,False,2026-08-11
-,D-09,D09,Lahore,"Tehsil Office, Nishter Town",LWMC-NiTo,-,-,still,off,19.22,278.03,31.478215,74.344243,11/08/2026 10:44 AM,11/08/2026 11:00 AM,Reporting,Moving,24.69,False,UC-206,Gulberg Town,Zone-22,Dumper,Nishter Town,False,2026-08-11
-,LR-0866,LR0866,Lahore,"Tehsil Office, Nishter Town",LWMC-NiTo,-,-,still,off,,,31.367704,74.365016,11/08/2026 09:35 AM,11/08/2026 11:00 AM,Reporting,No Activity Since Yesterday,11.94,False,UC-248,Nishter Town,Zone-49,Loader Rickshaw,Nishter Town,True,2026-08-11
23141,LR-913,LR913,Lahore,"Tehsil Office, Nishter Town",LWMC-NiTo,Loader Rickshaw,Door To Door Collection,moving,on,19.59,66.34,31.363603,74.430213,11/08/2026 10:44 AM,11/08/2026 11:00 AM,Reporting,Parked,12.61,False,UC-197,Nishter Town,Zone-45,Loader Rickshaw,Nishter Town,True,2026-08-11
18395,ISA-286,ISA286,Lahore,"Tehsil Office, Nishter Town",LWMC-NiTo,Arm Roll Truck,Container-Based Collection,moving,on,102.394,241.44,31.478492,74.343867,11/08/2026 09:26 AM,11/08/2026 10:00 AM,Reporting,Excess Idling,13.32,False,UC-206,Gulberg Town,Zone-22,Arm Roll,Nishter Town,False,2026-08-11
-,LR-3050,LR3050,Lahore,"Tehsil Office, Nishter Town",LWMC-NiTo,-,-,still,off,,,31.574912,74.37155,11/08/2026 09:45 AM,11/08/2026 11:00 AM,Reporting,No Activity Since Yesterday,11.18,False,UC-120,Gulberg Town,Zone-19,Loader Rickshaw,Nishter Town,False,2026-08-11
23136,LR-0908,LR0908,Lahore,"Tehsil Office, Nishter Town",LWMC-NiTo,Loader Rickshaw,Door To Door Collection,still,off,12.405,28.33,31.364795,74.428497,11/08/2026 10:46 AM,11/08/2026 11:00 AM,Reporting,Parked,12.0,False,UC-197,Nishter Town,Zone-45,Loader Rickshaw,Nishter Town,True,2026-08-11
-,LR-3020,LR3020,Lahore,"Tehsil Office, Nishter Town",LWMC-NiTo,-,-,moving,on,18.788,118.26,31.373323,74.360441,11/08/2026 10:14 AM,11/08/2026 11:00 AM,Reporting,Parked,12.25,False,UC-250,Nishter Town,Zone-48,Loader Rickshaw,Nishter Town,True,2026-08-11
-,LR-2855,LR2855,Lahore,"Tehsil Office, Nishter Town",LWMC-NiTo,-,-,moving,on,21.724,337.35,31.388267,74.347999,11/08/2026 10:21 AM,11/08/2026 11:00 AM,Reporting,Moving,12.3,False,UC-244,Nishter Town,Zone-48,Loader Rickshaw,Nishter Town,True,2026-08-11
-,LR-2699,LR2699,Lahore,"Tehsil Office, Nishter Town",LWMC-NiTo,-,-,moving,on,20.282,205.44,31.443294,74.329488,11/08/2026 09:59 AM,11/08/2026 10:30 AM,Reporting,Moving,14.04,False,,,,Loader Rickshaw,Nishter Town,False,2026-08-11
-,LR-2407,LR2407,Lahore,"Tehsil Office, Nishter Town",LWMC-NiTo,-,-,moving,on,10.424,170.94,31.368116,74.472191,11/08/2026 10:38 AM,11/08/2026 11:00 AM,Reporting,Parked,11.89,False,UC-196,Nishter Town,Zone-49,Loader Rickshaw,Nishter Town,True,2026-08-11
-,WR-0033,WR0033,Lahore,"Tehsil Office, Nishter Town",LWMC-NiTo,-,-,still,off,12.011,60.66,31.437796,74.356156,11/08/2026 09:23 AM,11/08/2026 10:30 AM,Reporting,Parked,11.69,False,UC-242,Nishter Town,Zone-45,Washer Rickshaw,Nishter Town,True,2026-08-11
-,S-43,S43,Lahore,"Tehsil Office, Nishter Town",LWMC-NiTo,-,-,moving,on,45.3,121.66,31.300027,74.332433,11/08/2026 10:38 AM,11/08/2026 11:00 AM,Reporting,Moving,12.56,False,UC-271,Nishter Town,Zone-47,Mini Dumper,Nishter Town,True,2026-08-11
-,LR-2733,LR2733,Lahore,"Tehsil Office, Nishter Town",LWMC-NiTo,-,-,still,off,8.55,232.13,31.454743,74.44313,11/08/2026 10:45 AM,11/08/2026 11:00 AM,Reporting,Parked,12.51,False,UC-194,Wagha Town,Zone-14,Loader Rickshaw,Nishter Town,False,2026-08-11
-,LR-2400,LR2400,Lahore,"Tehsil Office, Nishter Town",LWMC-NiTo,-,-,still,off,24.964,250.46,31.356287,74.466758,11/08/2026 10:46 AM,11/08/2026 11:00 AM,Reporting,Moving,11.84,False,UC-196,Nishter Town,Zone-49,Loader Rickshaw,Nishter Town,True,2026-08-11
19852,M-109,M109,Lahore,"Tehsil Office, Nishter Town",LWMC-NiTo,Mini Dumper,Bulk Waste Collection,moving,on,33.585,92.21,31.389373,74.362712,11/08/2026 10:24 AM,11/08/2026 11:00 AM,Reporting,Moving,12.96,False,UC-244,Nishter Town,Zone-48,Foton-Mini Dumper,Nishter Town,True,2026-08-11
19853,S-332,S332,Lahore,"Tehsil Office, Nishter Town",LWMC-NiTo,Mini Dumper,Bulk Waste Collection,still,off,,,31.449087,74.311131,11/08/2026 08:46 AM,11/08/2026 10:00 AM,Reporting,No Activity Since Yesterday,12.56,False,UC-234,Allama Iqbal Town,Zone-39,Mini Dumper,Nishter Town,False,2026-08-11
18466,CA-84,CA84,Lahore,"Tehsil Office, Nishter Town",LWMC-NiTo,Chain Arm Roll,Container-Based Collection,still,off,51.748,239.84,31.403443,74.357415,11/08/2026 10:13 AM,11/08/2026 10:30 AM,Reporting,Excess Idling,11.54,False,UC-246,Nishter Town,Zone-48,Chain Arm Roll,Nishter Town,True,2026-08-11
-,D-63,D63,Lahore,"Tehsil Office, Nishter Town",LWMC-NiTo,-,-,moving,on,86.256,234.5,31.422029,74.403334,11/08/2026 10:21 AM,11/08/2026 11:00 AM,Reporting,Moving,25.82,False,UC-254,Nishter Town,Zone-45,Dumper,Nishter Town,True,2026-08-11
-,S-371,S371,Lahore,"Tehsil Office, Nishter Town",LWMC-NiTo,-,-,still,off,60.523,222.84,31.310092,74.259715,11/08/2026 10:39 AM,11/08/2026 11:00 AM,Reporting,Parked,12.05,False,UC-270,Nishter Town,Zone-47,Mini Dumper,Nishter Town,True,2026-08-11
-,LR-3015,LR3015,Lahore,"Tehsil Office, Nishter Town",LWMC-NiTo,-,-,moving,on,8.23,111.0,31.423016,74.456469,11/08/2026 10:07 AM,11/08/2026 10:30 AM,Reporting,Moving,14.7,False,UC-195,Nishter Town,Zone-49,Loader Rickshaw,Nishter Town,True,2026-08-11
-,LR-2398,LR2398,Lahore,"Tehsil Office, Nishter Town",LWMC-NiTo,-,-,still,off,15.588,152.25,31.353771,74.528488,11/08/2026 10:00 AM,11/08/2026 11:00 AM,Reporting,Parked,12.15,False,UC-196,Nishter Town,Zone-49,Loader Rickshaw,Nishter Town,True,2026-08-11
19248,MFL-61,MFL61,Lahore,"Tehsil Office, Nishter Town",LWMC-NiTo,Loader Rickshaw,Bulk Waste Collection,still,off,25.879,247.3,31.330141,74.391162,11/08/2026 10:46 AM,11/08/2026 11:00 AM,Reporting,Excess Idling,14.19,False,UC-253,Nishter Town,Zone-49,Loader,Gulberg Town,False,2026-08-11
19870,M-79,M79,Lahore,"Tehsil Office, Nishter Town",LWMC-NiTo,Mini Dumper,Bulk Waste Collection,moving,on,43.798,128.13,31.307647,74.391418,11/08/2026 10:44 AM,11/08/2026 11:00 AM,Reporting,Parked,13.12,False,UC-252,Nishter Town,Zone-49,Foton-Mini Dumper,Nishter Town,True,2026-08-11
23138,LR-910,LR910,Lahore,"Tehsil Office, Nishter Town",LWMC-NiTo,Loader Rickshaw,Door To Door Collection,moving,on,24.176,85.96,31.399335,74.40758,11/08/2026 10:36 AM,11/08/2026 11:00 AM,Reporting,Parked,11.84,False,UC-197,Nishter Town,Zone-45,Loader Rickshaw,Nishter Town,True,2026-08-11
-,LR-2406,LR2406,Lahore,"Tehsil Office, Nishter Town",LWMC-NiTo,-,-,still,off,8.211,96.4,31.372198,74.473137,11/08/2026 09:51 AM,11/08/2026 10:00 AM,Reporting,Moving,13.17,False,UC-196,Nishter Town,Zone-49,Loader Rickshaw,Nishter Town,True,2026-08-11
-,LR-2691,LR2691,Lahore,"Tehsil Office, Nishter Town",LWMC-NiTo,-,-,still,off,9.616,295.35,31.452671,74.347153,11/08/2026 10:29 AM,11/08/2026 11:00 AM,Reporting,Moving,12.15,False,UC-228,Nishter Town,Zone-44,Loader Rickshaw,Nishter Town,True,2026-08-11
18677,C-726,C726,Lahore,"Tehsil Office, Nishter Town",LWMC-NiTo,Compactor (7CM),Container-Based Collection,moving,on,59.681,247.31,31.44867,74.351978,11/08/2026 10:05 AM,11/08/2026 11:00 AM,Reporting,Parked,12.51,False,UC-228,Nishter Town,Zone-44,Compactor,Nishter Town,True,2026-08-11
-,LR-1754,LR1754,Lahore,"Tehsil Office, Nishter Town",LWMC-NiTo,-,-,moving,on,17.122,130.83,31.428216,74.372196,11/08/2026 10:44 AM,11/08/2026 11:00 AM,Reporting,Parked,11.69,False,UC-243,Nishter Town,Zone-44,Loader Rickshaw,Nishter Town,True,2026-08-11
-,LR-2200,LR2200,Lahore,"Tehsil Office, Nishter Town",LWMC-NiTo,-,-,moving,on,21.67,303.18,31.446746,74.31035,11/08/2026 10:27 AM,11/08/2026 11:00 AM,Reporting,Moving,12.76,False,UC-239,Nishter Town,Zone-46,Loader Rickshaw,Nishter Town,True,2026-08-11
-,LR-2220,LR2220,Lahore,"Tehsil Office, Nishter Town",LWMC-NiTo,-,-,still,off,10.483,157.08,31.355648,74.467717,11/08/2026 10:03 AM,11/08/2026 10:30 AM,Reporting,Excess Idling,11.84,False,UC-196,Nishter Town,Zone-49,Loader Rickshaw,Nishter Town,True,2026-08-11
19854,S-48,S48,Lahore,"Tehsil Office, Nishter Town",LWMC-NiTo,Mini Dumper,Bulk Waste Collection,still,off,51.345,157.78,31.438007,74.308701,11/08/2026 10:43 AM,11/08/2026 11:00 AM,Reporting,Parked,12.81,False,UC-237,Nishter Town,Zone-46,Mini Dumper,Nishter Town,True,2026-08-11
23140,LR-0912,LR0912,Lahore,"Tehsil Office, Nishter Town",LWMC-NiTo,Loader Rickshaw,Door To Door Collection,moving,on,17.022,98.43,31.402903,74.410333,11/08/2026 10:32 AM,11/08/2026 11:00 AM,Reporting,Parked,12.76,False,UC-197,Nishter Town,Zone-45,Loader Rickshaw,Nishter Town,True,2026-08-11
18675,C-736,C736,Lahore,"Tehsil Office, Nishter Town",LWMC-NiTo,Compactor (7CM),Container-Based Collection,still,off,80.022,289.23,31.406089,74.350418,11/08/2026 10:34 AM,11/08/2026 11:00 AM,Reporting,Moving,27.91,False,UC-244,Nishter Town,Zone-48,Compactor,Nishter Town,True,2026-08-11
-,LR-1881,LR1881,Lahore,"Tehsil Office, Nishter Town",LWMC-NiTo,-,-,moving,on,15.35,634.23,31.450011,74.34097,11/08/2026 10:36 AM,11/08/2026 11:00 AM,Reporting,Parked,12.81,False,UC-229,Nishter Town,Zone-44,Loader Rickshaw,Nishter Town,True,2026-08-11
18590,C13-1097,C131097,Lahore,"Tehsil Office, Nishter Town",LWMC-NiTo,Compactor (13CM),Container-Based Collection,moving,on,36.278,258.44,31.401281,74.361053,11/08/2026 10:35 AM,11/08/2026 11:00 AM,Reporting,Moving,26.58,False,,,,Compactor,Nishter Town,False,2026-08-11
-,LR-2702,LR2702,Lahore,"Tehsil Office, Nishter Town",LWMC-NiTo,-,-,moving,on,23.345,228.43,31.394482,74.360441,11/08/2026 10:10 AM,11/08/2026 10:30 AM,Reporting,Moving,13.93,False,UC-244,Nishter Town,Zone-48,Loader Rickshaw,Nishter Town,True,2026-08-11
23098,LR-409,LR409,Lahore,"Tehsil Office, Nishter Town",LWMC-NiTo,Loader Rickshaw,Door To Door Collection,moving,on,23.3,197.08,31.389531,74.352785,11/08/2026 10:32 AM,11/08/2026 11:00 AM,Reporting,Moving,12.81,False,UC-244,Nishter Town,Zone-48,Loader Rickshaw,Nishter Town,True,2026-08-11
-,LR-1887,LR1887,Lahore,"Tehsil Office, Nishter Town",LWMC-NiTo,-,-,moving,on,22.023,115.54,31.353655,74.528772,11/08/2026 09:52 AM,11/08/2026 10:00 AM,Reporting,Parked,12.45,False,UC-196,Nishter Town,Zone-49,Loader Rickshaw,Nishter Town,True,2026-08-11
23135,LR-907,LR907,Lahore,"Tehsil Office, Nishter Town",LWMC-NiTo,Loader Rickshaw,Door To Door Collection,moving,on,9.475,41.33,31.433588,74.423655,11/08/2026 10:32 AM,11/08/2026 11:00 AM,Reporting,Parked,12.66,False,UC-197,Nishter Town,Zone-45,Loader Rickshaw,Nishter Town,True,2026-08-11
-,LR-2688,LR2688,Lahore,"Tehsil Office, Nishter Town",LWMC-NiTo,-,-,moving,on,19.001,257.89,31.438891,74.31117,11/08/2026 10:32 AM,11/08/2026 11:00 AM,Reporting,Moving,24.8,False,UC-239,Nishter Town,Zone-46,Loader Rickshaw,Nishter Town,True,2026-08-11
23102,LR-413,LR413,Lahore,"Tehsil Office, Nishter Town",LWMC-NiTo,Loader Rickshaw,Door To Door Collection,moving,on,13.353,71.03,31.421776,74.451514,11/08/2026 10:33 AM,11/08/2026 11:00 AM,Reporting,Parked,11.74,False,UC-194,Wagha Town,Zone-14,Loader Rickshaw,Nishter Town,False,2026-08-11
-,LR-2697,LR2697,Lahore,"Tehsil Office, Nishter Town",LWMC-NiTo,-,-,moving,on,38.208,267.35,31.391591,74.356505,11/08/2026 10:14 AM,11/08/2026 11:00 AM,Reporting,Moving,12.3,False,UC-244,Nishter Town,Zone-48,Loader Rickshaw,Nishter Town,True,2026-08-11
-,LR-3048,LR3048,Lahore,"Tehsil Office, Nishter Town",LWMC-NiTo,-,-,moving,on,9.208,57.43,31.437815,74.341398,11/08/2026 09:14 AM,11/08/2026 10:00 AM,Reporting,Parked,12.2,False,UC-241,Nishter Town,Zone-47,Loader Rickshaw,Nishter Town,True,2026-08-11
23067,LR-169,LR169,Lahore,"Tehsil Office, Nishter Town",LWMC-NiTo,Loader Rickshaw,Door To Door Collection,still,off,18.334,100.15,31.430744,74.365051,11/08/2026 10:13 AM,11/08/2026 11:00 AM,Reporting,Parked,12.25,False,UC-242,Nishter Town,Zone-45,,Nishter Town,True,2026-08-11
-,LR-2360,LR2360,Lahore,"Tehsil Office, Nishter Town",LWMC-NiTo,-,-,still,off,14.614,350.83,31.439127,74.365007,11/08/2026 10:36 AM,11/08/2026 11:00 AM,Reporting,Excess Idling,11.64,False,UC-242,Nishter Town,Zone-45,Loader Rickshaw,Nishter Town,True,2026-08-11
-,LR-2731,LR2731,Lahore,"Tehsil Office, Nishter Town",LWMC-NiTo,-,-,still,off,11.578,334.19,31.443952,74.375679,11/08/2026 10:44 AM,11/08/2026 11:00 AM,Reporting,Moving,10.87,False,UC-231,Nishter Town,Zone-45,Loader Rickshaw,Nishter Town,True,2026-08-11
-,LR-2343,LR2343,Lahore,"Tehsil Office, Nishter Town",LWMC-NiTo,-,-,still,off,16.012,298.73,31.438364,74.350104,11/08/2026 10:47 AM,11/08/2026 11:00 AM,Reporting,Moving,13.63,False,UC-243,Nishter Town,Zone-44,Loader Rickshaw,Nishter Town,True,2026-08-11
-,LR-2485,LR2485,Lahore,"Tehsil Office, Allama Iqbal Town",LWMC-AlIT,-,-,moving,on,26.078,166.5,31.342812,74.211643,11/08/2026 10:20 AM,11/08/2026 10:30 AM,Reporting,Moving,12.56,False,UC-270,Nishter Town,Zone-47,Loader Rickshaw,Allama Iqbal Town,False,2026-08-11
-,LR-2023,LR2023,Lahore,"Tehsil Office, Allama Iqbal Town",LWMC-AlIT,-,-,still,off,0.003,,31.314194,74.076361,11/08/2026 09:41 AM,11/08/2026 11:00 AM,Reporting,No Activity Since Yesterday,9.29,False,UC-263,Allama Iqbal Town,Zone-42,Loader Rickshaw,Allama Iqbal Town,True,2026-08-11
-,LR-2970,LR2970,Lahore,"Tehsil Office, Allama Iqbal Town",LWMC-AlIT,-,-,moving,on,4.527,305.66,31.370469,74.367936,11/08/2026 10:44 AM,11/08/2026 11:00 AM,Reporting,Moving,12.35,False,UC-247,Nishter Town,Zone-48,,Allama Iqbal Town,False,2026-08-11
-,LR-2922,LR2922,Lahore,"Tehsil Office, Allama Iqbal Town",LWMC-AlIT,-,-,still,off,0.319,174.81,31.46508,74.22541,11/08/2026 10:45 AM,11/08/2026 11:00 AM,Reporting,No Activity Since Yesterday,12.45,False,UC-117,Allama Iqbal Town,Zone-41,,Allama Iqbal Town,True,2026-08-11
-,LR-2958,LR2958,Lahore,"Tehsil Office, Allama Iqbal Town",LWMC-AlIT,-,-,moving,on,18.256,135.48,31.446453,74.373519,11/08/2026 10:27 AM,11/08/2026 11:00 AM,Reporting,Parked,14.19,False,UC-231,Nishter Town,Zone-45,,Allama Iqbal Town,False,2026-08-11
22771,LR-0054,LR0054,Lahore,"Tehsil Office, Allama Iqbal Town",LWMC-AlIT,Loader Rickshaw,Door To Door Collection,moving,on,33.604,304.94,31.242714,74.194318,11/08/2026 10:39 AM,11/08/2026 11:00 AM,Reporting,Moving,9.85,False,UC-273,Allama Iqbal Town,Zone-43,Loader Rickshaw,Allama Iqbal Town,True,2026-08-11
-,WR-0042,WR0042,Lahore,"Tehsil Office, Allama Iqbal Town",LWMC-AlIT,-,-,still,off,12.927,51.76,31.526222,74.263949,11/08/2026 09:56 AM,11/08/2026 10:30 AM,Reporting,Moving,13.32,False,UC-103,Allama Iqbal Town,Zone-38,Washer Rickshaw,Allama Iqbal Town,True,2026-08-11
-,LR-2491,LR2491,Lahore,"Tehsil Office, Allama Iqbal Town",LWMC-AlIT,-,-,still,off,25.255,319.88,31.302057,74.073272,11/08/2026 10:00 AM,11/08/2026 10:30 AM,Reporting,Excess Idling,13.93,False,UC-266,Allama Iqbal Town,Zone-42,Loader Rickshaw,Allama Iqbal Town,True,2026-08-11
19667,S-49,S49,Lahore,"Tehsil Office, Allama Iqbal Town",LWMC-AlIT,Mini Dumper,Bulk Waste Collection,still,off,38.907,258.28,31.474842,74.301849,11/08/2026 10:37 AM,11/08/2026 11:00 AM,Reporting,Moving,13.47,False,,,,Mini Dumper,Allama Iqbal Town,False,2026-08-11
22874,LR-0477,LR0477,Lahore,"Tehsil Office, Allama Iqbal Town",LWMC-AlIT,Loader Rickshaw,Door To Door Collection,moving,on,23.747,241.09,31.273884,74.188668,11/08/2026 10:18 AM,11/08/2026 11:00 AM,Reporting,Parked,12.45,False,UC-267,Allama Iqbal Town,Zone-43,Loader Rickshaw,Allama Iqbal Town,True,2026-08-11
22851,LR-0444,LR0444,Lahore,"Tehsil Office, Allama Iqbal Town",LWMC-AlIT,Loader Rickshaw,Door To Door Collection,moving,on,35.993,179.21,31.470976,74.240378,11/08/2026 10:35 AM,11/08/2026 11:00 AM,Reporting,Moving,11.74,False,UC-110,Allama Iqbal Town,Zone-41,Loader Rickshaw,Allama Iqbal Town,True,2026-08-11
-,LR-1739,LR1739,Lahore,"Tehsil Office, Allama Iqbal Town",LWMC-AlIT,-,-,moving,on,24.819,284.63,31.512707,74.259951,11/08/2026 10:37 AM,11/08/2026 11:00 AM,Reporting,Parked,10.77,False,UC-106,Allama Iqbal Town,Zone-38,Loader Rickshaw,Allama Iqbal Town,True,2026-08-11
22875,LR-0478,LR0478,Lahore,"Tehsil Office, Allama Iqbal Town",LWMC-AlIT,Loader Rickshaw,Door To Door Collection,still,off,25.593,188.01,31.427458,74.275793,11/08/2026 10:46 AM,11/08/2026 11:00 AM,Reporting,Moving,14.44,False,UC-257,Allama Iqbal Town,Zone-40,Loader Rickshaw,Allama Iqbal Town,True,2026-08-11
-,LR-2624,LR2624,Lahore,"Tehsil Office, Allama Iqbal Town",LWMC-AlIT,-,-,moving,on,37.718,119.38,31.476947,74.222832,11/08/2026 10:22 AM,11/08/2026 11:00 AM,Reporting,Parked,11.13,False,UC-117,Allama Iqbal Town,Zone-41,Loader Rickshaw,Allama Iqbal Town,True,2026-08-11
18657,C-714,C714,Lahore,"Tehsil Office, Allama Iqbal Town",LWMC-AlIT,Compactor (7CM),Container-Based Collection,still,off,0.784,31.85,31.465257,74.225333,11/08/2026 09:41 AM,11/08/2026 11:00 AM,Reporting,No Activity Since Yesterday,25.61,False,UC-117,Allama Iqbal Town,Zone-41,Compactor,Allama Iqbal Town,True,2026-08-11
-,WR-0048,WR0048,Lahore,"Tehsil Office, Allama Iqbal Town",LWMC-AlIT,-,-,still,off,23.977,131.33,31.472648,74.226052,11/08/2026 10:27 AM,11/08/2026 11:00 AM,Reporting,Moving,12.05,False,UC-117,Allama Iqbal Town,Zone-41,,Allama Iqbal Town,True,2026-08-11
-,LR-1986,LR1986,Lahore,"Tehsil Office, Allama Iqbal Town",LWMC-AlIT,-,-,still,off,13.362,293.94,31.459205,74.30722,11/08/2026 10:45 AM,11/08/2026 11:00 AM,Reporting,Excess Idling,11.64,False,UC-232,Allama Iqbal Town,Zone-39,Loader Rickshaw,Allama Iqbal Town,True,2026-08-11
-,LR-2362,LR2362,Lahore,"Tehsil Office, Allama Iqbal Town",LWMC-AlIT,-,-,moving,on,32.868,130.9,31.336914,74.243132,11/08/2026 10:20 AM,11/08/2026 11:00 AM,Reporting,Parked,27.55,False,UC-270,Nishter Town,Zone-47,Loader Rickshaw,Nishter Town,True,2026-08-11
22893,LR-0536,LR0536,Lahore,"Tehsil Office, Allama Iqbal Town",LWMC-AlIT,Loader Rickshaw,Door To Door Collection,still,off,28.773,285.91,31.480069,74.289088,11/08/2026 10:13 AM,11/08/2026 11:00 AM,Reporting,Moving,24.08,False,UC-220,Allama Iqbal Town,Zone-39,Loader Rickshaw,Allama Iqbal Town,True,2026-08-11
-,LR-2416,LR2416,Lahore,"Tehsil Office, Allama Iqbal Town",LWMC-AlIT,-,-,still,off,,,31.43204,74.1771,11/08/2026 09:32 AM,11/08/2026 11:00 AM,Not Reporting,Parked,0.0,True,UC-258,Allama Iqbal Town,Zone-41,Loader Rickshaw,Allama Iqbal Town,True,2026-08-11
19642,S-57,S57,Lahore,"Tehsil Office, Allama Iqbal Town",LWMC-AlIT,Mini Dumper,Bulk Waste Collection,moving,on,55.179,201.13,31.310345,74.259204,11/08/2026 10:33 AM,11/08/2026 11:00 AM,Reporting,Moving,12.4,False,UC-270,Nishter Town,Zone-47,Mini Dumper,Allama Iqbal Town,False,2026-08-11
19699,S-121,S121,Lahore,"Tehsil Office, Allama Iqbal Town",LWMC-AlIT,Mini Dumper,Bulk Waste Collection,still,off,53.944,187.09,31.290487,74.190879,11/08/2026 10:34 AM,11/08/2026 11:00 AM,Reporting,Parked,13.02,False,UC-267,Allama Iqbal Town,Zone-43,Mini Dumper,Allama Iqbal Town,True,2026-08-11
19662,S-263,S263,Lahore,"Tehsil Office, Allama Iqbal Town",LWMC-AlIT,Mini Dumper,Bulk Waste Collection,moving,on,44.465,225.38,31.472183,74.241036,11/08/2026 10:22 AM,11/08/2026 11:00 AM,Reporting,Parked,14.09,False,UC-110,Allama Iqbal Town,Zone-41,Mini Dumper,Allama Iqbal Town,True,2026-08-11
-,LR-2170,LR2170,Lahore,"Tehsil Office, Allama Iqbal Town",LWMC-AlIT,-,-,moving,on,23.435,84.2,31.410347,74.199561,11/08/2026 10:37 AM,11/08/2026 11:00 AM,Reporting,Parked,9.75,False,UC-259,Allama Iqbal Town,Zone-41,Loader Rickshaw,Allama Iqbal Town,True,2026-08-11
19674,M-54,M54,Lahore,"Tehsil Office, Allama Iqbal Town",LWMC-AlIT,Mini Dumper,Bulk Waste Collection,still,off,56.375,112.61,31.310182,74.076981,11/08/2026 09:50 AM,11/08/2026 10:30 AM,Reporting,Parked,12.25,False,UC-265,Allama Iqbal Town,Zone-42,Foton-Mini Dumper,Allama Iqbal Town,True,2026-08-11
-,C-749,C749,Lahore,"Tehsil Office, Allama Iqbal Town",LWMC-AlIT,-,-,moving,on,74.287,238.21,31.239417,74.177346,11/08/2026 10:03 AM,11/08/2026 10:30 AM,Reporting,Parked,13.22,False,,,,Compactor,Allama Iqbal Town,False,2026-08-11
18378,HA-36,HA36,Lahore,"Tehsil Office, Allama Iqbal Town",LWMC-AlIT,Arm Roll Truck,Container-Based Collection,moving,on,100.067,260.78,31.261234,74.260577,11/08/2026 09:40 AM,11/08/2026 10:00 AM,Reporting,Moving,29.59,False,UC-268,Allama Iqbal Town,Zone-43,Arm Roll,Allama Iqbal Town,True,2026-08-11
22954,LR-0922,LR0922,Lahore,"Tehsil Office, Allama Iqbal Town",LWMC-AlIT,Loader Rickshaw,Door To Door Collection,moving,on,29.187,190.19,31.390277,74.149953,11/08/2026 10:38 AM,11/08/2026 11:00 AM,Reporting,Parked,12.25,False,UC-260,Allama Iqbal Town,Zone-41,Loader Rickshaw,Allama Iqbal Town,True,2026-08-11
22866,LR-0469,LR0469,Lahore,"Tehsil Office, Allama Iqbal Town",LWMC-AlIT,Loader Rickshaw,Door To Door Collection,moving,on,31.51,336.48,31.400544,74.272848,11/08/2026 10:36 AM,11/08/2026 11:00 AM,Reporting,Idle,12.0,False,UC-257,Allama Iqbal Town,Zone-40,Loader Rickshaw,Allama Iqbal Town,True,2026-08-11
22975,LR-1024,LR1024,Lahore,"Tehsil Office, Allama Iqbal Town",LWMC-AlIT,Loader Rickshaw,Door To Door Collection,moving,on,15.988,333.51,31.431099,74.17773,11/08/2026 10:26 AM,11/08/2026 11:00 AM,Reporting,Excess Idling,11.79,False,UC-258,Allama Iqbal Town,Zone-41,Loader Rickshaw,Allama Iqbal Town,True,2026-08-11
19673,M-19,M19,Lahore,"Tehsil Office, Allama Iqbal Town",LWMC-AlIT,Mini Dumper,Bulk Waste Collection,moving,on,53.68,201.34,31.413647,74.231624,11/08/2026 10:46 AM,11/08/2026 11:00 AM,Reporting,Parked,14.29,False,UC-269,Nishter Town,Zone-47,Foton-Mini Dumper,Allama Iqbal Town,False,2026-08-11
19695,M-8,M8,Lahore,"Tehsil Office, Allama Iqbal Town",LWMC-AlIT,Mini Dumper,Bulk Waste Collection,moving,on,62.223,185.86,31.457857,74.217816,11/08/2026 10:39 AM,11/08/2026 11:00 AM,Reporting,Parked,12.91,False,,,,Foton-Mini Dumper,Allama Iqbal Town,False,2026-08-11
-,SD-09,SD09,Lahore,"Tehsil Office, Allama Iqbal Town",LWMC-AlIT,-,-,moving,on,0.015,0.46,31.573014,74.291966,11/08/2026 10:28 AM,11/08/2026 11:00 AM,Reporting,No Activity Since Yesterday,25.05,False,UC-59,DGBT,Zone-29,Dumper,Rajgarh Circle-1,False,2026-08-11
-,LR-1517,LR1517,Lahore,"Tehsil Office, Allama Iqbal Town",LWMC-AlIT,-,-,still,off,,499.8,31.321646,74.184228,11/08/2026 08:44 AM,11/08/2026 10:30 AM,Reporting,No Activity Since Yesterday,12.45,False,UC-267,Allama Iqbal Town,Zone-43,Loader Rickshaw,Allama Iqbal Town,True,2026-08-11
18443,CA-146,CA146,Lahore,"Tehsil Office, Allama Iqbal Town",LWMC-AlIT,Chain Arm Roll,Container-Based Collection,moving,on,115.663,326.53,31.221943,74.180397,11/08/2026 10:31 AM,11/08/2026 11:00 AM,Reporting,Moving,13.63,False,UC-272,Allama Iqbal Town,Zone-43,Chain Arm Roll,Allama Iqbal Town,True,2026-08-11
22769,LR-0052,LR0052,Lahore,"Tehsil Office, Allama Iqbal Town",LWMC-AlIT,Loader Rickshaw,Door To Door Collection,still,off,,,31.275918,74.252926,11/08/2026 09:48 AM,11/08/2026 11:00 AM,Reporting,No Activity Since Yesterday,7.86,False,UC-268,Allama Iqbal Town,Zone-43,Loader Rickshaw,Allama Iqbal Town,True,2026-08-11
-,LR-2645,LR2645,Lahore,"Tehsil Office, Allama Iqbal Town",LWMC-AlIT,-,-,moving,on,29.896,345.63,31.456536,74.296977,11/08/2026 10:43 AM,11/08/2026 11:00 AM,Reporting,Moving,12.45,False,UC-222,Allama Iqbal Town,Zone-39,Loader Rickshaw,Allama Iqbal Town,True,2026-08-11
18442,CA-160,CA160,Lahore,"Tehsil Office, Allama Iqbal Town",LWMC-AlIT,Chain Arm Roll,Container-Based Collection,moving,on,144.813,240.55,31.394247,74.152296,11/08/2026 10:42 AM,11/08/2026 11:00 AM,Reporting,Parked,12.76,False,UC-260,Allama Iqbal Town,Zone-41,Chain Arm Roll,Allama Iqbal Town,True,2026-08-11
-,LR-2754,LR2754,Lahore,"Tehsil Office, Allama Iqbal Town",LWMC-AlIT,-,-,moving,on,30.762,177.76,31.338774,74.237002,11/08/2026 10:41 AM,11/08/2026 11:00 AM,Reporting,Parked,13.78,False,UC-270,Nishter Town,Zone-47,Loader Rickshaw,Allama Iqbal Town,False,2026-08-11
-,D-34,D34,Lahore,"Tehsil Office, Allama Iqbal Town",LWMC-AlIT,-,-,still,off,41.545,138.98,31.480113,74.288987,11/08/2026 10:40 AM,11/08/2026 11:00 AM,Reporting,Moving,0.0,True,UC-220,Allama Iqbal Town,Zone-39,Dumper,Allama Iqbal Town,True,2026-08-11
-,LR-1662,LR1662,Lahore,"Tehsil Office, Allama Iqbal Town",LWMC-AlIT,-,-,moving,on,13.062,94.76,31.556886,74.365917,11/08/2026 10:36 AM,11/08/2026 11:00 AM,Reporting,Parked,11.13,False,UC-187,Aziz Bhatti Town,Zone-18,Loader Rickshaw,Aziz Bhatti Town,True,2026-08-11
-,LR-2024,LR2024,Lahore,"Tehsil Office, Allama Iqbal Town",LWMC-AlIT,-,-,still,off,19.262,87.29,31.282998,74.057799,11/08/2026 09:51 AM,11/08/2026 11:00 AM,Reporting,Parked,13.07,False,,,,Loader Rickshaw,Allama Iqbal Town,False,2026-08-11
-,LR-1984,LR1984,Lahore,"Tehsil Office, Allama Iqbal Town",LWMC-AlIT,-,-,still,off,26.751,264.71,31.452803,74.312349,11/08/2026 10:39 AM,11/08/2026 11:00 AM,Reporting,Moving,12.4,False,UC-234,Allama Iqbal Town,Zone-39,Loader Rickshaw,Allama Iqbal Town,True,2026-08-11
-,C13-1060,C131060,Lahore,"Tehsil Office, Allama Iqbal Town",LWMC-AlIT,-,-,still,off,0.014,147.78,31.464043,74.225258,11/08/2026 10:24 AM,11/08/2026 11:00 AM,Reporting,No Activity Since Yesterday,27.65,False,UC-117,Allama Iqbal Town,Zone-41,Compactor,DGBT,False,2026-08-11
18447,CA-112,CA112,Lahore,"Tehsil Office, Allama Iqbal Town",LWMC-AlIT,Chain Arm Roll,Container-Based Collection,moving,on,114.553,308.73,31.444589,74.272848,11/08/2026 10:39 AM,11/08/2026 11:00 AM,Reporting,Moving,28.57,False,UC-115,Allama Iqbal Town,Zone-40,Chain Arm Roll,Allama Iqbal Town,True,2026-08-11
-,LR-2413,LR2413,Lahore,"Tehsil Office, Allama Iqbal Town",LWMC-AlIT,-,-,still,off,21.961,360.51,31.328765,74.085269,11/08/2026 10:45 AM,11/08/2026 11:00 AM,Reporting,Idle,14.7,False,UC-263,Allama Iqbal Town,Zone-42,Loader Rickshaw,Allama Iqbal Town,True,2026-08-11
19718,S-140,S140,Lahore,"Tehsil Office, Allama Iqbal Town",LWMC-AlIT,Mini Dumper,Bulk Waste Collection,still,off,18.61,325.56,31.534872,74.279092,11/08/2026 10:46 AM,11/08/2026 11:00 AM,Reporting,Moving,10.72,False,,,,Mini Dumper,Allama Iqbal Town,False,2026-08-11
-,LR-2617,LR2617,Lahore,"Tehsil Office, Allama Iqbal Town",LWMC-AlIT,-,-,still,off,14.983,298.25,31.535639,74.267809,11/08/2026 10:37 AM,11/08/2026 11:00 AM,Reporting,Idle,13.07,False,UC-101,Allama Iqbal Town,Zone-37,Loader Rickshaw,Allama Iqbal Town,True,2026-08-11
-,LR-3099,LR3099,Lahore,"Tehsil Office, Allama Iqbal Town",LWMC-AlIT,-,-,moving,on,17.116,232.26,31.39012,74.359785,11/08/2026 10:28 AM,11/08/2026 11:00 AM,Reporting,Moving,0.0,True,UC-244,Nishter Town,Zone-48,,Allama Iqbal Town,False,2026-08-11
22864,LR-0467,LR0467,Lahore,"Tehsil Office, Allama Iqbal Town",LWMC-AlIT,Loader Rickshaw,Door To Door Collection,still,off,30.581,330.98,31.241068,74.207962,11/08/2026 10:44 AM,11/08/2026 11:00 AM,Reporting,Parked,11.54,False,UC-273,Allama Iqbal Town,Zone-43,Loader Rickshaw,Allama Iqbal Town,True,2026-08-11
-,LR-2980,LR2980,Lahore,"Tehsil Office, Allama Iqbal Town",LWMC-AlIT,-,-,still,off,12.054,102.06,31.365211,74.373904,11/08/2026 10:17 AM,11/08/2026 11:00 AM,Reporting,Parked,12.71,False,UC-247,Nishter Town,Zone-48,,Allama Iqbal Town,False,2026-08-11
22833,LR-0272,LR0272,Lahore,"Tehsil Office, Allama Iqbal Town",LWMC-AlIT,Loader Rickshaw,Door To Door Collection,moving,on,12.582,617.93,31.473298,74.241159,11/08/2026 10:39 AM,11/08/2026 11:00 AM,Reporting,Idle,11.64,False,UC-110,Allama Iqbal Town,Zone-41,Loader Rickshaw,Allama Iqbal Town,True,2026-08-11
-,LR-2490,LR2490,Lahore,"Tehsil Office, Allama Iqbal Town",LWMC-AlIT,-,-,still,off,,,31.314178,74.076429,11/08/2026 09:31 AM,11/08/2026 11:00 AM,Reporting,No Activity Since Yesterday,12.05,False,UC-263,Allama Iqbal Town,Zone-42,Loader Rickshaw,Allama Iqbal Town,True,2026-08-11
-,LR-2621,LR2621,Lahore,"Tehsil Office, Allama Iqbal Town",LWMC-AlIT,-,-,still,off,19.584,255.23,31.530803,74.272787,11/08/2026 10:18 AM,11/08/2026 11:00 AM,Reporting,Idle,13.02,False,UC-102,Allama Iqbal Town,Zone-37,Loader Rickshaw,Allama Iqbal Town,True,2026-08-11
-,LR-2930,LR2930,Lahore,"Tehsil Office, Allama Iqbal Town",LWMC-AlIT,-,-,moving,on,31.589,163.11,31.468181,74.250241,11/08/2026 10:12 AM,11/08/2026 11:00 AM,Reporting,Parked,0.0,True,UC-114,Allama Iqbal Town,Zone-40,,Allama Iqbal Town,True,2026-08-11
-,LR-2411,LR2411,Lahore,"Tehsil Office, Allama Iqbal Town",LWMC-AlIT,-,-,moving,on,30.87,281.1,31.274136,74.188843,11/08/2026 10:32 AM,11/08/2026 11:00 AM,Reporting,Moving,14.09,False,UC-267,Allama Iqbal Town,Zone-43,Loader Rickshaw,Allama Iqbal Town,True,2026-08-11
22877,LR-0518,LR0518,Lahore,"Tehsil Office, Allama Iqbal Town",LWMC-AlIT,Loader Rickshaw,Door To Door Collection,moving,on,16.106,157.84,31.534122,74.267282,11/08/2026 10:41 AM,11/08/2026 11:00 AM,Reporting,Idle,11.84,False,UC-101,Allama Iqbal Town,Zone-37,Loader Rickshaw,Allama Iqbal Town,True,2026-08-11
22871,LR-0474,LR0474,Lahore,"Tehsil Office, Allama Iqbal Town",LWMC-AlIT,Loader Rickshaw,Door To Door Collection,moving,on,26.045,246.4,31.27405,74.197537,11/08/2026 10:32 AM,11/08/2026 11:00 AM,Reporting,Idle,12.15,False,UC-267,Allama Iqbal Town,Zone-43,Loader Rickshaw,Allama Iqbal Town,True,2026-08-11
22957,LR-1006,LR1006,Lahore,"Tehsil Office, Allama Iqbal Town",LWMC-AlIT,Loader Rickshaw,Door To Door Collection,still,off,34.598,168.46,31.496262,74.26902,11/08/2026 10:31 AM,11/08/2026 11:00 AM,Reporting,Parked,12.15,False,UC-112,Allama Iqbal Town,Zone-38,Loader Rickshaw,Allama Iqbal Town,True,2026-08-11
-,LR-2489,LR2489,Lahore,"Tehsil Office, Allama Iqbal Town",LWMC-AlIT,-,-,moving,on,31.348,333.39,31.327903,74.099136,11/08/2026 10:11 AM,11/08/2026 11:00 AM,Reporting,Moving,10.87,False,UC-262,Allama Iqbal Town,Zone-42,Loader Rickshaw,Allama Iqbal Town,True,2026-08-11
22922,LR-0622,LR0622,Lahore,"Tehsil Office, Allama Iqbal Town",LWMC-AlIT,Loader Rickshaw,Door To Door Collection,moving,on,20.889,169.94,31.470784,74.249902,11/08/2026 10:43 AM,11/08/2026 11:00 AM,Reporting,Parked,11.69,False,UC-114,Allama Iqbal Town,Zone-40,Loader Rickshaw,Allama Iqbal Town,True,2026-08-11
-,LR-2752,LR2752,Lahore,"Tehsil Office, Allama Iqbal Town",LWMC-AlIT,-,-,moving,on,19.855,103.51,31.464773,74.244121,11/08/2026 10:12 AM,11/08/2026 11:00 AM,Reporting,Parked,12.61,False,UC-113,Allama Iqbal Town,Zone-40,,Allama Iqbal Town,True,2026-08-11
-,LR-2634,LR2634,Lahore,"Tehsil Office, Allama Iqbal Town",LWMC-AlIT,-,-,moving,on,16.413,637.79,31.477712,74.292168,11/08/2026 10:41 AM,11/08/2026 11:00 AM,Reporting,Moving,11.28,False,UC-220,Allama Iqbal Town,Zone-39,Loader Rickshaw,Allama Iqbal Town,True,2026-08-11
19671,M-58,M58,Lahore,"Tehsil Office, Allama Iqbal Town",LWMC-AlIT,Mini Dumper,Bulk Waste Collection,moving,on,14.268,67.26,31.55775,74.335493,11/08/2026 10:24 AM,11/08/2026 11:00 AM,Reporting,Parked,15.11,False,UC-185,DGBT,Zone-25,Foton-Mini Dumper,Allama Iqbal Town,False,2026-08-11
18439,CA-114,CA114,Lahore,"Tehsil Office, Allama Iqbal Town",LWMC-AlIT,Chain Arm Roll,Container-Based Collection,moving,on,94.369,298.28,31.457349,74.293801,11/08/2026 10:28 AM,11/08/2026 11:00 AM,Reporting,Parked,11.54,False,UC-222,Allama Iqbal Town,Zone-39,Chain Arm Roll,Allama Iqbal Town,True,2026-08-11
-,LR-2492,LR2492,Lahore,"Tehsil Office, Allama Iqbal Town",LWMC-AlIT,-,-,moving,on,15.421,332.43,31.330073,74.100165,11/08/2026 10:27 AM,11/08/2026 11:00 AM,Reporting,Moving,11.54,False,UC-262,Allama Iqbal Town,Zone-42,Loader Rickshaw,Allama Iqbal Town,True,2026-08-11
-,D-41,D41,Lahore,"Tehsil Office, Allama Iqbal Town",LWMC-AlIT,-,-,moving,on,85.17,173.0,31.408031,74.161005,11/08/2026 10:13 AM,11/08/2026 10:30 AM,Reporting,Idle,12.1,False,UC-261,Allama Iqbal Town,Zone-41,Dumper,Allama Iqbal Town,True,2026-08-11
19677,M-92,M92,Lahore,"Tehsil Office, Allama Iqbal Town",LWMC-AlIT,Mini Dumper,Bulk Waste Collection,still,off,36.695,227.94,31.447804,74.276202,11/08/2026 10:38 AM,11/08/2026 11:00 AM,Reporting,Parked,13.17,False,UC-115,Allama Iqbal Town,Zone-40,Foton-Mini Dumper,Allama Iqbal Town,True,2026-08-11
19711,S-151,S151,Lahore,"Tehsil Office, Allama Iqbal Town",LWMC-AlIT,Mini Dumper,Bulk Waste Collection,still,off,34.173,169.08,31.477,74.222833,11/08/2026 10:35 AM,11/08/2026 11:00 AM,Reporting,Moving,27.86,False,UC-117,Allama Iqbal Town,Zone-41,Mini Dumper,Allama Iqbal Town,True,2026-08-11
-,LR-2927,LR2927,Lahore,"Tehsil Office, Allama Iqbal Town",LWMC-AlIT,-,-,moving,on,19.881,134.03,31.428349,74.241368,11/08/2026 10:37 AM,11/08/2026 11:00 AM,Reporting,Moving,11.64,False,UC-269,Nishter Town,Zone-47,,Allama Iqbal Town,False,2026-08-11
-,D-35,D35,Lahore,"Tehsil Office, Allama Iqbal Town",LWMC-AlIT,-,-,moving,on,109.631,296.91,31.477378,74.221274,11/08/2026 10:26 AM,11/08/2026 11:00 AM,Reporting,Moving,27.14,False,UC-117,Allama Iqbal Town,Zone-41,Dumper,Allama Iqbal Town,True,2026-08-11
-,LR-2738,LR2738,Lahore,"Tehsil Office, Allama Iqbal Town",LWMC-AlIT,-,-,still,off,22.071,250.11,31.433106,74.230928,11/08/2026 10:36 AM,11/08/2026 11:00 AM,Reporting,Excess Idling,12.35,False,UC-256,Allama Iqbal Town,Zone-40,Loader Rickshaw,Allama Iqbal Town,True,2026-08-11
19704,M-90,M90,Lahore,"Tehsil Office, Allama Iqbal Town",LWMC-AlIT,Mini Dumper,Bulk Waste Collection,still,off,43.566,197.69,31.470291,74.240776,11/08/2026 10:42 AM,11/08/2026 11:00 AM,Reporting,Moving,13.07,False,UC-110,Allama Iqbal Town,Zone-41,Foton-Mini Dumper,Allama Iqbal Town,True,2026-08-11
22879,LR-0522,LR0522,Lahore,"Tehsil Office, Allama Iqbal Town",LWMC-AlIT,Loader Rickshaw,Door To Door Collection,moving,on,25.408,275.26,31.480071,74.289049,11/08/2026 10:30 AM,11/08/2026 11:00 AM,Reporting,Moving,13.12,False,UC-220,Allama Iqbal Town,Zone-39,Loader Rickshaw,Allama Iqbal Town,True,2026-08-11
22876,LR-0516,LR0516,Lahore,"Tehsil Office, Allama Iqbal Town",LWMC-AlIT,Loader Rickshaw,Door To Door Collection,moving,on,18.026,257.96,31.529501,74.265731,11/08/2026 10:34 AM,11/08/2026 11:00 AM,Reporting,Idle,11.64,False,UC-101,Allama Iqbal Town,Zone-37,Loader Rickshaw,Allama Iqbal Town,True,2026-08-11
22909,LR-0573,LR0573,Lahore,"Tehsil Office, Allama Iqbal Town",LWMC-AlIT,Loader Rickshaw,Door To Door Collection,still,off,24.391,83.76,31.452947,74.231772,11/08/2026 10:45 AM,11/08/2026 11:00 AM,Reporting,Parked,0.0,True,UC-116,Allama Iqbal Town,Zone-41,Loader Rickshaw,Allama Iqbal Town,True,2026-08-11
-,LR-1745,LR1745,Lahore,"Tehsil Office, Allama Iqbal Town",LWMC-AlIT,-,-,still,off,17.913,99.25,31.335566,74.250724,11/08/2026 10:40 AM,11/08/2026 11:00 AM,Reporting,Parked,11.89,False,UC-270,Nishter Town,Zone-47,Loader Rickshaw,Allama Iqbal Town,False,2026-08-11
-,S-362,S362,Lahore,"Tehsil Office, Allama Iqbal Town",LWMC-AlIT,-,-,moving,on,53.507,169.86,31.321506,74.197348,11/08/2026 10:08 AM,11/08/2026 11:00 AM,Reporting,Moving,12.15,False,UC-267,Allama Iqbal Town,Zone-43,Mini Dumper,Nishter Town,False,2026-08-11
-,LR-2012,LR2012,Lahore,"Tehsil Office, Allama Iqbal Town",LWMC-AlIT,-,-,moving,on,19.081,258.96,31.33158,74.110478,11/08/2026 09:40 AM,11/08/2026 10:00 AM,Reporting,Moving,10.06,False,UC-262,Allama Iqbal Town,Zone-42,Loader Rickshaw,Allama Iqbal Town,True,2026-08-11
-,LR-2368,LR2368,Lahore,"Tehsil Office, Allama Iqbal Town",LWMC-AlIT,-,-,moving,on,26.573,201.03,31.248505,74.215285,11/08/2026 10:00 AM,11/08/2026 11:00 AM,Reporting,Moving,12.81,False,UC-273,Allama Iqbal Town,Zone-43,Loader Rickshaw,Allama Iqbal Town,True,2026-08-11
-,SD-11,SD11,Lahore,"Tehsil Office, Allama Iqbal Town",LWMC-AlIT,-,-,moving,on,60.855,255.8,31.391466,74.150604,11/08/2026 10:36 AM,11/08/2026 11:00 AM,Reporting,Parked,27.65,False,UC-260,Allama Iqbal Town,Zone-41,Dumper,Allama Iqbal Town,True,2026-08-11
19675,M-32,M32,Lahore,"Tehsil Office, Allama Iqbal Town",LWMC-AlIT,Mini Dumper,Bulk Waste Collection,moving,on,25.297,85.73,31.459475,74.327149,11/08/2026 09:27 AM,11/08/2026 11:00 AM,Reporting,Moving,14.6,False,UC-233,Allama Iqbal Town,Zone-39,Foton-Mini Dumper,Allama Iqbal Town,True,2026-08-11
-,LR-2059,LR2059,Lahore,"Tehsil Office, Allama Iqbal Town",LWMC-AlIT,-,-,still,off,18.2,120.86,31.52349,74.279436,11/08/2026 10:43 AM,11/08/2026 11:00 AM,Reporting,Parked,12.76,False,UC-97,Allama Iqbal Town,Zone-37,Loader Rickshaw,Allama Iqbal Town,True,2026-08-11
19025,TLD-01,TLD01,Lahore,"Tehsil Office, Allama Iqbal Town",LWMC-AlIT,Loader Rickshaw,Bulk Waste Collection,moving,on,11.919,179.61,31.422313,74.170551,11/08/2026 10:25 AM,11/08/2026 11:00 AM,Reporting,Idle,13.98,False,UC-258,Allama Iqbal Town,Zone-41,Loader,Allama Iqbal Town,True,2026-08-11
-,LR-2167,LR2167,Lahore,"Tehsil Office, Allama Iqbal Town",LWMC-AlIT,-,-,moving,on,23.446,145.94,31.405687,74.191129,11/08/2026 10:27 AM,11/08/2026 11:00 AM,Reporting,Moving,12.61,False,UC-259,Allama Iqbal Town,Zone-41,Loader Rickshaw,Allama Iqbal Town,True,2026-08-11
-,LR-2168,LR2168,Lahore,"Tehsil Office, Allama Iqbal Town",LWMC-AlIT,-,-,moving,on,30.351,293.21,31.419949,74.182113,11/08/2026 10:16 AM,11/08/2026 11:00 AM,Reporting,Moving,13.07,False,UC-259,Allama Iqbal Town,Zone-41,Loader Rickshaw,Allama Iqbal Town,True,2026-08-11
-,LR-2029,LR2029,Lahore,"Tehsil Office, Allama Iqbal Town",LWMC-AlIT,-,-,moving,on,14.255,308.53,31.530862,74.269935,11/08/2026 10:42 AM,11/08/2026 11:00 AM,Reporting,Moving,11.13,False,UC-102,Allama Iqbal Town,Zone-37,Loader Rickshaw,Allama Iqbal Town,True,2026-08-11
22770,LR-0053,LR0053,Lahore,"Tehsil Office, Allama Iqbal Town",LWMC-AlIT,Loader Rickshaw,Door To Door Collection,moving,on,32.573,309.63,31.272459,74.187841,11/08/2026 10:38 AM,11/08/2026 11:00 AM,Reporting,Moving,14.14,False,UC-273,Allama Iqbal Town,Zone-43,Loader Rickshaw,Allama Iqbal Town,True,2026-08-11
19690,S-94,S94,Lahore,"Tehsil Office, Allama Iqbal Town",LWMC-AlIT,Mini Dumper,Bulk Waste Collection,still,off,38.419,259.18,31.332097,74.104254,11/08/2026 10:22 AM,11/08/2026 11:00 AM,Reporting,Moving,13.98,False,UC-262,Allama Iqbal Town,Zone-42,Mini Dumper,Allama Iqbal Town,True,2026-08-11
-,LR-2935,LR2935,Lahore,"Tehsil Office, Allama Iqbal Town",LWMC-AlIT,-,-,still,off,0.007,0.01,31.465091,74.225988,11/08/2026 09:42 AM,11/08/2026 11:00 AM,Reporting,No Activity Since Yesterday,12.66,False,UC-117,Allama Iqbal Town,Zone-41,,Allama Iqbal Town,True,2026-08-11
-,LR-2146,LR2146,Lahore,"Tehsil Office, Allama Iqbal Town",LWMC-AlIT,-,-,moving,on,14.265,86.13,31.435946,74.173329,11/08/2026 10:41 AM,11/08/2026 11:00 AM,Reporting,Parked,27.35,False,UC-258,Allama Iqbal Town,Zone-41,Loader Rickshaw,Allama Iqbal Town,True,2026-08-11
-,LR-2026,LR2026,Lahore,"Tehsil Office, Allama Iqbal Town",LWMC-AlIT,-,-,moving,on,11.401,86.43,31.22304,74.179812,11/08/2026 10:43 AM,11/08/2026 11:00 AM,Reporting,Parked,13.12,False,UC-273,Allama Iqbal Town,Zone-43,Loader Rickshaw,Allama Iqbal Town,True,2026-08-11
-,LR-2765,LR2765,Lahore,"Tehsil Office, Allama Iqbal Town",LWMC-AlIT,-,-,moving,on,21.9,126.95,31.398393,74.222593,11/08/2026 10:34 AM,11/08/2026 11:00 AM,Reporting,Parked,12.71,False,UC-269,Nishter Town,Zone-47,Loader Rickshaw,Allama Iqbal Town,False,2026-08-11
-,LR-2642,LR2642,Lahore,"Tehsil Office, Allama Iqbal Town",LWMC-AlIT,-,-,still,off,20.549,144.86,31.445892,74.294949,11/08/2026 10:13 AM,11/08/2026 10:30 AM,Reporting,Moving,13.47,False,UC-222,Allama Iqbal Town,Zone-39,Loader Rickshaw,Allama Iqbal Town,True,2026-08-11
22913,LR-0602,LR0602,Lahore,"Tehsil Office, Allama Iqbal Town",LWMC-AlIT,Loader Rickshaw,Door To Door Collection,still,off,41.25,299.86,31.459497,74.259707,11/08/2026 10:46 AM,11/08/2026 11:00 AM,Reporting,Moving,14.44,False,UC-115,Allama Iqbal Town,Zone-40,Loader Rickshaw,Allama Iqbal Town,True,2026-08-11
22935,LR-0840,LR0840,Lahore,"Tehsil Office, Allama Iqbal Town",LWMC-AlIT,Loader Rickshaw,Door To Door Collection,moving,on,26.022,315.76,31.480357,74.29164,11/08/2026 10:41 AM,11/08/2026 11:00 AM,Reporting,Idle,11.69,False,UC-220,Allama Iqbal Town,Zone-39,Loader Rickshaw,Allama Iqbal Town,True,2026-08-11
-,MFL-93,MFL93,Lahore,"Tehsil Office, Allama Iqbal Town",LWMC-AlIT,-,-,still,off,1.241,4.78,31.330659,74.109779,11/08/2026 10:45 AM,11/08/2026 11:00 AM,Reporting,Parked,12.91,False,UC-262,Allama Iqbal Town,Zone-42,Loader,Allama Iqbal Town,True,2026-08-11
-,LR-2929,LR2929,Lahore,"Tehsil Office, Allama Iqbal Town",LWMC-AlIT,-,-,moving,on,25.602,89.29,31.454785,74.272971,11/08/2026 10:39 AM,11/08/2026 11:00 AM,Reporting,Parked,12.45,False,UC-115,Allama Iqbal Town,Zone-40,,Allama Iqbal Town,True,2026-08-11
-,LR-2912,LR2912,Lahore,"Tehsil Office, Allama Iqbal Town",LWMC-AlIT,-,-,moving,on,21.469,93.45,31.494409,74.267353,11/08/2026 10:09 AM,11/08/2026 10:30 AM,Reporting,Parked,12.2,False,UC-112,Allama Iqbal Town,Zone-38,,Allama Iqbal Town,True,2026-08-11
19684,S-89,S89,Lahore,"Tehsil Office, Allama Iqbal Town",LWMC-AlIT,Mini Dumper,Bulk Waste Collection,moving,on,63.264,213.23,31.336861,74.202947,11/08/2026 10:40 AM,11/08/2026 11:00 AM,Reporting,Excess Idling,11.94,False,UC-267,Allama Iqbal Town,Zone-43,Mini Dumper,Allama Iqbal Town,True,2026-08-11
22859,LR-0452,LR0452,Lahore,"Tehsil Office, Allama Iqbal Town",LWMC-AlIT,Loader Rickshaw,Door To Door Collection,moving,on,24.904,399.08,31.476981,74.222935,11/08/2026 09:35 AM,11/08/2026 11:00 AM,Reporting,Moving,14.8,False,UC-117,Allama Iqbal Town,Zone-41,Loader Rickshaw,Allama Iqbal Town,True,2026-08-11
22853,LR-0446,LR0446,Lahore,"Tehsil Office, Allama Iqbal Town",LWMC-AlIT,Loader Rickshaw,Door To Door Collection,moving,on,33.556,472.3,31.472673,74.227388,11/08/2026 10:40 AM,11/08/2026 11:00 AM,Reporting,Moving,15.36,False,UC-110,Allama Iqbal Town,Zone-41,Loader Rickshaw,Allama Iqbal Town,True,2026-08-11
-,LR-2647,LR2647,Lahore,"Tehsil Office, Allama Iqbal Town",LWMC-AlIT,-,-,still,off,13.255,91.48,31.461163,74.308539,11/08/2026 09:36 AM,11/08/2026 11:00 AM,Reporting,Parked,13.93,False,UC-232,Allama Iqbal Town,Zone-39,Loader Rickshaw,Allama Iqbal Town,True,2026-08-11
19719,S-175,S175,Lahore,"Tehsil Office, Allama Iqbal Town",LWMC-AlIT,Mini Dumper,Bulk Waste Collection,still,off,31.813,176.81,31.458019,74.308571,11/08/2026 10:33 AM,11/08/2026 11:00 AM,Reporting,Moving,12.61,False,UC-234,Allama Iqbal Town,Zone-39,Mini Dumper,Allama Iqbal Town,True,2026-08-11
-,LR-2408,LR2408,Lahore,"Tehsil Office, Allama Iqbal Town",LWMC-AlIT,-,-,still,off,15.645,228.75,31.255896,74.215073,11/08/2026 09:45 AM,11/08/2026 10:30 AM,Reporting,Excess Idling,13.32,False,UC-272,Allama Iqbal Town,Zone-43,Loader Rickshaw,Allama Iqbal Town,True,2026-08-11
19657,S-379,S379,Lahore,"Tehsil Office, Allama Iqbal Town",LWMC-AlIT,Mini Dumper,Bulk Waste Collection,still,off,38.966,320.56,31.464564,74.225061,11/08/2026 10:28 AM,11/08/2026 11:00 AM,Reporting,Excess Idling,12.2,False,UC-117,Allama Iqbal Town,Zone-41,Mini Dumper,Allama Iqbal Town,True,2026-08-11
-,LEG-1482,LEG1482,Lahore,"Tehsil Office, Allama Iqbal Town",LWMC-AlIT,-,-,moving,on,17.859,485.5,31.474304,74.232074,11/08/2026 10:42 AM,11/08/2026 11:00 AM,Reporting,Moving,25.41,False,UC-110,Allama Iqbal Town,Zone-41,Loader,Samnabad Town,False,2026-08-11
-,LR-2015,LR2015,Lahore,"Tehsil Office, Allama Iqbal Town",LWMC-AlIT,-,-,still,off,30.958,124.59,31.34628,74.122632,11/08/2026 10:22 AM,11/08/2026 11:00 AM,Reporting,Parked,12.66,False,UC-262,Allama Iqbal Town,Zone-42,Loader Rickshaw,Allama Iqbal Town,True,2026-08-11
-,LR-1539,LR1539,Lahore,"Tehsil Office, Allama Iqbal Town",LWMC-AlIT,-,-,moving,on,28.836,374.71,31.363889,74.234363,11/08/2026 10:23 AM,11/08/2026 11:00 AM,Reporting,Parked,0.0,True,UC-271,Nishter Town,Zone-47,Loader Rickshaw,Allama Iqbal Town,False,2026-08-11
19639,S-55,S55,Lahore,"Tehsil Office, Allama Iqbal Town",LWMC-AlIT,Mini Dumper,Bulk Waste Collection,still,off,35.911,156.51,31.472843,74.272066,11/08/2026 10:35 AM,11/08/2026 11:00 AM,Reporting,Moving,13.22,False,UC-114,Allama Iqbal Town,Zone-40,Mini Dumper,Allama Iqbal Town,True,2026-08-11
19706,S-134,S134,Lahore,"Tehsil Office, Allama Iqbal Town",LWMC-AlIT,Mini Dumper,Bulk Waste Collection,moving,on,46.715,194.48,31.260268,74.227562,11/08/2026 10:16 AM,11/08/2026 10:30 AM,Reporting,Moving,13.68,False,UC-268,Allama Iqbal Town,Zone-43,Mini Dumper,Allama Iqbal Town,True,2026-08-11
22998,LR-1087,LR1087,Lahore,"Tehsil Office, Allama Iqbal Town",LWMC-AlIT,Loader Rickshaw,Door To Door Collection,still,off,,,31.27595,74.253095,11/08/2026 10:38 AM,11/08/2026 11:00 AM,Reporting,No Activity Since Yesterday,0.0,True,UC-268,Allama Iqbal Town,Zone-43,Loader Rickshaw,Allama Iqbal Town,True,2026-08-11
-,LR-2744,LR2744,Lahore,"Tehsil Office, Allama Iqbal Town",LWMC-AlIT,-,-,moving,on,29.098,333.31,31.467774,74.2313,11/08/2026 10:32 AM,11/08/2026 11:00 AM,Reporting,Moving,11.74,False,UC-110,Allama Iqbal Town,Zone-41,,Allama Iqbal Town,True,2026-08-11
-,LR-2052,LR2052,Lahore,"Tehsil Office, Allama Iqbal Town",LWMC-AlIT,-,-,moving,on,16.075,384.19,31.53412,74.281953,11/08/2026 10:44 AM,11/08/2026 11:00 AM,Reporting,Parked,11.64,False,UC-94,Samnabad Town,Zone-32,Loader Rickshaw,Allama Iqbal Town,False,2026-08-11
-,LR-3107,LR3107,Lahore,"Tehsil Office, Allama Iqbal Town",LWMC-AlIT,-,-,still,off,17.02,207.73,31.363353,74.373239,11/08/2026 10:42 AM,11/08/2026 11:00 AM,Reporting,Moving,12.76,False,UC-248,Nishter Town,Zone-49,,Allama Iqbal Town,False,2026-08-11
-,LR-2007,LR2007,Lahore,"Tehsil Office, Allama Iqbal Town",LWMC-AlIT,-,-,moving,on,36.107,190.19,31.392218,74.175513,11/08/2026 10:33 AM,11/08/2026 11:00 AM,Reporting,Parked,12.3,False,UC-260,Allama Iqbal Town,Zone-41,Loader Rickshaw,Allama Iqbal Town,True,2026-08-11
22862,LR-0465,LR0465,Lahore,"Tehsil Office, Allama Iqbal Town",LWMC-AlIT,Loader Rickshaw,Door To Door Collection,moving,on,30.912,97.48,31.274054,74.197764,11/08/2026 10:45 AM,11/08/2026 11:00 AM,Reporting,Parked,14.7,False,UC-267,Allama Iqbal Town,Zone-43,Loader Rickshaw,Allama Iqbal Town,True,2026-08-11
-,LR-2487,LR2487,Lahore,"Tehsil Office, Allama Iqbal Town",LWMC-AlIT,-,-,moving,on,25.142,274.94,31.271927,74.098338,11/08/2026 09:30 AM,11/08/2026 10:00 AM,Reporting,Excess Idling,13.63,False,UC-266,Allama Iqbal Town,Zone-42,Loader Rickshaw,Allama Iqbal Town,True,2026-08-11
-,LR-2750,LR2750,Lahore,"Tehsil Office, Allama Iqbal Town",LWMC-AlIT,-,-,moving,on,17.111,323.56,31.529757,74.267639,11/08/2026 10:27 AM,11/08/2026 11:00 AM,Reporting,Moving,11.89,False,UC-102,Allama Iqbal Town,Zone-37,Loader Rickshaw,Allama Iqbal Town,True,2026-08-11
-,LR-2028,LR2028,Lahore,"Tehsil Office, Allama Iqbal Town",LWMC-AlIT,-,-,moving,on,16.164,95.65,31.528778,74.272533,11/08/2026 09:54 AM,11/08/2026 11:00 AM,Reporting,Parked,13.27,False,UC-102,Allama Iqbal Town,Zone-37,Loader Rickshaw,Allama Iqbal Town,True,2026-08-11
-,LR-2060,LR2060,Lahore,"Tehsil Office, Allama Iqbal Town",LWMC-AlIT,-,-,still,off,23.839,207.31,31.53462,74.267405,11/08/2026 10:39 AM,11/08/2026 11:00 AM,Reporting,Moving,13.58,False,UC-101,Allama Iqbal Town,Zone-37,Loader Rickshaw,Allama Iqbal Town,True,2026-08-11
-,LR-1732,LR1732,Lahore,"Tehsil Office, Allama Iqbal Town",LWMC-AlIT,-,-,still,off,,,31.465048,74.225111,11/08/2026 09:33 AM,11/08/2026 11:00 AM,Reporting,No Activity Since Yesterday,11.84,False,UC-117,Allama Iqbal Town,Zone-41,Loader Rickshaw,Allama Iqbal Town,True,2026-08-11
22794,LR-0174,LR0174,Lahore,"Tehsil Office, Allama Iqbal Town",LWMC-AlIT,Loader Rickshaw,Door To Door Collection,moving,on,19.58,155.8,31.477222,74.221739,11/08/2026 10:32 AM,11/08/2026 11:00 AM,Reporting,Parked,13.58,False,UC-117,Allama Iqbal Town,Zone-41,Loader Rickshaw,Allama Iqbal Town,True,2026-08-11
-,LR-2008,LR2008,Lahore,"Tehsil Office, Allama Iqbal Town",LWMC-AlIT,-,-,moving,on,25.489,301.06,31.381046,74.154129,11/08/2026 10:36 AM,11/08/2026 11:00 AM,Reporting,Idle,13.22,False,UC-260,Allama Iqbal Town,Zone-41,Loader Rickshaw,Allama Iqbal Town,True,2026-08-11
-,LR-2017,LR2017,Lahore,"Tehsil Office, Allama Iqbal Town",LWMC-AlIT,-,-,moving,on,27.63,257.26,31.357043,74.114187,11/08/2026 09:44 AM,11/08/2026 10:30 AM,Reporting,Moving,12.45,False,UC-262,Allama Iqbal Town,Zone-42,Loader Rickshaw,Allama Iqbal Town,True,2026-08-11
23001,LR-1090,LR1090,Lahore,"Tehsil Office, Allama Iqbal Town",LWMC-AlIT,Loader Rickshaw,Door To Door Collection,still,off,32.57,354.91,31.320593,74.151095,11/08/2026 10:38 AM,11/08/2026 11:00 AM,Not Reporting,No Activity Since Yesterday,0.0,True,UC-264,Allama Iqbal Town,Zone-42,Loader Rickshaw,Allama Iqbal Town,True,2026-08-11
22768,LR-0051,LR0051,Lahore,"Tehsil Office, Allama Iqbal Town",LWMC-AlIT,Loader Rickshaw,Door To Door Collection,moving,on,33.041,293.76,31.24569,74.210228,11/08/2026 10:26 AM,11/08/2026 11:00 AM,Reporting,Idle,13.17,False,UC-273,Allama Iqbal Town,Zone-43,Loader Rickshaw,Allama Iqbal Town,True,2026-08-11
22982,LR-1101,LR1101,Lahore,"Tehsil Office, Allama Iqbal Town",LWMC-AlIT,Loader Rickshaw,Door To Door Collection,moving,on,19.822,118.48,31.247412,74.223229,11/08/2026 10:46 AM,11/08/2026 11:00 AM,Reporting,Parked,10.92,False,UC-272,Allama Iqbal Town,Zone-43,Loader Rickshaw,Allama Iqbal Town,True,2026-08-11
19703,S-135,S135,Lahore,"Tehsil Office, Allama Iqbal Town",LWMC-AlIT,Mini Dumper,Bulk Waste Collection,still,off,52.293,307.05,31.25274,74.205217,11/08/2026 10:40 AM,11/08/2026 11:00 AM,Reporting,Parked,12.45,False,UC-273,Allama Iqbal Town,Zone-43,Mini Dumper,Allama Iqbal Town,True,2026-08-11
-,LR-2635,LR2635,Lahore,"Tehsil Office, Allama Iqbal Town",LWMC-AlIT,-,-,still,off,14.755,122.33,31.480928,74.290236,11/08/2026 10:26 AM,11/08/2026 11:00 AM,Reporting,Moving,12.05,False,UC-220,Allama Iqbal Town,Zone-39,Loader Rickshaw,Allama Iqbal Town,True,2026-08-11
22774,LR-0057,LR0057,Lahore,"Tehsil Office, Allama Iqbal Town",LWMC-AlIT,Loader Rickshaw,Door To Door Collection,moving,on,41.571,292.33,31.23044,74.172995,11/08/2026 10:31 AM,11/08/2026 11:00 AM,Reporting,Idle,11.54,False,,,,Loader Rickshaw,Allama Iqbal Town,False,2026-08-11
19658,S-281,S281,Lahore,"Tehsil Office, Allama Iqbal Town",LWMC-AlIT,Mini Dumper,Bulk Waste Collection,still,off,44.71,451.41,31.327934,74.200726,11/08/2026 10:05 AM,11/08/2026 11:00 AM,Reporting,Parked,13.22,False,UC-267,Allama Iqbal Town,Zone-43,Mini Dumper,Allama Iqbal Town,True,2026-08-11
-,LR-2920,LR2920,Lahore,"Tehsil Office, Allama Iqbal Town",LWMC-AlIT,-,-,moving,on,26.516,202.23,31.46042,74.278458,11/08/2026 10:36 AM,11/08/2026 11:00 AM,Reporting,Moving,12.56,False,UC-221,Allama Iqbal Town,Zone-39,,Allama Iqbal Town,True,2026-08-11
18445,CA-122,CA122,Lahore,"Tehsil Office, Allama Iqbal Town",LWMC-AlIT,Chain Arm Roll,Container-Based Collection,moving,on,100.824,254.03,31.278069,74.192311,11/08/2026 10:25 AM,11/08/2026 11:00 AM,Reporting,Moving,12.25,False,UC-267,Allama Iqbal Town,Zone-43,Chain Arm Roll,Allama Iqbal Town,True,2026-08-11
18523,C-1302,C1302,Lahore,"Tehsil Office, Allama Iqbal Town",LWMC-AlIT,Compactor (13CM),Container-Based Collection,moving,on,39.991,235.51,31.400478,74.16199,11/08/2026 09:49 AM,11/08/2026 11:00 AM,Reporting,Excess Idling,0.0,True,UC-260,Allama Iqbal Town,Zone-41,Compactor,Allama Iqbal Town,True,2026-08-11
18521,C-1345,C1345,Lahore,"Tehsil Office, Allama Iqbal Town",LWMC-AlIT,Compactor (13CM),Container-Based Collection,still,off,51.998,333.39,31.473468,74.279203,11/08/2026 10:38 AM,11/08/2026 11:00 AM,Reporting,Moving,27.55,False,UC-114,Allama Iqbal Town,Zone-40,Compactor,Allama Iqbal Town,True,2026-08-11
19661,M-14,M14,Lahore,"Tehsil Office, Allama Iqbal Town",LWMC-AlIT,Mini Dumper,Bulk Waste Collection,still,off,41.412,125.79,31.4607,74.201674,11/08/2026 10:42 AM,11/08/2026 11:00 AM,Reporting,Moving,12.96,False,UC-117,Allama Iqbal Town,Zone-41,Foton-Mini Dumper,Allama Iqbal Town,True,2026-08-11
-,LR-2486,LR2486,Lahore,"Tehsil Office, Allama Iqbal Town",LWMC-AlIT,-,-,moving,on,13.685,274.96,31.401642,74.196272,11/08/2026 10:41 AM,11/08/2026 11:00 AM,Reporting,Moving,12.05,False,UC-259,Allama Iqbal Town,Zone-41,Loader Rickshaw,Allama Iqbal Town,True,2026-08-11
-,LR-1733,LR1733,Lahore,"Tehsil Office, Allama Iqbal Town",LWMC-AlIT,-,-,still,off,25.241,232.16,31.514029,74.266705,11/08/2026 10:16 AM,11/08/2026 11:00 AM,Reporting,Parked,0.0,True,UC-98,Allama Iqbal Town,Zone-37,Loader Rickshaw,Allama Iqbal Town,True,2026-08-11
22979,LR-1028,LR1028,Lahore,"Tehsil Office, Allama Iqbal Town",LWMC-AlIT,Loader Rickshaw,Door To Door Collection,moving,on,38.154,137.69,31.33178,74.291098,11/08/2026 10:38 AM,11/08/2026 11:00 AM,Reporting,Parked,14.09,False,UC-271,Nishter Town,Zone-47,Loader Rickshaw,Allama Iqbal Town,False,2026-08-11
22950,LR-0918,LR0918,Lahore,"Tehsil Office, Allama Iqbal Town",LWMC-AlIT,Loader Rickshaw,Door To Door Collection,moving,on,8.962,332.13,31.385945,74.154204,11/08/2026 10:41 AM,11/08/2026 11:00 AM,Reporting,Moving,11.03,False,UC-260,Allama Iqbal Town,Zone-41,Loader Rickshaw,Allama Iqbal Town,True,2026-08-11
-,LR-2364,LR2364,Lahore,"Tehsil Office, Allama Iqbal Town",LWMC-AlIT,-,-,still,off,28.54,280.81,31.252243,74.208386,11/08/2026 10:32 AM,11/08/2026 11:00 AM,Reporting,Moving,13.07,False,UC-273,Allama Iqbal Town,Zone-43,Loader Rickshaw,Allama Iqbal Town,True,2026-08-11
-,LR-2934,LR2934,Lahore,"Tehsil Office, Allama Iqbal Town",LWMC-AlIT,-,-,still,off,30.609,258.94,31.470295,74.258833,11/08/2026 10:23 AM,11/08/2026 11:00 AM,Reporting,Parked,12.66,False,UC-114,Allama Iqbal Town,Zone-40,,Allama Iqbal Town,True,2026-08-11
-,LR-2921,LR2921,Lahore,"Tehsil Office, Allama Iqbal Town",LWMC-AlIT,-,-,moving,on,29.401,230.69,31.461302,74.313695,11/08/2026 10:20 AM,11/08/2026 11:00 AM,Reporting,Moving,12.1,False,UC-232,Allama Iqbal Town,Zone-39,,Allama Iqbal Town,True,2026-08-11
22800,LR-0231,LR0231,Lahore,"Tehsil Office, Allama Iqbal Town",LWMC-AlIT,Loader Rickshaw,Door To Door Collection,still,off,23.796,499.13,31.280826,74.230231,11/08/2026 09:49 AM,11/08/2026 10:30 AM,Reporting,Parked,11.79,False,UC-268,Allama Iqbal Town,Zone-43,Loader Rickshaw,Allama Iqbal Town,True,2026-08-11
19648,S-125,S125,Lahore,"Tehsil Office, Allama Iqbal Town",LWMC-AlIT,Mini Dumper,Bulk Waste Collection,still,off,42.194,142.38,31.452109,74.314708,11/08/2026 10:46 AM,11/08/2026 11:00 AM,Reporting,Parked,13.42,False,UC-233,Allama Iqbal Town,Zone-39,Mini Dumper,Allama Iqbal Town,True,2026-08-11
-,LR-2976,LR2976,Lahore,"Tehsil Office, Allama Iqbal Town",LWMC-AlIT,-,-,still,off,3.194,31.63,31.45713,74.206233,11/08/2026 09:45 AM,11/08/2026 11:00 AM,Reporting,Moving,11.84,False,UC-117,Allama Iqbal Town,Zone-41,,Allama Iqbal Town,True,2026-08-11
-,LR-2016,LR2016,Lahore,"Tehsil Office, Allama Iqbal Town",LWMC-AlIT,-,-,still,off,0.023,0.1,31.314244,74.076412,11/08/2026 10:02 AM,11/08/2026 10:30 AM,Reporting,No Activity Since Yesterday,12.3,False,UC-263,Allama Iqbal Town,Zone-42,Loader Rickshaw,Allama Iqbal Town,True,2026-08-11
-,LR-2964,LR2964,Lahore,"Tehsil Office, Allama Iqbal Town",LWMC-AlIT,-,-,moving,on,17.461,179.59,31.458561,74.218357,11/08/2026 10:40 AM,11/08/2026 11:00 AM,Reporting,Moving,12.3,False,UC-117,Allama Iqbal Town,Zone-41,,Allama Iqbal Town,True,2026-08-11
-,MFL-95,MFL95,Lahore,"Tehsil Office, Allama Iqbal Town",LWMC-AlIT,-,-,still,off,19.28,92.95,31.530108,74.267358,11/08/2026 10:41 AM,11/08/2026 11:00 AM,Reporting,Parked,14.34,False,UC-102,Allama Iqbal Town,Zone-37,Loader,Allama Iqbal Town,True,2026-08-11
-,LR-1375,LR1375,Lahore,"Tehsil Office, Allama Iqbal Town",LWMC-AlIT,-,-,moving,on,31.214,117.68,31.418327,74.203455,11/08/2026 10:36 AM,11/08/2026 11:00 AM,Reporting,Parked,14.6,False,UC-259,Allama Iqbal Town,Zone-41,Loader Rickshaw,Allama Iqbal Town,True,2026-08-11
-,LR-1721,LR1721,Lahore,"Tehsil Office, Allama Iqbal Town",LWMC-AlIT,-,-,moving,on,21.126,235.75,31.470523,74.226117,11/08/2026 10:18 AM,11/08/2026 11:00 AM,Reporting,Excess Idling,0.0,True,UC-117,Allama Iqbal Town,Zone-41,Loader Rickshaw,Allama Iqbal Town,True,2026-08-11
18448,CA-80,CA80,Lahore,"Tehsil Office, Allama Iqbal Town",LWMC-AlIT,Chain Arm Roll,Container-Based Collection,still,off,,,31.464553,74.225083,11/08/2026 09:11 AM,11/08/2026 10:30 AM,Reporting,No Activity Since Yesterday,24.8,False,UC-117,Allama Iqbal Town,Zone-41,Chain Arm Roll,Allama Iqbal Town,True,2026-08-11
19698,S-196,S196,Lahore,"Tehsil Office, Allama Iqbal Town",LWMC-AlIT,Mini Dumper,Bulk Waste Collection,still,off,24.055,104.09,31.522082,74.269384,11/08/2026 10:39 AM,11/08/2026 11:00 AM,Reporting,Moving,11.84,False,UC-102,Allama Iqbal Town,Zone-37,Mini Dumper,Allama Iqbal Town,True,2026-08-11
-,MFL-68,MFL68,Lahore,"Tehsil Office, Allama Iqbal Town",LWMC-AlIT,-,-,still,off,5.869,200.48,31.266582,74.215655,11/08/2026 10:14 AM,11/08/2026 10:30 AM,Reporting,Excess Idling,12.45,False,UC-272,Allama Iqbal Town,Zone-43,Loader,Allama Iqbal Town,True,2026-08-11
-,LR-2417,LR2417,Lahore,"Tehsil Office, Allama Iqbal Town",LWMC-AlIT,-,-,moving,on,64.233,339.28,31.408381,74.249467,11/08/2026 10:34 AM,11/08/2026 11:00 AM,Reporting,Parked,14.44,False,UC-269,Nishter Town,Zone-47,Loader Rickshaw,Allama Iqbal Town,False,2026-08-11
-,LR-2370,LR2370,Lahore,"Tehsil Office, Allama Iqbal Town",LWMC-AlIT,-,-,still,off,11.496,40.03,31.223286,74.179866,11/08/2026 10:41 AM,11/08/2026 11:00 AM,Reporting,Moving,14.29,False,UC-273,Allama Iqbal Town,Zone-43,Loader Rickshaw,Allama Iqbal Town,True,2026-08-11
19654,M-5,M5,Lahore,"Tehsil Office, Allama Iqbal Town",LWMC-AlIT,Mini Dumper,Bulk Waste Collection,moving,on,63.609,136.53,31.465159,74.225188,11/08/2026 10:11 AM,11/08/2026 11:00 AM,Reporting,Parked,13.22,False,UC-117,Allama Iqbal Town,Zone-41,Foton-Mini Dumper,Allama Iqbal Town,True,2026-08-11
22809,LR-0235,LR0235,Lahore,"Tehsil Office, Allama Iqbal Town",LWMC-AlIT,Loader Rickshaw,Door To Door Collection,moving,on,18.673,106.26,31.471373,74.240888,11/08/2026 10:30 AM,11/08/2026 11:00 AM,Reporting,Parked,13.88,False,UC-110,Allama Iqbal Town,Zone-41,Loader Rickshaw,Allama Iqbal Town,True,2026-08-11
19687,M-52,M52,Lahore,"Tehsil Office, Allama Iqbal Town",LWMC-AlIT,Mini Dumper,Bulk Waste Collection,still,off,23.398,138.84,31.534751,74.267348,11/08/2026 10:33 AM,11/08/2026 11:00 AM,Reporting,Moving,12.66,False,UC-101,Allama Iqbal Town,Zone-37,Foton-Mini Dumper,Allama Iqbal Town,True,2026-08-11
22775,LR-0058,LR0058,Lahore,"Tehsil Office, Allama Iqbal Town",LWMC-AlIT,Loader Rickshaw,Door To Door Collection,still,off,31.451,93.04,31.235477,74.213062,11/08/2026 10:45 AM,11/08/2026 11:00 AM,Reporting,Parked,13.83,False,UC-272,Allama Iqbal Town,Zone-43,Loader Rickshaw,Allama Iqbal Town,True,2026-08-11
20287,WB-04,WB04,Lahore,"Tehsil Office, Allama Iqbal Town",LWMC-AlIT,Water Bowzer,Washing,still,off,77.43,277.01,31.360972,74.233366,11/08/2026 09:55 AM,11/08/2026 10:30 AM,Reporting,Parked,24.08,False,UC-270,Nishter Town,Zone-47,Water Bowser,Allama Iqbal Town,False,2026-08-11
-,LR-2907,LR2907,Lahore,"Tehsil Office, Allama Iqbal Town",LWMC-AlIT,-,-,still,off,21.696,222.4,31.456064,74.282386,11/08/2026 10:40 AM,11/08/2026 11:00 AM,Reporting,Moving,12.69,False,UC-115,Allama Iqbal Town,Zone-40,,Allama Iqbal Town,True,2026-08-11
-,LR-1743,LR1743,Lahore,"Tehsil Office, Allama Iqbal Town",LWMC-AlIT,-,-,moving,on,16.685,261.11,31.33658,74.241103,11/08/2026 10:08 AM,11/08/2026 11:00 AM,Reporting,Moving,28.77,False,UC-270,Nishter Town,Zone-47,Loader Rickshaw,Allama Iqbal Town,False,2026-08-11
19697,S-285,S285,Lahore,"Tehsil Office, Allama Iqbal Town",LWMC-AlIT,Mini Dumper,Bulk Waste Collection,still,off,56.51,213.21,31.227828,74.204943,11/08/2026 10:35 AM,11/08/2026 11:00 AM,Reporting,Excess Idling,12.49,False,UC-272,Allama Iqbal Town,Zone-43,Mini Dumper,Allama Iqbal Town,True,2026-08-11
22899,LR-0542,LR0542,Lahore,"Tehsil Office, Allama Iqbal Town",LWMC-AlIT,Loader Rickshaw,Door To Door Collection,moving,on,20.586,140.09,31.469296,74.282025,11/08/2026 10:37 AM,11/08/2026 11:00 AM,Reporting,Parked,12.05,False,UC-221,Allama Iqbal Town,Zone-39,Loader Rickshaw,Allama Iqbal Town,True,2026-08-11
-,LR-1451,LR1451,Lahore,"Tehsil Office, Allama Iqbal Town",LWMC-AlIT,-,-,still,off,24.006,536.64,31.476358,74.241906,11/08/2026 10:41 AM,11/08/2026 11:00 AM,Reporting,Moving,14.8,False,UC-110,Allama Iqbal Town,Zone-41,Loader Rickshaw,Allama Iqbal Town,True,2026-08-11
-,LR-1518,LR1518,Lahore,"Tehsil Office, Allama Iqbal Town",LWMC-AlIT,-,-,still,off,20.178,524.33,31.275274,74.173717,11/08/2026 10:47 AM,11/08/2026 11:00 AM,Reporting,Parked,12.15,False,UC-267,Allama Iqbal Town,Zone-43,Loader Rickshaw,Allama Iqbal Town,True,2026-08-11
-,LR-2974,LR2974,Lahore,"Tehsil Office, Allama Iqbal Town",LWMC-AlIT,-,-,still,off,0.05,0.13,31.574812,74.371556,11/08/2026 07:17 AM,11/08/2026 07:30 AM,Reporting,No Activity Since Yesterday,0.0,True,UC-120,Gulberg Town,Zone-19,,Allama Iqbal Town,False,2026-08-11
-,LR-2917,LR2917,Lahore,"Tehsil Office, Allama Iqbal Town",LWMC-AlIT,-,-,moving,on,21.915,135.46,31.449527,74.242738,11/08/2026 10:25 AM,11/08/2026 11:00 AM,Reporting,Moving,14.49,False,UC-256,Allama Iqbal Town,Zone-40,,Allama Iqbal Town,True,2026-08-11
-,LR-2984,LR2984,Lahore,"Tehsil Office, Allama Iqbal Town",LWMC-AlIT,-,-,still,off,,,31.464941,74.225061,11/08/2026 09:17 AM,11/08/2026 10:30 AM,Reporting,No Activity Since Yesterday,12.49,False,UC-117,Allama Iqbal Town,Zone-41,,Allama Iqbal Town,True,2026-08-11
22978,LR-1027,LR1027,Lahore,"Tehsil Office, Allama Iqbal Town",LWMC-AlIT,Loader Rickshaw,Door To Door Collection,moving,on,30.517,117.15,31.329882,74.319339,11/08/2026 09:16 AM,11/08/2026 10:00 AM,Reporting,Parked,12.05,False,UC-271,Nishter Town,Zone-47,Loader Rickshaw,Allama Iqbal Town,False,2026-08-11
-,LR-2995,LR2995,Lahore,"Tehsil Office, Allama Iqbal Town",LWMC-AlIT,-,-,moving,on,29.111,218.25,31.475713,74.227654,11/08/2026 09:45 AM,11/08/2026 10:30 AM,Reporting,Moving,12.0,False,UC-110,Allama Iqbal Town,Zone-41,,Allama Iqbal Town,True,2026-08-11
19651,S-205,S205,Lahore,"Tehsil Office, Allama Iqbal Town",LWMC-AlIT,Mini Dumper,Bulk Waste Collection,moving,on,44.358,180.69,31.475496,74.227903,11/08/2026 10:32 AM,11/08/2026 11:00 AM,Reporting,Parked,12.35,False,UC-110,Allama Iqbal Town,Zone-41,Mini Dumper,Allama Iqbal Town,True,2026-08-11
19707,M-53,M53,Lahore,"Tehsil Office, Allama Iqbal Town",LWMC-AlIT,Mini Dumper,Bulk Waste Collection,moving,on,55.974,263.0,31.312085,74.165635,11/08/2026 10:10 AM,11/08/2026 10:30 AM,Reporting,Excess Idling,14.19,False,UC-267,Allama Iqbal Town,Zone-43,Foton-Mini Dumper,Allama Iqbal Town,True,2026-08-11
-,LR-2488,LR2488,Lahore,"Tehsil Office, Allama Iqbal Town",LWMC-AlIT,-,-,moving,on,26.29,114.31,31.303301,74.073477,11/08/2026 10:02 AM,11/08/2026 10:30 AM,Reporting,Parked,11.49,False,UC-266,Allama Iqbal Town,Zone-42,Loader Rickshaw,Allama Iqbal Town,True,2026-08-11
19845,S-221,S221,Lahore,"Tehsil Office, Allama Iqbal Town",LWMC-AlIT,Mini Dumper,Bulk Waste Collection,still,off,17.17,50.83,31.461512,74.284323,11/08/2026 09:23 AM,11/08/2026 10:30 AM,Reporting,Parked,11.74,False,UC-221,Allama Iqbal Town,Zone-39,Mini Dumper,Allama Iqbal Town,True,2026-08-11
19705,S-255,S255,Lahore,"Tehsil Office, Allama Iqbal Town",LWMC-AlIT,Mini Dumper,Bulk Waste Collection,still,off,39.837,164.91,31.477009,74.27043,11/08/2026 10:19 AM,11/08/2026 10:30 AM,Reporting,Parked,11.49,False,UC-114,Allama Iqbal Town,Zone-40,Mini Dumper,Allama Iqbal Town,True,2026-08-11
18518,C-1343,C1343,Lahore,"Tehsil Office, Allama Iqbal Town",LWMC-AlIT,Compactor (13CM),Container-Based Collection,still,off,34.863,343.3,31.521134,74.280937,11/08/2026 10:32 AM,11/08/2026 11:00 AM,Reporting,Idle,12.81,False,UC-212,Samnabad Town,Zone-36,Compactor,Allama Iqbal Town,False,2026-08-11
-,MFL-102,MFL102,Lahore,"Tehsil Office, Allama Iqbal Town",LWMC-AlIT,-,-,moving,on,8.074,133.76,31.4102,74.229955,11/08/2026 08:44 AM,11/08/2026 09:00 AM,Reporting,Parked,0.0,True,UC-269,Nishter Town,Zone-47,Loader,Allama Iqbal Town,False,2026-08-11
-,LR-2987,LR2987,Lahore,"Tehsil Office, Allama Iqbal Town",LWMC-AlIT,-,-,still,off,29.234,141.15,31.481928,74.242589,11/08/2026 09:49 AM,11/08/2026 11:00 AM,Reporting,Idle,12.76,False,UC-110,Allama Iqbal Town,Zone-41,,Allama Iqbal Town,True,2026-08-11
22993,LR-1082,LR1082,Lahore,"Tehsil Office, Allama Iqbal Town",LWMC-AlIT,Loader Rickshaw,Door To Door Collection,still,off,23.198,270.81,31.301143,74.198396,11/08/2026 10:42 AM,11/08/2026 11:00 AM,Reporting,Moving,12.81,False,UC-267,Allama Iqbal Town,Zone-43,Loader Rickshaw,Allama Iqbal Town,True,2026-08-11
22992,LR-1081,LR1081,Lahore,"Tehsil Office, Allama Iqbal Town",LWMC-AlIT,Loader Rickshaw,Door To Door Collection,still,off,20.869,158.83,31.291807,74.188362,11/08/2026 09:34 AM,11/08/2026 11:00 AM,Reporting,Parked,12.66,False,UC-267,Allama Iqbal Town,Zone-43,Loader Rickshaw,Allama Iqbal Town,True,2026-08-11
-,LR-2022,LR2022,Lahore,"Tehsil Office, Allama Iqbal Town",LWMC-AlIT,-,-,still,off,39.151,295.08,31.266864,74.216272,11/08/2026 10:26 AM,11/08/2026 11:00 AM,Reporting,Moving,13.37,False,UC-272,Allama Iqbal Town,Zone-43,Loader Rickshaw,Allama Iqbal Town,True,2026-08-11
19650,S-123,S123,Lahore,"Tehsil Office, Allama Iqbal Town",LWMC-AlIT,Mini Dumper,Bulk Waste Collection,moving,on,35.911,187.46,31.456612,74.225853,11/08/2026 10:45 AM,11/08/2026 11:00 AM,Reporting,Parked,12.66,False,UC-116,Allama Iqbal Town,Zone-41,Mini Dumper,Allama Iqbal Town,True,2026-08-11
18444,CA-147,CA147,Lahore,"Tehsil Office, Allama Iqbal Town",LWMC-AlIT,Chain Arm Roll,Container-Based Collection,moving,on,109.507,268.08,31.241137,74.211517,11/08/2026 10:18 AM,11/08/2026 11:00 AM,Reporting,Moving,12.66,False,UC-272,Allama Iqbal Town,Zone-43,Chain Arm Roll,Allama Iqbal Town,True,2026-08-11
22994,LR-1083,LR1083,Lahore,"Tehsil Office, Allama Iqbal Town",LWMC-AlIT,Loader Rickshaw,Door To Door Collection,still,off,,,31.321412,74.184324,11/08/2026 09:18 AM,11/08/2026 10:30 AM,Reporting,No Activity Since Yesterday,12.15,False,UC-267,Allama Iqbal Town,Zone-43,Loader Rickshaw,Allama Iqbal Town,True,2026-08-11
-,LR-1520,LR1520,Lahore,"Tehsil Office, Allama Iqbal Town",LWMC-AlIT,-,-,still,off,,,31.321672,74.184473,11/08/2026 08:26 AM,11/08/2026 09:00 AM,Reporting,No Activity Since Yesterday,11.79,False,UC-267,Allama Iqbal Town,Zone-43,Loader Rickshaw,Allama Iqbal Town,True,2026-08-11
22938,LR-0843,LR0843,Lahore,"Tehsil Office, Allama Iqbal Town",LWMC-AlIT,Loader Rickshaw,Door To Door Collection,still,off,20.721,218.81,31.472402,74.298763,11/08/2026 10:21 AM,11/08/2026 10:30 AM,Reporting,Moving,11.89,False,UC-221,Allama Iqbal Town,Zone-39,Loader Rickshaw,Allama Iqbal Town,True,2026-08-11
-,CA-164,CA164,Lahore,"Tehsil Office, Allama Iqbal Town",LWMC-AlIT,-,-,moving,on,72.811,296.14,31.572892,74.309422,11/08/2026 10:35 AM,11/08/2026 11:00 AM,Reporting,Moving,27.6,False,UC-63,DGBT,Zone-27,Chain Arm Roll,DGBT,True,2026-08-11
-,LR-1734,LR1734,Lahore,"Tehsil Office, Allama Iqbal Town",LWMC-AlIT,-,-,still,off,,,31.336593,74.242653,11/08/2026 10:37 AM,11/08/2026 11:00 AM,Reporting,No Activity Since Yesterday,0.0,True,UC-270,Nishter Town,Zone-47,Loader Rickshaw,Allama Iqbal Town,False,2026-08-11
-,LR-2741,LR2741,Lahore,"Tehsil Office, Allama Iqbal Town",LWMC-AlIT,-,-,moving,on,16.553,297.93,31.479644,74.213828,11/08/2026 10:33 AM,11/08/2026 11:00 AM,Reporting,Idle,13.02,False,,,,Loader Rickshaw,Allama Iqbal Town,False,2026-08-11
-,LR-2649,LR2649,Lahore,"Tehsil Office, Allama Iqbal Town",LWMC-AlIT,-,-,still,off,20.281,190.4,31.401823,74.269534,11/08/2026 10:32 AM,11/08/2026 11:00 AM,Reporting,Idle,12.45,False,UC-257,Allama Iqbal Town,Zone-40,Loader Rickshaw,Allama Iqbal Town,True,2026-08-11
22889,LR-0532,LR0532,Lahore,"Tehsil Office, Allama Iqbal Town",LWMC-AlIT,Loader Rickshaw,Door To Door Collection,moving,on,19.517,147.88,31.442569,74.276763,11/08/2026 10:24 AM,11/08/2026 11:00 AM,Reporting,Parked,12.96,False,UC-115,Allama Iqbal Town,Zone-40,Loader Rickshaw,Allama Iqbal Town,True,2026-08-11
-,MFL-82,MFL82,Lahore,"Tehsil Office, Allama Iqbal Town",LWMC-AlIT,-,-,still,off,16.61,298.55,31.492729,74.250892,11/08/2026 09:58 AM,11/08/2026 10:30 AM,Reporting,Moving,14.55,False,UC-111,Allama Iqbal Town,Zone-38,Loader,Allama Iqbal Town,True,2026-08-11
-,LR-2880,LR2880,Lahore,"Tehsil Office, Shalimar Town",LWMC-ShTo,-,-,still,off,19.772,193.44,31.618539,74.346417,11/08/2026 10:41 AM,11/08/2026 11:00 AM,Reporting,Excess Idling,11.28,False,UC-25,Shalimar Town,Zone-6,Loader Rickshaw,Shalimar Town,True,2026-08-11
-,S-80,S80,Lahore,"Tehsil Office, Shalimar Town",LWMC-ShTo,-,-,moving,on,26.881,104.98,31.584083,74.383359,11/08/2026 10:36 AM,11/08/2026 11:00 AM,Reporting,Parked,13.42,False,UC-153,Shalimar Town,Zone-10,Mini Dumper,Shalimar Town,True,2026-08-11
-,S-397,S397,Lahore,"Tehsil Office, Shalimar Town",LWMC-ShTo,-,-,still,off,22.812,114.66,31.592017,74.349073,11/08/2026 10:04 AM,11/08/2026 11:00 AM,Reporting,Parked,11.84,False,UC-40,Shalimar Town,Zone-7,Mini Dumper,Shalimar Town,True,2026-08-11
-,LR-2419,LR2419,Lahore,"Tehsil Office, Shalimar Town",LWMC-ShTo,-,-,still,off,6.308,55.36,31.591512,74.345219,11/08/2026 09:44 AM,11/08/2026 11:00 AM,Reporting,Parked,11.64,False,UC-40,Shalimar Town,Zone-7,Loader Rickshaw,Shalimar Town,True,2026-08-11
-,S-174,S174,Lahore,"Tehsil Office, Shalimar Town",LWMC-ShTo,-,-,still,off,,,31.573406,74.287628,11/08/2026 09:32 AM,11/08/2026 11:00 AM,Reporting,No Activity Since Yesterday,12.3,False,UC-56,DGBT,Zone-29,Mini Dumper,Shalimar Town,False,2026-08-11
-,LR-2297,LR2297,Lahore,"Tehsil Office, Shalimar Town",LWMC-ShTo,-,-,still,off,13.95,202.43,31.589055,74.369377,11/08/2026 10:42 AM,11/08/2026 11:00 AM,Reporting,Moving,11.89,False,UC-129,Shalimar Town,Zone-9,Loader Rickshaw,Shalimar Town,True,2026-08-11
19449,MFL-66,MFL66,Lahore,"Tehsil Office, Shalimar Town",LWMC-ShTo,Loader Rickshaw,Door To Door Collection,still,off,10.665,297.91,31.614026,74.339037,11/08/2026 10:42 AM,11/08/2026 11:00 AM,Reporting,Excess Idling,12.81,False,UC-25,Shalimar Town,Zone-6,Loader,Shalimar Town,True,2026-08-11
18695,C-712,C712,Lahore,"Tehsil Office, Shalimar Town",LWMC-ShTo,Compactor (7CM),Container-Based Collection,moving,on,65.346,178.34,31.573014,74.286569,11/08/2026 10:19 AM,11/08/2026 10:30 AM,Reporting,Parked,24.59,False,UC-56,DGBT,Zone-29,Compactor,Shalimar Town,False,2026-08-11
-,SD-03,SD03,Lahore,"Tehsil Office, Shalimar Town",LWMC-ShTo,-,-,still,off,0.037,1.01,31.573318,74.287846,11/08/2026 10:47 AM,11/08/2026 11:00 AM,Reporting,No Activity Since Yesterday,24.49,False,UC-56,DGBT,Zone-29,Dumper,Shalimar Town,False,2026-08-11
23331,LR-0966,LR0966,Lahore,"Tehsil Office, Shalimar Town",LWMC-ShTo,Loader Rickshaw,Door To Door Collection,moving,on,27.664,229.15,31.608682,74.368446,11/08/2026 10:07 AM,11/08/2026 11:00 AM,Reporting,Excess Idling,28.52,False,UC-108,Wagha Town,Zone-13,Loader Rickshaw,Shalimar Town,False,2026-08-11
-,LR-2335,LR2335,Lahore,"Tehsil Office, Shalimar Town",LWMC-ShTo,-,-,still,off,,,31.609404,74.38067,11/08/2026 09:47 AM,11/08/2026 11:00 AM,Reporting,No Activity Since Yesterday,11.84,False,UC-108,Wagha Town,Zone-13,Loader Rickshaw,Shalimar Town,False,2026-08-11
23328,LR-0963,LR0963,Lahore,"Tehsil Office, Shalimar Town",LWMC-ShTo,Loader Rickshaw,Door To Door Collection,still,off,17.634,294.08,31.593616,74.370505,11/08/2026 10:30 AM,11/08/2026 11:00 AM,Reporting,Idle,12.35,False,UC-129,Shalimar Town,Zone-9,Loader Rickshaw,Shalimar Town,True,2026-08-11
-,LR-2775,LR2775,Lahore,"Tehsil Office, Shalimar Town",LWMC-ShTo,-,-,still,off,17.12,99.66,31.611721,74.340579,11/08/2026 10:29 AM,11/08/2026 11:00 AM,Reporting,Parked,11.64,False,UC-25,Shalimar Town,Zone-6,Loader Rickshaw,Shalimar Town,True,2026-08-11
-,LR-2325,LR2325,Lahore,"Tehsil Office, Shalimar Town",LWMC-ShTo,-,-,moving,on,20.912,144.09,31.608591,74.378989,11/08/2026 10:42 AM,11/08/2026 11:00 AM,Reporting,Parked,11.94,False,UC-108,Wagha Town,Zone-13,Loader Rickshaw,Shalimar Town,False,2026-08-11
18636,C-1332,C1332,Lahore,"Tehsil Office, Shalimar Town",LWMC-ShTo,Compactor (13CM),Container-Based Collection,moving,on,40.638,244.66,31.604154,74.299802,11/08/2026 10:13 AM,11/08/2026 11:00 AM,Reporting,Parked,12.0,False,,,,Compactor,Shalimar Town,False,2026-08-11
-,LR-2936,LR2936,Lahore,"Tehsil Office, Shalimar Town",LWMC-ShTo,-,-,moving,on,10.764,47.01,31.570791,74.384265,11/08/2026 10:29 AM,11/08/2026 11:00 AM,Reporting,Parked,12.66,False,UC-156,Shalimar Town,Zone-10,Loader Rickshaw,Shalimar Town,True,2026-08-11
-,LR-2089,LR2089,Lahore,"Tehsil Office, Shalimar Town",LWMC-ShTo,-,-,still,off,,,31.609778,74.381282,11/08/2026 06:24 AM,11/08/2026 07:00 AM,Reporting,No Activity Since Yesterday,0.0,True,UC-108,Wagha Town,Zone-13,Loader Rickshaw,Shalimar Town,False,2026-08-11
18693,C-742,C742,Lahore,"Tehsil Office, Shalimar Town",LWMC-ShTo,Compactor (7CM),Container-Based Collection,moving,on,83.087,219.31,31.601517,74.428818,11/08/2026 09:55 AM,11/08/2026 11:00 AM,Reporting,Moving,0.0,True,UC-175,Wagha Town,Zone-12,Compactor,Shalimar Town,False,2026-08-11
-,S-391,S391,Lahore,"Tehsil Office, Shalimar Town",LWMC-ShTo,-,-,moving,on,20.048,73.2,31.588673,74.349984,11/08/2026 10:41 AM,11/08/2026 11:00 AM,Reporting,Parked,12.2,False,UC-42,Shalimar Town,Zone-7,Mini Dumper,Shalimar Town,True,2026-08-11
-,LR-2110,LR2110,Lahore,"Tehsil Office, Shalimar Town",LWMC-ShTo,-,-,moving,on,14.76,215.03,31.590252,74.362044,11/08/2026 09:57 AM,11/08/2026 11:00 AM,Reporting,Parked,13.17,False,UC-162,Shalimar Town,Zone-9,Loader Rickshaw,Shalimar Town,True,2026-08-11
-,S-62,S62,Lahore,"Tehsil Office, Shalimar Town",LWMC-ShTo,-,-,moving,on,38.376,114.59,31.605687,74.367324,11/08/2026 10:40 AM,11/08/2026 11:00 AM,Reporting,Parked,12.25,False,UC-161,Shalimar Town,Zone-9,Mini Dumper,Shalimar Town,True,2026-08-11
-,LR-2791,LR2791,Lahore,"Tehsil Office, Shalimar Town",LWMC-ShTo,-,-,moving,on,12.777,250.36,31.608162,74.33768,11/08/2026 10:43 AM,11/08/2026 11:00 AM,Reporting,Excess Idling,14.39,False,UC-27,Shalimar Town,Zone-6,Loader Rickshaw,Shalimar Town,True,2026-08-11
-,LR-2078,LR2078,Lahore,"Tehsil Office, Shalimar Town",LWMC-ShTo,-,-,still,off,16.733,68.95,31.586111,74.365145,11/08/2026 10:37 AM,11/08/2026 11:00 AM,Reporting,Parked,11.59,False,UC-164,Shalimar Town,Zone-8,Loader Rickshaw,Shalimar Town,True,2026-08-11
25313,LR-0853,LR0853,Lahore,"Tehsil Office, Shalimar Town",LWMC-ShTo,Loader Rickshaw,Door to Door Collection,still,off,17.445,261.38,31.577244,74.385377,11/08/2026 10:44 AM,11/08/2026 11:00 AM,Reporting,Parked,11.28,False,UC-153,Shalimar Town,Zone-10,Loader Rickshaw,Shalimar Town,True,2026-08-11
18633,C13-1080,C131080,Lahore,"Tehsil Office, Shalimar Town",LWMC-ShTo,Compactor (13CM),Container-Based Collection,still,off,36.845,212.33,31.579223,74.370295,11/08/2026 09:43 AM,11/08/2026 11:00 AM,Reporting,Excess Idling,0.0,True,UC-121,Shalimar Town,Zone-10,Compactor,Shalimar Town,True,2026-08-11
-,LR-2375,LR2375,Lahore,"Tehsil Office, Shalimar Town",LWMC-ShTo,-,-,still,off,18.197,271.66,31.593675,74.357278,11/08/2026 10:06 AM,11/08/2026 11:00 AM,Reporting,Parked,11.84,False,UC-166,Shalimar Town,Zone-8,Loader Rickshaw,Shalimar Town,True,2026-08-11
-,LR-1295,LR1295,Lahore,"Tehsil Office, Shalimar Town",LWMC-ShTo,-,-,moving,on,15.349,273.43,31.58434,74.34161,11/08/2026 10:14 AM,11/08/2026 11:00 AM,Reporting,Idle,27.24,False,UC-46,Shalimar Town,Zone-7,Loader Rickshaw,Shalimar Town,True,2026-08-11
-,S-100,S100,Lahore,"Tehsil Office, Shalimar Town",LWMC-ShTo,-,-,moving,on,35.902,178.06,31.597128,74.341458,11/08/2026 10:23 AM,11/08/2026 11:00 AM,Reporting,Parked,12.0,False,UC-27,Shalimar Town,Zone-6,Mini Dumper,Shalimar Town,True,2026-08-11
-,LR-2182,LR2182,Lahore,"Tehsil Office, Shalimar Town",LWMC-ShTo,-,-,moving,on,11.279,224.28,31.582184,74.33305,11/08/2026 10:34 AM,11/08/2026 11:00 AM,Reporting,Moving,13.58,False,UC-31,Shalimar Town,Zone-7,Loader Rickshaw,Shalimar Town,True,2026-08-11
-,M-87,M87,Lahore,"Tehsil Office, Shalimar Town",LWMC-ShTo,-,-,moving,on,58.131,192.66,31.608048,74.381991,11/08/2026 10:32 AM,11/08/2026 11:00 AM,Reporting,Parked,13.73,False,UC-163,Shalimar Town,Zone-9,Foton-Mini Dumper,Shalimar Town,True,2026-08-11
-,LR-2185,LR2185,Lahore,"Tehsil Office, Shalimar Town",LWMC-ShTo,-,-,still,off,11.06,73.83,31.584226,74.335472,11/08/2026 10:21 AM,11/08/2026 11:00 AM,Reporting,Idle,11.03,False,UC-30,Ravi Town,Zone-4,Loader Rickshaw,Shalimar Town,False,2026-08-11
-,LR-2786,LR2786,Lahore,"Tehsil Office, Shalimar Town",LWMC-ShTo,-,-,still,off,10.935,291.19,31.605937,74.354954,11/08/2026 10:43 AM,11/08/2026 11:00 AM,Reporting,Moving,11.59,False,UC-24,Shalimar Town,Zone-6,Loader Rickshaw,Shalimar Town,True,2026-08-11
23329,LR-0964,LR0964,Lahore,"Tehsil Office, Shalimar Town",LWMC-ShTo,Loader Rickshaw,Door To Door Collection,still,off,21.575,335.55,31.607119,74.357956,11/08/2026 10:15 AM,11/08/2026 11:00 AM,Reporting,Idle,12.86,False,UC-161,Shalimar Town,Zone-9,Loader Rickshaw,Shalimar Town,True,2026-08-11
23345,LR-1205,LR1205,Lahore,"Tehsil Office, Shalimar Town",LWMC-ShTo,Loader Rickshaw,Door To Door Collection,still,off,24.302,377.19,31.580255,74.391853,11/08/2026 10:45 AM,11/08/2026 11:00 AM,Reporting,Moving,12.56,False,UC-154,Shalimar Town,Zone-10,Loader Rickshaw,Shalimar Town,True,2026-08-11
-,LR-2793,LR2793,Lahore,"Tehsil Office, Shalimar Town",LWMC-ShTo,-,-,moving,on,10.845,141.44,31.585527,74.343769,11/08/2026 10:26 AM,11/08/2026 11:00 AM,Reporting,Idle,12.15,False,UC-44,Shalimar Town,Zone-8,Loader Rickshaw,Shalimar Town,True,2026-08-11
20255,MFT-3,MFT3,Lahore,"Tehsil Office, Shalimar Town",LWMC-ShTo,Tractor Trolley,Bulk Waste Collection,still,off,19.07,323.3,31.609457,74.334769,11/08/2026 10:32 AM,11/08/2026 11:00 AM,Reporting,Idle,14.34,False,UC-23,Ravi Town,Zone-3,Tractor Trolley,Shalimar Town,False,2026-08-11
23332,LR-0967,LR0967,Lahore,"Tehsil Office, Shalimar Town",LWMC-ShTo,Loader Rickshaw,Door To Door Collection,still,off,13.173,103.34,31.602119,74.368923,11/08/2026 10:33 AM,11/08/2026 11:00 AM,Reporting,Idle,11.59,False,UC-161,Shalimar Town,Zone-9,Loader Rickshaw,Shalimar Town,True,2026-08-11
-,LR-2332,LR2332,Lahore,"Tehsil Office, Shalimar Town",LWMC-ShTo,-,-,moving,on,24.714,373.5,31.579476,74.394461,11/08/2026 10:42 AM,11/08/2026 11:00 AM,Reporting,Moving,13.17,False,UC-154,Shalimar Town,Zone-10,Loader Rickshaw,Shalimar Town,True,2026-08-11
-,LR-2608,LR2608,Lahore,"Tehsil Office, Shalimar Town",LWMC-ShTo,-,-,still,off,18.224,341.06,31.585381,74.363261,11/08/2026 10:44 AM,11/08/2026 11:00 AM,Reporting,Idle,11.94,False,UC-165,Shalimar Town,Zone-9,Loader Rickshaw,Shalimar Town,True,2026-08-11
23337,LR-1197,LR1197,Lahore,"Tehsil Office, Shalimar Town",LWMC-ShTo,Loader Rickshaw,Door To Door Collection,still,off,11.543,153.41,31.600623,74.38179,11/08/2026 10:46 AM,11/08/2026 11:00 AM,Reporting,Idle,10.92,False,UC-163,Shalimar Town,Zone-9,Loader Rickshaw,Shalimar Town,True,2026-08-11
-,LR-2773,LR2773,Lahore,"Tehsil Office, Shalimar Town",LWMC-ShTo,-,-,moving,on,15.333,111.4,31.604504,74.376189,11/08/2026 10:22 AM,11/08/2026 10:30 AM,,,,,UC-163,Shalimar Town,Zone-9,Loader Rickshaw,Shalimar Town,True,2026-08-11
-,LR-2319,LR2319,Lahore,"Tehsil Office, Shalimar Town",LWMC-ShTo,-,-,moving,on,20.857,351.8,31.598111,74.380983,11/08/2026 10:33 AM,11/08/2026 11:00 AM,Reporting,Moving,11.64,False,UC-130,Shalimar Town,Zone-10,Loader Rickshaw,Shalimar Town,True,2026-08-11
-,LR-2382,LR2382,Lahore,"Tehsil Office, Shalimar Town",LWMC-ShTo,-,-,moving,on,10.897,318.19,31.581237,74.337358,11/08/2026 10:38 AM,11/08/2026 11:00 AM,Reporting,Moving,14.39,False,UC-31,Shalimar Town,Zone-7,Loader Rickshaw,Shalimar Town,True,2026-08-11
23318,LR-0849,LR0849,Lahore,"Tehsil Office, Shalimar Town",LWMC-ShTo,Loader Rickshaw,Door To Door Collection,still,off,18.082,299.81,31.579389,74.386243,11/08/2026 09:51 AM,11/08/2026 11:00 AM,Reporting,Parked,8.94,False,UC-153,Shalimar Town,Zone-10,Loader Rickshaw,Shalimar Town,True,2026-08-11
-,LR-2767,LR2767,Lahore,"Tehsil Office, Shalimar Town",LWMC-ShTo,-,-,moving,on,13.747,80.13,31.615844,74.346372,11/08/2026 10:27 AM,11/08/2026 11:00 AM,Reporting,Moving,13.27,False,UC-25,Shalimar Town,Zone-6,Loader Rickshaw,Shalimar Town,True,2026-08-11
25249,LR-0146,LR0146,Lahore,"Tehsil Office, Shalimar Town",LWMC-ShTo,Loader Rickshaw,Door to Door Collection,still,off,15.981,341.75,31.600078,74.35866,11/08/2026 10:46 AM,11/08/2026 11:00 AM,Reporting,Idle,12.0,False,UC-161,Shalimar Town,Zone-9,Loader Rickshaw,Shalimar Town,True,2026-08-11
25271,LR-0358,LR0358,Lahore,"Tehsil Office, Shalimar Town",LWMC-ShTo,Loader Rickshaw,Door to Door Collection,moving,on,14.442,90.84,31.580189,74.35094,11/08/2026 10:46 AM,11/08/2026 11:00 AM,Reporting,Parked,13.37,False,UC-127,Shalimar Town,Zone-8,Loader Rickshaw,Shalimar Town,True,2026-08-11
23336,LR-1196,LR1196,Lahore,"Tehsil Office, Shalimar Town",LWMC-ShTo,Loader Rickshaw,Door To Door Collection,still,off,11.167,337.94,31.601962,74.349863,11/08/2026 10:46 AM,11/08/2026 11:00 AM,Reporting,Idle,11.74,False,UC-24,Shalimar Town,Zone-6,Loader Rickshaw,Shalimar Town,True,2026-08-11
-,S-344,S344,Lahore,"Tehsil Office, Shalimar Town",LWMC-ShTo,-,-,still,off,15.838,165.59,31.607155,74.358063,11/08/2026 10:08 AM,11/08/2026 10:30 AM,Reporting,Parked,10.82,False,UC-161,Shalimar Town,Zone-9,Mini Dumper,Shalimar Town,True,2026-08-11
18628,C-1303,C1303,Lahore,"Tehsil Office, Shalimar Town",LWMC-ShTo,Compactor (13CM),Container-Based Collection,still,off,49.049,249.65,31.579708,74.381225,11/08/2026 09:49 AM,11/08/2026 11:00 AM,Reporting,Moving,0.0,True,UC-121,Shalimar Town,Zone-10,Compactor,Shalimar Town,True,2026-08-11
19437,R-48,R48,Lahore,"Tehsil Office, Shalimar Town",LWMC-ShTo,Loader Rickshaw,Door To Door Collection,moving,on,16.797,82.16,31.583597,74.329767,11/08/2026 10:27 AM,11/08/2026 11:00 AM,Reporting,Parked,12.3,False,UC-70,DGBT,Zone-24,Rickshaw,Shalimar Town,False,2026-08-11
25315,LR-0856,LR0856,Lahore,"Tehsil Office, Shalimar Town",LWMC-ShTo,Loader Rickshaw,Door to Door Collection,moving,on,22.931,180.16,31.602833,74.366496,11/08/2026 09:48 AM,11/08/2026 11:00 AM,Reporting,Parked,12.3,False,UC-161,Shalimar Town,Zone-9,Loader Rickshaw,Shalimar Town,True,2026-08-11
-,LR-2327,LR2327,Lahore,"Tehsil Office, Shalimar Town",LWMC-ShTo,-,-,still,off,9.061,246.98,31.606948,74.342059,11/08/2026 09:27 AM,11/08/2026 11:00 AM,Reporting,Excess Idling,13.53,False,UC-25,Shalimar Town,Zone-6,Loader Rickshaw,Shalimar Town,True,2026-08-11
-,LR-2877,LR2877,Lahore,"Tehsil Office, Shalimar Town",LWMC-ShTo,-,-,still,off,7.036,175.03,31.604433,74.352344,11/08/2026 10:23 AM,11/08/2026 10:30 AM,Reporting,Excess Idling,10.82,False,UC-24,Shalimar Town,Zone-6,Loader Rickshaw,Shalimar Town,True,2026-08-11
25268,LR-0355,LR0355,Lahore,"Tehsil Office, Shalimar Town",LWMC-ShTo,Loader Rickshaw,Door to Door Collection,moving,on,8.48,194.75,31.583435,74.348937,11/08/2026 10:12 AM,11/08/2026 10:30 AM,Reporting,Moving,28.11,False,UC-127,Shalimar Town,Zone-8,Loader Rickshaw,Shalimar Town,True,2026-08-11
-,S-10,S10,Lahore,"Tehsil Office, Shalimar Town",LWMC-ShTo,-,-,still,off,15.147,74.23,31.577061,74.346645,11/08/2026 09:24 AM,11/08/2026 10:30 AM,Reporting,Parked,11.94,False,UC-43,Shalimar Town,Zone-8,Mini Dumper,Shalimar Town,True,2026-08-11
-,D-53,D53,Lahore,"Tehsil Office, Shalimar Town",LWMC-ShTo,-,-,moving,on,48.162,152.88,31.603837,74.36412,11/08/2026 10:46 AM,11/08/2026 11:00 AM,Reporting,Parked,28.01,False,UC-161,Shalimar Town,Zone-9,Dumper,Shalimar Town,True,2026-08-11
-,LR-1294,LR1294,Lahore,"Tehsil Office, Shalimar Town",LWMC-ShTo,-,-,moving,on,15.362,98.83,31.592202,74.346759,11/08/2026 10:21 AM,11/08/2026 11:00 AM,Reporting,Moving,11.84,False,UC-40,Shalimar Town,Zone-7,Loader Rickshaw,Shalimar Town,True,2026-08-11
-,LR-2766,LR2766,Lahore,"Tehsil Office, Shalimar Town",LWMC-ShTo,-,-,moving,on,19.105,230.28,31.603299,74.358507,11/08/2026 10:38 AM,11/08/2026 11:00 AM,Reporting,Idle,12.0,False,UC-161,Shalimar Town,Zone-9,Loader Rickshaw,Shalimar Town,True,2026-08-11
-,S-31,S31,Lahore,"Tehsil Office, Shalimar Town",LWMC-ShTo,-,-,still,off,27.008,119.36,31.6114,74.339025,11/08/2026 10:29 AM,11/08/2026 11:00 AM,Reporting,Parked,13.53,False,UC-25,Shalimar Town,Zone-6,Mini Dumper,Shalimar Town,True,2026-08-11
-,LR-2080,LR2080,Lahore,"Tehsil Office, Shalimar Town",LWMC-ShTo,-,-,moving,on,13.192,111.75,31.591141,74.359207,11/08/2026 10:18 AM,11/08/2026 10:30 AM,Reporting,Moving,11.08,False,UC-164,Shalimar Town,Zone-8,Loader Rickshaw,Shalimar Town,True,2026-08-11
-,M-112,M112,Lahore,"Tehsil Office, Shalimar Town",LWMC-ShTo,-,-,moving,on,31.033,131.68,31.597314,74.358261,11/08/2026 10:10 AM,11/08/2026 11:00 AM,Reporting,Parked,12.0,False,UC-161,Shalimar Town,Zone-9,Foton-Mini Dumper,Shalimar Town,True,2026-08-11
-,LR-2294,LR2294,Lahore,"Tehsil Office, Shalimar Town",LWMC-ShTo,-,-,moving,on,15.311,269.03,31.589371,74.375878,11/08/2026 10:45 AM,11/08/2026 11:00 AM,Reporting,Moving,12.76,False,UC-129,Shalimar Town,Zone-9,Loader Rickshaw,Shalimar Town,True,2026-08-11
-,MFL-92,MFL92,Lahore,"Tehsil Office, Shalimar Town",LWMC-ShTo,-,-,moving,on,7.748,372.85,31.581211,74.337357,11/08/2026 10:47 AM,11/08/2026 11:00 AM,Reporting,Idle,12.35,False,UC-31,Shalimar Town,Zone-7,Loader,Shalimar Town,True,2026-08-11
-,LR-2340,LR2340,Lahore,"Tehsil Office, Shalimar Town",LWMC-ShTo,-,-,moving,on,25.01,257.69,31.580189,74.343798,11/08/2026 10:30 AM,11/08/2026 11:00 AM,Reporting,Moving,14.29,False,UC-44,Shalimar Town,Zone-8,Loader Rickshaw,Shalimar Town,True,2026-08-11
18494,CA-154,CA154,Lahore,"Tehsil Office, Shalimar Town",LWMC-ShTo,Chain Arm Roll,Container-Based Collection,still,off,86.762,301.06,31.585508,74.389186,11/08/2026 10:35 AM,11/08/2026 11:00 AM,Reporting,Parked,27.3,False,UC-131,Wagha Town,Zone-11,Chain Arm Roll,Shalimar Town,False,2026-08-11
25316,LR-0858,LR0858,Lahore,"Tehsil Office, Shalimar Town",LWMC-ShTo,Loader Rickshaw,Door to Door Collection,still,off,,,31.609921,74.381436,11/08/2026 09:26 AM,11/08/2026 10:30 AM,Reporting,No Activity Since Yesterday,11.59,False,UC-108,Wagha Town,Zone-13,Loader Rickshaw,Shalimar Town,False,2026-08-11
18632,C-1331,C1331,Lahore,"Tehsil Office, Shalimar Town",LWMC-ShTo,Compactor (13CM),Container-Based Collection,moving,on,35.136,196.01,31.60936,74.314918,11/08/2026 10:13 AM,11/08/2026 11:00 AM,Reporting,Parked,27.14,False,UC-19,Ravi Town,Zone-3,Compactor,Shalimar Town,False,2026-08-11
-,LR-2086,LR2086,Lahore,"Tehsil Office, Shalimar Town",LWMC-ShTo,-,-,moving,on,8.458,288.51,31.584345,74.358492,11/08/2026 10:17 AM,11/08/2026 10:30 AM,Reporting,Moving,12.51,False,UC-165,Shalimar Town,Zone-9,Loader Rickshaw,Shalimar Town,True,2026-08-11
-,LR-2204,LR2204,Lahore,"Tehsil Office, Shalimar Town",LWMC-ShTo,-,-,still,off,13.888,122.16,31.589901,74.342976,11/08/2026 09:58 AM,11/08/2026 10:30 AM,Reporting,Moving,12.86,False,UC-41,Shalimar Town,Zone-7,Loader Rickshaw,Shalimar Town,True,2026-08-11
-,LR-2090,LR2090,Lahore,"Tehsil Office, Shalimar Town",LWMC-ShTo,-,-,still,off,,,31.610487,74.381564,11/08/2026 09:22 AM,11/08/2026 10:30 AM,Reporting,No Activity Since Yesterday,11.33,False,UC-108,Wagha Town,Zone-13,Loader Rickshaw,Shalimar Town,False,2026-08-11
25247,LR-0133,LR0133,Lahore,"Tehsil Office, Shalimar Town",LWMC-ShTo,Loader Rickshaw,Door to Door Collection,moving,on,12.149,300.13,31.604627,74.367551,11/08/2026 10:37 AM,11/08/2026 11:00 AM,Reporting,Moving,13.98,False,UC-161,Shalimar Town,Zone-9,Loader Rickshaw,Shalimar Town,True,2026-08-11
-,LR-2376,LR2376,Lahore,"Tehsil Office, Shalimar Town",LWMC-ShTo,-,-,still,off,11.586,336.38,31.591137,74.346902,11/08/2026 10:36 AM,11/08/2026 11:00 AM,Reporting,Moving,13.93,False,UC-40,Shalimar Town,Zone-7,Loader Rickshaw,Shalimar Town,True,2026-08-11
-,MFL-97,MFL97,Lahore,"Tehsil Office, Shalimar Town",LWMC-ShTo,-,-,still,off,4.27,315.75,31.607303,74.358526,11/08/2026 10:42 AM,11/08/2026 11:00 AM,Reporting,Idle,13.37,False,UC-161,Shalimar Town,Zone-9,Loader,Shalimar Town,True,2026-08-11
-,LR-1303,LR1303,Lahore,"Tehsil Office, Shalimar Town",LWMC-ShTo,-,-,moving,on,24.414,145.48,31.579806,74.343292,11/08/2026 10:43 AM,11/08/2026 11:00 AM,Reporting,Parked,0.0,True,UC-44,Shalimar Town,Zone-8,Loader Rickshaw,Shalimar Town,True,2026-08-11
-,LR-2420,LR2420,Lahore,"Tehsil Office, Shalimar Town",LWMC-ShTo,-,-,moving,on,15.553,226.98,31.588035,74.356197,11/08/2026 10:40 AM,11/08/2026 11:00 AM,Reporting,Moving,13.53,False,UC-167,Shalimar Town,Zone-8,Loader Rickshaw,Shalimar Town,True,2026-08-11
-,S-71,S71,Lahore,"Tehsil Office, Shalimar Town",LWMC-ShTo,-,-,still,off,44.596,209.26,31.583632,74.381736,11/08/2026 10:40 AM,11/08/2026 11:00 AM,Reporting,Parked,12.4,False,UC-153,Shalimar Town,Zone-10,Mini Dumper,Shalimar Town,True,2026-08-11
-,LR-1550,LR1550,Lahore,"Tehsil Office, Shalimar Town",LWMC-ShTo,-,-,moving,on,10.008,150.8,31.603022,74.34725,11/08/2026 10:10 AM,11/08/2026 11:00 AM,Reporting,Parked,11.74,False,UC-24,Shalimar Town,Zone-6,Loader Rickshaw,Shalimar Town,True,2026-08-11
-,LR-2497,LR2497,Lahore,"Tehsil Office, Shalimar Town",LWMC-ShTo,-,-,still,off,15.619,204.55,31.581318,74.363841,11/08/2026 10:44 AM,11/08/2026 11:00 AM,Reporting,Moving,13.53,False,UC-126,Shalimar Town,Zone-9,Loader Rickshaw,Shalimar Town,True,2026-08-11
-,LR-2606,LR2606,Lahore,"Tehsil Office, Shalimar Town",LWMC-ShTo,-,-,moving,on,22.526,295.11,31.606607,74.358067,11/08/2026 10:41 AM,11/08/2026 11:00 AM,Reporting,Parked,13.58,False,UC-161,Shalimar Town,Zone-9,Loader Rickshaw,Shalimar Town,True,2026-08-11
-,S-114,S114,Lahore,"Tehsil Office, Shalimar Town",LWMC-ShTo,-,-,still,off,0.08,12.21,31.573913,74.287707,11/08/2026 09:48 AM,11/08/2026 11:00 AM,Reporting,No Activity Since Yesterday,12.25,False,UC-56,DGBT,Zone-29,Mini Dumper,Shalimar Town,False,2026-08-11
-,S-117,S117,Lahore,"Tehsil Office, Shalimar Town",LWMC-ShTo,-,-,still,off,23.031,180.09,31.590526,74.367852,11/08/2026 10:43 AM,11/08/2026 11:00 AM,Reporting,Moving,13.68,False,UC-162,Shalimar Town,Zone-9,Mini Dumper,Shalimar Town,True,2026-08-11
-,LR-2421,LR2421,Lahore,"Tehsil Office, Shalimar Town",LWMC-ShTo,-,-,moving,on,18.609,244.58,31.586913,74.350968,11/08/2026 10:34 AM,11/08/2026 11:00 AM,Reporting,Idle,12.25,False,UC-167,Shalimar Town,Zone-8,Loader Rickshaw,Shalimar Town,True,2026-08-11
-,S-269,S269,Lahore,"Tehsil Office, Shalimar Town",LWMC-ShTo,-,-,still,off,20.15,141.75,31.583924,74.393877,11/08/2026 10:32 AM,11/08/2026 11:00 AM,Reporting,Excess Idling,12.2,False,UC-154,Shalimar Town,Zone-10,Mini Dumper,Shalimar Town,True,2026-08-11
-,LR-2603,LR2603,Lahore,"Tehsil Office, Shalimar Town",LWMC-ShTo,-,-,still,off,17.337,282.21,31.602684,74.380962,11/08/2026 10:15 AM,11/08/2026 11:00 AM,Reporting,Moving,12.61,False,UC-163,Shalimar Town,Zone-9,Loader Rickshaw,Shalimar Town,True,2026-08-11
-,S-167,S167,Lahore,"Tehsil Office, Shalimar Town",LWMC-ShTo,-,-,still,off,89.767,206.11,31.573167,74.287142,11/08/2026 10:19 AM,11/08/2026 10:30 AM,Reporting,Parked,12.91,False,UC-56,DGBT,Zone-29,Mini Dumper,Shalimar Town,False,2026-08-11
-,LR-2599,LR2599,Lahore,"Tehsil Office, Shalimar Town",LWMC-ShTo,-,-,moving,on,11.274,584.85,31.56972,74.381869,11/08/2026 10:31 AM,11/08/2026 11:00 AM,Reporting,Idle,12.56,False,UC-156,Shalimar Town,Zone-10,Loader Rickshaw,Shalimar Town,True,2026-08-11
19442,MFL-31,MFL31,Lahore,"Tehsil Office, Shalimar Town",LWMC-ShTo,Loader Rickshaw,Door To Door Collection,still,off,9.37,298.46,31.610429,74.333886,11/08/2026 10:41 AM,11/08/2026 11:00 AM,Reporting,Idle,13.88,False,UC-23,Ravi Town,Zone-3,Loader,Shalimar Town,False,2026-08-11
-,LR-1551,LR1551,Lahore,"Tehsil Office, Shalimar Town",LWMC-ShTo,-,-,still,off,14.328,59.85,31.609956,74.380534,11/08/2026 10:26 AM,11/08/2026 11:00 AM,Reporting,Parked,12.2,False,UC-108,Wagha Town,Zone-13,Loader Rickshaw,Shalimar Town,False,2026-08-11
-,WR-0036,WR0036,Lahore,"Tehsil Office, Shalimar Town",LWMC-ShTo,-,-,moving,on,4.696,59.5,31.561959,74.304568,11/08/2026 10:05 AM,11/08/2026 11:00 AM,Reporting,Moving,11.74,False,UC-64,DGBT,Zone-30,Washer Rickshaw,DGBT,True,2026-08-11
-,LR0047,LR0047,Lahore,"Tehsil Office, Shalimar Town",LWMC-ShTo,-,-,moving,on,19.873,70.91,31.584065,74.383399,11/08/2026 10:39 AM,11/08/2026 11:00 AM,Not Reporting,Excess Idling,0.0,True,UC-153,Shalimar Town,Zone-10,Loader Rickshaw,Allama Iqbal Town,False,2026-08-11
-,LR-2941,LR2941,Lahore,"Tehsil Office, Shalimar Town",LWMC-ShTo,-,-,still,off,12.808,354.06,31.595486,74.371499,11/08/2026 10:43 AM,11/08/2026 11:00 AM,Reporting,Moving,14.19,False,UC-163,Shalimar Town,Zone-9,Loader Rickshaw,Shalimar Town,True,2026-08-11
-,LR-2072,LR2072,Lahore,"Tehsil Office, Shalimar Town",LWMC-ShTo,-,-,still,off,,,31.610538,74.381533,11/08/2026 09:28 AM,11/08/2026 10:30 AM,Reporting,No Activity Since Yesterday,11.74,False,UC-108,Wagha Town,Zone-13,Loader Rickshaw,Shalimar Town,False,2026-08-11
-,LR-1798,LR1798,Lahore,"Tehsil Office, Shalimar Town",LWMC-ShTo,-,-,still,off,14.017,250.05,31.605369,74.337007,11/08/2026 10:37 AM,11/08/2026 11:00 AM,Reporting,Moving,11.75,False,UC-27,Shalimar Town,Zone-6,Loader Rickshaw,Shalimar Town,True,2026-08-11
18415,HA-37,HA37,Lahore,"Tehsil Office, Shalimar Town",LWMC-ShTo,Arm Roll Truck,Container-Based Collection,moving,on,98.291,297.41,31.600866,74.333676,11/08/2026 10:17 AM,11/08/2026 11:00 AM,Reporting,Moving,12.61,False,UC-45,Shalimar Town,Zone-6,Arm Roll,Shalimar Town,True,2026-08-11
-,LR-2422,LR2422,Lahore,"Tehsil Office, Shalimar Town",LWMC-ShTo,-,-,moving,on,20.263,132.88,31.606904,74.358038,11/08/2026 10:17 AM,11/08/2026 10:30 AM,Reporting,Parked,14.14,False,UC-161,Shalimar Town,Zone-9,Loader Rickshaw,Shalimar Town,True,2026-08-11
-,S-111,S111,Lahore,"Tehsil Office, Shalimar Town",LWMC-ShTo,-,-,moving,on,45.247,175.75,31.608588,74.379604,11/08/2026 10:29 AM,11/08/2026 11:00 AM,Reporting,Parked,12.51,False,UC-108,Wagha Town,Zone-13,Mini Dumper,Shalimar Town,False,2026-08-11
-,LR-2202,LR2202,Lahore,"Tehsil Office, Shalimar Town",LWMC-ShTo,-,-,moving,on,17.484,147.26,31.590248,74.345007,11/08/2026 10:14 AM,11/08/2026 11:00 AM,Reporting,Moving,12.81,False,UC-41,Shalimar Town,Zone-7,Loader Rickshaw,Shalimar Town,True,2026-08-11
-,LR-2785,LR2785,Lahore,"Tehsil Office, Shalimar Town",LWMC-ShTo,-,-,moving,on,9.425,99.21,31.60852,74.356171,11/08/2026 10:39 AM,11/08/2026 11:00 AM,Reporting,Parked,11.28,False,UC-24,Shalimar Town,Zone-6,Loader Rickshaw,Shalimar Town,True,2026-08-11
-,S-176,S176,Lahore,"Tehsil Office, Shalimar Town",LWMC-ShTo,-,-,moving,on,23.059,136.15,31.585803,74.341157,11/08/2026 09:47 AM,11/08/2026 10:30 AM,Reporting,Moving,12.25,False,UC-46,Shalimar Town,Zone-7,Mini Dumper,Shalimar Town,True,2026-08-11
-,LR-2320,LR2320,Lahore,"Tehsil Office, Shalimar Town",LWMC-ShTo,-,-,moving,on,20.805,300.18,31.589628,74.380023,11/08/2026 10:13 AM,11/08/2026 11:00 AM,Reporting,Moving,11.33,False,UC-130,Shalimar Town,Zone-10,Loader Rickshaw,Shalimar Town,True,2026-08-11
-,LR-2380,LR2380,Lahore,"Tehsil Office, Shalimar Town",LWMC-ShTo,-,-,moving,on,14.354,587.31,31.591887,74.338589,11/08/2026 10:47 AM,11/08/2026 11:00 AM,Reporting,Moving,13.47,False,UC-47,Shalimar Town,Zone-7,Loader Rickshaw,Shalimar Town,True,2026-08-11
-,S-388,S388,Lahore,"Tehsil Office, Shalimar Town",LWMC-ShTo,-,-,still,off,20.131,94.23,31.576384,74.349636,11/08/2026 10:28 AM,11/08/2026 11:00 AM,Reporting,Parked,13.53,False,UC-43,Shalimar Town,Zone-8,Mini Dumper,Shalimar Town,True,2026-08-11
-,LR-2945,LR2945,Lahore,"Tehsil Office, Shalimar Town",LWMC-ShTo,-,-,still,off,17.307,280.25,31.603244,74.383386,11/08/2026 10:28 AM,11/08/2026 11:00 AM,Reporting,Idle,13.83,False,UC-132,Wagha Town,Zone-11,,Shalimar Town,False,2026-08-11
-,LR-1800,LR1800,Lahore,"Tehsil Office, Shalimar Town",LWMC-ShTo,-,-,still,off,11.137,159.63,31.583716,74.336958,11/08/2026 10:29 AM,11/08/2026 11:00 AM,Reporting,Moving,11.84,False,UC-31,Shalimar Town,Zone-7,Loader Rickshaw,Shalimar Town,True,2026-08-11
-,LR-2326,LR2326,Lahore,"Tehsil Office, Shalimar Town",LWMC-ShTo,-,-,still,off,11.554,114.63,31.616642,74.345071,11/08/2026 10:03 AM,11/08/2026 10:30 AM,Reporting,Moving,11.49,False,UC-25,Shalimar Town,Zone-6,Loader Rickshaw,Shalimar Town,True,2026-08-11
-,LR-2093,LR2093,Lahore,"Tehsil Office, Shalimar Town",LWMC-ShTo,-,-,still,off,13.533,196.9,31.584468,74.363886,11/08/2026 10:28 AM,11/08/2026 11:00 AM,Reporting,Parked,12.76,False,UC-165,Shalimar Town,Zone-9,Loader Rickshaw,Shalimar Town,True,2026-08-11
-,LR-2503,LR2503,Lahore,"Tehsil Office, Shalimar Town",LWMC-ShTo,-,-,moving,on,27.011,281.48,31.584756,74.368964,11/08/2026 10:33 AM,11/08/2026 11:00 AM,Reporting,Idle,13.88,False,UC-128,Shalimar Town,Zone-10,Loader Rickshaw,Shalimar Town,True,2026-08-11
-,LR-2323,LR2323,Lahore,"Tehsil Office, Shalimar Town",LWMC-ShTo,-,-,still,off,12.779,293.83,31.609333,74.368395,11/08/2026 10:37 AM,11/08/2026 11:00 AM,Reporting,Parked,25.92,False,UC-108,Wagha Town,Zone-13,Loader Rickshaw,Shalimar Town,False,2026-08-11
-,LR-1794,LR1794,Lahore,"Tehsil Office, Shalimar Town",LWMC-ShTo,-,-,still,off,14.68,216.8,31.605084,74.338042,11/08/2026 10:34 AM,11/08/2026 11:00 AM,Reporting,Idle,11.84,False,UC-27,Shalimar Town,Zone-6,Loader Rickshaw,Shalimar Town,True,2026-08-11
25274,LR-0481,LR0481,Lahore,"Tehsil Office, Shalimar Town",LWMC-ShTo,Loader Rickshaw,Door to Door Collection,moving,on,15.196,109.43,31.596896,74.365159,11/08/2026 10:35 AM,11/08/2026 11:00 AM,Reporting,Parked,7.51,False,UC-162,Shalimar Town,Zone-9,Loader Rickshaw,Shalimar Town,True,2026-08-11
-,LR-2789,LR2789,Lahore,"Tehsil Office, Shalimar Town",LWMC-ShTo,-,-,moving,on,8.375,76.66,31.599506,74.372001,11/08/2026 10:18 AM,11/08/2026 11:00 AM,,,,,UC-163,Shalimar Town,Zone-9,Loader Rickshaw,Shalimar Town,True,2026-08-11
18491,CA-156,CA156,Lahore,"Tehsil Office, Shalimar Town",LWMC-ShTo,Chain Arm Roll,Container-Based Collection,moving,on,54.5,174.68,31.608123,74.368247,11/08/2026 10:45 AM,11/08/2026 11:00 AM,Reporting,Parked,28.77,False,UC-163,Shalimar Town,Zone-9,Chain Arm Roll,Shalimar Town,True,2026-08-11
-,LR-2609,LR2609,Lahore,"Tehsil Office, Shalimar Town",LWMC-ShTo,-,-,still,off,10.994,183.51,31.576615,74.382651,11/08/2026 10:15 AM,11/08/2026 10:30 AM,Reporting,Moving,13.02,False,UC-153,Shalimar Town,Zone-10,Loader Rickshaw,Shalimar Town,True,2026-08-11
-,LR-2379,LR2379,Lahore,"Tehsil Office, Shalimar Town",LWMC-ShTo,-,-,still,off,15.175,313.76,31.589103,74.340404,11/08/2026 10:42 AM,11/08/2026 11:00 AM,Reporting,Moving,12.0,False,UC-47,Shalimar Town,Zone-7,Loader Rickshaw,Shalimar Town,True,2026-08-11
-,S-96,S96,Lahore,"Tehsil Office, Shalimar Town",LWMC-ShTo,-,-,moving,on,33.872,151.21,31.571163,74.283317,11/08/2026 10:33 AM,11/08/2026 11:00 AM,Reporting,Parked,12.0,False,,,,Mini Dumper,Shalimar Town,False,2026-08-11
25314,LR-0854,LR0854,Lahore,"Tehsil Office, Shalimar Town",LWMC-ShTo,Loader Rickshaw,Door to Door Collection,still,off,16.856,124.16,31.582083,74.381748,11/08/2026 09:48 AM,11/08/2026 10:30 AM,Reporting,Moving,11.38,False,UC-153,Shalimar Town,Zone-10,Loader Rickshaw,Shalimar Town,True,2026-08-11
-,S-268,S268,Lahore,"Tehsil Office, Shalimar Town",LWMC-ShTo,-,-,moving,on,35.946,118.45,31.605744,74.336029,11/08/2026 10:32 AM,11/08/2026 11:00 AM,Reporting,Parked,12.2,False,UC-27,Shalimar Town,Zone-6,Mini Dumper,Shalimar Town,True,2026-08-11
-,S-27,S27,Lahore,"Tehsil Office, Shalimar Town",LWMC-ShTo,-,-,moving,on,22.839,118.11,31.570293,74.383009,11/08/2026 10:29 AM,11/08/2026 11:00 AM,Reporting,Parked,12.2,False,UC-156,Shalimar Town,Zone-10,Mini Dumper,Shalimar Town,True,2026-08-11
-,LR-2328,LR2328,Lahore,"Tehsil Office, Shalimar Town",LWMC-ShTo,-,-,still,off,21.637,208.8,31.585955,74.373518,11/08/2026 10:32 AM,11/08/2026 11:00 AM,Reporting,Moving,11.84,False,UC-128,Shalimar Town,Zone-10,Loader Rickshaw,Shalimar Town,True,2026-08-11
-,LR-2324,LR2324,Lahore,"Tehsil Office, Shalimar Town",LWMC-ShTo,-,-,moving,on,11.196,315.53,31.608067,74.345721,11/08/2026 10:46 AM,11/08/2026 11:00 AM,Reporting,Moving,11.18,False,UC-26,Shalimar Town,Zone-6,Loader Rickshaw,Shalimar Town,True,2026-08-11
-,LR-2604,LR2604,Lahore,"Tehsil Office, Shalimar Town",LWMC-ShTo,-,-,still,off,11.603,205.76,31.582508,74.332758,11/08/2026 10:35 AM,11/08/2026 11:00 AM,Reporting,Moving,9.45,False,UC-31,Shalimar Town,Zone-7,Loader Rickshaw,Shalimar Town,True,2026-08-11
-,LR-2293,LR2293,Lahore,"Tehsil Office, Shalimar Town",LWMC-ShTo,-,-,still,off,8.958,164.23,31.60705,74.357971,11/08/2026 09:18 AM,11/08/2026 11:00 AM,Reporting,Idle,15.67,False,UC-161,Shalimar Town,Zone-9,Loader Rickshaw,Shalimar Town,True,2026-08-11
-,S-270,S270,Lahore,"Tehsil Office, Shalimar Town",LWMC-ShTo,-,-,moving,on,17.089,125.41,31.583718,74.337439,11/08/2026 10:43 AM,11/08/2026 11:00 AM,Reporting,Moving,13.42,False,UC-46,Shalimar Town,Zone-7,Mini Dumper,Shalimar Town,True,2026-08-11
-,LR-2424,LR2424,Lahore,"Tehsil Office, Shalimar Town",LWMC-ShTo,-,-,still,off,16.213,266.8,31.601472,74.341562,11/08/2026 10:12 AM,11/08/2026 11:00 AM,Reporting,Idle,12.2,False,UC-27,Shalimar Town,Zone-6,Loader Rickshaw,Shalimar Town,True,2026-08-11
23355,LR-1215,LR1215,Lahore,"Tehsil Office, Shalimar Town",LWMC-ShTo,Loader Rickshaw,Door To Door Collection,moving,on,23.498,129.76,31.5909,74.357116,11/08/2026 09:23 AM,11/08/2026 11:00 AM,Reporting,Parked,11.59,False,UC-166,Shalimar Town,Zone-8,Loader Rickshaw,Shalimar Town,True,2026-08-11
-,LR-2607,LR2607,Lahore,"Tehsil Office, Shalimar Town",LWMC-ShTo,-,-,moving,on,23.44,373.05,31.584009,74.359978,11/08/2026 10:45 AM,11/08/2026 11:00 AM,Reporting,Idle,13.53,False,UC-165,Shalimar Town,Zone-9,Loader Rickshaw,Shalimar Town,True,2026-08-11
-,LR-2881,LR2881,Lahore,"Tehsil Office, Shalimar Town",LWMC-ShTo,-,-,still,off,19.235,218.48,31.611442,74.343452,11/08/2026 10:28 AM,11/08/2026 11:00 AM,Reporting,Moving,11.33,False,UC-25,Shalimar Town,Zone-6,Loader Rickshaw,Shalimar Town,True,2026-08-11
-,LR-2596,LR2596,Lahore,"Tehsil Office, Shalimar Town",LWMC-ShTo,-,-,moving,on,20.737,156.01,31.609757,74.381427,11/08/2026 10:05 AM,11/08/2026 11:00 AM,Reporting,Parked,12.22,False,UC-108,Wagha Town,Zone-13,Loader Rickshaw,Shalimar Town,False,2026-08-11
25302,LR-0855,LR0855,Lahore,"Tehsil Office, Shalimar Town",LWMC-ShTo,Loader Rickshaw,Door to Door Collection,moving,on,11.855,90.11,31.599502,74.352006,11/08/2026 10:18 AM,11/08/2026 11:00 AM,Reporting,Parked,12.2,False,UC-24,Shalimar Town,Zone-6,Loader Rickshaw,Shalimar Town,True,2026-08-11
-,S-349,S349,Lahore,"Tehsil Office, Shalimar Town",LWMC-ShTo,-,-,moving,on,94.114,208.25,31.573234,74.287071,11/08/2026 09:53 AM,11/08/2026 10:30 AM,Reporting,Parked,12.05,False,UC-56,DGBT,Zone-29,Mini Dumper,Shalimar Town,False,2026-08-11
-,S-186,S186,Lahore,"Tehsil Office, Shalimar Town",LWMC-ShTo,-,-,moving,on,27.845,124.46,31.576963,74.373333,11/08/2026 10:37 AM,11/08/2026 11:00 AM,Reporting,Moving,13.37,False,UC-120,Gulberg Town,Zone-19,Mini Dumper,Shalimar Town,False,2026-08-11
25259,LR-0132,LR0132,Lahore,"Tehsil Office, Shalimar Town",LWMC-ShTo,Loader Rickshaw,Door to Door Collection,moving,on,11.221,166.26,31.605297,74.37912,11/08/2026 10:34 AM,11/08/2026 11:00 AM,Reporting,Moving,25.1,False,UC-163,Shalimar Town,Zone-9,Loader Rickshaw,Shalimar Town,True,2026-08-11
18495,CA-126,CA126,Lahore,"Tehsil Office, Shalimar Town",LWMC-ShTo,Chain Arm Roll,Container-Based Collection,still,off,81.023,267.46,31.608997,74.379805,11/08/2026 09:58 AM,11/08/2026 11:00 AM,Reporting,Parked,25.2,False,UC-108,Wagha Town,Zone-13,Chain Arm Roll,Shalimar Town,False,2026-08-11
-,S-86,S86,Lahore,"Tehsil Office, Shalimar Town",LWMC-ShTo,-,-,moving,on,29.939,153.28,31.607787,74.367946,11/08/2026 10:25 AM,11/08/2026 11:00 AM,Reporting,Parked,12.35,False,UC-163,Shalimar Town,Zone-9,Mini Dumper,Shalimar Town,True,2026-08-11
-,LR-2774,LR2774,Lahore,"Tehsil Office, Shalimar Town",LWMC-ShTo,-,-,still,off,12.76,260.3,31.595857,74.370218,11/08/2026 10:33 AM,11/08/2026 11:00 AM,Reporting,Parked,11.54,False,UC-163,Shalimar Town,Zone-9,Loader Rickshaw,Shalimar Town,True,2026-08-11
-,LR-2501,LR2501,Lahore,"Tehsil Office, Shalimar Town",LWMC-ShTo,-,-,still,off,19.621,285.35,31.578146,74.372458,11/08/2026 10:39 AM,11/08/2026 11:00 AM,Reporting,Moving,12.25,False,UC-121,Shalimar Town,Zone-10,Loader Rickshaw,Shalimar Town,True,2026-08-11
18828,D-67,D67,Lahore,"Tehsil Office, Shalimar Town",LWMC-ShTo,Dumper (5CM),TCP Fleet,moving,on,35.133,115.51,31.608213,74.368501,11/08/2026 10:08 AM,11/08/2026 10:30 AM,Reporting,Parked,25.26,False,UC-163,Shalimar Town,Zone-9,Dumper,Shalimar Town,True,2026-08-11
-,LR-2598,LR2598,Lahore,"Tehsil Office, Shalimar Town",LWMC-ShTo,-,-,moving,on,11.854,121.28,31.585499,74.361538,11/08/2026 09:32 AM,11/08/2026 10:00 AM,Reporting,Excess Idling,11.89,False,UC-165,Shalimar Town,Zone-9,Loader Rickshaw,Shalimar Town,True,2026-08-11
-,LR-2330,LR2330,Lahore,"Tehsil Office, Shalimar Town",LWMC-ShTo,-,-,still,off,23.333,240.94,31.586296,74.375438,11/08/2026 10:47 AM,11/08/2026 11:00 AM,Reporting,Moving,12.3,False,UC-128,Shalimar Town,Zone-10,Loader Rickshaw,Shalimar Town,True,2026-08-11
25245,LR-0129,LR0129,Lahore,"Tehsil Office, Shalimar Town",LWMC-ShTo,Loader Rickshaw,Door to Door Collection,moving,on,11.213,297.8,31.601817,74.359773,11/08/2026 10:41 AM,11/08/2026 11:00 AM,Reporting,Moving,12.35,False,UC-161,Shalimar Town,Zone-9,Loader Rickshaw,Shalimar Town,True,2026-08-11
18781,D-21,D21,Lahore,"Tehsil Office, Shalimar Town",LWMC-ShTo,Dumper (10CM),TCP Fleet,still,off,2.058,124.81,31.623139,74.420387,11/08/2026 10:44 AM,11/08/2026 11:00 AM,Reporting,Idle,27.55,False,UC-108,Wagha Town,Zone-13,Dumper,Shalimar Town,False,2026-08-11
-,LR-2788,LR2788,Lahore,"Tehsil Office, Shalimar Town",LWMC-ShTo,-,-,still,off,10.435,341.16,31.588458,74.345993,11/08/2026 10:45 AM,11/08/2026 11:00 AM,Reporting,Excess Idling,11.49,False,UC-42,Shalimar Town,Zone-7,Loader Rickshaw,Shalimar Town,True,2026-08-11
29206,C-1320,C1320,Lahore,"Tehsil Office, Shalimar Town",LWMC-ShTo,Compactor (13CM),Bulk Waste Collection,moving,on,56.359,302.01,31.597457,74.334615,11/08/2026 10:35 AM,11/08/2026 11:00 AM,Reporting,Idle,26.99,False,UC-45,Shalimar Town,Zone-6,Compactor,Shalimar Town,True,2026-08-11
-,LR-2502,LR2502,Lahore,"Tehsil Office, Shalimar Town",LWMC-ShTo,-,-,still,off,22.819,319.71,31.579391,74.378243,11/08/2026 10:12 AM,11/08/2026 11:00 AM,Reporting,Moving,12.25,False,UC-121,Shalimar Town,Zone-10,Loader Rickshaw,Shalimar Town,True,2026-08-11
-,MFL-84,MFL84,Lahore,"Tehsil Office, Shalimar Town",LWMC-ShTo,-,-,moving,on,12.22,266.73,31.607293,74.366182,11/08/2026 09:40 AM,11/08/2026 11:00 AM,Reporting,Moving,13.32,False,UC-161,Shalimar Town,Zone-9,Loader,Shalimar Town,True,2026-08-11
-,LR-2494,LR2494,Lahore,"Tehsil Office, Shalimar Town",LWMC-ShTo,-,-,still,off,22.408,209.73,31.582822,74.365398,11/08/2026 10:39 AM,11/08/2026 11:00 AM,Reporting,Idle,12.45,False,UC-126,Shalimar Town,Zone-9,Loader Rickshaw,Shalimar Town,True,2026-08-11
25256,LR-0126,LR0126,Lahore,"Tehsil Office, Shalimar Town",LWMC-ShTo,Loader Rickshaw,Door to Door Collection,still,off,16.845,248.31,31.601954,74.380325,11/08/2026 10:42 AM,11/08/2026 11:00 AM,Reporting,Moving,12.3,False,UC-163,Shalimar Town,Zone-9,Loader Rickshaw,Shalimar Town,True,2026-08-11
-,LR-2597,LR2597,Lahore,"Tehsil Office, Shalimar Town",LWMC-ShTo,-,-,still,off,17.051,164.44,31.587381,74.359152,11/08/2026 10:08 AM,11/08/2026 11:00 AM,Reporting,Moving,13.78,False,UC-165,Shalimar Town,Zone-9,Loader Rickshaw,Shalimar Town,True,2026-08-11
25269,LR-0356,LR0356,Lahore,"Tehsil Office, Shalimar Town",LWMC-ShTo,Loader Rickshaw,Door to Door Collection,moving,on,16.037,98.26,31.578948,74.349298,11/08/2026 09:55 AM,11/08/2026 10:30 AM,Reporting,Moving,11.28,False,UC-43,Shalimar Town,Zone-8,Loader Rickshaw,Shalimar Town,True,2026-08-11
-,LR-2794,LR2794,Lahore,"Tehsil Office, Shalimar Town",LWMC-ShTo,-,-,still,off,10.244,162.33,31.607116,74.358346,11/08/2026 10:41 AM,11/08/2026 11:00 AM,Reporting,Parked,11.59,False,UC-161,Shalimar Town,Zone-9,Loader Rickshaw,Shalimar Town,True,2026-08-11
-,LR-1790,LR1790,Lahore,"Tehsil Office, Shalimar Town",LWMC-ShTo,-,-,still,off,12.044,268.73,31.580602,74.335678,11/08/2026 10:45 AM,11/08/2026 11:00 AM,Reporting,Moving,11.43,False,UC-31,Shalimar Town,Zone-7,Loader Rickshaw,Shalimar Town,True,2026-08-11
-,LR-2878,LR2878,Lahore,"Tehsil Office, Shalimar Town",LWMC-ShTo,-,-,moving,on,25.265,131.83,31.574469,74.38714,11/08/2026 10:17 AM,11/08/2026 11:00 AM,Reporting,Parked,11.28,False,UC-153,Shalimar Town,Zone-10,Loader Rickshaw,Shalimar Town,True,2026-08-11
-,LR-2495,LR2495,Lahore,"Tehsil Office, Shalimar Town",LWMC-ShTo,-,-,moving,on,14.859,246.44,31.578653,74.363255,11/08/2026 10:10 AM,11/08/2026 11:00 AM,Reporting,Moving,12.05,False,UC-126,Shalimar Town,Zone-9,Loader Rickshaw,Shalimar Town,True,2026-08-11
-,LR-2070,LR2070,Lahore,"Tehsil Office, Shalimar Town",LWMC-ShTo,-,-,still,off,14.454,238.98,31.585299,74.341899,11/08/2026 10:12 AM,11/08/2026 11:00 AM,Reporting,Moving,12.35,False,UC-46,Shalimar Town,Zone-7,Loader Rickshaw,Shalimar Town,True,2026-08-11
-,LR-2610,LR2610,Lahore,"Tehsil Office, Shalimar Town",LWMC-ShTo,-,-,still,off,20.74,551.21,31.580726,74.383981,11/08/2026 09:52 AM,11/08/2026 10:00 AM,Reporting,Moving,11.74,False,UC-153,Shalimar Town,Zone-10,Loader Rickshaw,Shalimar Town,True,2026-08-11
-,LR-2105,LR2105,Lahore,"Tehsil Office, Shalimar Town",LWMC-ShTo,-,-,moving,on,16.244,175.38,31.581249,74.388069,11/08/2026 10:45 AM,11/08/2026 11:00 AM,Reporting,Moving,9.7,False,UC-154,Shalimar Town,Zone-10,Loader Rickshaw,Shalimar Town,True,2026-08-11
-,LR-2879,LR2879,Lahore,"Tehsil Office, Shalimar Town",LWMC-ShTo,-,-,still,off,15.412,149.31,31.607149,74.358184,11/08/2026 10:31 AM,11/08/2026 11:00 AM,Reporting,Idle,12.61,False,UC-161,Shalimar Town,Zone-9,Loader Rickshaw,Shalimar Town,True,2026-08-11
-,S-79,S79,Lahore,"Tehsil Office, Shalimar Town",LWMC-ShTo,-,-,moving,on,25.03,118.41,31.605659,74.360502,11/08/2026 10:37 AM,11/08/2026 11:00 AM,Reporting,Parked,11.79,False,UC-161,Shalimar Town,Zone-9,Mini Dumper,Shalimar Town,True,2026-08-11
-,LR-2205,LR2205,Lahore,"Tehsil Office, Shalimar Town",LWMC-ShTo,-,-,moving,on,15.408,255.61,31.593713,74.344007,11/08/2026 10:42 AM,11/08/2026 11:00 AM,Reporting,Moving,12.05,False,UC-40,Shalimar Town,Zone-7,Loader Rickshaw,Shalimar Town,True,2026-08-11
-,LR-2104,LR2104,Lahore,"Tehsil Office, Shalimar Town",LWMC-ShTo,-,-,still,off,9.354,293.86,31.60349,74.348709,11/08/2026 10:41 AM,11/08/2026 11:00 AM,Reporting,Moving,11.79,False,UC-26,Shalimar Town,Zone-6,Loader Rickshaw,Shalimar Town,True,2026-08-11
-,LR-2190,LR2190,Lahore,"Tehsil Office, Shalimar Town",LWMC-ShTo,-,-,moving,on,16.229,104.54,31.584878,74.346279,11/08/2026 10:26 AM,11/08/2026 11:00 AM,Reporting,Parked,11.69,False,,,,Loader Rickshaw,Shalimar Town,False,2026-08-11
-,LR-2496,LR2496,Lahore,"Tehsil Office, Shalimar Town",LWMC-ShTo,-,-,moving,on,28.186,194.69,31.609742,74.381315,11/08/2026 10:10 AM,11/08/2026 11:00 AM,Reporting,Parked,12.3,False,UC-108,Wagha Town,Zone-13,Loader Rickshaw,Shalimar Town,False,2026-08-11
-,LR-2378,LR2378,Lahore,"Tehsil Office, Shalimar Town",LWMC-ShTo,-,-,moving,on,11.849,250.01,31.593892,74.345311,11/08/2026 10:42 AM,11/08/2026 11:00 AM,Reporting,Moving,11.89,False,UC-40,Shalimar Town,Zone-7,Loader Rickshaw,Shalimar Town,True,2026-08-11
-,LR-2876,LR2876,Lahore,"Tehsil Office, Shalimar Town",LWMC-ShTo,-,-,moving,on,9.669,180.34,31.603224,74.353835,11/08/2026 10:18 AM,11/08/2026 11:00 AM,Reporting,Parked,11.79,False,UC-24,Shalimar Town,Zone-6,Loader Rickshaw,Shalimar Town,True,2026-08-11
23335,LR-0970,LR0970,Lahore,"Tehsil Office, Shalimar Town",LWMC-ShTo,Loader Rickshaw,Door To Door Collection,still,off,,,31.610565,74.381468,11/08/2026 09:28 AM,11/08/2026 10:30 AM,Reporting,No Activity Since Yesterday,10.77,False,UC-108,Wagha Town,Zone-13,Loader Rickshaw,Shalimar Town,False,2026-08-11
-,LR-2944,LR2944,Lahore,"Tehsil Office, Shalimar Town",LWMC-ShTo,-,-,still,off,11.553,123.51,31.59806,74.353319,11/08/2026 10:08 AM,11/08/2026 10:30 AM,Reporting,Parked,11.54,False,UC-161,Shalimar Town,Zone-9,Loader Rickshaw,Shalimar Town,True,2026-08-11
-,SD-04,SD04,Lahore,"Tehsil Office, Shalimar Town",LWMC-ShTo,-,-,moving,on,64.619,243.46,31.609621,74.305317,11/08/2026 10:31 AM,11/08/2026 11:00 AM,Reporting,Moving,12.2,False,,,,Dumper,Shalimar Town,False,2026-08-11
-,LR-2790,LR2790,Lahore,"Tehsil Office, Shalimar Town",LWMC-ShTo,-,-,moving,on,14.543,125.58,31.604245,74.334301,11/08/2026 10:37 AM,11/08/2026 11:00 AM,Reporting,Moving,11.64,False,UC-23,Ravi Town,Zone-3,Loader Rickshaw,Shalimar Town,False,2026-08-11
-,S-32,S32,Lahore,"Tehsil Office, Shalimar Town",LWMC-ShTo,-,-,still,off,30.833,90.78,31.577933,74.363018,11/08/2026 09:43 AM,11/08/2026 10:00 AM,Reporting,Parked,11.94,False,UC-127,Shalimar Town,Zone-8,Mini Dumper,Shalimar Town,True,2026-08-11
25270,LR-0357,LR0357,Lahore,"Tehsil Office, Shalimar Town",LWMC-ShTo,Loader Rickshaw,Door to Door Collection,still,off,16.857,123.91,31.582299,74.346217,11/08/2026 10:17 AM,11/08/2026 11:00 AM,Reporting,Parked,11.59,False,UC-43,Shalimar Town,Zone-8,Loader Rickshaw,Shalimar Town,True,2026-08-11
-,LR-1297,LR1297,Lahore,"Tehsil Office, Shalimar Town",LWMC-ShTo,-,-,moving,on,18.493,170.03,31.591204,74.345271,11/08/2026 10:13 AM,11/08/2026 11:00 AM,Reporting,Parked,12.05,False,UC-40,Shalimar Town,Zone-7,Loader Rickshaw,Shalimar Town,True,2026-08-11
-,WR-0030,WR0030,Lahore,"Tehsil Office, Shalimar Town",LWMC-ShTo,-,-,still,off,17.042,134.36,31.608751,74.380202,11/08/2026 10:31 AM,11/08/2026 11:00 AM,Reporting,Parked,11.94,False,UC-108,Wagha Town,Zone-13,Washer Rickshaw,Shalimar Town,False,2026-08-11
-,LR-2103,LR2103,Lahore,"Tehsil Office, Shalimar Town",LWMC-ShTo,-,-,still,off,14.697,158.25,31.604745,74.348597,11/08/2026 10:40 AM,11/08/2026 11:00 AM,Reporting,Moving,12.76,False,UC-26,Shalimar Town,Zone-6,Loader Rickshaw,Shalimar Town,True,2026-08-11
-,LR-1788,LR1788,Lahore,"Tehsil Office, Shalimar Town",LWMC-ShTo,-,-,moving,on,11.407,50.93,31.586039,74.33498,11/08/2026 10:24 AM,11/08/2026 10:30 AM,Reporting,Parked,12.35,False,UC-31,Shalimar Town,Zone-7,Loader Rickshaw,Shalimar Town,True,2026-08-11
-,LR-2331,LR2331,Lahore,"Tehsil Office, Shalimar Town",LWMC-ShTo,-,-,moving,on,24.312,143.96,31.581928,74.386952,11/08/2026 10:06 AM,11/08/2026 11:00 AM,Reporting,Parked,12.2,False,UC-154,Shalimar Town,Zone-10,Loader Rickshaw,Shalimar Town,True,2026-08-11
-,LR-2063,LR2063,Lahore,"Tehsil Office, Shalimar Town",LWMC-ShTo,-,-,still,off,16.115,177.55,31.588942,74.353157,11/08/2026 10:48 AM,11/08/2026 11:00 AM,Reporting,Idle,11.64,False,UC-167,Shalimar Town,Zone-8,Loader Rickshaw,Shalimar Town,True,2026-08-11
-,S-110,S110,Lahore,"Tehsil Office, Shalimar Town",LWMC-ShTo,-,-,still,off,18.929,100.15,31.599663,74.344724,11/08/2026 09:44 AM,11/08/2026 11:00 AM,Reporting,Moving,13.98,False,UC-28,Shalimar Town,Zone-6,Mini Dumper,Shalimar Town,True,2026-08-11
-,S-396,S396,Lahore,"Tehsil Office, Shalimar Town",LWMC-ShTo,-,-,moving,on,32.843,158.55,31.599908,74.352002,11/08/2026 10:42 AM,11/08/2026 11:00 AM,Reporting,Moving,12.1,False,UC-24,Shalimar Town,Zone-6,Mini Dumper,Shalimar Town,True,2026-08-11
-,LR-0613,LR0613,Lahore,"Tehsil Office, Gulberg Town",LWMC-GuTo,-,-,moving,on,24.094,107.83,31.477166,74.346158,11/08/2026 10:41 AM,11/08/2026 11:00 AM,Reporting,Parked,12.0,False,UC-206,Gulberg Town,Zone-22,Loader Rickshaw,Gulberg Town,True,2026-08-11
22566,LR-1132,LR1132,Lahore,"Tehsil Office, Gulberg Town",LWMC-GuTo,Loader Rickshaw,Door To Door Collection,moving,on,25.264,113.51,31.467849,74.311538,11/08/2026 10:05 AM,11/08/2026 11:00 AM,Reporting,Parked,12.51,False,UC-210,Gulberg Town,Zone-23,Loader Rickshaw,Gulberg Town,True,2026-08-11
19826,S-327,S327,Lahore,"Tehsil Office, Gulberg Town",LWMC-GuTo,Mini Dumper,Bulk Waste Collection,moving,on,30.537,88.34,31.49071,74.337367,11/08/2026 10:04 AM,11/08/2026 10:30 AM,Reporting,Parked,13.53,False,UC-206,Gulberg Town,Zone-22,Mini Dumper,Gulberg Town,True,2026-08-11
22561,LR-1127,LR1127,Lahore,"Tehsil Office, Gulberg Town",LWMC-GuTo,Loader Rickshaw,Door To Door Collection,moving,on,18.097,130.28,31.495257,74.318706,11/08/2026 10:17 AM,11/08/2026 11:00 AM,Reporting,Parked,7.71,False,UC-209,Gulberg Town,Zone-23,Loader Rickshaw,Gulberg Town,True,2026-08-11
-,D-17,D17,Lahore,"Tehsil Office, Gulberg Town",LWMC-GuTo,-,-,moving,on,23.85,135.33,31.52301,74.354799,11/08/2026 10:42 AM,11/08/2026 11:00 AM,Reporting,Moving,28.16,False,UC-201,Gulberg Town,Zone-21,Dumper,Gulberg Town,True,2026-08-11
18562,C-1340,C1340,Lahore,"Tehsil Office, Gulberg Town",LWMC-GuTo,Compactor (13CM),Container-Based Collection,moving,on,57.701,273.08,31.507971,74.347482,11/08/2026 10:47 AM,11/08/2026 11:00 AM,Reporting,Moving,24.44,False,UC-202,Gulberg Town,Zone-21,Compactor,Gulberg Town,True,2026-08-11
19790,M-69,M69,Lahore,"Tehsil Office, Gulberg Town",LWMC-GuTo,Mini Dumper,Bulk Waste Collection,moving,on,21.236,200.83,31.464617,74.340886,11/08/2026 09:56 AM,11/08/2026 11:00 AM,Reporting,Excess Idling,11.43,False,UC-227,Nishter Town,Zone-44,Foton-Mini Dumper,Gulberg Town,False,2026-08-11
-,LR-1990,LR1990,Lahore,"Tehsil Office, Gulberg Town",LWMC-GuTo,-,-,still,off,,,31.532835,74.360692,11/08/2026 09:43 AM,11/08/2026 11:00 AM,Reporting,No Activity Since Yesterday,11.33,False,UC-200,Gulberg Town,Zone-20,Loader Rickshaw,Gulberg Town,True,2026-08-11
19122,LD-07,LD07,Lahore,"Tehsil Office, Gulberg Town",LWMC-GuTo,Loader Rickshaw,Bulk Waste Collection,moving,on,10.722,64.26,31.505849,74.326173,11/08/2026 10:36 AM,11/08/2026 11:00 AM,Reporting,Parked,12.61,False,UC-208,Gulberg Town,Zone-23,Loader,Gulberg Town,True,2026-08-11
18561,C-1356,C1356,Lahore,"Tehsil Office, Gulberg Town",LWMC-GuTo,Compactor (13CM),Container-Based Collection,moving,on,55.78,318.88,31.461397,74.322816,11/08/2026 10:35 AM,11/08/2026 11:00 AM,Reporting,Moving,12.1,False,UC-233,Allama Iqbal Town,Zone-39,Compactor,Gulberg Town,False,2026-08-11
19813,S-329,S329,Lahore,"Tehsil Office, Gulberg Town",LWMC-GuTo,Mini Dumper,Bulk Waste Collection,moving,on,35.733,102.79,31.568915,74.358765,11/08/2026 10:33 AM,11/08/2026 11:00 AM,Reporting,Parked,13.53,False,UC-119,Gulberg Town,Zone-19,Mini Dumper,Gulberg Town,True,2026-08-11
22585,LR-0986,LR0986,Lahore,"Tehsil Office, Gulberg Town",LWMC-GuTo,Loader Rickshaw,Door To Door Collection,moving,on,21.02,104.9,31.453711,74.337937,11/08/2026 10:22 AM,11/08/2026 11:00 AM,Reporting,Parked,13.83,False,UC-229,Nishter Town,Zone-44,Loader Rickshaw,Gulberg Town,False,2026-08-11
-,LR-3115,LR3115,Lahore,"Tehsil Office, Gulberg Town",LWMC-GuTo,-,-,moving,on,28.531,122.61,31.318028,74.439662,11/08/2026 10:33 AM,11/08/2026 11:00 AM,Reporting,Parked,11.38,False,UC-253,Nishter Town,Zone-49,,Gulberg Town,False,2026-08-11
18566,C-1338,C1338,Lahore,"Tehsil Office, Gulberg Town",LWMC-GuTo,Compactor (13CM),Container-Based Collection,still,off,51.371,331.14,31.563542,74.347692,11/08/2026 10:47 AM,11/08/2026 11:00 AM,Reporting,Moving,28.01,False,UC-124,Gulberg Town,Zone-19,Compactor,Gulberg Town,True,2026-08-11
19803,M-47,M47,Lahore,"Tehsil Office, Gulberg Town",LWMC-GuTo,Mini Dumper,Bulk Waste Collection,moving,on,36.275,140.06,31.502861,74.327167,11/08/2026 10:13 AM,11/08/2026 11:00 AM,Reporting,Parked,11.94,False,UC-208,Gulberg Town,Zone-23,Foton-Mini Dumper,Gulberg Town,True,2026-08-11
22564,LR-1130,LR1130,Lahore,"Tehsil Office, Gulberg Town",LWMC-GuTo,Loader Rickshaw,Door To Door Collection,still,off,,,31.532763,74.360749,11/08/2026 09:43 AM,11/08/2026 11:00 AM,Reporting,No Activity Since Yesterday,11.23,False,UC-200,Gulberg Town,Zone-20,,Gulberg Town,True,2026-08-11
22567,LR-1133,LR1133,Lahore,"Tehsil Office, Gulberg Town",LWMC-GuTo,Loader Rickshaw,Door To Door Collection,moving,on,19.982,586.64,31.476906,74.308989,11/08/2026 10:18 AM,11/08/2026 10:30 AM,Reporting,Idle,11.84,False,UC-210,Gulberg Town,Zone-23,Loader Rickshaw,Gulberg Town,True,2026-08-11
22536,LR-1147,LR1147,Lahore,"Tehsil Office, Gulberg Town",LWMC-GuTo,Loader Rickshaw,Door To Door Collection,moving,on,12.097,98.66,31.519973,74.359838,11/08/2026 10:25 AM,11/08/2026 11:00 AM,Reporting,Parked,12.76,False,UC-201,Gulberg Town,Zone-21,Loader Rickshaw,Gulberg Town,True,2026-08-11
19794,S-276,S276,Lahore,"Tehsil Office, Gulberg Town",LWMC-GuTo,Mini Dumper,Bulk Waste Collection,still,off,,,31.478224,74.344215,11/08/2026 09:22 AM,11/08/2026 10:30 AM,Reporting,No Activity Since Yesterday,11.84,False,UC-206,Gulberg Town,Zone-22,Mini Dumper,Gulberg Town,True,2026-08-11
-,SD-15,SD15,Lahore,"Tehsil Office, Gulberg Town",LWMC-GuTo,-,-,moving,on,45.686,105.5,31.571798,74.368218,11/08/2026 10:35 AM,11/08/2026 11:00 AM,Reporting,Parked,28.32,False,UC-120,Gulberg Town,Zone-19,Dumper,Gulberg Town,True,2026-08-11
-,LR-2577,LR2577,Lahore,"Tehsil Office, Gulberg Town",LWMC-GuTo,-,-,moving,on,19.949,70.48,31.478706,74.349283,11/08/2026 10:35 AM,11/08/2026 11:00 AM,Reporting,Parked,12.2,False,,,,Loader Rickshaw,Gulberg Town,False,2026-08-11
22587,LR-0988,LR0988,Lahore,"Tehsil Office, Gulberg Town",LWMC-GuTo,Loader Rickshaw,Door To Door Collection,moving,on,21.812,283.81,31.458123,74.333626,11/08/2026 10:26 AM,11/08/2026 11:00 AM,Reporting,Moving,13.47,False,UC-225,Gulberg Town,Zone-22,Loader Rickshaw,Gulberg Town,True,2026-08-11
22509,LR-0515,LR0515,Lahore,"Tehsil Office, Gulberg Town",LWMC-GuTo,Loader Rickshaw,Door To Door Collection,moving,on,26.717,312.26,31.562733,74.345577,11/08/2026 10:38 AM,11/08/2026 11:00 AM,Reporting,Moving,12.1,False,UC-173,Gulberg Town,Zone-20,Loader Rickshaw,Gulberg Town,True,2026-08-11
-,LR-3064,LR3064,Lahore,"Tehsil Office, Gulberg Town",LWMC-GuTo,-,-,still,off,10.571,49.54,31.468257,74.341655,11/08/2026 10:05 AM,11/08/2026 10:30 AM,Reporting,Parked,11.74,False,UC-226,Gulberg Town,Zone-22,,Gulberg Town,True,2026-08-11
-,LR-3116,LR3116,Lahore,"Tehsil Office, Gulberg Town",LWMC-GuTo,-,-,moving,on,5.701,63.31,31.393881,74.359947,11/08/2026 09:33 AM,11/08/2026 10:00 AM,Reporting,Moving,11.13,False,UC-244,Nishter Town,Zone-48,,Gulberg Town,False,2026-08-11
22579,LR-0658,LR0658,Lahore,"Tehsil Office, Gulberg Town",LWMC-GuTo,Loader Rickshaw,Door To Door Collection,still,off,0.038,0.1,31.533045,74.360733,11/08/2026 09:29 AM,11/08/2026 11:00 AM,Reporting,No Activity Since Yesterday,12.1,False,UC-200,Gulberg Town,Zone-20,Loader Rickshaw,Gulberg Town,True,2026-08-11
-,D-49,D49,Lahore,"Tehsil Office, Gulberg Town",LWMC-GuTo,-,-,moving,on,80.167,194.65,31.60496,74.399607,11/08/2026 10:25 AM,11/08/2026 11:00 AM,Reporting,Moving,28.67,False,,,,Dumper,Gulberg Town,False,2026-08-11
22572,LR-1043,LR1043,Lahore,"Tehsil Office, Gulberg Town",LWMC-GuTo,Loader Rickshaw,Door To Door Collection,still,off,25.834,263.39,31.467792,74.313316,11/08/2026 10:12 AM,11/08/2026 11:00 AM,Reporting,Moving,12.25,False,UC-210,Gulberg Town,Zone-23,Loader Rickshaw,Gulberg Town,True,2026-08-11
-,LR-1941,LR1941,Lahore,"Tehsil Office, Gulberg Town",LWMC-GuTo,-,-,moving,on,23.955,239.51,31.454694,74.336302,11/08/2026 10:05 AM,11/08/2026 10:30 AM,Reporting,Moving,12.25,False,UC-228,Nishter Town,Zone-44,Loader Rickshaw,Gulberg Town,False,2026-08-11
19797,S-119,S119,Lahore,"Tehsil Office, Gulberg Town",LWMC-GuTo,Mini Dumper,Bulk Waste Collection,still,off,32.309,306.96,31.564807,74.373247,11/08/2026 10:40 AM,11/08/2026 11:00 AM,Reporting,Moving,11.59,False,UC-122,Gulberg Town,Zone-19,Mini Dumper,Gulberg Town,True,2026-08-11
22545,LR-1036,LR1036,Lahore,"Tehsil Office, Gulberg Town",LWMC-GuTo,Loader Rickshaw,Door To Door Collection,moving,on,27.081,261.89,31.461123,74.34019,11/08/2026 10:21 AM,11/08/2026 11:00 AM,,,,,UC-227,Nishter Town,Zone-44,Loader Rickshaw,Gulberg Town,False,2026-08-11
22532,LR-0985,LR0985,Lahore,"Tehsil Office, Gulberg Town",LWMC-GuTo,Loader Rickshaw,Door To Door Collection,still,off,16.59,328.78,31.529401,74.345948,11/08/2026 10:47 AM,11/08/2026 11:00 AM,Reporting,Moving,13.83,False,UC-200,Gulberg Town,Zone-20,Loader Rickshaw,Gulberg Town,True,2026-08-11
19836,S-113,S113,Lahore,"Tehsil Office, Gulberg Town",LWMC-GuTo,Mini Dumper,Bulk Waste Collection,moving,on,29.73,139.08,31.513354,74.327902,11/08/2026 10:38 AM,11/08/2026 11:00 AM,Reporting,Parked,13.53,False,UC-208,Gulberg Town,Zone-23,Mini Dumper,Gulberg Town,True,2026-08-11
22519,LR-1142,LR1142,Lahore,"Tehsil Office, Gulberg Town",LWMC-GuTo,Loader Rickshaw,Door To Door Collection,moving,on,10.771,237.13,31.563944,74.341442,11/08/2026 10:14 AM,11/08/2026 11:00 AM,Reporting,Excess Idling,10.87,False,UC-172,Gulberg Town,Zone-20,Loader Rickshaw,Gulberg Town,True,2026-08-11
-,LR-1560,LR1560,Lahore,"Tehsil Office, Gulberg Town",LWMC-GuTo,-,-,moving,on,16.07,282.44,31.569682,74.366379,11/08/2026 09:57 AM,11/08/2026 11:00 AM,Reporting,Idle,12.66,False,,,,Loader Rickshaw,Gulberg Town,False,2026-08-11
22530,LR-0983,LR0983,Lahore,"Tehsil Office, Gulberg Town",LWMC-GuTo,Loader Rickshaw,Door To Door Collection,moving,on,5.769,105.65,31.525061,74.340607,11/08/2026 10:39 AM,11/08/2026 11:00 AM,Reporting,Moving,11.15,False,UC-200,Gulberg Town,Zone-20,Loader Rickshaw,Gulberg Town,True,2026-08-11
-,LR-2564,LR2564,Lahore,"Tehsil Office, Gulberg Town",LWMC-GuTo,-,-,still,off,18.227,48.21,31.559465,74.338642,11/08/2026 10:11 AM,11/08/2026 10:30 AM,Reporting,Parked,8.27,False,UC-173,Gulberg Town,Zone-20,Loader Rickshaw,Gulberg Town,True,2026-08-11
-,P-61,P61,Lahore,"Tehsil Office, Gulberg Town",LWMC-GuTo,-,-,still,off,28.049,60.48,31.457238,74.348152,11/08/2026 09:29 AM,11/08/2026 10:30 AM,Reporting,Parked,12.56,False,UC-228,Nishter Town,Zone-44,Pickup,Gulberg Town,False,2026-08-11
19811,S-191,S191,Lahore,"Tehsil Office, Gulberg Town",LWMC-GuTo,Mini Dumper,Bulk Waste Collection,moving,on,13.704,73.9,31.461254,74.328353,11/08/2026 10:16 AM,11/08/2026 11:00 AM,Reporting,Moving,12.25,False,UC-225,Gulberg Town,Zone-22,Mini Dumper,Gulberg Town,True,2026-08-11
-,LR-1989,LR1989,Lahore,"Tehsil Office, Gulberg Town",LWMC-GuTo,-,-,moving,on,16.848,103.33,31.462094,74.340185,11/08/2026 10:29 AM,11/08/2026 11:00 AM,Reporting,Parked,13.58,False,UC-227,Nishter Town,Zone-44,Loader Rickshaw,Gulberg Town,False,2026-08-11
19814,S-252,S252,Lahore,"Tehsil Office, Gulberg Town",LWMC-GuTo,Mini Dumper,Bulk Waste Collection,moving,on,35.264,167.23,31.529707,74.35881,11/08/2026 10:36 AM,11/08/2026 11:00 AM,Reporting,Moving,12.81,False,UC-200,Gulberg Town,Zone-20,Mini Dumper,Gulberg Town,True,2026-08-11
-,SD-16,SD16,Lahore,"Tehsil Office, Gulberg Town",LWMC-GuTo,-,-,moving,on,45.401,160.33,31.578582,74.367107,11/08/2026 10:43 AM,11/08/2026 11:00 AM,Reporting,Moving,27.7,False,UC-126,Shalimar Town,Zone-9,Dumper,Gulberg Town,False,2026-08-11
22541,LR-1034,LR1034,Lahore,"Tehsil Office, Gulberg Town",LWMC-GuTo,Loader Rickshaw,Door To Door Collection,still,off,,,31.532629,74.360689,11/08/2026 09:19 AM,11/08/2026 10:30 AM,Reporting,No Activity Since Yesterday,12.2,False,UC-200,Gulberg Town,Zone-20,Loader Rickshaw,Gulberg Town,True,2026-08-11
22538,LR-1031,LR1031,Lahore,"Tehsil Office, Gulberg Town",LWMC-GuTo,Loader Rickshaw,Door To Door Collection,moving,on,37.115,564.14,31.488376,74.348754,11/08/2026 10:28 AM,11/08/2026 11:00 AM,Reporting,Idle,12.66,False,,,,Loader Rickshaw,Gulberg Town,False,2026-08-11
19827,M-23,M23,Lahore,"Tehsil Office, Gulberg Town",LWMC-GuTo,Mini Dumper,Bulk Waste Collection,moving,on,22.255,78.68,31.464489,74.341217,11/08/2026 10:30 AM,11/08/2026 11:00 AM,Reporting,Moving,14.34,False,UC-227,Nishter Town,Zone-44,Foton-Mini Dumper,Gulberg Town,False,2026-08-11
18560,C-1341,C1341,Lahore,"Tehsil Office, Gulberg Town",LWMC-GuTo,Compactor (13CM),Container-Based Collection,still,off,50.585,296.88,31.571748,74.335334,11/08/2026 10:32 AM,11/08/2026 11:00 AM,Reporting,Moving,13.22,False,UC-172,Gulberg Town,Zone-20,Compactor,Gulberg Town,True,2026-08-11
-,LR-3093,LR3093,Lahore,"Tehsil Office, Gulberg Town",LWMC-GuTo,-,-,moving,on,14.379,140.15,31.358336,74.370398,11/08/2026 10:09 AM,11/08/2026 10:30 AM,Reporting,Moving,12.56,False,UC-248,Nishter Town,Zone-49,,Gulberg Town,False,2026-08-11
-,TLD-03 (MFL-01),TLD03MFL01,Lahore,"Tehsil Office, Gulberg Town",LWMC-GuTo,-,-,still,off,13.694,302.73,31.501759,74.320222,11/08/2026 10:10 AM,11/08/2026 11:00 AM,Reporting,Excess Idling,11.69,False,UC-208,Gulberg Town,Zone-23,,Gulberg Town,True,2026-08-11
18564,C-1337,C1337,Lahore,"Tehsil Office, Gulberg Town",LWMC-GuTo,Compactor (13CM),Container-Based Collection,moving,on,18.589,206.93,31.529319,74.336301,11/08/2026 10:41 AM,11/08/2026 11:00 AM,Reporting,Moving,12.25,False,UC-200,Gulberg Town,Zone-20,Compactor,Gulberg Town,True,2026-08-11
19808,M-81,M81,Lahore,"Tehsil Office, Gulberg Town",LWMC-GuTo,Mini Dumper,Bulk Waste Collection,moving,on,44.296,174.3,31.543663,74.353632,11/08/2026 10:32 AM,11/08/2026 11:00 AM,Reporting,Moving,12.15,False,UC-185,Gulberg Town,Zone-20,Foton-Mini Dumper,Gulberg Town,True,2026-08-11
19809,S-190,S190,Lahore,"Tehsil Office, Gulberg Town",LWMC-GuTo,Mini Dumper,Bulk Waste Collection,still,off,25.007,280.6,31.525667,74.337747,11/08/2026 10:40 AM,11/08/2026 11:00 AM,Reporting,Moving,11.69,False,UC-200,Gulberg Town,Zone-20,Mini Dumper,Gulberg Town,True,2026-08-11
-,WBR-21,WBR21,Lahore,"Tehsil Office, Gulberg Town",LWMC-GuTo,-,-,moving,on,9.145,36.73,31.563132,74.335432,11/08/2026 10:35 AM,11/08/2026 11:00 AM,Reporting,Parked,12.05,False,UC-172,Gulberg Town,Zone-20,,Gulberg Town,True,2026-08-11
-,LR-1572,LR1572,Lahore,"Tehsil Office, Gulberg Town",LWMC-GuTo,-,-,moving,on,16.117,99.38,31.564158,74.348321,11/08/2026 10:41 AM,11/08/2026 11:00 AM,Reporting,Parked,12.1,False,UC-123,Gulberg Town,Zone-19,Loader Rickshaw,Gulberg Town,True,2026-08-11
19823,S-11,S11,Lahore,"Tehsil Office, Gulberg Town",LWMC-GuTo,Mini Dumper,Bulk Waste Collection,moving,on,35.219,94.28,31.566756,74.346223,11/08/2026 09:45 AM,11/08/2026 11:00 AM,Reporting,Parked,12.86,False,UC-123,Gulberg Town,Zone-19,Mini Dumper,Gulberg Town,True,2026-08-11
18671,C-735,C735,Lahore,"Tehsil Office, Gulberg Town",LWMC-GuTo,Compactor (7CM),Container-Based Collection,moving,on,44.633,212.08,31.535463,74.340868,11/08/2026 10:30 AM,11/08/2026 11:00 AM,Reporting,Moving,12.81,False,UC-198,DGBT,Zone-26,Compactor,Gulberg Town,False,2026-08-11
19798,S-360,S360,Lahore,"Tehsil Office, Gulberg Town",LWMC-GuTo,Mini Dumper,Bulk Waste Collection,moving,on,28.475,172.51,31.569096,74.36613,11/08/2026 10:10 AM,11/08/2026 11:00 AM,Reporting,Parked,13.12,False,UC-119,Gulberg Town,Zone-19,Mini Dumper,Gulberg Town,True,2026-08-11
-,C-1354,C1354,Lahore,"Tehsil Office, Gulberg Town",LWMC-GuTo,-,-,moving,on,51.246,264.96,31.47665,74.342999,11/08/2026 10:15 AM,11/08/2026 11:00 AM,Reporting,Moving,28.26,False,UC-226,Gulberg Town,Zone-22,Compactor,Gulberg Town,True,2026-08-11
-,D-10,D10,Lahore,"Tehsil Office, Gulberg Town",LWMC-GuTo,-,-,still,off,,,31.477643,74.344665,11/08/2026 09:18 AM,11/08/2026 10:30 AM,Reporting,No Activity Since Yesterday,23.83,False,UC-206,Gulberg Town,Zone-22,Dumper,Gulberg Town,True,2026-08-11
19116,MFL-48,MFL48,Lahore,"Tehsil Office, Gulberg Town",LWMC-GuTo,Loader Rickshaw,Bulk Waste Collection,still,off,7.346,339.35,31.464899,74.339812,11/08/2026 10:44 AM,11/08/2026 11:00 AM,Reporting,Excess Idling,12.76,False,UC-226,Gulberg Town,Zone-22,Loader,Nishter Town,False,2026-08-11
22589,LR-0990,LR0990,Lahore,"Tehsil Office, Gulberg Town",LWMC-GuTo,Loader Rickshaw,Door To Door Collection,still,off,13.566,55.38,31.460931,74.328326,11/08/2026 10:35 AM,11/08/2026 11:00 AM,Reporting,Parked,13.68,False,UC-225,Gulberg Town,Zone-22,Loader Rickshaw,Gulberg Town,True,2026-08-11
-,LR-2000,LR2000,Lahore,"Tehsil Office, Gulberg Town",LWMC-GuTo,-,-,still,off,15.364,313.16,31.576197,74.363889,11/08/2026 10:44 AM,11/08/2026 11:00 AM,Reporting,Moving,12.91,False,UC-119,Gulberg Town,Zone-19,Loader Rickshaw,Gulberg Town,True,2026-08-11
-,D-56,D56,Lahore,"Tehsil Office, Gulberg Town",LWMC-GuTo,-,-,moving,on,60.17,143.18,31.610659,74.381978,11/08/2026 10:34 AM,11/08/2026 11:00 AM,Reporting,Moving,13.42,False,UC-108,Wagha Town,Zone-13,Dumper,Gulberg Town,False,2026-08-11
-,C-1355,C1355,Lahore,"Tehsil Office, Gulberg Town",LWMC-GuTo,-,-,moving,on,35.479,194.18,31.464046,74.340528,11/08/2026 10:34 AM,11/08/2026 11:00 AM,Reporting,Moving,14.34,False,UC-227,Nishter Town,Zone-44,Compactor,Gulberg Town,False,2026-08-11
19807,M-21,M21,Lahore,"Tehsil Office, Gulberg Town",LWMC-GuTo,Mini Dumper,Bulk Waste Collection,moving,on,18.161,126.21,31.478594,74.349178,11/08/2026 10:18 AM,11/08/2026 10:30 AM,Reporting,Moving,14.39,False,,,,Foton-Mini Dumper,Gulberg Town,False,2026-08-11
22544,LR-0639,LR0639,Lahore,"Tehsil Office, Gulberg Town",LWMC-GuTo,Loader Rickshaw,Door To Door Collection,moving,on,16.199,73.81,31.551595,74.357088,11/08/2026 10:36 AM,11/08/2026 11:00 AM,Reporting,Moving,11.89,False,UC-185,Gulberg Town,Zone-20,Loader Rickshaw,Gulberg Town,True,2026-08-11
-,LR-1714,LR1714,Lahore,"Tehsil Office, Gulberg Town",LWMC-GuTo,-,-,moving,on,18.96,130.18,31.496703,74.354884,11/08/2026 10:21 AM,11/08/2026 11:00 AM,Reporting,Parked,12.91,False,UC-205,Gulberg Town,Zone-21,Loader Rickshaw,Gulberg Town,True,2026-08-11
-,LR-1716,LR1716,Lahore,"Tehsil Office, Gulberg Town",LWMC-GuTo,-,-,moving,on,22.835,113.06,31.460322,74.339771,11/08/2026 10:15 AM,11/08/2026 11:00 AM,Reporting,Parked,11.64,False,UC-227,Nishter Town,Zone-44,Loader Rickshaw,Gulberg Town,False,2026-08-11
-,LR-1581,LR1581,Lahore,"Tehsil Office, Gulberg Town",LWMC-GuTo,-,-,moving,on,20.088,85.66,31.565718,74.354905,11/08/2026 10:36 AM,11/08/2026 11:00 AM,Reporting,Moving,11.49,False,UC-123,Gulberg Town,Zone-19,Loader Rickshaw,Gulberg Town,True,2026-08-11
22554,LR-0647,LR0647,Lahore,"Tehsil Office, Gulberg Town",LWMC-GuTo,Loader Rickshaw,Door To Door Collection,moving,on,8.577,52.56,31.506038,74.324944,11/08/2026 09:40 AM,11/08/2026 11:00 AM,Reporting,Moving,13.78,False,UC-208,Gulberg Town,Zone-23,Loader Rickshaw,Gulberg Town,True,2026-08-11
-,LR-1997,LR1997,Lahore,"Tehsil Office, Gulberg Town",LWMC-GuTo,-,-,still,off,22.241,184.13,31.459026,74.334543,11/08/2026 10:24 AM,11/08/2026 10:30 AM,Reporting,Moving,12.35,False,UC-225,Gulberg Town,Zone-22,Loader Rickshaw,Gulberg Town,True,2026-08-11
-,MFL-79,MFL79,Lahore,"Tehsil Office, Gulberg Town",LWMC-GuTo,-,-,still,off,29.46,350.76,31.571863,74.368227,11/08/2026 10:14 AM,11/08/2026 11:00 AM,Reporting,Moving,13.88,False,UC-120,Gulberg Town,Zone-19,Loader,Gulberg Town,True,2026-08-11
18669,C-721,C721,Lahore,"Tehsil Office, Gulberg Town",LWMC-GuTo,Compactor (7CM),Container-Based Collection,still,off,,,31.449414,74.311059,11/08/2026 09:26 AM,11/08/2026 10:30 AM,Reporting,No Activity Since Yesterday,24.9,False,UC-234,Allama Iqbal Town,Zone-39,Compactor,Gulberg Town,False,2026-08-11
18668,C-739,C739,Lahore,"Tehsil Office, Gulberg Town",LWMC-GuTo,Compactor (7CM),Container-Based Collection,still,off,62.814,203.8,31.478534,74.343798,11/08/2026 10:09 AM,11/08/2026 10:30 AM,Reporting,Moving,11.94,False,UC-206,Gulberg Town,Zone-22,Compactor,Nishter Town,False,2026-08-11
-,D-48,D48,Lahore,"Tehsil Office, Gulberg Town",LWMC-GuTo,-,-,moving,on,63.046,168.06,31.472398,74.34454,11/08/2026 10:18 AM,11/08/2026 11:00 AM,Reporting,Parked,12.96,False,UC-226,Gulberg Town,Zone-22,Dumper,Gulberg Town,True,2026-08-11
19817,S-287,S287,Lahore,"Tehsil Office, Gulberg Town",LWMC-GuTo,Mini Dumper,Bulk Waste Collection,moving,on,22.876,112.71,31.480033,74.345866,11/08/2026 09:44 AM,11/08/2026 10:30 AM,Reporting,Moving,12.0,False,UC-206,Gulberg Town,Zone-22,Mini Dumper,Gulberg Town,True,2026-08-11
-,LR-2576,LR2576,Lahore,"Tehsil Office, Gulberg Town",LWMC-GuTo,-,-,moving,on,19.331,257.25,31.480183,74.350056,11/08/2026 10:24 AM,11/08/2026 11:00 AM,Reporting,Moving,12.76,False,UC-206,Gulberg Town,Zone-22,Loader Rickshaw,Gulberg Town,True,2026-08-11
19806,M-74,M74,Lahore,"Tehsil Office, Gulberg Town",LWMC-GuTo,Mini Dumper,Bulk Waste Collection,moving,on,37.346,133.94,31.503251,74.348902,11/08/2026 10:35 AM,11/08/2026 11:00 AM,Reporting,Parked,12.61,False,UC-203,Gulberg Town,Zone-21,Foton-Mini Dumper,Gulberg Town,True,2026-08-11
-,WBR-26,WBR26,Lahore,"Tehsil Office, Gulberg Town",LWMC-GuTo,-,-,moving,on,25.14,114.18,31.504166,74.333231,11/08/2026 10:01 AM,11/08/2026 10:30 AM,Reporting,Parked,12.91,False,UC-203,Gulberg Town,Zone-21,,Gulberg Town,True,2026-08-11
-,LR-1999,LR1999,Lahore,"Tehsil Office, Gulberg Town",LWMC-GuTo,-,-,moving,on,7.295,79.13,31.591637,74.369378,11/08/2026 10:34 AM,11/08/2026 11:00 AM,Reporting,Parked,10.87,False,UC-129,Shalimar Town,Zone-9,Loader Rickshaw,Gulberg Town,False,2026-08-11
-,LR-2572,LR2572,Lahore,"Tehsil Office, Gulberg Town",LWMC-GuTo,-,-,moving,on,29.913,102.16,31.472106,74.345054,11/08/2026 09:47 AM,11/08/2026 10:00 AM,Reporting,Moving,11.94,False,UC-206,Gulberg Town,Zone-22,Loader Rickshaw,Gulberg Town,True,2026-08-11
-,LR-1991,LR1991,Lahore,"Tehsil Office, Gulberg Town",LWMC-GuTo,-,-,still,off,21.313,232.78,31.458543,74.335041,11/08/2026 09:58 AM,11/08/2026 10:30 AM,Reporting,Parked,15.06,False,UC-225,Gulberg Town,Zone-22,Loader Rickshaw,Gulberg Town,True,2026-08-11
-,LR-3105,LR3105,Lahore,"Tehsil Office, Gulberg Town",LWMC-GuTo,-,-,moving,on,15.529,107.26,31.36326,74.38242,11/08/2026 09:54 AM,11/08/2026 10:00 AM,Reporting,Moving,13.02,False,UC-248,Nishter Town,Zone-49,,Gulberg Town,False,2026-08-11
22581,LR-0662,LR0662,Lahore,"Tehsil Office, Gulberg Town",LWMC-GuTo,Loader Rickshaw,Door To Door Collection,moving,on,11.976,88.33,31.468427,74.318366,11/08/2026 09:48 AM,11/08/2026 10:30 AM,Reporting,Parked,12.3,False,UC-223,Gulberg Town,Zone-22,Loader Rickshaw,Gulberg Town,True,2026-08-11
22542,LR-1035,LR1035,Lahore,"Tehsil Office, Gulberg Town",LWMC-GuTo,Loader Rickshaw,Door To Door Collection,still,off,29.28,206.68,31.497708,74.336169,11/08/2026 10:29 AM,11/08/2026 11:00 AM,Reporting,Moving,11.69,False,UC-203,Gulberg Town,Zone-21,Loader Rickshaw,Gulberg Town,True,2026-08-11
-,LR-1934,LR1934,Lahore,"Tehsil Office, Gulberg Town",LWMC-GuTo,-,-,still,off,,,31.367974,74.364973,11/08/2026 09:44 AM,11/08/2026 11:00 AM,Reporting,No Activity Since Yesterday,11.18,False,UC-248,Nishter Town,Zone-49,Loader Rickshaw,Gulberg Town,False,2026-08-11
-,C-1353,C1353,Lahore,"Tehsil Office, Gulberg Town",LWMC-GuTo,-,-,still,off,69.741,299.76,31.498638,74.320852,11/08/2026 10:38 AM,11/08/2026 11:00 AM,Reporting,Excess Idling,12.1,False,UC-208,Gulberg Town,Zone-23,Compactor,Gulberg Town,True,2026-08-11
-,LR-2580,LR2580,Lahore,"Tehsil Office, Gulberg Town",LWMC-GuTo,-,-,still,off,32.784,109.48,31.556773,74.352129,11/08/2026 10:34 AM,11/08/2026 11:00 AM,Reporting,Parked,12.47,False,UC-173,Gulberg Town,Zone-20,Loader Rickshaw,Gulberg Town,True,2026-08-11
18558,C-1323,C1323,Lahore,"Tehsil Office, Gulberg Town",LWMC-GuTo,Compactor (13CM),Container-Based Collection,still,off,50.853,273.18,31.500082,74.347183,11/08/2026 10:25 AM,11/08/2026 11:00 AM,Reporting,Excess Idling,23.01,False,UC-204,Gulberg Town,Zone-21,Compactor,Gulberg Town,True,2026-08-11
19829,M-71,M71,Lahore,"Tehsil Office, Gulberg Town",LWMC-GuTo,Mini Dumper,Bulk Waste Collection,moving,on,36.96,154.98,31.493688,74.315028,11/08/2026 10:05 AM,11/08/2026 11:00 AM,Reporting,Parked,13.02,False,UC-209,Gulberg Town,Zone-23,Foton-Mini Dumper,Gulberg Town,True,2026-08-11
-,LR-3061,LR3061,Lahore,"Tehsil Office, Gulberg Town",LWMC-GuTo,-,-,still,off,0.006,,31.53263,74.360672,11/08/2026 08:21 AM,11/08/2026 09:00 AM,Reporting,No Activity Since Yesterday,0.0,True,UC-200,Gulberg Town,Zone-20,,Gulberg Town,True,2026-08-11
-,LR-2574,LR2574,Lahore,"Tehsil Office, Gulberg Town",LWMC-GuTo,-,-,moving,on,29.672,156.26,31.52261,74.340035,11/08/2026 10:03 AM,11/08/2026 11:00 AM,Reporting,Parked,28.21,False,UC-200,Gulberg Town,Zone-20,Loader Rickshaw,Gulberg Town,True,2026-08-11
18565,C-1318,C1318,Lahore,"Tehsil Office, Gulberg Town",LWMC-GuTo,Compactor (13CM),Container-Based Collection,still,off,60.08,255.21,31.478497,74.343827,11/08/2026 10:26 AM,11/08/2026 11:00 AM,Reporting,Excess Idling,14.09,False,UC-206,Gulberg Town,Zone-22,Compactor,Gulberg Town,True,2026-08-11
-,LR-3053,LR3053,Lahore,"Tehsil Office, Gulberg Town",LWMC-GuTo,-,-,still,off,17.104,130.63,31.48977,74.344719,11/08/2026 10:17 AM,11/08/2026 10:30 AM,Reporting,Moving,11.79,False,UC-206,Gulberg Town,Zone-22,,Gulberg Town,True,2026-08-11
-,LR-3109,LR3109,Lahore,"Tehsil Office, Gulberg Town",LWMC-GuTo,-,-,moving,on,23.464,122.43,31.360339,74.369389,11/08/2026 09:25 AM,11/08/2026 10:00 AM,Reporting,Moving,12.0,False,UC-248,Nishter Town,Zone-49,,Gulberg Town,False,2026-08-11
-,M-02,M02,Lahore,"Tehsil Office, Gulberg Town",LWMC-GuTo,-,-,moving,on,20.526,77.26,31.562683,74.380329,11/08/2026 10:06 AM,11/08/2026 10:30 AM,Reporting,Moving,26.38,False,UC-122,Gulberg Town,Zone-19,Foton-Mini Dumper,Gulberg Town,True,2026-08-11
-,SD-17,SD17,Lahore,"Tehsil Office, Gulberg Town",LWMC-GuTo,-,-,still,off,70.034,301.89,31.571873,74.368201,11/08/2026 10:37 AM,11/08/2026 11:00 AM,Reporting,Moving,27.65,False,UC-120,Gulberg Town,Zone-19,Dumper,Gulberg Town,True,2026-08-11
-,WBR-22,WBR22,Lahore,"Tehsil Office, Gulberg Town",LWMC-GuTo,-,-,moving,on,24.573,138.4,31.472186,74.344518,11/08/2026 10:11 AM,11/08/2026 10:30 AM,Reporting,Moving,11.64,False,UC-226,Gulberg Town,Zone-22,,Gulberg Town,True,2026-08-11
22534,LR-1145,LR1145,Lahore,"Tehsil Office, Gulberg Town",LWMC-GuTo,Loader Rickshaw,Door To Door Collection,moving,on,8.758,39.56,31.524724,74.358108,11/08/2026 10:47 AM,11/08/2026 11:00 AM,Reporting,Parked,11.38,False,UC-201,Gulberg Town,Zone-21,Loader Rickshaw,Gulberg Town,True,2026-08-11
19819,M-37,M37,Lahore,"Tehsil Office, Gulberg Town",LWMC-GuTo,Mini Dumper,Bulk Waste Collection,moving,on,40.512,169.98,31.518681,74.347509,11/08/2026 10:11 AM,11/08/2026 11:00 AM,Reporting,Parked,14.49,False,UC-201,Gulberg Town,Zone-21,Foton-Mini Dumper,Gulberg Town,True,2026-08-11
-,LR-2569,LR2569,Lahore,"Tehsil Office, Gulberg Town",LWMC-GuTo,-,-,moving,on,10.48,64.01,31.525259,74.34912,11/08/2026 09:36 AM,11/08/2026 10:00 AM,Reporting,Moving,12.45,False,UC-201,Gulberg Town,Zone-21,Loader Rickshaw,Gulberg Town,True,2026-08-11
-,LR-3097,LR3097,Lahore,"Tehsil Office, Gulberg Town",LWMC-GuTo,-,-,still,off,,,31.574829,74.371392,11/08/2026 09:16 AM,11/08/2026 10:30 AM,Reporting,No Activity Since Yesterday,12.2,False,UC-120,Gulberg Town,Zone-19,,Gulberg Town,True,2026-08-11
-,LR-3094,LR3094,Lahore,"Tehsil Office, Gulberg Town",LWMC-GuTo,-,-,moving,on,28.234,157.96,31.368064,74.365276,11/08/2026 10:31 AM,11/08/2026 11:00 AM,Reporting,Parked,12.25,False,UC-248,Nishter Town,Zone-49,,Gulberg Town,False,2026-08-11
22508,LR-0514,LR0514,Lahore,"Tehsil Office, Gulberg Town",LWMC-GuTo,Loader Rickshaw,Door To Door Collection,moving,on,22.03,130.03,31.582403,74.368215,11/08/2026 10:10 AM,11/08/2026 11:00 AM,Reporting,Parked,12.05,False,,,,Loader Rickshaw,Gulberg Town,False,2026-08-11
18569,C-1306,C1306,Lahore,"Tehsil Office, Gulberg Town",LWMC-GuTo,Compactor (13CM),Container-Based Collection,moving,on,48.396,266.41,31.561994,74.38069,11/08/2026 10:09 AM,11/08/2026 10:30 AM,Reporting,Moving,28.52,False,UC-184,Aziz Bhatti Town,Zone-18,Compactor,Gulberg Town,False,2026-08-11
19799,S-335,S335,Lahore,"Tehsil Office, Gulberg Town",LWMC-GuTo,Mini Dumper,Bulk Waste Collection,moving,on,23.219,142.58,31.464328,74.341299,11/08/2026 10:39 AM,11/08/2026 11:00 AM,Reporting,Parked,13.83,False,UC-227,Nishter Town,Zone-44,Mini Dumper,Gulberg Town,False,2026-08-11
-,LR-1994,LR1994,Lahore,"Tehsil Office, Gulberg Town",LWMC-GuTo,-,-,still,off,17.872,195.38,31.456536,74.337637,11/08/2026 08:36 AM,11/08/2026 10:30 AM,Reporting,Excess Idling,0.0,True,UC-228,Nishter Town,Zone-44,Loader Rickshaw,Gulberg Town,False,2026-08-11
-,LR-1580,LR1580,Lahore,"Tehsil Office, Gulberg Town",LWMC-GuTo,-,-,still,off,20.052,270.8,31.499179,74.355866,11/08/2026 10:39 AM,11/08/2026 11:00 AM,Reporting,Moving,12.91,False,UC-204,Gulberg Town,Zone-21,Loader Rickshaw,Gulberg Town,True,2026-08-11
22556,LR-0650,LR0650,Lahore,"Tehsil Office, Gulberg Town",LWMC-GuTo,Loader Rickshaw,Door To Door Collection,still,off,9.877,64.5,31.503917,74.320335,11/08/2026 10:09 AM,11/08/2026 11:00 AM,Reporting,Parked,11.64,False,UC-208,Gulberg Town,Zone-23,Loader Rickshaw,Gulberg Town,True,2026-08-11
22580,LR-0659,LR0659,Lahore,"Tehsil Office, Gulberg Town",LWMC-GuTo,Loader Rickshaw,Door To Door Collection,moving,on,15.274,91.29,31.458004,74.331584,11/08/2026 10:01 AM,11/08/2026 11:00 AM,Reporting,Moving,11.08,False,UC-233,Allama Iqbal Town,Zone-39,Loader Rickshaw,Gulberg Town,False,2026-08-11
-,C-1352,C1352,Lahore,"Tehsil Office, Gulberg Town",LWMC-GuTo,-,-,moving,on,40.059,199.08,31.430664,74.311192,11/08/2026 10:04 AM,11/08/2026 10:30 AM,Reporting,Moving,14.04,False,UC-233,Allama Iqbal Town,Zone-39,Compactor,Gulberg Town,False,2026-08-11
-,LR-1563,LR1563,Lahore,"Tehsil Office, Gulberg Town",LWMC-GuTo,-,-,moving,on,12.137,255.06,31.560673,74.35288,11/08/2026 10:28 AM,11/08/2026 11:00 AM,Reporting,Parked,12.1,False,UC-124,Gulberg Town,Zone-19,Loader Rickshaw,Gulberg Town,True,2026-08-11
-,LR-1562,LR1562,Lahore,"Tehsil Office, Gulberg Town",LWMC-GuTo,-,-,moving,on,14.004,272.39,31.564396,74.347395,11/08/2026 09:54 AM,11/08/2026 11:00 AM,Reporting,Moving,11.28,False,UC-123,Gulberg Town,Zone-19,Loader Rickshaw,Gulberg Town,True,2026-08-11
-,LR-1566,LR1566,Lahore,"Tehsil Office, Gulberg Town",LWMC-GuTo,-,-,moving,on,26.297,107.29,31.507285,74.334463,11/08/2026 10:44 AM,11/08/2026 11:00 AM,Reporting,Parked,13.93,False,UC-203,Gulberg Town,Zone-21,Loader Rickshaw,Gulberg Town,True,2026-08-11
18555,C-1329,C1329,Lahore,"Tehsil Office, Gulberg Town",LWMC-GuTo,Compactor (13CM),Container-Based Collection,still,off,49.539,241.18,31.510746,74.322642,11/08/2026 10:13 AM,11/08/2026 10:30 AM,Reporting,Moving,28.77,False,UC-208,Gulberg Town,Zone-23,Compactor,Gulberg Town,True,2026-08-11
18670,C-720,C720,Lahore,"Tehsil Office, Gulberg Town",LWMC-GuTo,Compactor (7CM),Container-Based Collection,moving,on,43.338,201.96,31.575713,74.353136,11/08/2026 10:42 AM,11/08/2026 11:00 AM,Reporting,Excess Idling,12.56,False,UC-119,Gulberg Town,Zone-19,Compactor,Gulberg Town,True,2026-08-11
22555,LR-0648,LR0648,Lahore,"Tehsil Office, Gulberg Town",LWMC-GuTo,Loader Rickshaw,Door To Door Collection,moving,on,9.427,51.29,31.5043,74.321756,11/08/2026 08:49 AM,11/08/2026 10:00 AM,Reporting,Parked,12.51,False,UC-208,Gulberg Town,Zone-23,Loader Rickshaw,Gulberg Town,True,2026-08-11
22582,LR-0663,LR0663,Lahore,"Tehsil Office, Gulberg Town",LWMC-GuTo,Loader Rickshaw,Door To Door Collection,moving,on,16.334,71.2,31.460659,74.324668,11/08/2026 10:34 AM,11/08/2026 11:00 AM,Reporting,Parked,12.0,False,UC-233,Allama Iqbal Town,Zone-39,Loader Rickshaw,Gulberg Town,False,2026-08-11
-,LR-3057,LR3057,Lahore,"Tehsil Office, Gulberg Town",LWMC-GuTo,-,-,moving,on,9.032,83.31,31.388262,74.362374,11/08/2026 09:54 AM,11/08/2026 11:00 AM,Reporting,Moving,11.28,False,UC-244,Nishter Town,Zone-48,,Gulberg Town,False,2026-08-11
-,D-07,D07,Lahore,"Tehsil Office, Gulberg Town",LWMC-GuTo,-,-,moving,on,65.672,488.75,31.608642,74.380297,11/08/2026 10:40 AM,11/08/2026 11:00 AM,Reporting,Parked,25.31,False,UC-108,Wagha Town,Zone-13,Dumper,Gulberg Town,False,2026-08-11
-,LR-3086,LR3086,Lahore,"Tehsil Office, Data Gunj Baksh Town",LWMC-DaGB,-,-,moving,on,13.849,238.63,31.572043,74.298421,11/08/2026 10:03 AM,11/08/2026 11:00 AM,Reporting,Idle,13.07,False,UC-57,DGBT,Zone-27,,DGBT,True,2026-08-11
-,LR-2532,LR2532,Lahore,"Tehsil Office, Data Gunj Baksh Town",LWMC-DaGB,-,-,moving,on,14.286,69.29,31.573033,74.292506,11/08/2026 10:28 AM,11/08/2026 11:00 AM,Reporting,Parked,12.25,False,UC-59,DGBT,Zone-29,Loader Rickshaw,DGBT,True,2026-08-11
-,LR-2527,LR2527,Lahore,"Tehsil Office, Data Gunj Baksh Town",LWMC-DaGB,-,-,moving,on,14.19,80.88,31.573332,74.290847,11/08/2026 10:19 AM,11/08/2026 11:00 AM,Reporting,Parked,13.07,False,UC-59,DGBT,Zone-29,Loader Rickshaw,DGBT,True,2026-08-11
-,CA-86,CA86,Lahore,"Tehsil Office, Data Gunj Baksh Town",LWMC-DaGB,-,-,moving,on,73.621,251.44,31.572673,74.279739,11/08/2026 10:34 AM,11/08/2026 11:00 AM,Reporting,Parked,27.55,False,,,,Chain Arm Roll,DGBT,False,2026-08-11
-,P-33,P33,Lahore,"Tehsil Office, Data Gunj Baksh Town",LWMC-DaGB,-,-,moving,on,28.217,154.09,31.580035,74.266362,11/08/2026 10:21 AM,11/08/2026 11:00 AM,Reporting,Moving,11.84,False,UC-1,Ravi Town,Zone-1,Pickup,DGBT,False,2026-08-11
-,MS-5,MS5,Lahore,"Tehsil Office, Data Gunj Baksh Town",LWMC-DaGB,-,-,moving,on,39.386,245.31,31.602708,74.553938,11/08/2026 10:44 AM,11/08/2026 11:00 AM,Reporting,Moving,14.09,False,UC-181,Wagha Town,Zone-13,Mechanical Sweeper,Night Operations,False,2026-08-11
19073,MFL-58,MFL58,Lahore,"Tehsil Office, Data Gunj Baksh Town",LWMC-DaGB,Loader Rickshaw,Bulk Waste Collection,still,off,21.161,313.11,31.57687,74.330079,11/08/2026 10:45 AM,11/08/2026 11:00 AM,Reporting,Moving,13.47,False,UC-70,DGBT,Zone-24,Loader,DGBT,True,2026-08-11
-,LR-2561,LR2561,Lahore,"Tehsil Office, Data Gunj Baksh Town",LWMC-DaGB,-,-,still,off,21.154,97.0,31.533925,74.329253,11/08/2026 10:45 AM,11/08/2026 11:00 AM,Reporting,Parked,14.85,False,UC-199,DGBT,Zone-26,Loader Rickshaw,DGBT,True,2026-08-11
18449,CA-119,CA119,Lahore,"Tehsil Office, Data Gunj Baksh Town",LWMC-DaGB,Chain Arm Roll,Container-Based Collection,moving,on,78.071,283.58,31.578672,74.26381,11/08/2026 10:39 AM,11/08/2026 11:00 AM,Reporting,Moving,27.55,False,UC-1,Ravi Town,Zone-1,Chain Arm Roll,DGBT,False,2026-08-11
18545,C13-24,C1324,Lahore,"Tehsil Office, Data Gunj Baksh Town",LWMC-DaGB,Compactor (13CM),Container-Based Collection,moving,on,44.184,274.5,31.573681,74.298465,11/08/2026 10:24 AM,11/08/2026 11:00 AM,Reporting,Moving,25.36,False,UC-57,DGBT,Zone-27,Compactor,DGBT,True,2026-08-11
-,SD-20,SD20,Lahore,"Tehsil Office, Data Gunj Baksh Town",LWMC-DaGB,-,-,moving,on,52.429,189.65,31.572538,74.287832,11/08/2026 10:04 AM,11/08/2026 10:30 AM,Reporting,Moving,11.43,False,UC-59,DGBT,Zone-29,,DGBT,True,2026-08-11
-,LR-0702,LR0702,Lahore,"Tehsil Office, Data Gunj Baksh Town",LWMC-DaGB,-,-,moving,on,7.385,42.04,31.588553,74.257048,11/08/2026 10:35 AM,11/08/2026 11:00 AM,Reporting,Parked,11.79,False,UC-1,Ravi Town,Zone-1,Loader Rickshaw,DGBT,False,2026-08-11
19740,S-352,S352,Lahore,"Tehsil Office, Data Gunj Baksh Town",LWMC-DaGB,Mini Dumper,Bulk Waste Collection,still,off,42.12,146.9,31.577126,74.296823,11/08/2026 10:45 AM,11/08/2026 11:00 AM,Reporting,Parked,11.89,False,UC-56,DGBT,Zone-29,Mini Dumper,DGBT,True,2026-08-11
-,MFL-105,MFL105,Lahore,"Tehsil Office, Data Gunj Baksh Town",LWMC-DaGB,-,-,moving,on,21.533,292.26,31.51256,74.306667,11/08/2026 10:07 AM,11/08/2026 10:30 AM,Reporting,Idle,14.34,False,UC-216,Samnabad Town,Zone-35,Loader,Samnabad Town,True,2026-08-11
-,LR-1319,LR1319,Lahore,"Tehsil Office, Data Gunj Baksh Town",LWMC-DaGB,-,-,moving,on,12.726,64.28,31.5636,74.279593,11/08/2026 10:30 AM,11/08/2026 11:00 AM,Reporting,Parked,13.94,False,UC-71,Samnabad Town,Zone-31,Loader Rickshaw,DGBT,False,2026-08-11
18659,C-744,C744,Lahore,"Tehsil Office, Data Gunj Baksh Town",LWMC-DaGB,Compactor (7CM),Container-Based Collection,moving,on,51.708,143.65,31.548692,74.337456,11/08/2026 10:23 AM,11/08/2026 11:00 AM,Reporting,Parked,27.96,False,UC-81,DGBT,Zone-26,Compactor,DGBT,True,2026-08-11
19783,S-02,S02,Lahore,"Tehsil Office, Data Gunj Baksh Town",LWMC-DaGB,Mini Dumper,Bulk Waste Collection,still,off,0.008,1.35,31.57331,74.291886,11/08/2026 09:25 AM,11/08/2026 10:30 AM,Reporting,No Activity Since Yesterday,12.81,False,UC-59,DGBT,Zone-29,Mini Dumper,DGBT,True,2026-08-11
-,WR-0038,WR0038,Lahore,"Tehsil Office, Data Gunj Baksh Town",LWMC-DaGB,-,-,still,off,7.987,39.01,31.543032,74.320182,11/08/2026 10:38 AM,11/08/2026 11:00 AM,Reporting,Idle,13.47,False,UC-198,DGBT,Zone-26,Washer Rickshaw,DGBT,True,2026-08-11
19739,S-203,S203,Lahore,"Tehsil Office, Data Gunj Baksh Town",LWMC-DaGB,Mini Dumper,Bulk Waste Collection,still,off,35.252,166.33,31.573028,74.29191,11/08/2026 09:43 AM,11/08/2026 11:00 AM,Reporting,Parked,11.89,False,UC-59,DGBT,Zone-29,Mini Dumper,DGBT,True,2026-08-11
-,LR-2520,LR2520,Lahore,"Tehsil Office, Data Gunj Baksh Town",LWMC-DaGB,-,-,moving,on,17.103,532.1,31.582874,74.261238,11/08/2026 09:50 AM,11/08/2026 10:30 AM,Reporting,Moving,14.39,False,UC-1,Ravi Town,Zone-1,Loader Rickshaw,DGBT,False,2026-08-11
19727,S-301,S301,Lahore,"Tehsil Office, Data Gunj Baksh Town",LWMC-DaGB,Mini Dumper,Bulk Waste Collection,moving,on,28.645,112.51,31.538557,74.323573,11/08/2026 10:27 AM,11/08/2026 11:00 AM,Reporting,Parked,14.34,False,UC-198,DGBT,Zone-26,Mini Dumper,DGBT,True,2026-08-11
18667,C7-18,C718,Lahore,"Tehsil Office, Data Gunj Baksh Town",LWMC-DaGB,Compactor (7CM),Container-Based Collection,moving,on,58.851,288.81,31.576809,74.292571,11/08/2026 10:22 AM,11/08/2026 11:00 AM,Reporting,Parked,12.1,False,UC-56,DGBT,Zone-29,Compactor,DGBT,True,2026-08-11
-,LR-2524,LR2524,Lahore,"Tehsil Office, Data Gunj Baksh Town",LWMC-DaGB,-,-,moving,on,12.27,297.03,31.573596,74.293042,11/08/2026 10:27 AM,11/08/2026 11:00 AM,Reporting,Moving,11.28,False,UC-59,DGBT,Zone-29,Loader Rickshaw,DGBT,True,2026-08-11
19766,S-75,S75,Lahore,"Tehsil Office, Data Gunj Baksh Town",LWMC-DaGB,Mini Dumper,Bulk Waste Collection,moving,on,30.175,161.66,31.562907,74.305086,11/08/2026 10:22 AM,11/08/2026 11:00 AM,Reporting,Moving,13.58,False,UC-61,DGBT,Zone-25,Mini Dumper,DGBT,True,2026-08-11
19765,M-127,M127,Lahore,"Tehsil Office, Data Gunj Baksh Town",LWMC-DaGB,Mini Dumper,Bulk Waste Collection,moving,on,57.945,209.61,31.561888,74.31954,11/08/2026 10:10 AM,11/08/2026 10:30 AM,Reporting,Parked,12.86,False,UC-61,DGBT,Zone-25,Foton-Mini Dumper,DGBT,True,2026-08-11
-,SD-19,SD19,Lahore,"Tehsil Office, Data Gunj Baksh Town",LWMC-DaGB,-,-,still,off,31.512,120.95,31.578799,74.264508,11/08/2026 09:56 AM,11/08/2026 10:30 AM,Reporting,Excess Idling,13.07,False,UC-1,Ravi Town,Zone-1,,DGBT,False,2026-08-11
-,VS-41,VS41,Lahore,"Tehsil Office, Data Gunj Baksh Town",LWMC-DaGB,-,-,still,off,42.658,226.73,31.452191,74.389813,11/08/2026 10:46 AM,11/08/2026 11:00 AM,Reporting,Moving,28.52,False,UC-249,Nishter Town,Zone-45,Vaccume Sweeper,Night Operations,False,2026-08-11
19782,S-251,S251,Lahore,"Tehsil Office, Data Gunj Baksh Town",LWMC-DaGB,Mini Dumper,Bulk Waste Collection,moving,on,36.154,145.08,31.564601,74.329146,11/08/2026 10:38 AM,11/08/2026 11:00 AM,Reporting,Parked,13.32,False,UC-171,DGBT,Zone-25,Mini Dumper,DGBT,True,2026-08-11
19734,S-90,S90,Lahore,"Tehsil Office, Data Gunj Baksh Town",LWMC-DaGB,Mini Dumper,Bulk Waste Collection,still,off,21.507,390.14,31.575057,74.33284,11/08/2026 10:18 AM,11/08/2026 11:00 AM,Reporting,Moving,13.47,False,UC-70,DGBT,Zone-24,Mini Dumper,DGBT,True,2026-08-11
19742,M-28,M28,Lahore,"Tehsil Office, Data Gunj Baksh Town",LWMC-DaGB,Mini Dumper,Bulk Waste Collection,still,off,14.813,74.95,31.55919,74.335386,11/08/2026 10:32 AM,11/08/2026 11:00 AM,Reporting,Parked,13.73,False,UC-185,DGBT,Zone-25,Foton-Mini Dumper,DGBT,True,2026-08-11
19784,S-267,S267,Lahore,"Tehsil Office, Data Gunj Baksh Town",LWMC-DaGB,Mini Dumper,Bulk Waste Collection,moving,on,24.492,128.76,31.578718,74.26454,11/08/2026 10:20 AM,11/08/2026 11:00 AM,Reporting,Parked,11.74,False,UC-1,Ravi Town,Zone-1,Mini Dumper,DGBT,False,2026-08-11
-,LR-0342,LR0342,Lahore,"Tehsil Office, Data Gunj Baksh Town",LWMC-DaGB,-,-,moving,on,11.791,63.33,31.561213,74.289214,11/08/2026 10:32 AM,11/08/2026 11:00 AM,Reporting,Moving,12.4,False,UC-65,DGBT,Zone-29,Loader Rickshaw,DGBT,True,2026-08-11
-,LR-1486,LR1486,Lahore,"Tehsil Office, Data Gunj Baksh Town",LWMC-DaGB,-,-,still,off,10.726,294.19,31.56919,74.287566,11/08/2026 10:45 AM,11/08/2026 11:00 AM,Reporting,Excess Idling,12.15,False,UC-59,DGBT,Zone-29,Loader Rickshaw,DGBT,True,2026-08-11
19769,S-103,S103,Lahore,"Tehsil Office, Data Gunj Baksh Town",LWMC-DaGB,Mini Dumper,Bulk Waste Collection,still,off,38.345,147.55,31.573332,74.292137,11/08/2026 09:47 AM,11/08/2026 10:30 AM,Reporting,Parked,12.1,False,UC-59,DGBT,Zone-29,Mini Dumper,DGBT,True,2026-08-11
-,LR-2483,LR2483,Lahore,"Tehsil Office, Data Gunj Baksh Town",LWMC-DaGB,-,-,still,off,17.2,162.69,31.557927,74.296554,11/08/2026 09:50 AM,11/08/2026 11:00 AM,Reporting,Parked,11.84,False,UC-73,DGBT,Zone-30,Loader Rickshaw,DGBT,True,2026-08-11
18540,C13-84,C1384,Lahore,"Tehsil Office, Data Gunj Baksh Town",LWMC-DaGB,Compactor (13CM),Container-Based Collection,still,off,30.479,277.16,31.567792,74.317005,11/08/2026 10:16 AM,11/08/2026 10:30 AM,Reporting,Excess Idling,26.94,False,UC-62,DGBT,Zone-25,Compactor,DGBT,True,2026-08-11
19785,S-98,S98,Lahore,"Tehsil Office, Data Gunj Baksh Town",LWMC-DaGB,Mini Dumper,Bulk Waste Collection,still,off,28.015,110.58,31.557801,74.315329,11/08/2026 10:26 AM,11/08/2026 11:00 AM,Reporting,Parked,12.31,False,UC-68,DGBT,Zone-26,Mini Dumper,DGBT,True,2026-08-11
19778,S-16,S16,Lahore,"Tehsil Office, Data Gunj Baksh Town",LWMC-DaGB,Mini Dumper,Bulk Waste Collection,moving,on,37.945,209.33,31.571143,74.30896,11/08/2026 10:39 AM,11/08/2026 11:00 AM,Reporting,Parked,11.69,False,UC-63,DGBT,Zone-27,Mini Dumper,DGBT,True,2026-08-11
18539,C13-1086,C131086,Lahore,"Tehsil Office, Data Gunj Baksh Town",LWMC-DaGB,Compactor (13CM),Container-Based Collection,still,off,18.125,230.66,31.588572,74.301446,11/08/2026 09:04 AM,11/08/2026 09:30 AM,Reporting,Moving,12.56,False,UC-51,DGBT,Zone-28,Compactor,DGBT,True,2026-08-11
-,S-69,S69,Lahore,"Tehsil Office, Data Gunj Baksh Town",LWMC-DaGB,-,-,moving,on,24.942,99.23,31.572289,74.279231,11/08/2026 10:16 AM,11/08/2026 11:00 AM,Reporting,Parked,12.2,False,UC-71,Samnabad Town,Zone-31,Mini Dumper,DGBT,False,2026-08-11
-,LR-2535,LR2535,Lahore,"Tehsil Office, Data Gunj Baksh Town",LWMC-DaGB,-,-,still,off,35.731,311.05,31.58058,74.33148,11/08/2026 10:38 AM,11/08/2026 11:00 AM,Reporting,Moving,11.49,False,UC-70,DGBT,Zone-24,Loader Rickshaw,DGBT,True,2026-08-11
-,LR-2517,LR2517,Lahore,"Tehsil Office, Data Gunj Baksh Town",LWMC-DaGB,-,-,still,off,13.287,296.68,31.573279,74.292334,11/08/2026 10:09 AM,11/08/2026 11:00 AM,Reporting,Moving,11.49,False,UC-59,DGBT,Zone-29,Loader Rickshaw,DGBT,True,2026-08-11
-,LR-2545,LR2545,Lahore,"Tehsil Office, Data Gunj Baksh Town",LWMC-DaGB,-,-,moving,on,24.884,88.13,31.573664,74.328111,11/08/2026 10:27 AM,11/08/2026 11:00 AM,Reporting,Parked,13.07,False,UC-170,DGBT,Zone-24,Loader Rickshaw,DGBT,True,2026-08-11
19753,S-157,S157,Lahore,"Tehsil Office, Data Gunj Baksh Town",LWMC-DaGB,Mini Dumper,Bulk Waste Collection,moving,on,37.091,157.69,31.558001,74.276504,11/08/2026 10:11 AM,11/08/2026 10:30 AM,Reporting,Moving,0.0,True,UC-74,DGBT,Zone-30,Mini Dumper,DGBT,True,2026-08-11
19787,S-187,S187,Lahore,"Tehsil Office, Data Gunj Baksh Town",LWMC-DaGB,Mini Dumper,Bulk Waste Collection,moving,on,24.239,156.69,31.578564,74.264516,11/08/2026 10:32 AM,11/08/2026 11:00 AM,Reporting,Parked,13.32,False,UC-1,Ravi Town,Zone-1,Mini Dumper,DGBT,False,2026-08-11
-,LR-2539,LR2539,Lahore,"Tehsil Office, Data Gunj Baksh Town",LWMC-DaGB,-,-,moving,on,12.53,130.83,31.577137,74.324966,11/08/2026 09:41 AM,11/08/2026 10:00 AM,Reporting,Moving,11.33,False,UC-168,DGBT,Zone-24,Loader Rickshaw,DGBT,True,2026-08-11
19745,S-84,S84,Lahore,"Tehsil Office, Data Gunj Baksh Town",LWMC-DaGB,Mini Dumper,Bulk Waste Collection,moving,on,25.974,127.83,31.541581,74.333113,11/08/2026 10:35 AM,11/08/2026 11:00 AM,Reporting,Parked,12.2,False,UC-81,DGBT,Zone-26,Mini Dumper,DGBT,True,2026-08-11
19775,S-217,S217,Lahore,"Tehsil Office, Data Gunj Baksh Town",LWMC-DaGB,Mini Dumper,Bulk Waste Collection,moving,on,0.119,0.5,31.572931,74.292363,11/08/2026 10:07 AM,11/08/2026 10:30 AM,Reporting,No Activity Since Yesterday,11.59,False,UC-59,DGBT,Zone-29,Mini Dumper,DGBT,True,2026-08-11
18534,C13-71,C1371,Lahore,"Tehsil Office, Data Gunj Baksh Town",LWMC-DaGB,Compactor (13CM),Container-Based Collection,moving,on,37.086,329.38,31.565443,74.290403,11/08/2026 10:38 AM,11/08/2026 11:00 AM,Reporting,Moving,11.74,False,UC-65,DGBT,Zone-29,Compactor,DGBT,True,2026-08-11
-,WR-0035,WR0035,Lahore,"Tehsil Office, Data Gunj Baksh Town",LWMC-DaGB,-,-,still,off,11.17,74.76,31.551865,74.340329,11/08/2026 10:05 AM,11/08/2026 11:00 AM,Reporting,Moving,12.71,False,UC-81,DGBT,Zone-26,Washer Rickshaw,DGBT,True,2026-08-11
-,LR-2542,LR2542,Lahore,"Tehsil Office, Data Gunj Baksh Town",LWMC-DaGB,-,-,moving,on,30.158,127.86,31.571309,74.325728,11/08/2026 10:33 AM,11/08/2026 11:00 AM,Reporting,Parked,25.51,False,UC-168,DGBT,Zone-24,Loader Rickshaw,DGBT,True,2026-08-11
-,LR-0240,LR0240,Lahore,"Tehsil Office, Data Gunj Baksh Town",LWMC-DaGB,-,-,moving,on,26.824,164.36,31.592749,74.255555,11/08/2026 10:21 AM,11/08/2026 11:00 AM,Reporting,Parked,11.54,False,UC-1,Ravi Town,Zone-1,Loader Rickshaw,DGBT,False,2026-08-11
-,C10-187,C10187,Lahore,"Tehsil Office, Data Gunj Baksh Town",LWMC-DaGB,-,-,moving,on,45.366,216.73,31.545944,74.296271,11/08/2026 09:58 AM,11/08/2026 11:00 AM,Reporting,Excess Idling,12.56,False,UC-89,Samnabad Town,Zone-33,Dumper,Rajgarh Circle-2,False,2026-08-11
-,D-44,D44,Lahore,"Tehsil Office, Data Gunj Baksh Town",LWMC-DaGB,-,-,moving,on,74.155,218.83,31.537617,74.330553,11/08/2026 10:31 AM,11/08/2026 11:00 AM,Reporting,Parked,27.24,False,UC-199,DGBT,Zone-26,Dumper,DGBT,True,2026-08-11
18644,C25-089,C25089,Lahore,"Tehsil Office, Data Gunj Baksh Town",LWMC-DaGB,Compactor (25CM),Container-Based Collection,still,off,,,31.573108,74.291705,11/08/2026 09:34 AM,11/08/2026 11:00 AM,Reporting,No Activity Since Yesterday,24.18,False,UC-59,DGBT,Zone-29,Compactor,DGBT,True,2026-08-11
-,LR-1488,LR1488,Lahore,"Tehsil Office, Data Gunj Baksh Town",LWMC-DaGB,-,-,moving,on,12.309,79.93,31.573664,74.292859,11/08/2026 10:27 AM,11/08/2026 11:00 AM,Reporting,Parked,12.1,False,UC-59,DGBT,Zone-29,Loader Rickshaw,DGBT,True,2026-08-11
19726,S-06,S06,Lahore,"Tehsil Office, Data Gunj Baksh Town",LWMC-DaGB,Mini Dumper,Bulk Waste Collection,still,off,36.191,146.76,31.573352,74.292103,11/08/2026 09:27 AM,11/08/2026 10:30 AM,Reporting,Parked,12.1,False,UC-59,DGBT,Zone-29,Mini Dumper,DGBT,True,2026-08-11
-,MFL-106,MFL106,Lahore,"Tehsil Office, Data Gunj Baksh Town",LWMC-DaGB,-,-,still,off,14.91,320.39,31.374254,74.362028,11/08/2026 10:45 AM,11/08/2026 11:00 AM,Reporting,Moving,13.93,False,UC-247,Nishter Town,Zone-48,Loader,Nishter Town,True,2026-08-11
-,LR-1490,LR1490,Lahore,"Tehsil Office, Data Gunj Baksh Town",LWMC-DaGB,-,-,still,off,12.896,93.73,31.581978,74.2891,11/08/2026 10:39 AM,11/08/2026 11:00 AM,Reporting,Moving,12.66,False,UC-50,DGBT,Zone-28,Loader Rickshaw,DGBT,True,2026-08-11
19731,S-34,S34,Lahore,"Tehsil Office, Data Gunj Baksh Town",LWMC-DaGB,Mini Dumper,Bulk Waste Collection,moving,on,30.999,120.15,31.57845,74.264397,11/08/2026 10:14 AM,11/08/2026 11:00 AM,Reporting,Parked,12.05,False,UC-1,Ravi Town,Zone-1,Mini Dumper,DGBT,False,2026-08-11
19077,R-20,R20,Lahore,"Tehsil Office, Data Gunj Baksh Town",LWMC-DaGB,Loader Rickshaw,Bulk Waste Collection,still,off,9.018,34.89,31.536891,74.332608,11/08/2026 10:31 AM,11/08/2026 11:00 AM,Reporting,Parked,12.25,False,UC-199,DGBT,Zone-26,Rickshaw,DGBT,True,2026-08-11
19750,S-109,S109,Lahore,"Tehsil Office, Data Gunj Baksh Town",LWMC-DaGB,Mini Dumper,Bulk Waste Collection,moving,on,45.868,171.88,31.544166,74.318327,11/08/2026 10:25 AM,11/08/2026 11:00 AM,Reporting,Parked,14.19,False,UC-198,DGBT,Zone-26,Mini Dumper,DGBT,True,2026-08-11
19729,S-245,S245,Lahore,"Tehsil Office, Data Gunj Baksh Town",LWMC-DaGB,Mini Dumper,Bulk Waste Collection,still,off,136.218,302.64,31.57331,74.291978,11/08/2026 09:34 AM,11/08/2026 11:00 AM,Reporting,Parked,12.05,False,UC-59,DGBT,Zone-29,Mini Dumper,DGBT,True,2026-08-11
-,WR-0039,WR0039,Lahore,"Tehsil Office, Data Gunj Baksh Town",LWMC-DaGB,-,-,moving,on,12.955,76.38,31.554437,74.33485,11/08/2026 10:33 AM,11/08/2026 11:00 AM,Reporting,Moving,12.3,False,UC-81,DGBT,Zone-26,Washer Rickshaw,DGBT,True,2026-08-11
19756,M-43,M43,Lahore,"Tehsil Office, Data Gunj Baksh Town",LWMC-DaGB,Mini Dumper,Bulk Waste Collection,still,off,39.702,166.28,31.573161,74.291883,11/08/2026 09:41 AM,11/08/2026 11:00 AM,Reporting,Parked,11.74,False,UC-59,DGBT,Zone-29,Foton-Mini Dumper,DGBT,True,2026-08-11
19762,S-163,S163,Lahore,"Tehsil Office, Data Gunj Baksh Town",LWMC-DaGB,Mini Dumper,Bulk Waste Collection,still,off,22.888,125.71,31.572106,74.312507,11/08/2026 10:32 AM,11/08/2026 11:00 AM,Reporting,Moving,12.96,False,UC-62,DGBT,Zone-25,Mini Dumper,DGBT,True,2026-08-11
19772,S-03,S03,Lahore,"Tehsil Office, Data Gunj Baksh Town",LWMC-DaGB,Mini Dumper,Bulk Waste Collection,still,off,33.358,157.66,31.578626,74.263931,11/08/2026 10:29 AM,11/08/2026 11:00 AM,Reporting,Parked,12.3,False,UC-1,Ravi Town,Zone-1,Mini Dumper,DGBT,False,2026-08-11
19741,S-70,S70,Lahore,"Tehsil Office, Data Gunj Baksh Town",LWMC-DaGB,Mini Dumper,Bulk Waste Collection,moving,on,27.84,119.96,31.585857,74.291812,11/08/2026 09:00 AM,11/08/2026 11:00 AM,Reporting,Moving,12.96,False,UC-51,DGBT,Zone-28,Mini Dumper,DGBT,True,2026-08-11
-,LR-1328,LR1328,Lahore,"Tehsil Office, Data Gunj Baksh Town",LWMC-DaGB,-,-,still,off,0.012,255.0,31.592657,74.259057,11/08/2026 10:20 AM,11/08/2026 10:30 AM,Reporting,No Activity Since Yesterday,9.5,False,UC-5,Ravi Town,Zone-1,Loader Rickshaw,DGBT,False,2026-08-11
-,MS-24,MS24,Lahore,"Tehsil Office, Data Gunj Baksh Town",LWMC-DaGB,-,-,moving,on,13.038,145.03,31.550396,74.327759,11/08/2026 10:42 AM,11/08/2026 11:00 AM,Reporting,Parked,11.08,False,UC-81,DGBT,Zone-26,Mechanical Sweeper,DGBT,True,2026-08-11
-,LR-1483,LR1483,Lahore,"Tehsil Office, Data Gunj Baksh Town",LWMC-DaGB,-,-,still,off,0.027,0.08,31.592982,74.259013,11/08/2026 09:41 AM,11/08/2026 11:00 AM,Reporting,No Activity Since Yesterday,11.64,False,UC-5,Ravi Town,Zone-1,Loader Rickshaw,DGBT,False,2026-08-11
19771,S-147,S147,Lahore,"Tehsil Office, Data Gunj Baksh Town",LWMC-DaGB,Mini Dumper,Bulk Waste Collection,moving,on,20.206,106.51,31.573673,74.290921,11/08/2026 09:04 AM,11/08/2026 11:00 AM,Reporting,Parked,12.71,False,UC-56,DGBT,Zone-29,Mini Dumper,DGBT,True,2026-08-11
-,LR-2540,LR2540,Lahore,"Tehsil Office, Data Gunj Baksh Town",LWMC-DaGB,-,-,moving,on,30.693,125.29,31.566614,74.327653,11/08/2026 10:01 AM,11/08/2026 11:00 AM,Reporting,Parked,12.61,False,UC-171,DGBT,Zone-25,Loader Rickshaw,DGBT,True,2026-08-11
19724,M-88,M88,Lahore,"Tehsil Office, Data Gunj Baksh Town",LWMC-DaGB,Mini Dumper,Bulk Waste Collection,moving,on,35.007,180.03,31.572554,74.286379,11/08/2026 10:31 AM,11/08/2026 11:00 AM,Reporting,Parked,12.51,False,UC-56,DGBT,Zone-29,Foton-Mini Dumper,DGBT,True,2026-08-11
-,LR-2554,LR2554,Lahore,"Tehsil Office, Data Gunj Baksh Town",LWMC-DaGB,-,-,moving,on,27.39,121.83,31.550388,74.314523,11/08/2026 10:38 AM,11/08/2026 11:00 AM,Reporting,Parked,12.15,False,UC-69,DGBT,Zone-26,Loader Rickshaw,DGBT,True,2026-08-11
-,LR-2798,LR2798,Lahore,"Tehsil Office, Data Gunj Baksh Town",LWMC-DaGB,-,-,moving,on,0.102,0.31,31.592999,74.259297,11/08/2026 08:59 AM,11/08/2026 10:30 AM,Reporting,No Activity Since Yesterday,11.33,False,UC-5,Ravi Town,Zone-1,Loader Rickshaw,DGBT,False,2026-08-11
18663,C-727,C727,Lahore,"Tehsil Office, Data Gunj Baksh Town",LWMC-DaGB,Compactor (7CM),Container-Based Collection,still,off,17.005,70.58,31.573095,74.29203,11/08/2026 09:41 AM,11/08/2026 10:30 AM,Reporting,Parked,13.22,False,UC-59,DGBT,Zone-29,Compactor,DGBT,True,2026-08-11
-,ALB-272,ALB272,Lahore,"Tehsil Office, Data Gunj Baksh Town",LWMC-DaGB,-,-,still,off,13.418,153.34,31.573593,74.291173,11/08/2026 10:45 AM,11/08/2026 11:00 AM,Reporting,Moving,26.48,False,UC-56,DGBT,Zone-29,Water Bowser,DGBT,True,2026-08-11
19761,S-172,S172,Lahore,"Tehsil Office, Data Gunj Baksh Town",LWMC-DaGB,Mini Dumper,Bulk Waste Collection,still,off,18.986,134.38,31.528233,74.323682,11/08/2026 10:24 AM,11/08/2026 11:00 AM,Reporting,Idle,12.4,False,UC-199,DGBT,Zone-26,Mini Dumper,DGBT,True,2026-08-11
-,LR-2799,LR2799,Lahore,"Tehsil Office, Data Gunj Baksh Town",LWMC-DaGB,-,-,moving,on,18.991,107.88,31.564663,74.324187,11/08/2026 10:07 AM,11/08/2026 10:30 AM,Reporting,Parked,12.45,False,UC-171,DGBT,Zone-25,Loader Rickshaw,DGBT,True,2026-08-11
19751,S-242,S242,Lahore,"Tehsil Office, Data Gunj Baksh Town",LWMC-DaGB,Mini Dumper,Bulk Waste Collection,still,off,17.536,90.83,31.558365,74.313317,11/08/2026 10:00 AM,11/08/2026 10:30 AM,Reporting,Parked,13.47,False,UC-68,DGBT,Zone-26,Mini Dumper,DGBT,True,2026-08-11
-,LR-2543,LR2543,Lahore,"Tehsil Office, Data Gunj Baksh Town",LWMC-DaGB,-,-,moving,on,29.538,150.18,31.571989,74.329122,11/08/2026 10:41 AM,11/08/2026 11:00 AM,Reporting,Parked,12.2,False,UC-170,DGBT,Zone-24,Loader Rickshaw,DGBT,True,2026-08-11
-,LR-2801,LR2801,Lahore,"Tehsil Office, Data Gunj Baksh Town",LWMC-DaGB,-,-,moving,on,13.554,94.43,31.547572,74.312323,11/08/2026 10:44 AM,11/08/2026 11:00 AM,Reporting,Moving,12.81,False,UC-83,Samnabad Town,Zone-33,Loader Rickshaw,DGBT,False,2026-08-11
-,LR-141,LR141,Lahore,"Tehsil Office, Data Gunj Baksh Town",LWMC-DaGB,-,-,moving,on,22.267,284.88,31.570977,74.318414,11/08/2026 10:39 AM,11/08/2026 11:00 AM,Reporting,Moving,14.7,False,UC-62,DGBT,Zone-25,Loader Rickshaw,DGBT,True,2026-08-11
19744,S-271,S271,Lahore,"Tehsil Office, Data Gunj Baksh Town",LWMC-DaGB,Mini Dumper,Bulk Waste Collection,moving,on,37.265,176.81,31.572997,74.305416,11/08/2026 10:20 AM,11/08/2026 11:00 AM,Reporting,Parked,26.43,False,UC-58,DGBT,Zone-27,Mini Dumper,DGBT,True,2026-08-11
19770,S-104,S104,Lahore,"Tehsil Office, Data Gunj Baksh Town",LWMC-DaGB,Mini Dumper,Bulk Waste Collection,still,off,0.03,0.65,31.573113,74.292096,11/08/2026 09:44 AM,11/08/2026 11:00 AM,Reporting,No Activity Since Yesterday,12.86,False,UC-59,DGBT,Zone-29,Mini Dumper,DGBT,True,2026-08-11
30115,FTL-24,FTL24,Lahore,"Tehsil Office, Data Gunj Baksh Town",LWMC-DaGB,Compactor (25CM),Bulk Waste Collection,moving,on,0.002,0.01,31.573061,74.291852,11/08/2026 10:46 AM,11/08/2026 11:00 AM,Reporting,No Activity Since Yesterday,12.51,False,UC-59,DGBT,Zone-29,Loader,DGBT,True,2026-08-11
-,C-701,C701,Lahore,"Tehsil Office, Data Gunj Baksh Town",LWMC-DaGB,-,-,moving,on,21.128,129.11,31.586598,74.291866,11/08/2026 09:34 AM,11/08/2026 11:00 AM,Reporting,Moving,10.67,False,UC-50,DGBT,Zone-28,Compactor,DGBT,True,2026-08-11
19773,S-386,S386,Lahore,"Tehsil Office, Data Gunj Baksh Town",LWMC-DaGB,Mini Dumper,Bulk Waste Collection,still,off,33.266,162.43,31.547019,74.343964,11/08/2026 10:22 AM,11/08/2026 11:00 AM,Reporting,Moving,13.47,False,UC-81,DGBT,Zone-26,Mini Dumper,DGBT,True,2026-08-11
19748,S-333,S333,Lahore,"Tehsil Office, Data Gunj Baksh Town",LWMC-DaGB,Mini Dumper,Bulk Waste Collection,moving,on,25.713,141.16,31.568735,74.282274,11/08/2026 10:38 AM,11/08/2026 11:00 AM,Reporting,Moving,12.56,False,UC-71,Samnabad Town,Zone-31,Mini Dumper,DGBT,False,2026-08-11
19083,R-31,R31,Lahore,"Tehsil Office, Data Gunj Baksh Town",LWMC-DaGB,Loader Rickshaw,Bulk Waste Collection,still,off,,,31.573358,74.292273,11/08/2026 09:44 AM,11/08/2026 11:00 AM,Reporting,No Activity Since Yesterday,12.56,False,UC-59,DGBT,Zone-29,Rickshaw,DGBT,True,2026-08-11
-,VS-40,VS40,Lahore,"Tehsil Office, Data Gunj Baksh Town",LWMC-DaGB,-,-,moving,on,9.683,87.61,31.571546,74.307503,11/08/2026 10:23 AM,11/08/2026 11:00 AM,Reporting,Moving,28.42,False,UC-58,DGBT,Zone-27,Vaccume Sweeper,Night Operations,False,2026-08-11
19033,LR-0242,LR0242,Lahore,"Tehsil Office, Data Gunj Baksh Town",LWMC-DaGB,Loader Rickshaw,Bulk Waste Collection,moving,on,17.818,100.54,31.572465,74.279741,11/08/2026 10:11 AM,11/08/2026 11:00 AM,Reporting,Parked,10.87,False,UC-71,Samnabad Town,Zone-31,Loader Rickshaw,DGBT,False,2026-08-11
30812,LR-0698,LR0698,Lahore,"Tehsil Office, Data Gunj Baksh Town",LWMC-DaGB,Loader Rickshaw,Door To Door Collection,moving,on,15.542,78.13,31.578093,74.29754,11/08/2026 10:15 AM,11/08/2026 11:00 AM,Reporting,Parked,13.17,False,UC-55,DGBT,Zone-29,Loader Rickshaw,DGBT,True,2026-08-11
19760,S-108,S108,Lahore,"Tehsil Office, Data Gunj Baksh Town",LWMC-DaGB,Mini Dumper,Bulk Waste Collection,moving,on,32.928,141.43,31.563213,74.279529,11/08/2026 10:38 AM,11/08/2026 11:00 AM,Reporting,Parked,12.1,False,,,,Mini Dumper,DGBT,False,2026-08-11
30192,S-45,S45,Lahore,"Tehsil Office, Data Gunj Baksh Town",LWMC-DaGB,Compactor (25CM),Bulk Waste Collection,still,off,24.186,182.81,31.549513,74.334423,11/08/2026 10:25 AM,11/08/2026 11:00 AM,Reporting,Parked,13.22,False,UC-81,DGBT,Zone-26,Mini Dumper,DGBT,True,2026-08-11
19767,S-101,S101,Lahore,"Tehsil Office, Data Gunj Baksh Town",LWMC-DaGB,Mini Dumper,Bulk Waste Collection,moving,on,32.372,200.19,31.566677,74.32589,11/08/2026 10:36 AM,11/08/2026 11:00 AM,Reporting,Parked,13.17,False,UC-171,DGBT,Zone-25,Mini Dumper,DGBT,True,2026-08-11
-,LR-2583,LR2583,Lahore,"Tehsil Office, Data Gunj Baksh Town",LWMC-DaGB,-,-,moving,on,25.963,100.96,31.597175,74.296013,11/08/2026 10:08 AM,11/08/2026 10:30 AM,Reporting,Parked,12.15,False,UC-48,DGBT,Zone-28,Loader Rickshaw,DGBT,True,2026-08-11
-,P-49,P49,Lahore,"Tehsil Office, Data Gunj Baksh Town",LWMC-DaGB,-,-,moving,on,15.208,73.09,31.554277,74.337743,11/08/2026 10:17 AM,11/08/2026 11:00 AM,Reporting,Parked,12.0,False,UC-185,DGBT,Zone-25,Pickup,DGBT,True,2026-08-11
19743,M-36,M36,Lahore,"Tehsil Office, Data Gunj Baksh Town",LWMC-DaGB,Mini Dumper,Bulk Waste Collection,moving,on,25.689,104.08,31.580473,74.265576,11/08/2026 10:15 AM,11/08/2026 11:00 AM,Reporting,Parked,14.34,False,UC-1,Ravi Town,Zone-1,Foton-Mini Dumper,DGBT,False,2026-08-11
18660,C-743,C743,Lahore,"Tehsil Office, Data Gunj Baksh Town",LWMC-DaGB,Compactor (7CM),Container-Based Collection,moving,on,38.997,126.18,31.574444,74.285467,11/08/2026 10:18 AM,11/08/2026 11:00 AM,Reporting,Parked,0.0,True,UC-50,DGBT,Zone-28,Compactor,Ravi Town,False,2026-08-11
18452,CA-155,CA155,Lahore,"Tehsil Office, Data Gunj Baksh Town",LWMC-DaGB,Chain Arm Roll,Container-Based Collection,moving,on,77.19,291.86,31.558095,74.276608,11/08/2026 10:33 AM,11/08/2026 11:00 AM,Reporting,Moving,27.91,False,UC-74,DGBT,Zone-30,Chain Arm Roll,DGBT,True,2026-08-11
19735,S-47,S47,Lahore,"Tehsil Office, Data Gunj Baksh Town",LWMC-DaGB,Mini Dumper,Bulk Waste Collection,moving,on,25.805,142.48,31.578537,74.264461,11/08/2026 10:27 AM,11/08/2026 11:00 AM,Reporting,Parked,13.17,False,UC-1,Ravi Town,Zone-1,Mini Dumper,DGBT,False,2026-08-11
-,LR-0490,LR0490,Lahore,"Tehsil Office, Samnabad Town",LWMC-SaTo,-,-,still,off,32.01,404.19,31.517437,74.322699,11/08/2026 10:07 AM,11/08/2026 11:00 AM,Reporting,Moving,12.86,False,UC-216,Samnabad Town,Zone-35,Loader Rickshaw,Samnabad Town,True,2026-08-11
-,LR-0656,LR0656,Lahore,"Tehsil Office, Samnabad Town",LWMC-SaTo,-,-,still,off,33.582,439.73,31.577083,74.272223,11/08/2026 10:36 AM,11/08/2026 11:00 AM,Reporting,Parked,13.17,False,,,,Loader Rickshaw,Samnabad Town,False,2026-08-11
-,MFT-9,MFT9,Lahore,"Tehsil Office, Samnabad Town",LWMC-SaTo,-,-,still,off,11.616,582.96,31.575102,74.271206,11/08/2026 10:44 AM,11/08/2026 11:00 AM,Reporting,Moving,14.55,False,UC-71,Samnabad Town,Zone-31,Tractor Trolley,Samnabad Town,True,2026-08-11
-,LR-2662,LR2662,Lahore,"Tehsil Office, Samnabad Town",LWMC-SaTo,-,-,still,off,33.76,219.63,31.513428,74.294019,11/08/2026 10:07 AM,11/08/2026 11:00 AM,Reporting,Excess Idling,12.15,False,UC-213,Samnabad Town,Zone-36,Loader Rickshaw,Samnabad Town,True,2026-08-11
39146,D-46,D46,Lahore,"Tehsil Office, Samnabad Town",LWMC-SaTo,Dumper (10CM),Bulk Waste Collection,still,off,37.007,100.96,31.522149,74.295935,11/08/2026 09:31 AM,11/08/2026 11:00 AM,Reporting,Parked,25.87,False,UC-218,Samnabad Town,Zone-35,Dumper,Samnabad Town,True,2026-08-11
41343,LR-2244,LR2244,Lahore,"Tehsil Office, Samnabad Town",LWMC-SaTo,Loader Rickshaw,Door To Door Collection,moving,on,13.727,68.86,31.535067,74.311932,11/08/2026 10:31 AM,11/08/2026 11:00 AM,Reporting,Moving,11.33,False,UC-86,Samnabad Town,Zone-34,Loader Rickshaw,Samnabad Town,True,2026-08-11
-,LR-2667,LR2667,Lahore,"Tehsil Office, Samnabad Town",LWMC-SaTo,-,-,moving,on,15.771,71.25,31.515085,74.300642,11/08/2026 10:27 AM,11/08/2026 11:00 AM,Reporting,Moving,12.91,False,UC-219,Samnabad Town,Zone-36,Loader Rickshaw,Samnabad Town,True,2026-08-11
-,WR-0028,WR0028,Lahore,"Tehsil Office, Samnabad Town",LWMC-SaTo,-,-,moving,on,17.745,83.06,31.471203,74.301031,11/08/2026 10:28 AM,11/08/2026 11:00 AM,Reporting,Parked,13.12,False,UC-221,Allama Iqbal Town,Zone-39,Washer Rickshaw,Allama Iqbal Town,True,2026-08-11
-,LR-0818,LR0818,Lahore,"Tehsil Office, Samnabad Town",LWMC-SaTo,-,-,still,off,30.641,375.25,31.575281,74.271169,11/08/2026 10:28 AM,11/08/2026 11:00 AM,Reporting,Idle,11.79,False,UC-71,Samnabad Town,Zone-31,Loader Rickshaw,Samnabad Town,True,2026-08-11
41373,LR-2274,LR2274,Lahore,"Tehsil Office, Samnabad Town",LWMC-SaTo,Loader Rickshaw,Door To Door Collection,still,off,14.71,290.41,31.526072,74.302271,11/08/2026 10:45 AM,11/08/2026 11:00 AM,Reporting,Moving,11.28,False,UC-218,Samnabad Town,Zone-35,Loader Rickshaw,Samnabad Town,True,2026-08-11
-,C-1366L,C1366L,Lahore,"Tehsil Office, Samnabad Town",LWMC-SaTo,-,-,moving,on,45.52,292.8,31.50871,74.305022,11/08/2026 10:46 AM,11/08/2026 11:00 AM,Reporting,Moving,27.4,False,UC-214,Samnabad Town,Zone-36,Compactor,Samnabad Town,True,2026-08-11
41258,LR-1267,LR1267,Lahore,"Tehsil Office, Samnabad Town",LWMC-SaTo,Loader Rickshaw,Door To Door Collection,moving,on,35.497,150.09,31.535981,74.317777,11/08/2026 10:26 AM,11/08/2026 11:00 AM,Reporting,Parked,11.74,False,UC-84,Samnabad Town,Zone-34,Loader Rickshaw,Samnabad Town,True,2026-08-11
-,LR-2815,LR2815,Lahore,"Tehsil Office, Samnabad Town",LWMC-SaTo,-,-,moving,on,27.163,112.71,31.563502,74.274577,11/08/2026 09:09 AM,11/08/2026 09:30 AM,Reporting,Parked,11.94,False,UC-71,Samnabad Town,Zone-31,Loader Rickshaw,Samnabad Town,True,2026-08-11
-,MFL-87,MFL87,Lahore,"Tehsil Office, Samnabad Town",LWMC-SaTo,-,-,still,off,8.818,180.16,31.506356,74.292736,11/08/2026 10:46 AM,11/08/2026 11:00 AM,Reporting,Excess Idling,13.53,False,UC-214,Samnabad Town,Zone-36,Loader,Samnabad Town,True,2026-08-11
-,LR-0495,LR0495,Lahore,"Tehsil Office, Samnabad Town",LWMC-SaTo,-,-,still,off,42.586,196.16,31.516003,74.319055,11/08/2026 10:34 AM,11/08/2026 11:00 AM,Reporting,Parked,13.17,False,UC-216,Samnabad Town,Zone-35,Loader Rickshaw,Samnabad Town,True,2026-08-11
-,LR-2445,LR2445,Lahore,"Tehsil Office, Samnabad Town",LWMC-SaTo,-,-,moving,on,23.958,200.91,31.535922,74.306579,11/08/2026 10:18 AM,11/08/2026 11:00 AM,Reporting,Parked,0.0,True,UC-91,Samnabad Town,Zone-33,Loader Rickshaw,Samnabad Town,True,2026-08-11
39151,D-24,D24,Lahore,"Tehsil Office, Samnabad Town",LWMC-SaTo,Compactor (25CM),Bulk Waste Collection,still,off,38.076,140.18,31.506038,74.29288,11/08/2026 10:42 AM,11/08/2026 11:00 AM,Reporting,Moving,13.88,False,UC-214,Samnabad Town,Zone-36,Dumper,Samnabad Town,True,2026-08-11
39170,S-195,S195,Lahore,"Tehsil Office, Samnabad Town",LWMC-SaTo,Mini Dumper,Bulk Waste Collection,still,off,41.759,189.06,31.574756,74.272174,11/08/2026 10:21 AM,11/08/2026 11:00 AM,Reporting,Excess Idling,11.18,False,UC-71,Samnabad Town,Zone-31,Mini Dumper,Samnabad Town,True,2026-08-11
41235,LR-1184,LR1184,Lahore,"Tehsil Office, Samnabad Town",LWMC-SaTo,Loader Rickshaw,Door To Door Collection,still,off,34.901,194.75,31.574447,74.274365,11/08/2026 10:36 AM,11/08/2026 11:00 AM,Reporting,Moving,11.33,False,UC-71,Samnabad Town,Zone-31,Loader Rickshaw,Samnabad Town,True,2026-08-11
39202,S-316,S316,Lahore,"Tehsil Office, Samnabad Town",LWMC-SaTo,Mini Dumper,Bulk Waste Collection,still,off,,,31.464276,74.224896,11/08/2026 09:36 AM,11/08/2026 11:00 AM,Reporting,No Activity Since Yesterday,7.61,False,UC-117,Allama Iqbal Town,Zone-41,Mini Dumper,Samnabad Town,False,2026-08-11
-,LR-2809,LR2809,Lahore,"Tehsil Office, Samnabad Town",LWMC-SaTo,-,-,still,off,18.112,120.86,31.511364,74.279814,11/08/2026 10:22 AM,11/08/2026 11:00 AM,Reporting,Excess Idling,12.61,False,UC-212,Samnabad Town,Zone-36,Loader Rickshaw,Samnabad Town,True,2026-08-11
-,LR-0491,LR0491,Lahore,"Tehsil Office, Samnabad Town",LWMC-SaTo,-,-,still,off,,,31.463509,74.22492,11/08/2026 08:56 AM,11/08/2026 10:30 AM,Reporting,No Activity Since Yesterday,10.67,False,UC-117,Allama Iqbal Town,Zone-41,Loader Rickshaw,Samnabad Town,False,2026-08-11
41286,LR-1678,LR1678,Lahore,"Tehsil Office, Samnabad Town",LWMC-SaTo,Loader Rickshaw,Door To Door Collection,moving,on,16.312,90.0,31.532121,74.315373,11/08/2026 10:02 AM,11/08/2026 11:00 AM,Reporting,Parked,11.43,False,UC-84,Samnabad Town,Zone-34,Loader Rickshaw,Samnabad Town,True,2026-08-11
-,LR-0974,LR0974,Lahore,"Tehsil Office, Samnabad Town",LWMC-SaTo,-,-,still,off,0.225,160.41,31.464193,74.225263,11/08/2026 10:44 AM,11/08/2026 11:00 AM,Reporting,No Activity Since Yesterday,11.94,False,UC-117,Allama Iqbal Town,Zone-41,Loader Rickshaw,Samnabad Town,False,2026-08-11
-,LR-2820,LR2820,Lahore,"Tehsil Office, Samnabad Town",LWMC-SaTo,-,-,still,off,16.944,107.25,31.546609,74.289233,11/08/2026 09:35 AM,11/08/2026 11:00 AM,Reporting,Parked,11.84,False,UC-78,Samnabad Town,Zone-31,Loader Rickshaw,Samnabad Town,True,2026-08-11
41345,LR-2246,LR2246,Lahore,"Tehsil Office, Samnabad Town",LWMC-SaTo,Loader Rickshaw,Door To Door Collection,still,off,18.267,252.21,31.533758,74.31031,11/08/2026 10:44 AM,11/08/2026 11:00 AM,Reporting,Moving,13.73,False,UC-86,Samnabad Town,Zone-34,Loader Rickshaw,Samnabad Town,True,2026-08-11
-,LR-2651,LR2651,Lahore,"Tehsil Office, Samnabad Town",LWMC-SaTo,-,-,moving,on,19.144,472.38,31.520791,74.294303,11/08/2026 10:27 AM,11/08/2026 11:00 AM,Reporting,Parked,16.18,False,UC-219,Samnabad Town,Zone-36,Loader Rickshaw,Samnabad Town,True,2026-08-11
41342,LR-2243,LR2243,Lahore,"Tehsil Office, Samnabad Town",LWMC-SaTo,Loader Rickshaw,Door To Door Collection,still,off,16.938,278.39,31.533793,74.310118,11/08/2026 10:26 AM,11/08/2026 10:30 AM,Reporting,Excess Idling,12.05,False,UC-86,Samnabad Town,Zone-34,Loader Rickshaw,Samnabad Town,True,2026-08-11
-,MFL-67,MFL67,Lahore,"Tehsil Office, Samnabad Town",LWMC-SaTo,-,-,moving,on,4.657,36.89,31.569827,74.276206,11/08/2026 09:13 AM,11/08/2026 10:30 AM,Reporting,Parked,12.71,False,UC-71,Samnabad Town,Zone-31,Loader,Samnabad Town,True,2026-08-11
-,LR-0492,LR0492,Lahore,"Tehsil Office, Samnabad Town",LWMC-SaTo,-,-,moving,on,36.604,139.76,31.517465,74.320453,11/08/2026 10:01 AM,11/08/2026 10:30 AM,Reporting,Parked,11.74,False,UC-216,Samnabad Town,Zone-35,Loader Rickshaw,Samnabad Town,True,2026-08-11
-,LR-2660,LR2660,Lahore,"Tehsil Office, Samnabad Town",LWMC-SaTo,-,-,moving,on,29.519,444.46,31.544405,74.272905,11/08/2026 10:17 AM,11/08/2026 11:00 AM,Reporting,Parked,13.22,False,UC-77,Samnabad Town,Zone-31,Loader Rickshaw,Samnabad Town,True,2026-08-11
-,LR-2806,LR2806,Lahore,"Tehsil Office, Samnabad Town",LWMC-SaTo,-,-,moving,on,24.625,313.06,31.508921,74.287771,11/08/2026 10:30 AM,11/08/2026 11:00 AM,Reporting,Parked,12.96,False,UC-214,Samnabad Town,Zone-36,Loader Rickshaw,Samnabad Town,True,2026-08-11
-,LR-0493,LR0493,Lahore,"Tehsil Office, Samnabad Town",LWMC-SaTo,-,-,moving,on,31.15,114.11,31.512481,74.313453,11/08/2026 10:38 AM,11/08/2026 11:00 AM,Reporting,Parked,12.45,False,UC-216,Samnabad Town,Zone-35,Loader Rickshaw,Samnabad Town,True,2026-08-11
-,LR-0957,LR0957,Lahore,"Tehsil Office, Samnabad Town",LWMC-SaTo,-,-,moving,on,18.649,107.48,31.517448,74.3162,11/08/2026 10:24 AM,11/08/2026 11:00 AM,Reporting,Parked,12.1,False,UC-85,Samnabad Town,Zone-34,Loader Rickshaw,Samnabad Town,True,2026-08-11
41283,LR-1675,LR1675,Lahore,"Tehsil Office, Samnabad Town",LWMC-SaTo,Loader Rickshaw,Door To Door Collection,moving,on,18.964,128.36,31.534501,74.317617,11/08/2026 10:12 AM,11/08/2026 11:00 AM,Reporting,Parked,11.33,False,UC-84,Samnabad Town,Zone-34,Loader Rickshaw,Samnabad Town,True,2026-08-11
-,LR-2652,LR2652,Lahore,"Tehsil Office, Samnabad Town",LWMC-SaTo,-,-,moving,on,23.498,123.78,31.539572,74.307467,11/08/2026 10:37 AM,11/08/2026 11:00 AM,Reporting,Parked,11.43,False,UC-83,Samnabad Town,Zone-33,Loader Rickshaw,Samnabad Town,True,2026-08-11
-,LEG-1435,LEG1435,Lahore,"Tehsil Office, Samnabad Town",LWMC-SaTo,-,-,still,off,10.404,111.26,31.460006,74.25166,11/08/2026 10:42 AM,11/08/2026 11:00 AM,Reporting,Moving,14.39,False,UC-115,Allama Iqbal Town,Zone-40,Loader,Samnabad Town,False,2026-08-11
-,LR-2811,LR2811,Lahore,"Tehsil Office, Samnabad Town",LWMC-SaTo,-,-,still,off,23.906,121.33,31.559025,74.274239,11/08/2026 09:21 AM,11/08/2026 10:30 AM,Reporting,Moving,12.35,False,UC-71,Samnabad Town,Zone-31,Loader Rickshaw,Samnabad Town,True,2026-08-11
41356,LR-2257,LR2257,Lahore,"Tehsil Office, Samnabad Town",LWMC-SaTo,Loader Rickshaw,Door To Door Collection,moving,on,33.055,219.9,31.521756,74.301699,11/08/2026 10:05 AM,11/08/2026 11:00 AM,Reporting,Moving,14.19,False,UC-218,Samnabad Town,Zone-35,Loader Rickshaw,Samnabad Town,True,2026-08-11
-,LR-2437,LR2437,Lahore,"Tehsil Office, Samnabad Town",LWMC-SaTo,-,-,still,off,,,31.464017,74.224967,11/08/2026 09:23 AM,11/08/2026 10:30 AM,Reporting,No Activity Since Yesterday,11.94,False,UC-117,Allama Iqbal Town,Zone-41,Loader Rickshaw,Samnabad Town,False,2026-08-11
-,LR-2816,LR2816,Lahore,"Tehsil Office, Samnabad Town",LWMC-SaTo,-,-,moving,on,26.836,147.15,31.566428,74.281253,11/08/2026 10:10 AM,11/08/2026 11:00 AM,Reporting,Parked,27.5,False,,,,Loader Rickshaw,Samnabad Town,False,2026-08-11
41344,LR-2245,LR2245,Lahore,"Tehsil Office, Samnabad Town",LWMC-SaTo,Loader Rickshaw,Door To Door Collection,still,off,31.38,182.11,31.533707,74.310124,11/08/2026 10:06 AM,11/08/2026 11:00 AM,Reporting,Parked,12.61,False,UC-86,Samnabad Town,Zone-34,Loader Rickshaw,Samnabad Town,True,2026-08-11
41248,LR-1257,LR1257,Lahore,"Tehsil Office, Samnabad Town",LWMC-SaTo,Loader Rickshaw,Door To Door Collection,still,off,17.131,292.21,31.534466,74.294911,11/08/2026 10:47 AM,11/08/2026 11:00 AM,Reporting,Excess Idling,13.93,False,UC-90,Samnabad Town,Zone-33,Loader Rickshaw,Samnabad Town,True,2026-08-11
-,LR-2817,LR2817,Lahore,"Tehsil Office, Samnabad Town",LWMC-SaTo,-,-,still,off,35.991,155.55,31.557997,74.276571,11/08/2026 10:31 AM,11/08/2026 11:00 AM,Reporting,Parked,12.15,False,UC-74,DGBT,Zone-30,Loader Rickshaw,Samnabad Town,False,2026-08-11
-,LR-2439,LR2439,Lahore,"Tehsil Office, Samnabad Town",LWMC-SaTo,-,-,still,off,,,31.463894,74.224952,11/08/2026 09:41 AM,11/08/2026 11:00 AM,Reporting,No Activity Since Yesterday,12.05,False,UC-117,Allama Iqbal Town,Zone-41,Loader Rickshaw,Samnabad Town,False,2026-08-11
39193,S-282,S282,Lahore,"Tehsil Office, Samnabad Town",LWMC-SaTo,Mini Dumper,Bulk Waste Collection,moving,on,21.277,88.4,31.574415,74.274372,11/08/2026 10:33 AM,11/08/2026 11:00 AM,Reporting,Moving,12.2,False,UC-71,Samnabad Town,Zone-31,Mini Dumper,Samnabad Town,True,2026-08-11
-,SD-14,SD14,Lahore,"Tehsil Office, Samnabad Town",LWMC-SaTo,-,-,moving,on,74.156,198.91,31.54826,74.298154,11/08/2026 09:56 AM,11/08/2026 11:00 AM,Reporting,Idle,26.94,False,UC-82,Samnabad Town,Zone-33,Dumper,Samnabad Town,True,2026-08-11
-,LR-2822,LR2822,Lahore,"Tehsil Office, Samnabad Town",LWMC-SaTo,-,-,still,off,22.465,323.46,31.572753,74.277862,11/08/2026 10:44 AM,11/08/2026 11:00 AM,Reporting,Moving,12.2,False,UC-71,Samnabad Town,Zone-31,Loader Rickshaw,Samnabad Town,True,2026-08-11
41366,LR-2267,LR2267,Lahore,"Tehsil Office, Samnabad Town",LWMC-SaTo,Loader Rickshaw,Door To Door Collection,still,off,22.665,280.33,31.543366,74.284422,11/08/2026 10:03 AM,11/08/2026 11:00 AM,Reporting,Excess Idling,14.09,False,UC-78,Samnabad Town,Zone-31,Loader Rickshaw,Samnabad Town,True,2026-08-11
41348,LR-2249,LR2249,Lahore,"Tehsil Office, Samnabad Town",LWMC-SaTo,Loader Rickshaw,Door To Door Collection,still,off,21.046,341.94,31.52546,74.298626,11/08/2026 10:45 AM,11/08/2026 11:00 AM,Reporting,Idle,12.96,False,UC-92,Samnabad Town,Zone-35,Loader Rickshaw,Samnabad Town,True,2026-08-11
41236,LR-1185,LR1185,Lahore,"Tehsil Office, Samnabad Town",LWMC-SaTo,Loader Rickshaw,Door To Door Collection,moving,on,32.568,122.25,31.574592,74.274522,11/08/2026 10:31 AM,11/08/2026 11:00 AM,Reporting,Parked,12.45,False,UC-71,Samnabad Town,Zone-31,Loader Rickshaw,Samnabad Town,True,2026-08-11
-,LR-2444,LR2444,Lahore,"Tehsil Office, Samnabad Town",LWMC-SaTo,-,-,still,off,22.663,323.25,31.532293,74.306822,11/08/2026 10:40 AM,11/08/2026 11:00 AM,Reporting,Parked,11.69,False,UC-91,Samnabad Town,Zone-33,Loader Rickshaw,Samnabad Town,True,2026-08-11
-,LR-2671,LR2671,Lahore,"Tehsil Office, Samnabad Town",LWMC-SaTo,-,-,still,off,20.321,311.1,31.521964,74.292213,11/08/2026 10:16 AM,11/08/2026 11:00 AM,Reporting,Excess Idling,11.23,False,UC-218,Samnabad Town,Zone-35,Loader Rickshaw,Samnabad Town,True,2026-08-11
-,LR-2833,LR2833,Lahore,"Tehsil Office, Samnabad Town",LWMC-SaTo,-,-,moving,on,,,31.464077,74.224951,11/08/2026 09:40 AM,11/08/2026 11:00 AM,Reporting,No Activity Since Yesterday,12.05,False,UC-117,Allama Iqbal Town,Zone-41,Loader Rickshaw,Samnabad Town,False,2026-08-11
41278,LR-1463,LR1463,Lahore,"Tehsil Office, Samnabad Town",LWMC-SaTo,Loader Rickshaw,Door To Door Collection,still,off,22.85,320.14,31.517977,74.300158,11/08/2026 10:30 AM,11/08/2026 11:00 AM,Reporting,Moving,11.43,False,UC-219,Samnabad Town,Zone-36,Loader Rickshaw,Samnabad Town,True,2026-08-11
-,WR-0040,WR0040,Lahore,"Tehsil Office, Samnabad Town",LWMC-SaTo,-,-,moving,on,24.423,111.61,31.553911,74.304301,11/08/2026 10:26 AM,11/08/2026 11:00 AM,Reporting,Moving,12.81,False,UC-76,Samnabad Town,Zone-31,Washer Rickshaw,Samnabad Town,True,2026-08-11
-,LR-0999,LR0999,Lahore,"Tehsil Office, Samnabad Town",LWMC-SaTo,-,-,still,off,15.377,216.55,31.525997,74.318221,11/08/2026 10:44 AM,11/08/2026 11:00 AM,Reporting,Moving,12.91,False,UC-85,Samnabad Town,Zone-34,Loader Rickshaw,Samnabad Town,True,2026-08-11
-,LR-0815,LR0815,Lahore,"Tehsil Office, Samnabad Town",LWMC-SaTo,-,-,still,off,,,31.463532,74.224817,11/08/2026 09:28 AM,11/08/2026 10:30 AM,Reporting,No Activity Since Yesterday,11.08,False,UC-117,Allama Iqbal Town,Zone-41,Loader Rickshaw,Samnabad Town,False,2026-08-11
41282,LR-1674,LR1674,Lahore,"Tehsil Office, Samnabad Town",LWMC-SaTo,Loader Rickshaw,Door To Door Collection,moving,on,15.37,69.38,31.535914,74.317745,11/08/2026 10:08 AM,11/08/2026 11:00 AM,Reporting,Parked,11.38,False,UC-84,Samnabad Town,Zone-34,Loader Rickshaw,Samnabad Town,True,2026-08-11
-,LR-2819,LR2819,Lahore,"Tehsil Office, Samnabad Town",LWMC-SaTo,-,-,still,off,30.375,284.66,31.57561,74.271338,11/08/2026 10:13 AM,11/08/2026 10:30 AM,Reporting,Moving,14.09,False,UC-71,Samnabad Town,Zone-31,Loader Rickshaw,Samnabad Town,True,2026-08-11
-,S-122,S122,Lahore,"Tehsil Office, Samnabad Town",LWMC-SaTo,-,-,moving,on,26.702,116.06,31.544225,74.309034,11/08/2026 10:21 AM,11/08/2026 11:00 AM,Reporting,Parked,12.91,False,UC-83,Samnabad Town,Zone-33,Mini Dumper,Samnabad Town,True,2026-08-11
39142,CA-123,CA123,Lahore,"Tehsil Office, Samnabad Town",LWMC-SaTo,Chain Arm Roll,Container-Based Collection,moving,on,72.615,191.88,31.574627,74.272749,11/08/2026 10:11 AM,11/08/2026 11:00 AM,Reporting,Moving,12.3,False,UC-71,Samnabad Town,Zone-31,Chain Arm Roll,Samnabad Town,True,2026-08-11
-,LR-0692,LR0692,Lahore,"Tehsil Office, Samnabad Town",LWMC-SaTo,-,-,moving,on,19.664,322.28,31.572483,74.278323,11/08/2026 10:28 AM,11/08/2026 11:00 AM,Reporting,Idle,11.28,False,UC-71,Samnabad Town,Zone-31,Loader Rickshaw,Samnabad Town,True,2026-08-11
41372,LR-2273,LR2273,Lahore,"Tehsil Office, Samnabad Town",LWMC-SaTo,Loader Rickshaw,Door To Door Collection,still,off,14.882,128.59,31.526684,74.302455,11/08/2026 09:46 AM,11/08/2026 11:00 AM,Reporting,Parked,11.59,False,UC-92,Samnabad Town,Zone-35,Loader Rickshaw,Samnabad Town,True,2026-08-11
-,LR-2658,LR2658,Lahore,"Tehsil Office, Samnabad Town",LWMC-SaTo,-,-,still,off,32.637,267.61,31.520258,74.292848,11/08/2026 10:21 AM,11/08/2026 11:00 AM,Reporting,Moving,13.88,False,UC-218,Samnabad Town,Zone-35,Loader Rickshaw,Samnabad Town,True,2026-08-11
41358,LR-2259,LR2259,Lahore,"Tehsil Office, Samnabad Town",LWMC-SaTo,Loader Rickshaw,Door To Door Collection,moving,on,40.851,309.13,31.542462,74.281107,11/08/2026 10:39 AM,11/08/2026 11:00 AM,Reporting,Moving,13.42,False,UC-99,Samnabad Town,Zone-32,Loader Rickshaw,Samnabad Town,True,2026-08-11
-,LR-2829,LR2829,Lahore,"Tehsil Office, Samnabad Town",LWMC-SaTo,-,-,moving,on,20.541,439.26,31.560916,74.278102,11/08/2026 09:18 AM,11/08/2026 09:30 AM,Reporting,Moving,11.84,False,UC-71,Samnabad Town,Zone-31,Loader Rickshaw,Samnabad Town,True,2026-08-11
41255,LR-1264,LR1264,Lahore,"Tehsil Office, Samnabad Town",LWMC-SaTo,Loader Rickshaw,Door To Door Collection,moving,on,21.142,206.63,31.534624,74.303319,11/08/2026 10:35 AM,11/08/2026 11:00 AM,Reporting,Moving,11.89,False,UC-91,Samnabad Town,Zone-33,Loader Rickshaw,Samnabad Town,True,2026-08-11
-,LR-0498,LR0498,Lahore,"Tehsil Office, Samnabad Town",LWMC-SaTo,-,-,still,off,22.883,150.63,31.514267,74.314032,11/08/2026 10:06 AM,11/08/2026 10:30 AM,Reporting,Parked,12.3,False,UC-216,Samnabad Town,Zone-35,Loader Rickshaw,Samnabad Town,True,2026-08-11
-,LR-2447,LR2447,Lahore,"Tehsil Office, Samnabad Town",LWMC-SaTo,-,-,moving,on,35.59,333.23,31.524883,74.300444,11/08/2026 10:37 AM,11/08/2026 11:00 AM,Reporting,Idle,12.25,False,UC-218,Samnabad Town,Zone-35,Loader Rickshaw,Samnabad Town,True,2026-08-11
39197,S-299,S299,Lahore,"Tehsil Office, Samnabad Town",LWMC-SaTo,Mini Dumper,Bulk Waste Collection,moving,on,42.335,151.36,31.521479,74.318687,11/08/2026 09:51 AM,11/08/2026 10:30 AM,Reporting,Moving,14.29,False,UC-85,Samnabad Town,Zone-34,Mini Dumper,Samnabad Town,True,2026-08-11
-,LR-2433,LR2433,Lahore,"Tehsil Office, Samnabad Town",LWMC-SaTo,-,-,still,off,34.61,351.35,31.492806,74.301185,11/08/2026 10:44 AM,11/08/2026 11:00 AM,Reporting,Parked,13.98,False,UC-211,Gulberg Town,Zone-23,Loader Rickshaw,Samnabad Town,False,2026-08-11
39137,C-1367,C1367,Lahore,"Tehsil Office, Samnabad Town",LWMC-SaTo,Compactor (13CM),Container-Based Collection,moving,on,61.108,368.73,31.541493,74.265989,11/08/2026 10:17 AM,11/08/2026 11:00 AM,Reporting,Moving,11.59,False,UC-100,Samnabad Town,Zone-32,Compactor,Samnabad Town,True,2026-08-11
41300,LR-1902,LR1902,Lahore,"Tehsil Office, Samnabad Town",LWMC-SaTo,Loader Rickshaw,Door To Door Collection,still,off,39.416,150.19,31.539769,74.275717,11/08/2026 10:34 AM,11/08/2026 11:00 AM,Reporting,Parked,14.55,False,UC-99,Samnabad Town,Zone-32,Loader Rickshaw,Samnabad Town,True,2026-08-11
-,LR-2808,LR2808,Lahore,"Tehsil Office, Samnabad Town",LWMC-SaTo,-,-,still,off,13.679,182.94,31.506291,74.292713,11/08/2026 10:35 AM,11/08/2026 11:00 AM,Reporting,Moving,12.3,False,UC-214,Samnabad Town,Zone-36,Loader Rickshaw,Samnabad Town,True,2026-08-11
41285,LR-1677,LR1677,Lahore,"Tehsil Office, Samnabad Town",LWMC-SaTo,Loader Rickshaw,Door To Door Collection,still,off,17.122,118.53,31.535605,74.317658,11/08/2026 10:08 AM,11/08/2026 11:00 AM,Reporting,Parked,11.94,False,UC-84,Samnabad Town,Zone-34,Loader Rickshaw,Samnabad Town,True,2026-08-11
39160,M-102,M102,Lahore,"Tehsil Office, Samnabad Town",LWMC-SaTo,Mini Dumper,Bulk Waste Collection,still,off,0.396,4.29,31.463972,74.225398,11/08/2026 09:42 AM,11/08/2026 10:30 AM,Reporting,No Activity Since Yesterday,0.0,True,UC-117,Allama Iqbal Town,Zone-41,Foton-Mini Dumper,Samnabad Town,False,2026-08-11
-,WR-0041,WR0041,Lahore,"Tehsil Office, Samnabad Town",LWMC-SaTo,-,-,still,off,0.005,1.63,31.463465,74.224834,11/08/2026 09:37 AM,11/08/2026 11:00 AM,Reporting,Idle,12.4,False,UC-117,Allama Iqbal Town,Zone-41,Washer Rickshaw,Samnabad Town,False,2026-08-11
41310,LR-1852,LR1852,Lahore,"Tehsil Office, Samnabad Town",LWMC-SaTo,Loader Rickshaw,Door To Door Collection,moving,on,22.373,114.79,31.551797,74.295147,11/08/2026 10:13 AM,11/08/2026 11:00 AM,Reporting,Moving,12.1,False,UC-76,Samnabad Town,Zone-31,Loader Rickshaw,Samnabad Town,True,2026-08-11
-,LR-2431,LR2431,Lahore,"Tehsil Office, Samnabad Town",LWMC-SaTo,-,-,moving,on,38.164,231.06,31.510809,74.318656,11/08/2026 09:20 AM,11/08/2026 10:30 AM,Reporting,Idle,11.03,False,UC-208,Gulberg Town,Zone-23,Loader Rickshaw,Samnabad Town,False,2026-08-11
-,S-19,S19,Lahore,"Tehsil Office, Samnabad Town",LWMC-SaTo,-,-,still,off,0.224,14.34,31.465349,74.225273,11/08/2026 09:24 AM,11/08/2026 10:30 AM,Reporting,No Activity Since Yesterday,12.61,False,UC-117,Allama Iqbal Town,Zone-41,Mini Dumper,Samnabad Town,False,2026-08-11
-,LR-2430,LR2430,Lahore,"Tehsil Office, Samnabad Town",LWMC-SaTo,-,-,still,off,23.755,142.0,31.520142,74.327226,11/08/2026 10:14 AM,11/08/2026 10:30 AM,Reporting,Parked,12.1,False,UC-203,Gulberg Town,Zone-21,Loader Rickshaw,Samnabad Town,False,2026-08-11
41332,LR-2238,LR2238,Lahore,"Tehsil Office, Samnabad Town",LWMC-SaTo,Loader Rickshaw,Door To Door Collection,moving,on,15.304,101.09,31.532057,74.317749,11/08/2026 10:39 AM,11/08/2026 11:00 AM,Reporting,Parked,11.84,False,UC-84,Samnabad Town,Zone-34,Loader Rickshaw,Samnabad Town,True,2026-08-11
-,LR-2831,LR2831,Lahore,"Tehsil Office, Samnabad Town",LWMC-SaTo,-,-,moving,on,27.594,135.26,31.543474,74.281843,11/08/2026 10:27 AM,11/08/2026 11:00 AM,Reporting,Parked,14.8,False,UC-99,Samnabad Town,Zone-32,Loader Rickshaw,Samnabad Town,True,2026-08-11
-,LR-2828,LR2828,Lahore,"Tehsil Office, Samnabad Town",LWMC-SaTo,-,-,still,off,27.055,301.93,31.548213,74.273791,11/08/2026 10:45 AM,11/08/2026 11:00 AM,Reporting,Idle,12.25,False,UC-77,Samnabad Town,Zone-31,Loader Rickshaw,Samnabad Town,True,2026-08-11
-,LR-0496,LR0496,Lahore,"Tehsil Office, Samnabad Town",LWMC-SaTo,-,-,still,off,34.799,137.03,31.511421,74.309062,11/08/2026 10:43 AM,11/08/2026 11:00 AM,Reporting,Moving,12.4,False,UC-216,Samnabad Town,Zone-35,Loader Rickshaw,Samnabad Town,True,2026-08-11
-,LR-2989,LR2989,Lahore,"Tehsil Office, Samnabad Town",LWMC-SaTo,-,-,still,off,7.967,336.78,31.458851,74.265723,11/08/2026 09:43 AM,11/08/2026 11:00 AM,Not Reporting,Parked,0.0,True,UC-115,Allama Iqbal Town,Zone-40,,Samnabad Town,False,2026-08-11
-,LR-2663,LR2663,Lahore,"Tehsil Office, Samnabad Town",LWMC-SaTo,-,-,still,off,33.841,558.25,31.493501,74.259632,11/08/2026 10:41 AM,11/08/2026 11:00 AM,Reporting,Idle,13.02,False,UC-109,Allama Iqbal Town,Zone-38,Loader Rickshaw,Allama Iqbal Town,True,2026-08-11
20233,WR-014,WR014,Lahore,"Tehsil Office, Samnabad Town",LWMC-SaTo,Rickshaw Washer,Washing,moving,on,20.851,74.33,31.544244,74.267793,11/08/2026 10:09 AM,11/08/2026 11:00 AM,Reporting,Parked,14.04,False,UC-77,Samnabad Town,Zone-31,Washer Rickshaw,Samnabad Town,True,2026-08-11
-,LR-2835,LR2835,Lahore,"Tehsil Office, Samnabad Town",LWMC-SaTo,-,-,moving,on,28.925,174.18,31.506323,74.292718,11/08/2026 10:26 AM,11/08/2026 11:00 AM,Reporting,Parked,12.0,False,UC-214,Samnabad Town,Zone-36,Loader Rickshaw,Samnabad Town,True,2026-08-11
-,LR-0998,LR0998,Lahore,"Tehsil Office, Samnabad Town",LWMC-SaTo,-,-,still,off,16.185,127.31,31.524016,74.323547,11/08/2026 10:33 AM,11/08/2026 11:00 AM,Reporting,Parked,13.17,False,UC-85,Samnabad Town,Zone-34,Loader Rickshaw,Samnabad Town,True,2026-08-11
41244,LR-1253,LR1253,Lahore,"Tehsil Office, Samnabad Town",LWMC-SaTo,Loader Rickshaw,Door To Door Collection,still,off,22.441,290.83,31.533316,74.302626,11/08/2026 10:10 AM,11/08/2026 11:00 AM,Reporting,Parked,12.0,False,UC-91,Samnabad Town,Zone-33,Loader Rickshaw,Samnabad Town,True,2026-08-11
40358,LR-1000,LR1000,Lahore,"Tehsil Office, Samnabad Town",LWMC-SaTo,Loader Rickshaw,Door To Door Collection,still,off,19.163,244.34,31.535439,74.317599,11/08/2026 10:30 AM,11/08/2026 11:00 AM,Reporting,Excess Idling,11.43,False,UC-84,Samnabad Town,Zone-34,Loader Rickshaw,Samnabad Town,True,2026-08-11
-,LR-2440,LR2440,Lahore,"Tehsil Office, Samnabad Town",LWMC-SaTo,-,-,still,off,,,31.464026,74.225071,11/08/2026 09:28 AM,11/08/2026 11:00 AM,Reporting,No Activity Since Yesterday,11.74,False,UC-117,Allama Iqbal Town,Zone-41,Loader Rickshaw,Samnabad Town,False,2026-08-11
41352,LR-2253,LR2253,Lahore,"Tehsil Office, Samnabad Town",LWMC-SaTo,Loader Rickshaw,Door To Door Collection,still,off,15.206,338.89,31.525436,74.298577,11/08/2026 10:44 AM,11/08/2026 11:00 AM,Reporting,Moving,11.79,False,UC-92,Samnabad Town,Zone-35,Loader Rickshaw,Samnabad Town,True,2026-08-11
41335,LR-2241,LR2241,Lahore,"Tehsil Office, Samnabad Town",LWMC-SaTo,Loader Rickshaw,Door To Door Collection,moving,on,24.626,207.58,31.542197,74.308088,11/08/2026 10:33 AM,11/08/2026 11:00 AM,Reporting,Parked,14.7,False,UC-83,Samnabad Town,Zone-33,Loader Rickshaw,Samnabad Town,True,2026-08-11
20232,WR-013,WR013,Lahore,"Tehsil Office, Samnabad Town",LWMC-SaTo,Rickshaw Washer,Washing,still,off,21.292,118.25,31.522265,74.296438,11/08/2026 10:04 AM,11/08/2026 11:00 AM,Reporting,Parked,15.31,False,UC-218,Samnabad Town,Zone-35,Washer Rickshaw,Samnabad Town,True,2026-08-11
39152,D-31,D31,Lahore,"Tehsil Office, Samnabad Town",LWMC-SaTo,Dumper (25CM),Bulk Waste Collection,moving,on,49.442,161.16,31.572613,74.279862,11/08/2026 09:37 AM,11/08/2026 11:00 AM,Reporting,Parked,0.0,True,,,,Dumper,Samnabad Town,False,2026-08-11
41291,LR-1683,LR1683,Lahore,"Tehsil Office, Samnabad Town",LWMC-SaTo,Loader Rickshaw,Door To Door Collection,moving,on,26.177,156.63,31.560419,74.272891,11/08/2026 10:33 AM,11/08/2026 11:00 AM,Reporting,Moving,11.59,False,UC-71,Samnabad Town,Zone-31,Loader Rickshaw,Samnabad Town,True,2026-08-11
-,LR-2435,LR2435,Lahore,"Tehsil Office, Samnabad Town",LWMC-SaTo,-,-,moving,on,30.568,166.4,31.473284,74.25009,11/08/2026 10:34 AM,11/08/2026 11:00 AM,Reporting,Moving,12.25,False,UC-113,Allama Iqbal Town,Zone-40,Loader Rickshaw,Samnabad Town,False,2026-08-11
41250,LR-1259,LR1259,Lahore,"Tehsil Office, Samnabad Town",LWMC-SaTo,Loader Rickshaw,Door To Door Collection,still,off,28.325,256.86,31.533136,74.293949,11/08/2026 10:31 AM,11/08/2026 11:00 AM,Reporting,Idle,12.56,False,UC-90,Samnabad Town,Zone-33,Loader Rickshaw,Samnabad Town,True,2026-08-11
-,LR-2442,LR2442,Lahore,"Tehsil Office, Samnabad Town",LWMC-SaTo,-,-,moving,on,21.015,163.84,31.537478,74.307026,11/08/2026 10:46 AM,11/08/2026 11:00 AM,Reporting,Parked,12.15,False,UC-91,Samnabad Town,Zone-33,Loader Rickshaw,Samnabad Town,True,2026-08-11
39187,S-247,S247,Lahore,"Tehsil Office, Samnabad Town",LWMC-SaTo,Mini Dumper,Bulk Waste Collection,moving,on,35.17,142.08,31.574403,74.274355,11/08/2026 10:26 AM,11/08/2026 11:00 AM,Reporting,Moving,0.0,True,UC-71,Samnabad Town,Zone-31,Mini Dumper,Samnabad Town,True,2026-08-11
-,LR-0812,LR0812,Lahore,"Tehsil Office, Samnabad Town",LWMC-SaTo,-,-,moving,on,17.337,183.38,31.533381,74.315308,11/08/2026 10:44 AM,11/08/2026 11:00 AM,Reporting,Parked,13.17,False,UC-84,Samnabad Town,Zone-34,Loader Rickshaw,Samnabad Town,True,2026-08-11
41289,LR-1681,LR1681,Lahore,"Tehsil Office, Samnabad Town",LWMC-SaTo,Loader Rickshaw,Door To Door Collection,still,off,17.086,112.83,31.533088,74.302486,11/08/2026 10:39 AM,11/08/2026 11:00 AM,Reporting,Parked,11.38,False,UC-91,Samnabad Town,Zone-33,Loader Rickshaw,Samnabad Town,True,2026-08-11
-,LR-0379,LR0379,Lahore,"Tehsil Office, Samnabad Town",LWMC-SaTo,-,-,moving,on,26.091,132.33,31.507323,74.288822,11/08/2026 10:36 AM,11/08/2026 11:00 AM,Reporting,Idle,11.18,False,UC-214,Samnabad Town,Zone-36,Loader Rickshaw,Samnabad Town,True,2026-08-11
-,LR-0977,LR0977,Lahore,"Tehsil Office, Samnabad Town",LWMC-SaTo,-,-,moving,on,24.596,275.28,31.574542,74.274164,11/08/2026 10:07 AM,11/08/2026 11:00 AM,Reporting,Moving,12.66,False,UC-71,Samnabad Town,Zone-31,Loader Rickshaw,Samnabad Town,True,2026-08-11
-,LR-0961,LR0961,Lahore,"Tehsil Office, Samnabad Town",LWMC-SaTo,-,-,still,off,15.514,389.94,31.535494,74.317609,11/08/2026 10:05 AM,11/08/2026 11:00 AM,Reporting,Parked,11.64,False,UC-84,Samnabad Town,Zone-34,Loader Rickshaw,Samnabad Town,True,2026-08-11
-,LR-0813,LR0813,Lahore,"Tehsil Office, Samnabad Town",LWMC-SaTo,-,-,moving,on,16.158,66.08,31.533033,74.315899,11/08/2026 10:38 AM,11/08/2026 11:00 AM,Reporting,Parked,10.57,False,UC-84,Samnabad Town,Zone-34,Loader Rickshaw,Samnabad Town,True,2026-08-11
-,LR-2832,LR2832,Lahore,"Tehsil Office, Samnabad Town",LWMC-SaTo,-,-,still,off,11.364,56.01,31.413467,74.222262,11/08/2026 10:24 AM,11/08/2026 11:00 AM,Reporting,Moving,12.1,False,UC-269,Nishter Town,Zone-47,Loader Rickshaw,Samnabad Town,False,2026-08-11
-,LR-2429,LR2429,Lahore,"Tehsil Office, Samnabad Town",LWMC-SaTo,-,-,still,off,24.21,329.16,31.529531,74.282947,11/08/2026 10:32 AM,11/08/2026 11:00 AM,Reporting,Excess Idling,12.81,False,UC-95,Allama Iqbal Town,Zone-37,Loader Rickshaw,Allama Iqbal Town,True,2026-08-11
-,LR-2436,LR2436,Lahore,"Tehsil Office, Samnabad Town",LWMC-SaTo,-,-,still,off,,,31.463839,74.224958,11/08/2026 08:38 AM,11/08/2026 10:00 AM,Reporting,No Activity Since Yesterday,12.4,False,UC-117,Allama Iqbal Town,Zone-41,Loader Rickshaw,Samnabad Town,False,2026-08-11
41247,LR-1256,LR1256,Lahore,"Tehsil Office, Samnabad Town",LWMC-SaTo,Loader Rickshaw,Door To Door Collection,still,off,,,31.463424,74.224925,11/08/2026 12:21 AM,11/08/2026 02:02 AM,Reporting,No Activity Since Yesterday,5.47,False,UC-117,Allama Iqbal Town,Zone-41,Loader Rickshaw,Samnabad Town,False,2026-08-11
-,LR-2826,LR2826,Lahore,"Tehsil Office, Samnabad Town",LWMC-SaTo,-,-,moving,on,22.004,106.34,31.575903,74.273174,11/08/2026 09:09 AM,11/08/2026 11:00 AM,Reporting,Moving,13.58,False,,,,Loader Rickshaw,Samnabad Town,False,2026-08-11
-,LR-2434,LR2434,Lahore,"Tehsil Office, Samnabad Town",LWMC-SaTo,-,-,moving,on,46.077,169.51,31.511092,74.318978,11/08/2026 10:40 AM,11/08/2026 11:00 AM,Reporting,Moving,12.45,False,UC-208,Gulberg Town,Zone-23,Loader Rickshaw,Samnabad Town,False,2026-08-11
23454,LR-0557,LR0557,Lahore,"Tehsil Office, Ravi Town",LWMC-RaTo,Loader Rickshaw,Door To Door Collection,still,off,13.924,75.68,31.610091,74.277043,11/08/2026 09:37 AM,11/08/2026 11:00 AM,Reporting,Moving,12.35,False,UC-4,Ravi Town,Zone-1,Loader Rickshaw,Ravi Town,True,2026-08-11
19942,S-296,S296,Lahore,"Tehsil Office, Ravi Town",LWMC-RaTo,Mini Dumper,Bulk Waste Collection,still,off,26.377,144.4,31.602574,74.309916,11/08/2026 09:58 AM,11/08/2026 11:00 AM,Reporting,Parked,12.56,False,UC-16,Ravi Town,Zone-4,Mini Dumper,Ravi Town,True,2026-08-11
19958,S-182,S182,Lahore,"Tehsil Office, Ravi Town",LWMC-RaTo,Mini Dumper,Bulk Waste Collection,still,off,17.608,77.15,31.610963,74.311261,11/08/2026 10:08 AM,11/08/2026 11:00 AM,Reporting,Moving,12.61,False,UC-23,Ravi Town,Zone-3,Mini Dumper,Ravi Town,True,2026-08-11
19950,S-258,S258,Lahore,"Tehsil Office, Ravi Town",LWMC-RaTo,Mini Dumper,Bulk Waste Collection,moving,on,0.334,1.85,31.573376,74.287527,11/08/2026 09:38 AM,11/08/2026 11:00 AM,Reporting,No Activity Since Yesterday,6.13,False,UC-56,DGBT,Zone-29,Mini Dumper,Ravi Town,False,2026-08-11
18684,C-729,C729,Lahore,"Tehsil Office, Ravi Town",LWMC-RaTo,Compactor (7CM),Container-Based Collection,moving,on,76.319,322.44,31.610193,74.305402,11/08/2026 10:37 AM,11/08/2026 11:00 AM,Reporting,Parked,12.76,False,,,,Compactor,Ravi Town,False,2026-08-11
19927,S-302,S302,Lahore,"Tehsil Office, Ravi Town",LWMC-RaTo,Mini Dumper,Bulk Waste Collection,still,off,,,31.573536,74.287588,11/08/2026 09:51 AM,11/08/2026 11:00 AM,Reporting,No Activity Since Yesterday,10.72,False,UC-56,DGBT,Zone-29,Mini Dumper,Ravi Town,False,2026-08-11
-,LR-1503,LR1503,Lahore,"Tehsil Office, Ravi Town",LWMC-RaTo,-,-,still,off,0.063,85.29,31.592616,74.259143,11/08/2026 10:43 AM,11/08/2026 11:00 AM,Reporting,No Activity Since Yesterday,11.08,False,UC-5,Ravi Town,Zone-1,Loader Rickshaw,Ravi Town,True,2026-08-11
-,LR-1816,LR1816,Lahore,"Tehsil Office, Ravi Town",LWMC-RaTo,-,-,moving,on,16.656,166.16,31.590854,74.316872,11/08/2026 09:58 AM,11/08/2026 11:00 AM,Reporting,Parked,11.89,False,UC-17,Ravi Town,Zone-4,Loader Rickshaw,Ravi Town,True,2026-08-11
19301,LR-0162,LR0162,Lahore,"Tehsil Office, Ravi Town",LWMC-RaTo,Loader Rickshaw,Bulk Waste Collection,moving,on,16.135,267.31,31.628757,74.281676,11/08/2026 10:46 AM,11/08/2026 11:00 AM,Reporting,Parked,11.74,False,UC-6,Ravi Town,Zone-1,Loader Rickshaw,Ravi Town,True,2026-08-11
19932,S-376,S376,Lahore,"Tehsil Office, Ravi Town",LWMC-RaTo,Mini Dumper,Bulk Waste Collection,still,off,11.076,71.0,31.630538,74.286235,11/08/2026 10:27 AM,11/08/2026 11:00 AM,Reporting,Parked,13.17,False,UC-8,Ravi Town,Zone-2,Mini Dumper,Ravi Town,True,2026-08-11
-,C-1381,C1381,Lahore,"Tehsil Office, Ravi Town",LWMC-RaTo,-,-,still,off,21.093,187.75,31.589758,74.322048,11/08/2026 10:44 AM,11/08/2026 11:00 AM,Reporting,Moving,27.7,False,UC-17,Ravi Town,Zone-4,Compactor,Ravi Town,True,2026-08-11
-,LR-2130,LR2130,Lahore,"Tehsil Office, Ravi Town",LWMC-RaTo,-,-,moving,on,17.515,104.03,31.622253,74.289237,11/08/2026 10:41 AM,11/08/2026 11:00 AM,Reporting,Parked,11.49,False,UC-7,Ravi Town,Zone-1,Loader Rickshaw,Ravi Town,True,2026-08-11
19938,S-181,S181,Lahore,"Tehsil Office, Ravi Town",LWMC-RaTo,Mini Dumper,Bulk Waste Collection,moving,on,12.165,65.61,31.604553,74.318806,11/08/2026 09:56 AM,11/08/2026 11:00 AM,Reporting,Moving,14.65,False,UC-20,Ravi Town,Zone-3,Mini Dumper,Ravi Town,True,2026-08-11
18476,CA-169,CA169,Lahore,"Tehsil Office, Ravi Town",LWMC-RaTo,Chain Arm Roll,Container-Based Collection,moving,on,86.021,281.14,31.634783,74.313073,11/08/2026 10:43 AM,11/08/2026 11:00 AM,Reporting,Idle,26.84,False,,,,Chain Arm Roll,Ravi Town,False,2026-08-11
59160,C-13-1305,C131305,Lahore,"Tehsil Office, Ravi Town",LWMC-RaTo,Compactor (13CM),Container-Based Collection,moving,on,57.77,306.96,31.609362,74.319554,11/08/2026 10:14 AM,11/08/2026 10:30 AM,Reporting,Excess Idling,14.44,False,UC-19,Ravi Town,Zone-3,Compactor,Ravi Town,True,2026-08-11
23451,LR-0554,LR0554,Lahore,"Tehsil Office, Ravi Town",LWMC-RaTo,Loader Rickshaw,Door To Door Collection,moving,on,23.771,188.08,31.609358,74.291108,11/08/2026 09:58 AM,11/08/2026 11:00 AM,Reporting,Moving,0.0,True,UC-4,Ravi Town,Zone-1,Loader Rickshaw,Ravi Town,True,2026-08-11
-,LR-1946,LR1946,Lahore,"Tehsil Office, Ravi Town",LWMC-RaTo,-,-,still,off,8.386,182.3,31.609971,74.277285,11/08/2026 10:03 AM,11/08/2026 11:00 AM,Reporting,Parked,11.84,False,UC-5,Ravi Town,Zone-1,Loader Rickshaw,Ravi Town,True,2026-08-11
-,C-1378,C1378,Lahore,"Tehsil Office, Ravi Town",LWMC-RaTo,-,-,moving,on,57.086,274.88,31.634374,74.312864,11/08/2026 10:32 AM,11/08/2026 11:00 AM,Reporting,Moving,15.57,False,,,,Compactor,Ravi Town,False,2026-08-11
18680,C-741,C741,Lahore,"Tehsil Office, Ravi Town",LWMC-RaTo,Compactor (7CM),Container-Based Collection,still,off,87.645,307.41,31.644645,74.287793,11/08/2026 10:22 AM,11/08/2026 11:00 AM,Reporting,Parked,28.21,False,UC-9,Ravi Town,Zone-2,Compactor,Ravi Town,True,2026-08-11
18408,HA-08,HA08,Lahore,"Tehsil Office, Ravi Town",LWMC-RaTo,Arm Roll Truck,Container-Based Collection,moving,on,69.113,215.88,31.611618,74.311449,11/08/2026 10:04 AM,11/08/2026 10:30 AM,Reporting,Parked,10.67,False,UC-23,Ravi Town,Zone-3,Arm Roll,Ravi Town,True,2026-08-11
19298,LR-0164,LR0164,Lahore,"Tehsil Office, Ravi Town",LWMC-RaTo,Loader Rickshaw,Bulk Waste Collection,still,off,17.874,306.14,31.631991,74.280573,11/08/2026 10:35 AM,11/08/2026 11:00 AM,Reporting,Idle,13.73,False,UC-6,Ravi Town,Zone-1,Loader Rickshaw,Ravi Town,True,2026-08-11
18474,CA-149,CA149,Lahore,"Tehsil Office, Ravi Town",LWMC-RaTo,Chain Arm Roll,Container-Based Collection,still,off,27.23,111.93,31.610893,74.311227,11/08/2026 10:17 AM,11/08/2026 11:00 AM,Reporting,Parked,26.02,False,UC-23,Ravi Town,Zone-3,Chain Arm Roll,Ravi Town,True,2026-08-11
-,LR-0809,LR0809,Lahore,"Tehsil Office, Ravi Town",LWMC-RaTo,-,-,still,off,,,31.63485,74.286997,11/08/2026 10:38 AM,11/08/2026 11:00 AM,Reporting,No Activity Since Yesterday,0.0,True,UC-10,Ravi Town,Zone-2,Loader Rickshaw,Ravi Town,True,2026-08-11
59158,C-07-705,C07705,Lahore,"Tehsil Office, Ravi Town",LWMC-RaTo,Compactor (7CM),Container-Based Collection,still,off,57.171,172.55,31.63387,74.312897,11/08/2026 10:30 AM,11/08/2026 11:00 AM,Reporting,Parked,27.65,False,,,,Compactor,Ravi Town,False,2026-08-11
-,WR-0043,WR0043,Lahore,"Tehsil Office, Ravi Town",LWMC-RaTo,-,-,still,off,7.645,288.98,31.586972,74.323486,11/08/2026 10:41 AM,11/08/2026 11:00 AM,Reporting,Excess Idling,11.94,False,UC-33,Ravi Town,Zone-5,Washer Rickshaw,Ravi Town,True,2026-08-11
-,LR-0903,LR0903,Lahore,"Tehsil Office, Ravi Town",LWMC-RaTo,-,-,still,off,6.938,291.05,31.602254,74.330921,11/08/2026 10:43 AM,11/08/2026 11:00 AM,Reporting,Excess Idling,12.45,False,UC-23,Ravi Town,Zone-3,Loader Rickshaw,Ravi Town,True,2026-08-11
19294,LR-0246,LR0246,Lahore,"Tehsil Office, Ravi Town",LWMC-RaTo,Loader Rickshaw,Bulk Waste Collection,still,off,16.89,312.26,31.590774,74.317352,11/08/2026 10:29 AM,11/08/2026 11:00 AM,Reporting,Parked,11.94,False,UC-17,Ravi Town,Zone-4,Loader Rickshaw,Ravi Town,True,2026-08-11
-,LR-1970,LR1970,Lahore,"Tehsil Office, Ravi Town",LWMC-RaTo,-,-,moving,on,33.956,613.29,31.573497,74.32711,11/08/2026 10:42 AM,11/08/2026 11:00 AM,Reporting,Moving,0.0,True,UC-170,DGBT,Zone-24,Loader Rickshaw,DGBT,True,2026-08-11
-,LR-2298,LR2298,Lahore,"Tehsil Office, Wahgha Town",LWMC-WaTo,-,-,still,off,41.838,297.63,31.441557,74.568191,11/08/2026 10:28 AM,11/08/2026 11:00 AM,Reporting,Excess Idling,11.69,False,UC-190,Wagha Town,Zone-14,Loader Rickshaw,Wagha Town,True,2026-08-11
23591,LR-0822,LR0822,Lahore,"Tehsil Office, Wahgha Town",LWMC-WaTo,Loader Rickshaw,Door To Door Collection,still,off,20.732,94.23,31.590857,74.396925,11/08/2026 09:42 AM,11/08/2026 10:00 AM,Reporting,Parked,11.79,False,UC-131,Wagha Town,Zone-11,Loader Rickshaw,Wagha Town,True,2026-08-11
-,S-199,S199,Lahore,"Tehsil Office, Wahgha Town",LWMC-WaTo,-,-,still,off,,,31.623741,74.421535,11/08/2026 09:33 AM,11/08/2026 11:00 AM,Reporting,No Activity Since Yesterday,11.84,False,UC-108,Wagha Town,Zone-13,Mini Dumper,Wagha Town,True,2026-08-11
-,S-20,S20,Lahore,"Tehsil Office, Wahgha Town",LWMC-WaTo,-,-,moving,on,34.927,195.94,31.59695,74.405692,11/08/2026 10:29 AM,11/08/2026 11:00 AM,Reporting,Parked,11.69,False,UC-138,Wagha Town,Zone-12,Mini Dumper,Wagha Town,True,2026-08-11
-,S-291,S291,Lahore,"Tehsil Office, Wahgha Town",LWMC-WaTo,-,-,moving,on,29.435,111.45,31.587851,74.413728,11/08/2026 10:37 AM,11/08/2026 11:00 AM,Reporting,Moving,13.58,False,UC-144,Wagha Town,Zone-12,Mini Dumper,Wagha Town,True,2026-08-11
-,LR-1834,LR1834,Lahore,"Tehsil Office, Wahgha Town",LWMC-WaTo,-,-,moving,on,27.012,259.41,31.509448,74.504084,11/08/2026 10:13 AM,11/08/2026 10:30 AM,Reporting,Moving,6.9,False,UC-193,Wagha Town,Zone-14,Loader Rickshaw,Wagha Town,True,2026-08-11
-,M-110,M110,Lahore,"Tehsil Office, Wahgha Town",LWMC-WaTo,-,-,moving,on,21.961,96.48,31.602609,74.395369,11/08/2026 10:36 AM,11/08/2026 11:00 AM,Reporting,Moving,11.69,False,UC-132,Wagha Town,Zone-11,Foton-Mini Dumper,Wagha Town,True,2026-08-11
-,LR-0931,LR0931,Lahore,"Tehsil Office, Wahgha Town",LWMC-WaTo,-,-,moving,on,17.159,88.93,31.587161,74.390507,11/08/2026 10:42 AM,11/08/2026 11:00 AM,Reporting,Moving,12.05,False,UC-131,Wagha Town,Zone-11,Loader Rickshaw,Wagha Town,True,2026-08-11
-,MFL-76,MFL76,Lahore,"Tehsil Office, Wahgha Town",LWMC-WaTo,-,-,moving,on,16.387,250.71,31.606669,74.398308,11/08/2026 10:30 AM,11/08/2026 11:00 AM,Reporting,Moving,14.24,False,,,,Loader,Wagha Town,False,2026-08-11
-,LR-2158,LR2158,Lahore,"Tehsil Office, Wahgha Town",LWMC-WaTo,-,-,still,off,9.849,97.9,31.569721,74.445966,11/08/2026 10:39 AM,11/08/2026 11:00 AM,Reporting,Moving,10.98,False,UC-192,Wagha Town,Zone-14,Loader Rickshaw,Wagha Town,True,2026-08-11
-,LR-2453,LR2453,Lahore,"Tehsil Office, Wahgha Town",LWMC-WaTo,-,-,still,off,29.889,288.61,31.588202,74.443143,11/08/2026 10:43 AM,11/08/2026 11:00 AM,Reporting,Idle,12.76,False,UC-175,Wagha Town,Zone-12,Loader Rickshaw,Wagha Town,True,2026-08-11
23562,LR-0285,LR0285,Lahore,"Tehsil Office, Wahgha Town",LWMC-WaTo,Loader Rickshaw,Door To Door Collection,moving,on,5.939,22.06,31.576991,74.485161,11/08/2026 10:27 AM,11/08/2026 11:00 AM,Reporting,Parked,11.94,False,UC-183,Wagha Town,Zone-13,Loader Rickshaw,Wagha Town,True,2026-08-11
-,LR-1780,LR1780,Lahore,"Tehsil Office, Wahgha Town",LWMC-WaTo,-,-,moving,on,20.931,74.81,31.507164,74.504229,11/08/2026 10:45 AM,11/08/2026 11:00 AM,Reporting,Parked,12.3,False,UC-193,Wagha Town,Zone-14,Loader Rickshaw,Wagha Town,True,2026-08-11
-,LR-1730,LR1730,Lahore,"Tehsil Office, Wahgha Town",LWMC-WaTo,-,-,moving,on,20.354,282.14,31.514754,74.481132,11/08/2026 10:41 AM,11/08/2026 11:00 AM,Reporting,Idle,11.79,False,UC-193,Wagha Town,Zone-14,Loader Rickshaw,Wagha Town,True,2026-08-11
-,LR-0152,LR0152,Lahore,"Tehsil Office, Wahgha Town",LWMC-WaTo,-,-,still,off,,,31.610435,74.381878,11/08/2026 09:48 AM,11/08/2026 11:00 AM,Reporting,No Activity Since Yesterday,11.89,False,UC-108,Wagha Town,Zone-13,Loader Rickshaw,Wagha Town,True,2026-08-11
25346,LR-0462,LR0462,Lahore,"Tehsil Office, Wahgha Town",LWMC-WaTo,Loader Rickshaw,Door to Door Collection,still,off,21.149,114.25,31.590881,74.421404,11/08/2026 10:42 AM,11/08/2026 11:00 AM,Reporting,Moving,13.32,False,UC-138,Wagha Town,Zone-12,Loader Rickshaw,Wagha Town,True,2026-08-11
23582,LR-0630,LR0630,Lahore,"Tehsil Office, Wahgha Town",LWMC-WaTo,Loader Rickshaw,Door To Door Collection,still,off,0.029,0.08,31.57893,74.503653,11/08/2026 08:04 AM,11/08/2026 08:30 AM,Reporting,No Activity Since Yesterday,0.0,True,UC-182,Wagha Town,Zone-13,Loader Rickshaw,Wagha Town,True,2026-08-11
-,HA-03,HA03,Lahore,"Tehsil Office, Wahgha Town",LWMC-WaTo,-,-,moving,on,32.844,172.51,31.603749,74.399729,11/08/2026 10:39 AM,11/08/2026 11:00 AM,Reporting,Idle,24.39,False,,,,Arm Roll,Wagha Town,False,2026-08-11
-,S-257,S257,Lahore,"Tehsil Office, Wahgha Town",LWMC-WaTo,-,-,moving,on,30.805,118.33,31.535368,74.538421,11/08/2026 10:34 AM,11/08/2026 11:00 AM,Reporting,Parked,12.44,False,UC-180,Wagha Town,Zone-14,Mini Dumper,Wagha Town,True,2026-08-11
-,LR-2940,LR2940,Lahore,"Tehsil Office, Wahgha Town",LWMC-WaTo,-,-,still,off,14.014,279.73,31.593217,74.361491,11/08/2026 10:39 AM,11/08/2026 11:00 AM,Reporting,Idle,12.71,False,UC-162,Shalimar Town,Zone-9,Loader Rickshaw,Shalimar Town,True,2026-08-11
-,S-357,S357,Lahore,"Tehsil Office, Wahgha Town",LWMC-WaTo,-,-,still,off,47.284,151.98,31.604539,74.414382,11/08/2026 10:13 AM,11/08/2026 11:00 AM,Reporting,Parked,12.56,False,UC-174,Wagha Town,Zone-12,Mini Dumper,Wagha Town,True,2026-08-11
-,LR-2305,LR2305,Lahore,"Tehsil Office, Wahgha Town",LWMC-WaTo,-,-,moving,on,23.279,94.53,31.495752,74.486555,11/08/2026 10:37 AM,11/08/2026 11:00 AM,Reporting,Parked,13.93,False,UC-193,Wagha Town,Zone-14,Loader Rickshaw,Wagha Town,True,2026-08-11
-,SD-06,SD06,Lahore,"Tehsil Office, Wahgha Town",LWMC-WaTo,-,-,moving,on,91.692,244.96,31.590845,74.434472,11/08/2026 10:11 AM,11/08/2026 10:30 AM,Reporting,Moving,25.05,False,UC-175,Wagha Town,Zone-12,Dumper,Wagha Town,True,2026-08-11
-,LR-2159,LR2159,Lahore,"Tehsil Office, Wahgha Town",LWMC-WaTo,-,-,moving,on,15.509,67.41,31.52877,74.542849,11/08/2026 10:41 AM,11/08/2026 11:00 AM,Reporting,Parked,12.4,False,UC-180,Wagha Town,Zone-14,Loader Rickshaw,Wagha Town,True,2026-08-11
29252,C-1311,C1311,Lahore,"Tehsil Office, Wahgha Town",LWMC-WaTo,Compactor (25CM),Bulk Waste Collection,moving,on,56.324,234.96,31.608487,74.38651,11/08/2026 10:25 AM,11/08/2026 11:00 AM,Reporting,Moving,14.7,False,UC-108,Wagha Town,Zone-13,Compactor,Wagha Town,True,2026-08-11
-,M-76,M76,Lahore,"Tehsil Office, Wahgha Town",LWMC-WaTo,-,-,still,off,58.048,150.76,31.587302,74.404633,11/08/2026 10:15 AM,11/08/2026 11:00 AM,Reporting,Parked,13.27,False,UC-138,Wagha Town,Zone-12,Foton-Mini Dumper,Wagha Town,True,2026-08-11
-,LR-1784,LR1784,Lahore,"Tehsil Office, Wahgha Town",LWMC-WaTo,-,-,still,off,20.762,137.46,31.444829,74.555227,11/08/2026 09:59 AM,11/08/2026 10:30 AM,Reporting,Moving,10.26,False,UC-189,Wagha Town,Zone-14,Loader Rickshaw,Wagha Town,True,2026-08-11
-,LR-1782,LR1782,Lahore,"Tehsil Office, Wahgha Town",LWMC-WaTo,-,-,still,off,24.26,93.75,31.432469,74.521601,11/08/2026 10:28 AM,11/08/2026 11:00 AM,Reporting,Parked,11.74,False,UC-191,Wagha Town,Zone-14,Loader Rickshaw,Wagha Town,True,2026-08-11
-,LR-1526,LR1526,Lahore,"Tehsil Office, Wahgha Town",LWMC-WaTo,-,-,moving,on,16.858,174.5,31.540904,74.502877,11/08/2026 10:27 AM,11/08/2026 11:00 AM,Reporting,Idle,12.35,False,UC-180,Wagha Town,Zone-14,Loader Rickshaw,Wagha Town,True,2026-08-11
-,LR-1527,LR1527,Lahore,"Tehsil Office, Wahgha Town",LWMC-WaTo,-,-,still,off,13.086,169.06,31.512665,74.501846,11/08/2026 10:26 AM,11/08/2026 11:00 AM,Reporting,Idle,13.53,False,UC-193,Wagha Town,Zone-14,Loader Rickshaw,Wagha Town,True,2026-08-11
-,LR-2164,LR2164,Lahore,"Tehsil Office, Wahgha Town",LWMC-WaTo,-,-,moving,on,24.776,93.45,31.392833,74.534974,11/08/2026 08:01 AM,11/08/2026 09:00 AM,Reporting,Parked,11.69,False,UC-191,Wagha Town,Zone-14,Loader Rickshaw,Wagha Town,True,2026-08-11
-,LR-1535,LR1535,Lahore,"Tehsil Office, Wahgha Town",LWMC-WaTo,-,-,moving,on,8.749,255.26,31.539933,74.488924,11/08/2026 10:31 AM,11/08/2026 11:00 AM,Reporting,Moving,13.37,False,UC-193,Wagha Town,Zone-14,Loader Rickshaw,Wagha Town,True,2026-08-11
18503,C13-1089,C131089,Lahore,"Tehsil Office, Aziz Bhatti Town",LWMC-AzBT,Compactor (13CM),Container-Based Collection,moving,on,51.139,175.31,31.609223,74.393372,11/08/2026 09:34 AM,11/08/2026 11:00 AM,Reporting,Parked,0.0,True,UC-108,Wagha Town,Zone-13,Compactor,Aziz Bhatti Town,False,2026-08-11
-,LES-6145,LES6145,Lahore,"Tehsil Office, Aziz Bhatti Town",LWMC-AzBT,-,-,moving,on,51.139,175.31,31.609223,74.393372,11/08/2026 09:34 AM,11/08/2026 11:00 AM,Reporting,Parked,12.76,False,UC-108,Wagha Town,Zone-13,,Aziz Bhatti Town,False,2026-08-11
-,LR-0329,LR0329,Lahore,"Tehsil Office, Aziz Bhatti Town",LWMC-AzBT,-,-,still,off,38.825,190.15,31.553598,74.427073,11/08/2026 10:31 AM,11/08/2026 11:00 AM,Reporting,Parked,13.53,False,UC-151,Aziz Bhatti Town,Zone-17,Loader Rickshaw,Aziz Bhatti Town,True,2026-08-11
-,LR-1664,LR1664,Lahore,"Tehsil Office, Aziz Bhatti Town",LWMC-AzBT,-,-,still,off,19.291,123.06,31.559436,74.373404,11/08/2026 09:44 AM,11/08/2026 11:00 AM,Reporting,Parked,12.91,False,UC-187,Aziz Bhatti Town,Zone-18,Loader Rickshaw,Aziz Bhatti Town,True,2026-08-11
-,LR-1950,LR1950,Lahore,"Tehsil Office, Aziz Bhatti Town",LWMC-AzBT,-,-,moving,on,33.958,185.01,31.610735,74.382547,11/08/2026 10:35 AM,11/08/2026 11:00 AM,Reporting,Moving,11.94,False,UC-108,Wagha Town,Zone-13,Loader Rickshaw,Aziz Bhatti Town,False,2026-08-11
-,LR-1966,LR1966,Lahore,"Tehsil Office, Aziz Bhatti Town",LWMC-AzBT,-,-,moving,on,11.293,137.48,31.552652,74.407538,11/08/2026 10:44 AM,11/08/2026 11:00 AM,Reporting,Idle,14.75,False,UC-149,Aziz Bhatti Town,Zone-17,Loader Rickshaw,Aziz Bhatti Town,True,2026-08-11
-,LR-0584,LR0584,Lahore,"Tehsil Office, Aziz Bhatti Town",LWMC-AzBT,-,-,still,off,13.627,234.98,31.559354,74.372686,11/08/2026 09:41 AM,11/08/2026 11:00 AM,Reporting,Parked,11.69,False,UC-187,Aziz Bhatti Town,Zone-18,Loader Rickshaw,Aziz Bhatti Town,True,2026-08-11
-,LR-1904,LR1904,Lahore,"Tehsil Office, Aziz Bhatti Town",LWMC-AzBT,-,-,still,off,14.599,46.85,31.561803,74.405578,11/08/2026 10:07 AM,11/08/2026 10:30 AM,Reporting,Moving,12.4,False,UC-147,Aziz Bhatti Town,Zone-16,Loader Rickshaw,Aziz Bhatti Town,True,2026-08-11
-,LR-1098,LR1098,Lahore,"Tehsil Office, Aziz Bhatti Town",LWMC-AzBT,-,-,still,off,32.522,281.44,31.568052,74.429145,11/08/2026 10:46 AM,11/08/2026 11:00 AM,Reporting,Moving,12.96,False,UC-146,Aziz Bhatti Town,Zone-16,Loader Rickshaw,Aziz Bhatti Town,True,2026-08-11
-,LR-1001,LR1001,Lahore,"Tehsil Office, Aziz Bhatti Town",LWMC-AzBT,-,-,still,off,12.31,147.55,31.559263,74.391911,11/08/2026 10:09 AM,11/08/2026 10:30 AM,Reporting,Parked,13.63,False,UC-158,Aziz Bhatti Town,Zone-17,Loader Rickshaw,Aziz Bhatti Town,True,2026-08-11
-,S-78,S78,Lahore,"Tehsil Office, Aziz Bhatti Town",LWMC-AzBT,-,-,still,off,24.765,91.41,31.573613,74.328276,11/08/2026 10:47 AM,11/08/2026 11:00 AM,Reporting,Parked,13.32,False,UC-70,DGBT,Zone-24,Mini Dumper,DGBT,True,2026-08-11
-,LR-1193,LR1193,Lahore,"Tehsil Office, Aziz Bhatti Town",LWMC-AzBT,-,-,moving,on,20.137,133.18,31.577662,74.402881,11/08/2026 10:43 AM,11/08/2026 11:00 AM,Reporting,Moving,12.96,False,UC-140,Aziz Bhatti Town,Zone-15,Loader Rickshaw,Aziz Bhatti Town,True,2026-08-11
-,LR-0745,LR0745,Lahore,"Tehsil Office, Aziz Bhatti Town",LWMC-AzBT,-,-,still,off,19.923,329.1,31.54868,74.361049,11/08/2026 10:37 AM,11/08/2026 11:00 AM,Reporting,Moving,13.58,False,UC-188,Aziz Bhatti Town,Zone-18,Loader Rickshaw,Aziz Bhatti Town,True,2026-08-11
-,LR-1954,LR1954,Lahore,"Tehsil Office, Aziz Bhatti Town",LWMC-AzBT,-,-,still,off,16.563,551.71,31.559422,74.37328,11/08/2026 10:19 AM,11/08/2026 11:00 AM,Reporting,Parked,12.45,False,UC-187,Aziz Bhatti Town,Zone-18,Loader Rickshaw,Aziz Bhatti Town,True,2026-08-11
-,LR-2849,LR2849,Lahore,"Tehsil Office, Nishter Town",LWMC-NiTo,-,-,moving,on,14.019,113.34,31.434398,74.299134,11/08/2026 10:29 AM,11/08/2026 11:00 AM,Reporting,Moving,12.45,False,UC-236,Nishter Town,Zone-46,Loader Rickshaw,Nishter Town,True,2026-08-11
23065,LR-0119,LR0119,Lahore,"Tehsil Office, Nishter Town",LWMC-NiTo,Loader Rickshaw,Door To Door Collection,moving,on,10.224,74.23,31.438376,74.368506,11/08/2026 10:37 AM,11/08/2026 11:00 AM,Reporting,Parked,11.69,False,UC-242,Nishter Town,Zone-45,Loader Rickshaw,Nishter Town,True,2026-08-11
-,C-1309,C1309,Lahore,"Tehsil Office, Nishter Town",LWMC-NiTo,-,-,still,off,58.086,296.78,31.453334,74.308053,11/08/2026 10:30 AM,11/08/2026 11:00 AM,Reporting,Moving,28.21,False,UC-235,Nishter Town,Zone-46,Compactor,Nishter Town,True,2026-08-11
-,S-127,S127,Lahore,"Tehsil Office, Nishter Town",LWMC-NiTo,-,-,still,off,32.062,110.29,31.408751,74.357474,11/08/2026 10:31 AM,11/08/2026 11:00 AM,Reporting,Parked,12.15,False,UC-246,Nishter Town,Zone-48,Mini Dumper,Nishter Town,True,2026-08-11
18470,C05-139,C05139,Lahore,"Tehsil Office, Nishter Town",LWMC-NiTo,Chain Arm Roll,Container-Based Collection,still,off,,,31.449297,74.310977,11/08/2026 09:57 AM,11/08/2026 11:00 AM,Reporting,No Activity Since Yesterday,24.13,False,UC-234,Allama Iqbal Town,Zone-39,Chain Arm Roll,Nishter Town,False,2026-08-11
-,C-1031,C1031,Lahore,"Tehsil Office, Nishter Town",LWMC-NiTo,-,-,moving,on,42.837,287.26,31.392221,74.313282,11/08/2026 10:40 AM,11/08/2026 11:00 AM,Reporting,Moving,28.11,False,UC-251,Nishter Town,Zone-47,Compactor,Nishter Town,True,2026-08-11
-,LR-1882,LR1882,Lahore,"Tehsil Office, Nishter Town",LWMC-NiTo,-,-,moving,on,14.155,271.19,31.442797,74.34182,11/08/2026 10:32 AM,11/08/2026 11:00 AM,Reporting,Moving,11.23,False,UC-229,Nishter Town,Zone-44,Loader Rickshaw,Nishter Town,True,2026-08-11
-,LR-2858,LR2858,Lahore,"Tehsil Office, Nishter Town",LWMC-NiTo,-,-,moving,on,23.016,228.53,31.451359,74.407139,11/08/2026 10:44 AM,11/08/2026 11:00 AM,Reporting,Moving,13.37,False,UC-249,Nishter Town,Zone-45,Loader Rickshaw,Nishter Town,True,2026-08-11
-,C-1020,C1020,Lahore,"Tehsil Office, Nishter Town",LWMC-NiTo,-,-,moving,on,49.96,311.51,31.388377,74.319324,11/08/2026 10:28 AM,11/08/2026 11:00 AM,Reporting,Parked,14.19,False,UC-251,Nishter Town,Zone-47,Compactor,Nishter Town,True,2026-08-11
23084,LR-0334,LR0334,Lahore,"Tehsil Office, Nishter Town",LWMC-NiTo,Loader Rickshaw,Door To Door Collection,still,off,,,31.454988,74.335049,11/08/2026 09:25 AM,11/08/2026 10:30 AM,Reporting,No Activity Since Yesterday,27.4,False,UC-233,Allama Iqbal Town,Zone-39,Loader Rickshaw,Nishter Town,False,2026-08-11
-,LR-1885,LR1885,Lahore,"Tehsil Office, Nishter Town",LWMC-NiTo,-,-,moving,on,14.716,116.95,31.455535,74.336628,11/08/2026 10:03 AM,11/08/2026 10:30 AM,Reporting,Excess Idling,13.12,False,UC-228,Nishter Town,Zone-44,Loader Rickshaw,Nishter Town,True,2026-08-11
-,LR-2280,LR2280,Lahore,"Tehsil Office, Nishter Town",LWMC-NiTo,-,-,still,off,24.802,109.83,31.426856,74.361654,11/08/2026 10:36 AM,11/08/2026 11:00 AM,Reporting,Parked,12.35,False,,,,Loader Rickshaw,Nishter Town,False,2026-08-11
-,LR-1889,LR1889,Lahore,"Tehsil Office, Nishter Town",LWMC-NiTo,-,-,moving,on,10.011,39.25,31.449811,74.349025,11/08/2026 10:44 AM,11/08/2026 11:00 AM,Reporting,Parked,12.71,False,UC-228,Nishter Town,Zone-44,Loader Rickshaw,Nishter Town,True,2026-08-11
-,LR-2864,LR2864,Lahore,"Tehsil Office, Nishter Town",LWMC-NiTo,-,-,moving,on,16.565,119.53,31.447849,74.367632,11/08/2026 10:26 AM,11/08/2026 11:00 AM,Reporting,Parked,13.02,False,UC-231,Nishter Town,Zone-45,Loader Rickshaw,Nishter Town,True,2026-08-11
23085,LR-0335,LR0335,Lahore,"Tehsil Office, Nishter Town",LWMC-NiTo,Loader Rickshaw,Door To Door Collection,moving,on,21.801,134.18,31.427073,74.298422,11/08/2026 10:06 AM,11/08/2026 11:00 AM,Reporting,Moving,12.71,False,UC-240,Nishter Town,Zone-46,Loader Rickshaw,Nishter Town,True,2026-08-11
23083,LR-0323,LR0323,Lahore,"Tehsil Office, Nishter Town",LWMC-NiTo,Loader Rickshaw,Door To Door Collection,still,off,17.003,340.53,31.423309,74.301901,11/08/2026 10:35 AM,11/08/2026 11:00 AM,Reporting,Moving,12.71,False,UC-240,Nishter Town,Zone-46,Loader Rickshaw,Nishter Town,True,2026-08-11
-,LR-0872,LR0872,Lahore,"Tehsil Office, Nishter Town",LWMC-NiTo,-,-,moving,on,8.061,42.96,31.451499,74.349731,11/08/2026 09:56 AM,11/08/2026 10:30 AM,Reporting,Parked,7.61,False,UC-228,Nishter Town,Zone-44,Loader Rickshaw,Nishter Town,True,2026-08-11
-,LR-2279,LR2279,Lahore,"Tehsil Office, Nishter Town",LWMC-NiTo,-,-,still,off,16.52,334.3,31.446365,74.387569,11/08/2026 10:16 AM,11/08/2026 10:30 AM,Reporting,Excess Idling,11.69,False,UC-249,Nishter Town,Zone-45,Loader Rickshaw,Nishter Town,True,2026-08-11
-,LR-2361,LR2361,Lahore,"Tehsil Office, Nishter Town",LWMC-NiTo,-,-,moving,on,15.201,99.96,31.44867,74.37322,11/08/2026 10:27 AM,11/08/2026 11:00 AM,Reporting,Parked,13.98,False,,,,Loader Rickshaw,Nishter Town,False,2026-08-11
-,LR-2707,LR2707,Lahore,"Tehsil Office, Nishter Town",LWMC-NiTo,-,-,moving,on,19.665,108.03,31.446875,74.355892,11/08/2026 10:36 AM,11/08/2026 11:00 AM,Reporting,Parked,12.66,False,UC-230,Nishter Town,Zone-44,Loader Rickshaw,Nishter Town,True,2026-08-11
-,LR-2366,LR2366,Lahore,"Tehsil Office, Allama Iqbal Town",LWMC-AlIT,-,-,moving,on,45.348,329.89,31.362664,74.208993,11/08/2026 10:25 AM,11/08/2026 11:00 AM,Reporting,Parked,10.87,False,UC-269,Nishter Town,Zone-47,Loader Rickshaw,Allama Iqbal Town,False,2026-08-11
-,LR-1746,LR1746,Lahore,"Tehsil Office, Allama Iqbal Town",LWMC-AlIT,-,-,moving,on,25.869,251.3,31.349283,74.206863,11/08/2026 10:25 AM,11/08/2026 11:00 AM,Reporting,Excess Idling,11.56,False,UC-270,Nishter Town,Zone-47,Loader Rickshaw,Allama Iqbal Town,False,2026-08-11
22985,LR-1104,LR1104,Lahore,"Tehsil Office, Allama Iqbal Town",LWMC-AlIT,Loader Rickshaw,Door To Door Collection,still,off,23.64,177.31,31.256543,74.223912,11/08/2026 09:44 AM,11/08/2026 11:00 AM,Reporting,Moving,0.0,True,UC-272,Allama Iqbal Town,Zone-43,Loader Rickshaw,Allama Iqbal Town,True,2026-08-11
22931,LR-0836,LR0836,Lahore,"Tehsil Office, Allama Iqbal Town",LWMC-AlIT,Loader Rickshaw,Door To Door Collection,still,off,23.106,317.19,31.459457,74.311563,11/08/2026 10:46 AM,11/08/2026 11:00 AM,Reporting,Moving,13.78,False,UC-232,Allama Iqbal Town,Zone-39,Loader Rickshaw,Allama Iqbal Town,True,2026-08-11
19664,M-10,M10,Lahore,"Tehsil Office, Allama Iqbal Town",LWMC-AlIT,Mini Dumper,Bulk Waste Collection,moving,on,54.552,114.36,31.413848,74.220939,11/08/2026 10:27 AM,11/08/2026 11:00 AM,Reporting,Parked,12.1,False,UC-269,Nishter Town,Zone-47,Foton-Mini Dumper,Allama Iqbal Town,False,2026-08-11
-,LR-1544,LR1544,Lahore,"Tehsil Office, Allama Iqbal Town",LWMC-AlIT,-,-,still,off,,,31.27598,74.253093,11/08/2026 08:59 AM,11/08/2026 10:00 AM,Reporting,No Activity Since Yesterday,11.94,False,UC-268,Allama Iqbal Town,Zone-43,Loader Rickshaw,Allama Iqbal Town,True,2026-08-11
19644,S-17,S17,Lahore,"Tehsil Office, Allama Iqbal Town",LWMC-AlIT,Mini Dumper,Bulk Waste Collection,moving,on,31.664,138.53,31.463649,74.224911,11/08/2026 10:23 AM,11/08/2026 11:00 AM,Reporting,Moving,13.42,False,UC-117,Allama Iqbal Town,Zone-41,Mini Dumper,Allama Iqbal Town,True,2026-08-11
18526,C-1319,C1319,Lahore,"Tehsil Office, Allama Iqbal Town",LWMC-AlIT,Compactor (13CM),Container-Based Collection,moving,on,42.325,230.19,31.400622,74.167259,11/08/2026 10:09 AM,11/08/2026 10:30 AM,Reporting,Excess Idling,28.11,False,UC-260,Allama Iqbal Town,Zone-41,Compactor,Allama Iqbal Town,True,2026-08-11
-,LR-2143,LR2143,Lahore,"Tehsil Office, Allama Iqbal Town",LWMC-AlIT,-,-,still,off,15.849,223.71,31.388753,74.098379,11/08/2026 10:46 AM,11/08/2026 11:00 AM,Reporting,Excess Idling,24.69,False,UC-261,Allama Iqbal Town,Zone-41,Loader Rickshaw,Allama Iqbal Town,True,2026-08-11
19679,M-66,M66,Lahore,"Tehsil Office, Allama Iqbal Town",LWMC-AlIT,Mini Dumper,Bulk Waste Collection,moving,on,72.092,159.23,31.311417,74.093712,11/08/2026 10:38 AM,11/08/2026 11:00 AM,Reporting,Parked,13.37,False,UC-266,Allama Iqbal Town,Zone-42,Foton-Mini Dumper,Allama Iqbal Town,True,2026-08-11
18528,C-1321,C1321,Lahore,"Tehsil Office, Allama Iqbal Town",LWMC-AlIT,Compactor (13CM),Container-Based Collection,moving,on,80.853,282.21,31.238288,74.229806,11/08/2026 10:35 AM,11/08/2026 11:00 AM,Reporting,Moving,12.15,False,UC-272,Allama Iqbal Town,Zone-43,Compactor,Allama Iqbal Town,True,2026-08-11
19640,S-393,S393,Lahore,"Tehsil Office, Allama Iqbal Town",LWMC-AlIT,Mini Dumper,Bulk Waste Collection,still,off,58.52,169.21,31.310095,74.259405,11/08/2026 10:43 AM,11/08/2026 11:00 AM,Reporting,Parked,11.59,False,UC-270,Nishter Town,Zone-47,Mini Dumper,Allama Iqbal Town,False,2026-08-11
19712,S-128,S128,Lahore,"Tehsil Office, Allama Iqbal Town",LWMC-AlIT,Mini Dumper,Bulk Waste Collection,moving,on,60.738,168.28,31.46402,74.225653,11/08/2026 10:36 AM,11/08/2026 11:00 AM,Reporting,Parked,13.42,False,UC-117,Allama Iqbal Town,Zone-41,Mini Dumper,Allama Iqbal Town,True,2026-08-11
19665,M-33,M33,Lahore,"Tehsil Office, Allama Iqbal Town",LWMC-AlIT,Mini Dumper,Bulk Waste Collection,still,off,60.304,183.28,31.464768,74.225012,11/08/2026 10:11 AM,11/08/2026 11:00 AM,Reporting,Parked,12.15,False,UC-117,Allama Iqbal Town,Zone-41,Foton-Mini Dumper,Allama Iqbal Town,True,2026-08-11
18655,C-723,C723,Lahore,"Tehsil Office, Allama Iqbal Town",LWMC-AlIT,Compactor (7CM),Container-Based Collection,moving,on,55.382,203.59,31.520564,74.269727,11/08/2026 10:26 AM,11/08/2026 11:00 AM,Reporting,Parked,12.81,False,UC-103,Allama Iqbal Town,Zone-38,Compactor,Allama Iqbal Town,True,2026-08-11
18658,C-722,C722,Lahore,"Tehsil Office, Allama Iqbal Town",LWMC-AlIT,Compactor (7CM),Container-Based Collection,still,off,89.384,366.0,31.43626,74.184355,11/08/2026 10:31 AM,11/08/2026 11:00 AM,Reporting,Moving,28.16,False,UC-258,Allama Iqbal Town,Zone-41,Compactor,Allama Iqbal Town,True,2026-08-11
22884,LR-0527,LR0527,Lahore,"Tehsil Office, Allama Iqbal Town",LWMC-AlIT,Loader Rickshaw,Door To Door Collection,still,off,,,31.465231,74.225108,11/08/2026 09:40 AM,11/08/2026 11:00 AM,Reporting,No Activity Since Yesterday,13.53,False,UC-117,Allama Iqbal Town,Zone-41,Loader Rickshaw,Allama Iqbal Town,True,2026-08-11
22881,LR-0524,LR0524,Lahore,"Tehsil Office, Allama Iqbal Town",LWMC-AlIT,Loader Rickshaw,Door To Door Collection,still,off,29.247,512.91,31.465243,74.307627,11/08/2026 10:46 AM,11/08/2026 11:00 AM,Reporting,Moving,12.51,False,UC-232,Allama Iqbal Town,Zone-39,Loader Rickshaw,Allama Iqbal Town,True,2026-08-11
-,LR-2992,LR2992,Lahore,"Tehsil Office, Allama Iqbal Town",LWMC-AlIT,-,-,still,off,17.431,162.51,31.534216,74.267283,11/08/2026 09:53 AM,11/08/2026 10:30 AM,Reporting,Excess Idling,13.37,False,UC-101,Allama Iqbal Town,Zone-37,,Allama Iqbal Town,True,2026-08-11
19669,S-367,S367,Lahore,"Tehsil Office, Allama Iqbal Town",LWMC-AlIT,Mini Dumper,Bulk Waste Collection,moving,on,25.147,155.48,31.533103,74.262467,11/08/2026 10:40 AM,11/08/2026 11:00 AM,Reporting,Moving,11.69,False,UC-101,Allama Iqbal Town,Zone-37,Mini Dumper,Allama Iqbal Town,True,2026-08-11
-,D-42,D42,Lahore,"Tehsil Office, Allama Iqbal Town",LWMC-AlIT,-,-,moving,on,59.923,151.58,31.457235,74.236179,11/08/2026 10:24 AM,11/08/2026 11:00 AM,Reporting,Moving,25.41,False,UC-116,Allama Iqbal Town,Zone-41,Dumper,Allama Iqbal Town,True,2026-08-11
19672,S-200,S200,Lahore,"Tehsil Office, Allama Iqbal Town",LWMC-AlIT,Mini Dumper,Bulk Waste Collection,still,off,35.857,129.93,31.424082,74.283087,11/08/2026 10:37 AM,11/08/2026 11:00 AM,Reporting,Parked,13.98,False,UC-257,Allama Iqbal Town,Zone-40,Mini Dumper,Allama Iqbal Town,True,2026-08-11
19710,S-139,S139,Lahore,"Tehsil Office, Allama Iqbal Town",LWMC-AlIT,Mini Dumper,Bulk Waste Collection,moving,on,33.99,174.19,31.446929,74.320866,11/08/2026 10:24 AM,11/08/2026 11:00 AM,Reporting,Moving,12.45,False,UC-233,Allama Iqbal Town,Zone-39,Mini Dumper,Allama Iqbal Town,True,2026-08-11
18527,C-1344,C1344,Lahore,"Tehsil Office, Allama Iqbal Town",LWMC-AlIT,Compactor (13CM),Container-Based Collection,moving,on,54.284,316.23,31.236974,74.209303,11/08/2026 10:34 AM,11/08/2026 11:00 AM,Reporting,Excess Idling,28.11,False,UC-272,Allama Iqbal Town,Zone-43,Compactor,Allama Iqbal Town,True,2026-08-11
-,D-70,D70,Lahore,"Tehsil Office, Allama Iqbal Town",LWMC-AlIT,-,-,moving,on,102.916,194.33,31.39886,74.155325,11/08/2026 10:21 AM,11/08/2026 11:00 AM,Reporting,Parked,13.27,False,UC-261,Allama Iqbal Town,Zone-41,Dumper,Allama Iqbal Town,True,2026-08-11
-,C25-080,C25080,Lahore,"Tehsil Office, Allama Iqbal Town",LWMC-AlIT,-,-,still,off,,,31.464554,74.225071,11/08/2026 09:55 AM,11/08/2026 11:00 AM,Reporting,No Activity Since Yesterday,23.83,False,UC-117,Allama Iqbal Town,Zone-41,Compactor,Allama Iqbal Town,True,2026-08-11
-,WR-0020,WR0020,Lahore,"Tehsil Office, Allama Iqbal Town",LWMC-AlIT,-,-,moving,on,8.088,40.53,31.511335,74.265592,11/08/2026 09:21 AM,11/08/2026 10:30 AM,Reporting,Moving,11.79,False,UC-106,Allama Iqbal Town,Zone-38,Washer Rickshaw,Allama Iqbal Town,True,2026-08-11
-,LR-2058,LR2058,Lahore,"Tehsil Office, Allama Iqbal Town",LWMC-AlIT,-,-,moving,on,20.07,91.29,31.533393,74.268069,11/08/2026 09:56 AM,11/08/2026 10:30 AM,Reporting,Parked,11.23,False,UC-101,Allama Iqbal Town,Zone-37,Loader Rickshaw,Allama Iqbal Town,True,2026-08-11
18522,C-1330,C1330,Lahore,"Tehsil Office, Allama Iqbal Town",LWMC-AlIT,Compactor (13CM),Container-Based Collection,still,off,25.489,240.26,31.479792,74.238794,11/08/2026 10:46 AM,11/08/2026 11:00 AM,Reporting,Moving,27.3,False,UC-110,Allama Iqbal Town,Zone-41,Compactor,Allama Iqbal Town,True,2026-08-11
-,MFT-11,MFT11,Lahore,"Tehsil Office, Allama Iqbal Town",LWMC-AlIT,-,-,still,off,5.88,221.73,31.266302,74.215854,11/08/2026 10:43 AM,11/08/2026 11:00 AM,Reporting,Excess Idling,11.49,False,UC-272,Allama Iqbal Town,Zone-43,Tractor Trolley,Allama Iqbal Town,True,2026-08-11
-,MFL-91,MFL91,Lahore,"Tehsil Office, Allama Iqbal Town",LWMC-AlIT,-,-,still,off,11.372,55.96,31.478432,74.239674,11/08/2026 10:44 AM,11/08/2026 11:00 AM,Reporting,Parked,12.96,False,UC-110,Allama Iqbal Town,Zone-41,Loader,Allama Iqbal Town,True,2026-08-11
-,MFT-08,MFT08,Lahore,"Tehsil Office, Allama Iqbal Town",LWMC-AlIT,-,-,moving,on,26.808,153.56,31.331523,74.110638,11/08/2026 10:07 AM,11/08/2026 10:30 AM,Reporting,Moving,11.84,False,UC-262,Allama Iqbal Town,Zone-42,Tractor Trolley,Allama Iqbal Town,True,2026-08-11
18514,C-1312,C1312,Lahore,"Tehsil Office, Allama Iqbal Town",LWMC-AlIT,Compactor (13CM),Container-Based Collection,moving,on,34.027,293.03,31.451816,74.286632,11/08/2026 10:36 AM,11/08/2026 11:00 AM,Reporting,Moving,13.83,False,UC-115,Allama Iqbal Town,Zone-40,Compactor,Allama Iqbal Town,True,2026-08-11
22787,LR-0050,LR0050,Lahore,"Tehsil Office, Allama Iqbal Town",LWMC-AlIT,Loader Rickshaw,Door To Door Collection,still,off,27.308,265.83,31.53357,74.267839,11/08/2026 10:23 AM,11/08/2026 10:30 AM,Reporting,Moving,26.22,False,UC-101,Allama Iqbal Town,Zone-37,Loader Rickshaw,Allama Iqbal Town,True,2026-08-11
22856,LR-0449,LR0449,Lahore,"Tehsil Office, Allama Iqbal Town",LWMC-AlIT,Loader Rickshaw,Door To Door Collection,moving,on,42.875,210.0,31.436389,74.254777,11/08/2026 10:42 AM,11/08/2026 11:00 AM,Reporting,Moving,14.14,False,UC-256,Allama Iqbal Town,Zone-40,Loader Rickshaw,Allama Iqbal Town,True,2026-08-11
-,LR-1749,LR1749,Lahore,"Tehsil Office, Allama Iqbal Town",LWMC-AlIT,-,-,moving,on,19.611,179.56,31.534598,74.267362,11/08/2026 10:47 AM,11/08/2026 11:00 AM,Reporting,Parked,11.79,False,UC-101,Allama Iqbal Town,Zone-37,Loader Rickshaw,Allama Iqbal Town,True,2026-08-11
22788,LR-0167,LR0167,Lahore,"Tehsil Office, Allama Iqbal Town",LWMC-AlIT,Loader Rickshaw,Door To Door Collection,still,off,33.938,329.05,31.410173,74.230737,11/08/2026 10:46 AM,11/08/2026 11:00 AM,Reporting,Idle,11.18,False,UC-269,Nishter Town,Zone-47,Loader Rickshaw,Allama Iqbal Town,False,2026-08-11
19676,M-56,M56,Lahore,"Tehsil Office, Allama Iqbal Town",LWMC-AlIT,Mini Dumper,Bulk Waste Collection,still,off,60.215,139.88,31.465339,74.225579,11/08/2026 09:50 AM,11/08/2026 11:00 AM,Reporting,Parked,31.07,False,UC-117,Allama Iqbal Town,Zone-41,Foton-Mini Dumper,Allama Iqbal Town,True,2026-08-11
18525,C-1363,C1363,Lahore,"Tehsil Office, Allama Iqbal Town",LWMC-AlIT,Compactor (13CM),Container-Based Collection,still,off,52.98,279.3,31.463772,74.224899,11/08/2026 10:41 AM,11/08/2026 11:00 AM,Reporting,Moving,27.65,False,UC-117,Allama Iqbal Town,Zone-41,Compactor,Allama Iqbal Town,True,2026-08-11
19717,S-36,S36,Lahore,"Tehsil Office, Allama Iqbal Town",LWMC-AlIT,Mini Dumper,Bulk Waste Collection,still,off,21.065,121.91,31.534849,74.267398,11/08/2026 10:34 AM,11/08/2026 11:00 AM,Reporting,Parked,11.59,False,UC-101,Allama Iqbal Town,Zone-37,Mini Dumper,Allama Iqbal Town,True,2026-08-11
22930,LR-0835,LR0835,Lahore,"Tehsil Office, Allama Iqbal Town",LWMC-AlIT,Loader Rickshaw,Door To Door Collection,moving,on,20.215,261.16,31.483928,74.289407,11/08/2026 10:46 AM,11/08/2026 11:00 AM,Reporting,Parked,12.1,False,UC-220,Allama Iqbal Town,Zone-39,Loader Rickshaw,Allama Iqbal Town,True,2026-08-11
23018,LR-1167,LR1167,Lahore,"Tehsil Office, Allama Iqbal Town",LWMC-AlIT,Loader Rickshaw,Door To Door Collection,moving,on,26.896,326.6,31.331464,74.11161,11/08/2026 10:19 AM,11/08/2026 11:00 AM,Reporting,Moving,13.98,False,UC-262,Allama Iqbal Town,Zone-42,Loader Rickshaw,Allama Iqbal Town,True,2026-08-11
-,LR-1719,LR1719,Lahore,"Tehsil Office, Allama Iqbal Town",LWMC-AlIT,-,-,still,off,20.365,279.18,31.478391,74.235527,11/08/2026 10:38 AM,11/08/2026 11:00 AM,Reporting,Moving,14.34,False,UC-110,Allama Iqbal Town,Zone-41,Loader Rickshaw,Allama Iqbal Town,True,2026-08-11
-,MFL-69,MFL69,Lahore,"Tehsil Office, Allama Iqbal Town",LWMC-AlIT,-,-,moving,on,9.426,173.05,31.42818,74.241617,11/08/2026 10:19 AM,11/08/2026 10:30 AM,Reporting,Moving,14.29,False,UC-269,Nishter Town,Zone-47,Loader,Allama Iqbal Town,False,2026-08-11
19701,M-17,M17,Lahore,"Tehsil Office, Allama Iqbal Town",LWMC-AlIT,Mini Dumper,Bulk Waste Collection,moving,on,64.739,176.55,31.269865,74.318112,11/08/2026 10:38 AM,11/08/2026 11:00 AM,Reporting,Parked,12.66,False,UC-268,Allama Iqbal Town,Zone-43,Foton-Mini Dumper,Allama Iqbal Town,True,2026-08-11
-,LR-1726,LR1726,Lahore,"Tehsil Office, Allama Iqbal Town",LWMC-AlIT,-,-,moving,on,32.118,587.85,31.478718,74.21692,11/08/2026 10:45 AM,11/08/2026 11:00 AM,Reporting,Moving,11.28,False,UC-117,Allama Iqbal Town,Zone-41,Loader Rickshaw,Allama Iqbal Town,True,2026-08-11
22790,LR-0170,LR0170,Lahore,"Tehsil Office, Allama Iqbal Town",LWMC-AlIT,Loader Rickshaw,Door To Door Collection,moving,on,20.511,259.96,31.480377,74.237353,11/08/2026 10:37 AM,11/08/2026 11:00 AM,Reporting,Parked,12.4,False,UC-110,Allama Iqbal Town,Zone-41,Loader Rickshaw,Allama Iqbal Town,True,2026-08-11
18515,C-1362,C1362,Lahore,"Tehsil Office, Allama Iqbal Town",LWMC-AlIT,Compactor (13CM),Container-Based Collection,still,off,45.413,610.26,31.469314,74.234836,11/08/2026 10:47 AM,11/08/2026 11:00 AM,Reporting,Excess Idling,23.88,False,UC-110,Allama Iqbal Town,Zone-41,Compactor,Allama Iqbal Town,True,2026-08-11
18441,CA-85,CA85,Lahore,"Tehsil Office, Allama Iqbal Town",LWMC-AlIT,Chain Arm Roll,Container-Based Collection,still,off,29.674,292.48,31.515033,74.269776,11/08/2026 10:41 AM,11/08/2026 11:00 AM,Reporting,Excess Idling,26.28,False,UC-98,Allama Iqbal Town,Zone-37,Chain Arm Roll,Allama Iqbal Town,True,2026-08-11
19670,M-6,M6,Lahore,"Tehsil Office, Allama Iqbal Town",LWMC-AlIT,Mini Dumper,Bulk Waste Collection,moving,on,24.99,114.09,31.461122,74.230174,11/08/2026 10:37 AM,11/08/2026 11:00 AM,Reporting,Parked,14.14,False,UC-110,Allama Iqbal Town,Zone-41,Foton-Mini Dumper,Allama Iqbal Town,True,2026-08-11
19709,S-136,S136,Lahore,"Tehsil Office, Allama Iqbal Town",LWMC-AlIT,Mini Dumper,Bulk Waste Collection,still,off,49.69,199.68,31.379934,74.229943,11/08/2026 10:33 AM,11/08/2026 11:00 AM,Reporting,Moving,12.1,False,UC-269,Nishter Town,Zone-47,Mini Dumper,Allama Iqbal Town,False,2026-08-11
19682,M-31,M31,Lahore,"Tehsil Office, Allama Iqbal Town",LWMC-AlIT,Mini Dumper,Bulk Waste Collection,still,off,38.785,163.38,31.428897,74.244892,11/08/2026 10:01 AM,11/08/2026 11:00 AM,Reporting,Moving,13.78,False,UC-256,Allama Iqbal Town,Zone-40,Foton-Mini Dumper,Allama Iqbal Town,True,2026-08-11
18779,D-26,D26,Lahore,"Tehsil Office, Shalimar Town",LWMC-ShTo,Dumper (10CM),TCP Fleet,moving,on,53.935,250.26,31.609868,74.311349,11/08/2026 10:19 AM,11/08/2026 11:00 AM,Reporting,Moving,27.3,False,UC-23,Ravi Town,Zone-3,Dumper,Shalimar Town,False,2026-08-11
-,LR-2076,LR2076,Lahore,"Tehsil Office, Shalimar Town",LWMC-ShTo,-,-,moving,on,19.924,138.83,31.59784,74.357143,11/08/2026 10:44 AM,11/08/2026 11:00 AM,Reporting,Parked,11.49,False,UC-161,Shalimar Town,Zone-9,Loader Rickshaw,Shalimar Town,True,2026-08-11
19443,MFL-15,MFL15,Lahore,"Tehsil Office, Shalimar Town",LWMC-ShTo,Loader Rickshaw,Door To Door Collection,still,off,6.874,227.06,31.583513,74.351302,11/08/2026 10:30 AM,11/08/2026 11:00 AM,Reporting,Moving,13.63,False,UC-127,Shalimar Town,Zone-8,Loader,Shalimar Town,True,2026-08-11
-,S-365,S365,Lahore,"Tehsil Office, Shalimar Town",LWMC-ShTo,-,-,still,off,25.613,435.14,31.586494,74.361842,11/08/2026 10:38 AM,11/08/2026 11:00 AM,Reporting,Parked,12.81,False,,,,Mini Dumper,Shalimar Town,False,2026-08-11
-,LR-2183,LR2183,Lahore,"Tehsil Office, Shalimar Town",LWMC-ShTo,-,-,moving,on,11.574,316.11,31.581544,74.337299,11/08/2026 10:34 AM,11/08/2026 11:00 AM,Reporting,Idle,11.43,False,UC-31,Shalimar Town,Zone-7,Loader Rickshaw,Shalimar Town,True,2026-08-11
-,S-184,S184,Lahore,"Tehsil Office, Shalimar Town",LWMC-ShTo,-,-,moving,on,16.075,100.5,31.602322,74.379698,11/08/2026 10:40 AM,11/08/2026 11:00 AM,Reporting,Moving,13.32,False,UC-163,Shalimar Town,Zone-9,Mini Dumper,Shalimar Town,True,2026-08-11
-,S-105,S105,Lahore,"Tehsil Office, Shalimar Town",LWMC-ShTo,-,-,still,off,19.614,88.75,31.581196,74.333584,11/08/2026 09:52 AM,11/08/2026 11:00 AM,Reporting,Parked,11.89,False,UC-31,Shalimar Town,Zone-7,Mini Dumper,Shalimar Town,True,2026-08-11
-,LR-2077,LR2077,Lahore,"Tehsil Office, Shalimar Town",LWMC-ShTo,-,-,moving,on,13.926,105.76,31.605588,74.358158,11/08/2026 10:36 AM,11/08/2026 11:00 AM,Reporting,Parked,11.13,False,UC-161,Shalimar Town,Zone-9,Loader Rickshaw,Shalimar Town,True,2026-08-11
-,M-121,M121,Lahore,"Tehsil Office, Shalimar Town",LWMC-ShTo,-,-,moving,on,40.907,176.55,31.594354,74.354118,11/08/2026 10:33 AM,11/08/2026 11:00 AM,Reporting,Parked,11.23,False,UC-166,Shalimar Town,Zone-8,Foton-Mini Dumper,Shalimar Town,True,2026-08-11
-,LR-2082,LR2082,Lahore,"Tehsil Office, Shalimar Town",LWMC-ShTo,-,-,still,off,19.65,354.1,31.584739,74.365683,11/08/2026 10:43 AM,11/08/2026 11:00 AM,Reporting,Idle,11.43,False,UC-165,Shalimar Town,Zone-9,Loader Rickshaw,Shalimar Town,True,2026-08-11
23334,LR-0969,LR0969,Lahore,"Tehsil Office, Shalimar Town",LWMC-ShTo,Loader Rickshaw,Door To Door Collection,still,off,18.455,255.01,31.594109,74.371078,11/08/2026 10:40 AM,11/08/2026 11:00 AM,Reporting,Moving,12.3,False,UC-129,Shalimar Town,Zone-9,Loader Rickshaw,Shalimar Town,True,2026-08-11
-,LR-2071,LR2071,Lahore,"Tehsil Office, Shalimar Town",LWMC-ShTo,-,-,still,off,13.457,142.44,31.587027,74.33748,11/08/2026 10:42 AM,11/08/2026 11:00 AM,Reporting,Parked,12.66,False,UC-46,Shalimar Town,Zone-7,Loader Rickshaw,Shalimar Town,True,2026-08-11
-,S-326,S326,Lahore,"Tehsil Office, Shalimar Town",LWMC-ShTo,-,-,moving,on,16.188,90.53,31.578919,74.370431,11/08/2026 10:25 AM,11/08/2026 11:00 AM,Reporting,Moving,12.25,False,UC-121,Shalimar Town,Zone-10,Mini Dumper,Shalimar Town,True,2026-08-11
18496,CA-125,CA125,Lahore,"Tehsil Office, Shalimar Town",LWMC-ShTo,Chain Arm Roll,Container-Based Collection,moving,on,74.468,289.96,31.608433,74.357922,11/08/2026 10:18 AM,11/08/2026 10:30 AM,Reporting,Parked,11.69,False,UC-161,Shalimar Town,Zone-9,Chain Arm Roll,Shalimar Town,True,2026-08-11
25252,LR-0149,LR0149,Lahore,"Tehsil Office, Shalimar Town",LWMC-ShTo,Loader Rickshaw,Door to Door Collection,moving,on,10.513,241.96,31.600631,74.364365,11/08/2026 10:37 AM,11/08/2026 11:00 AM,Reporting,Moving,12.61,False,UC-161,Shalimar Town,Zone-9,Loader Rickshaw,Shalimar Town,True,2026-08-11
-,S-66,S66,Lahore,"Tehsil Office, Shalimar Town",LWMC-ShTo,-,-,moving,on,21.436,97.11,31.592598,74.368272,11/08/2026 10:34 AM,11/08/2026 11:00 AM,Reporting,Parked,13.37,False,UC-162,Shalimar Town,Zone-9,Mini Dumper,Shalimar Town,True,2026-08-11
19810,M-1,M1,Lahore,"Tehsil Office, Gulberg Town",LWMC-GuTo,Mini Dumper,Bulk Waste Collection,moving,on,26.585,130.26,31.46357,74.327746,11/08/2026 09:31 AM,11/08/2026 11:00 AM,Reporting,Parked,14.34,False,UC-224,Gulberg Town,Zone-22,Foton-Mini Dumper,Gulberg Town,True,2026-08-11
19821,S-337,S337,Lahore,"Tehsil Office, Gulberg Town",LWMC-GuTo,Mini Dumper,Bulk Waste Collection,moving,on,27.658,131.53,31.566564,74.377221,11/08/2026 10:37 AM,11/08/2026 11:00 AM,Reporting,Parked,12.1,False,UC-122,Gulberg Town,Zone-19,Mini Dumper,Gulberg Town,True,2026-08-11
19792,S-275,S275,Lahore,"Tehsil Office, Gulberg Town",LWMC-GuTo,Mini Dumper,Bulk Waste Collection,still,off,31.568,150.58,31.475406,74.310489,11/08/2026 10:39 AM,11/08/2026 11:00 AM,Reporting,Idle,23.73,False,UC-210,Gulberg Town,Zone-23,Mini Dumper,Gulberg Town,True,2026-08-11
-,LR-3095,LR3095,Lahore,"Tehsil Office, Gulberg Town",LWMC-GuTo,-,-,moving,on,16.652,83.91,31.395019,74.361317,11/08/2026 09:24 AM,11/08/2026 10:30 AM,Reporting,Moving,12.56,False,UC-244,Nishter Town,Zone-48,,Gulberg Town,False,2026-08-11
22588,LR-0989,LR0989,Lahore,"Tehsil Office, Gulberg Town",LWMC-GuTo,Loader Rickshaw,Door To Door Collection,moving,on,25.124,328.53,31.455084,74.336171,11/08/2026 10:44 AM,11/08/2026 11:00 AM,Reporting,Excess Idling,11.89,False,UC-228,Nishter Town,Zone-44,Loader Rickshaw,Gulberg Town,False,2026-08-11
-,LR-3110,LR3110,Lahore,"Tehsil Office, Gulberg Town",LWMC-GuTo,-,-,moving,on,15.922,111.26,31.445156,74.375936,11/08/2026 09:21 AM,11/08/2026 11:00 AM,Reporting,Excess Idling,12.05,False,UC-231,Nishter Town,Zone-45,,Gulberg Town,False,2026-08-11
22506,LR-0502,LR0502,Lahore,"Tehsil Office, Gulberg Town",LWMC-GuTo,Loader Rickshaw,Door To Door Collection,moving,on,20.414,126.41,31.571794,74.348028,11/08/2026 10:22 AM,11/08/2026 11:00 AM,Reporting,Parked,12.05,False,UC-118,Gulberg Town,Zone-19,Loader Rickshaw,Gulberg Town,True,2026-08-11
22529,LR-0982,LR0982,Lahore,"Tehsil Office, Gulberg Town",LWMC-GuTo,Loader Rickshaw,Door To Door Collection,moving,on,10.973,76.53,31.523852,74.342782,11/08/2026 10:40 AM,11/08/2026 11:00 AM,Reporting,Moving,13.78,False,UC-200,Gulberg Town,Zone-20,Loader Rickshaw,Gulberg Town,True,2026-08-11
18387,HA-28,HA28,Lahore,"Tehsil Office, Gulberg Town",LWMC-GuTo,Arm Roll Truck,Container-Based Collection,moving,on,78.161,232.44,31.527844,74.354394,11/08/2026 10:10 AM,11/08/2026 10:30 AM,Reporting,Parked,12.71,False,UC-201,Gulberg Town,Zone-21,Arm Roll,Gulberg Town,True,2026-08-11
22553,LR-0644,LR0644,Lahore,"Tehsil Office, Gulberg Town",LWMC-GuTo,Loader Rickshaw,Door To Door Collection,moving,on,12.36,75.21,31.508123,74.327296,11/08/2026 10:43 AM,11/08/2026 11:00 AM,Reporting,Parked,12.3,False,UC-208,Gulberg Town,Zone-23,Loader Rickshaw,Gulberg Town,True,2026-08-11
-,LR-1570,LR1570,Lahore,"Tehsil Office, Gulberg Town",LWMC-GuTo,-,-,still,off,11.266,66.61,31.560069,74.353193,11/08/2026 10:01 AM,11/08/2026 11:00 AM,Reporting,Parked,14.09,False,UC-124,Gulberg Town,Zone-19,Loader Rickshaw,Gulberg Town,True,2026-08-11
22505,LR-0501,LR0501,Lahore,"Tehsil Office, Gulberg Town",LWMC-GuTo,Loader Rickshaw,Door To Door Collection,moving,on,17.453,89.96,31.609723,74.36783,11/08/2026 10:37 AM,11/08/2026 11:00 AM,Reporting,Parked,14.24,False,UC-108,Wagha Town,Zone-13,Loader Rickshaw,Gulberg Town,False,2026-08-11
-,D-20,D20,Lahore,"Tehsil Office, Data Gunj Baksh Town",LWMC-DaGB,-,-,moving,on,164.747,446.55,31.598427,74.299063,11/08/2026 10:37 AM,11/08/2026 11:00 AM,Reporting,Moving,27.6,False,UC-15,Ravi Town,Zone-4,Dumper,DGBT,False,2026-08-11
19721,M-49,M49,Lahore,"Tehsil Office, Data Gunj Baksh Town",LWMC-DaGB,Mini Dumper,Bulk Waste Collection,still,off,65.472,244.19,31.580706,74.291721,11/08/2026 10:22 AM,11/08/2026 11:00 AM,Reporting,Parked,13.58,False,UC-52,DGBT,Zone-28,Foton-Mini Dumper,DGBT,True,2026-08-11
-,D-19,D19,Lahore,"Tehsil Office, Data Gunj Baksh Town",LWMC-DaGB,-,-,moving,on,71.979,247.21,31.605942,74.298268,11/08/2026 10:37 AM,11/08/2026 11:00 AM,Reporting,Idle,27.81,False,,,,Dumper,DGBT,False,2026-08-11
-,LR-2581,LR2581,Lahore,"Tehsil Office, Data Gunj Baksh Town",LWMC-DaGB,-,-,still,off,20.281,247.01,31.594746,74.2937,11/08/2026 10:11 AM,11/08/2026 10:30 AM,Reporting,Parked,11.64,False,UC-48,DGBT,Zone-28,Loader Rickshaw,DGBT,True,2026-08-11
18662,C-732,C732,Lahore,"Tehsil Office, Data Gunj Baksh Town",LWMC-DaGB,Compactor (7CM),Container-Based Collection,still,off,60.051,299.61,31.555288,74.302606,11/08/2026 10:46 AM,11/08/2026 11:00 AM,Reporting,Idle,24.59,False,UC-64,DGBT,Zone-30,Compactor,DGBT,True,2026-08-11
-,LR-1422,LR1422,Lahore,"Tehsil Office, Data Gunj Baksh Town",LWMC-DaGB,-,-,moving,on,27.717,324.46,31.575908,74.289583,11/08/2026 10:11 AM,11/08/2026 11:00 AM,Reporting,Parked,0.0,True,UC-56,DGBT,Zone-29,Loader Rickshaw,DGBT,True,2026-08-11
-,LR-0694,LR0694,Lahore,"Tehsil Office, Data Gunj Baksh Town",LWMC-DaGB,-,-,moving,on,9.232,590.41,31.569758,74.29534,11/08/2026 10:21 AM,11/08/2026 11:00 AM,Reporting,Parked,11.49,False,UC-58,DGBT,Zone-27,Loader Rickshaw,DGBT,True,2026-08-11
19763,S-256,S256,Lahore,"Tehsil Office, Data Gunj Baksh Town",LWMC-DaGB,Mini Dumper,Bulk Waste Collection,moving,on,19.94,119.84,31.57862,74.263734,11/08/2026 10:20 AM,11/08/2026 11:00 AM,Reporting,Parked,13.42,False,UC-1,Ravi Town,Zone-1,Mini Dumper,DGBT,False,2026-08-11
19747,S-156,S156,Lahore,"Tehsil Office, Data Gunj Baksh Town",LWMC-DaGB,Mini Dumper,Bulk Waste Collection,still,off,30.845,141.53,31.550793,74.313385,11/08/2026 09:45 AM,11/08/2026 11:00 AM,Reporting,Parked,12.51,False,UC-69,DGBT,Zone-26,Mini Dumper,DGBT,True,2026-08-11
-,C-709,C709,Lahore,"Tehsil Office, Data Gunj Baksh Town",LWMC-DaGB,-,-,moving,on,,,31.573282,74.292479,11/08/2026 09:04 AM,11/08/2026 10:00 AM,Reporting,No Activity Since Yesterday,23.57,False,UC-59,DGBT,Zone-29,Compactor,DGBT,True,2026-08-11
-,CA-89,CA89,Lahore,"Tehsil Office, Data Gunj Baksh Town",LWMC-DaGB,-,-,moving,on,64.935,276.43,31.538625,74.336723,11/08/2026 10:24 AM,11/08/2026 11:00 AM,Reporting,Moving,27.86,False,UC-81,DGBT,Zone-26,Chain Arm Roll,DGBT,True,2026-08-11
-,LR-1310,LR1310,Lahore,"Tehsil Office, Data Gunj Baksh Town",LWMC-DaGB,-,-,moving,on,18.978,162.71,31.529396,74.329218,11/08/2026 10:12 AM,11/08/2026 10:30 AM,Reporting,Parked,14.49,False,UC-199,DGBT,Zone-26,Loader Rickshaw,DGBT,True,2026-08-11
-,LR-2523,LR2523,Lahore,"Tehsil Office, Data Gunj Baksh Town",LWMC-DaGB,-,-,moving,on,17.824,86.29,31.593332,74.257457,11/08/2026 10:03 AM,11/08/2026 11:00 AM,Reporting,Parked,12.4,False,UC-5,Ravi Town,Zone-1,Loader Rickshaw,DGBT,False,2026-08-11
18661,C-731,C731,Lahore,"Tehsil Office, Data Gunj Baksh Town",LWMC-DaGB,Compactor (7CM),Container-Based Collection,still,off,41.953,231.81,31.563216,74.279364,11/08/2026 10:33 AM,11/08/2026 11:00 AM,Reporting,Moving,13.78,False,UC-71,Samnabad Town,Zone-31,Compactor,DGBT,False,2026-08-11
19786,S-339,S339,Lahore,"Tehsil Office, Data Gunj Baksh Town",LWMC-DaGB,Mini Dumper,Bulk Waste Collection,still,off,29.025,145.66,31.537689,74.329932,11/08/2026 10:35 AM,11/08/2026 11:00 AM,Reporting,Parked,12.61,False,UC-199,DGBT,Zone-26,Mini Dumper,DGBT,True,2026-08-11
19788,S-21,S21,Lahore,"Tehsil Office, Data Gunj Baksh Town",LWMC-DaGB,Mini Dumper,Bulk Waste Collection,still,off,37.834,153.13,31.573332,74.2922,11/08/2026 10:31 AM,11/08/2026 11:00 AM,Reporting,Parked,11.43,False,UC-59,DGBT,Zone-29,Mini Dumper,DGBT,True,2026-08-11
19079,R-45,R45,Lahore,"Tehsil Office, Data Gunj Baksh Town",LWMC-DaGB,Loader Rickshaw,Bulk Waste Collection,still,off,,,31.573303,74.292156,11/08/2026 09:38 AM,11/08/2026 11:00 AM,Reporting,No Activity Since Yesterday,13.47,False,UC-59,DGBT,Zone-29,Rickshaw,DGBT,True,2026-08-11
19777,S-192,S192,Lahore,"Tehsil Office, Data Gunj Baksh Town",LWMC-DaGB,Mini Dumper,Bulk Waste Collection,moving,on,33.887,155.55,31.547021,74.341954,11/08/2026 10:47 AM,11/08/2026 11:00 AM,Reporting,Parked,12.15,False,UC-81,DGBT,Zone-26,Mini Dumper,DGBT,True,2026-08-11
19080,R-23,R23,Lahore,"Tehsil Office, Data Gunj Baksh Town",LWMC-DaGB,Loader Rickshaw,Bulk Waste Collection,still,off,0.56,24.0,31.573034,74.291879,11/08/2026 10:43 AM,11/08/2026 11:00 AM,Reporting,No Activity Since Yesterday,11.03,False,UC-59,DGBT,Zone-29,Rickshaw,DGBT,True,2026-08-11
18537,C13-13,C1313,Lahore,"Tehsil Office, Data Gunj Baksh Town",LWMC-DaGB,Compactor (13CM),Container-Based Collection,moving,on,54.533,263.85,31.587412,74.292552,11/08/2026 10:40 AM,11/08/2026 11:00 AM,Reporting,Parked,26.07,False,UC-51,DGBT,Zone-28,Compactor,DGBT,True,2026-08-11
19072,MFL-51,MFL51,Lahore,"Tehsil Office, Data Gunj Baksh Town",LWMC-DaGB,Loader Rickshaw,Bulk Waste Collection,moving,on,12.502,114.06,31.566172,74.317133,11/08/2026 10:29 AM,11/08/2026 11:00 AM,Reporting,Parked,9.65,False,UC-62,DGBT,Zone-25,Loader,DGBT,True,2026-08-11
-,D-45,D45,Lahore,"Tehsil Office, Data Gunj Baksh Town",LWMC-DaGB,-,-,still,off,65.961,216.46,31.57868,74.264473,11/08/2026 10:21 AM,11/08/2026 11:00 AM,Reporting,Parked,12.15,False,UC-1,Ravi Town,Zone-1,Dumper,DGBT,False,2026-08-11
18538,C13-35,C1335,Lahore,"Tehsil Office, Data Gunj Baksh Town",LWMC-DaGB,Compactor (13CM),Container-Based Collection,moving,on,67.371,315.19,31.542837,74.317662,11/08/2026 10:34 AM,11/08/2026 11:00 AM,Reporting,Moving,27.24,False,UC-198,DGBT,Zone-26,Compactor,DGBT,True,2026-08-11
-,LR-1476,LR1476,Lahore,"Tehsil Office, Data Gunj Baksh Town",LWMC-DaGB,-,-,still,off,10.387,183.4,31.575014,74.296662,11/08/2026 10:46 AM,11/08/2026 11:00 AM,Reporting,Parked,12.35,False,UC-57,DGBT,Zone-27,Loader Rickshaw,DGBT,True,2026-08-11
19082,R-36,R36,Lahore,"Tehsil Office, Data Gunj Baksh Town",LWMC-DaGB,Loader Rickshaw,Bulk Waste Collection,still,off,5.815,34.7,31.561058,74.321289,11/08/2026 09:53 AM,11/08/2026 11:00 AM,Reporting,Parked,12.1,False,UC-61,DGBT,Zone-25,Rickshaw,DGBT,True,2026-08-11
19723,S-73,S73,Lahore,"Tehsil Office, Data Gunj Baksh Town",LWMC-DaGB,Mini Dumper,Bulk Waste Collection,moving,on,39.707,157.19,31.573083,74.292098,11/08/2026 10:18 AM,11/08/2026 11:00 AM,Reporting,Parked,12.81,False,UC-59,DGBT,Zone-29,Mini Dumper,DGBT,True,2026-08-11
19779,S-197,S197,Lahore,"Tehsil Office, Data Gunj Baksh Town",LWMC-DaGB,Mini Dumper,Bulk Waste Collection,moving,on,26.327,128.86,31.544007,74.317216,11/08/2026 10:34 AM,11/08/2026 11:00 AM,Reporting,Parked,12.05,False,UC-198,DGBT,Zone-26,Mini Dumper,DGBT,True,2026-08-11
-,C-13-69,C1369,Lahore,"Tehsil Office, Data Gunj Baksh Town",LWMC-DaGB,-,-,still,off,41.726,241.69,31.573104,74.292136,11/08/2026 10:02 AM,11/08/2026 11:00 AM,Reporting,Parked,10.98,False,UC-59,DGBT,Zone-29,Compactor,DGBT,True,2026-08-11
19764,S-183,S183,Lahore,"Tehsil Office, Data Gunj Baksh Town",LWMC-DaGB,Mini Dumper,Bulk Waste Collection,still,off,18.825,74.63,31.564091,74.319813,11/08/2026 10:45 AM,11/08/2026 11:00 AM,Reporting,Parked,13.58,False,UC-62,DGBT,Zone-25,Mini Dumper,DGBT,True,2026-08-11
19759,S-328,S328,Lahore,"Tehsil Office, Data Gunj Baksh Town",LWMC-DaGB,Mini Dumper,Bulk Waste Collection,still,off,28.748,111.16,31.542716,74.319056,11/08/2026 10:36 AM,11/08/2026 11:00 AM,Reporting,Moving,12.96,False,UC-198,DGBT,Zone-26,Mini Dumper,DGBT,True,2026-08-11
-,LR-0143,LR0143,Lahore,"Tehsil Office, Data Gunj Baksh Town",LWMC-DaGB,-,-,moving,on,22.385,277.6,31.573453,74.311647,11/08/2026 10:35 AM,11/08/2026 11:00 AM,Reporting,Moving,0.0,True,UC-63,DGBT,Zone-27,Loader Rickshaw,DGBT,True,2026-08-11
19733,S-33,S33,Lahore,"Tehsil Office, Data Gunj Baksh Town",LWMC-DaGB,Mini Dumper,Bulk Waste Collection,moving,on,24.406,125.68,31.574343,74.321,11/08/2026 10:38 AM,11/08/2026 11:00 AM,Reporting,Moving,12.71,False,UC-168,DGBT,Zone-24,Mini Dumper,DGBT,True,2026-08-11
19737,S-324,S324,Lahore,"Tehsil Office, Data Gunj Baksh Town",LWMC-DaGB,Mini Dumper,Bulk Waste Collection,still,off,36.719,209.51,31.573277,74.291576,11/08/2026 10:35 AM,11/08/2026 11:00 AM,Reporting,Parked,11.89,False,UC-59,DGBT,Zone-29,Mini Dumper,DGBT,True,2026-08-11
-,S-18,S18,Lahore,"Tehsil Office, Data Gunj Baksh Town",LWMC-DaGB,-,-,still,off,130.667,368.01,31.568995,74.306957,11/08/2026 10:12 AM,11/08/2026 11:00 AM,Reporting,Parked,12.45,False,UC-58,DGBT,Zone-27,Mini Dumper,DGBT,True,2026-08-11
19768,S-152,S152,Lahore,"Tehsil Office, Data Gunj Baksh Town",LWMC-DaGB,Mini Dumper,Bulk Waste Collection,moving,on,39.154,156.68,31.573503,74.277208,11/08/2026 10:35 AM,11/08/2026 11:00 AM,Reporting,Parked,12.4,False,,,,Mini Dumper,DGBT,False,2026-08-11
18548,C13-1081,C131081,Lahore,"Tehsil Office, Data Gunj Baksh Town",LWMC-DaGB,Compactor (13CM),Container-Based Collection,moving,on,38.826,275.28,31.563902,74.306373,11/08/2026 10:32 AM,11/08/2026 11:00 AM,Reporting,Moving,29.64,False,UC-61,DGBT,Zone-25,Compactor,DGBT,True,2026-08-11
18543,C13-16,C1316,Lahore,"Tehsil Office, Data Gunj Baksh Town",LWMC-DaGB,Compactor (13CM),Container-Based Collection,moving,on,40.112,265.51,31.569891,74.32991,11/08/2026 10:31 AM,11/08/2026 11:00 AM,Reporting,Moving,26.89,False,UC-171,DGBT,Zone-25,Compactor,DGBT,True,2026-08-11
-,LR-1471,LR1471,Lahore,"Tehsil Office, Data Gunj Baksh Town",LWMC-DaGB,-,-,moving,on,25.017,169.09,31.587165,74.293302,11/08/2026 10:33 AM,11/08/2026 11:00 AM,Reporting,Moving,11.18,False,UC-51,DGBT,Zone-28,Loader Rickshaw,DGBT,True,2026-08-11
18544,C13-1074,C131074,Lahore,"Tehsil Office, Data Gunj Baksh Town",LWMC-DaGB,Compactor (13CM),Container-Based Collection,moving,on,29.837,243.15,31.562149,74.304827,11/08/2026 10:37 AM,11/08/2026 11:00 AM,Reporting,Parked,29.03,False,UC-58,DGBT,Zone-27,Compactor,DGBT,True,2026-08-11
-,C-719,C719,Lahore,"Tehsil Office, Data Gunj Baksh Town",LWMC-DaGB,-,-,moving,on,65.405,298.69,31.578652,74.263916,11/08/2026 10:13 AM,11/08/2026 10:30 AM,Reporting,Moving,12.2,False,UC-1,Ravi Town,Zone-1,Compactor,DGBT,False,2026-08-11
-,LR-1478,LR1478,Lahore,"Tehsil Office, Data Gunj Baksh Town",LWMC-DaGB,-,-,moving,on,11.298,69.5,31.57317,74.291729,11/08/2026 10:45 AM,11/08/2026 11:00 AM,Reporting,Parked,11.18,False,UC-59,DGBT,Zone-29,Loader Rickshaw,DGBT,True,2026-08-11
18536,C13-36,C1336,Lahore,"Tehsil Office, Data Gunj Baksh Town",LWMC-DaGB,Compactor (13CM),Container-Based Collection,still,off,45.252,310.31,31.565203,74.329542,11/08/2026 10:29 AM,11/08/2026 11:00 AM,Reporting,Moving,27.24,False,UC-171,DGBT,Zone-25,Compactor,DGBT,True,2026-08-11
19781,S-229,S229,Lahore,"Tehsil Office, Data Gunj Baksh Town",LWMC-DaGB,Mini Dumper,Bulk Waste Collection,moving,on,35.894,228.55,31.521197,74.327287,11/08/2026 10:35 AM,11/08/2026 11:00 AM,Reporting,Parked,13.42,False,UC-199,DGBT,Zone-26,Mini Dumper,DGBT,True,2026-08-11
-,WR-006,WR006,Lahore,"Tehsil Office, Data Gunj Baksh Town",LWMC-DaGB,-,-,still,off,7.702,51.16,31.580043,74.306039,11/08/2026 10:33 AM,11/08/2026 11:00 AM,Reporting,Parked,11.69,False,UC-54,DGBT,Zone-27,Washer Rickshaw,DGBT,True,2026-08-11
19758,S-350,S350,Lahore,"Tehsil Office, Data Gunj Baksh Town",LWMC-DaGB,Mini Dumper,Bulk Waste Collection,moving,on,32.337,134.71,31.573318,74.282946,11/08/2026 10:31 AM,11/08/2026 11:00 AM,Reporting,Parked,12.2,False,UC-50,DGBT,Zone-28,Mini Dumper,DGBT,True,2026-08-11
19757,S-162,S162,Lahore,"Tehsil Office, Data Gunj Baksh Town",LWMC-DaGB,Mini Dumper,Bulk Waste Collection,moving,on,33.26,173.08,31.573679,74.291892,11/08/2026 10:39 AM,11/08/2026 11:00 AM,Reporting,Parked,14.39,False,UC-56,DGBT,Zone-29,Mini Dumper,DGBT,True,2026-08-11
-,LR-252,LR252,Lahore,"Tehsil Office, Data Gunj Baksh Town",LWMC-DaGB,-,-,moving,on,14.121,266.08,31.573222,74.292457,11/08/2026 10:20 AM,11/08/2026 11:00 AM,Reporting,Moving,11.94,False,UC-59,DGBT,Zone-29,Loader Rickshaw,Ravi Town,False,2026-08-11
-,LR-1485,LR1485,Lahore,"Tehsil Office, Data Gunj Baksh Town",LWMC-DaGB,-,-,still,off,10.58,283.19,31.571516,74.289887,11/08/2026 10:40 AM,11/08/2026 11:00 AM,Reporting,Moving,12.81,False,UC-59,DGBT,Zone-29,Loader Rickshaw,DGBT,True,2026-08-11
41351,LR-2252,LR2252,Lahore,"Tehsil Office, Samnabad Town",LWMC-SaTo,Loader Rickshaw,Door To Door Collection,moving,on,25.637,120.4,31.525755,74.307731,11/08/2026 10:44 AM,11/08/2026 11:00 AM,Reporting,Parked,13.47,False,,,,Loader Rickshaw,Samnabad Town,False,2026-08-11
41303,LR-1845,LR1845,Lahore,"Tehsil Office, Samnabad Town",LWMC-SaTo,Loader Rickshaw,Door To Door Collection,moving,on,22.796,286.18,31.570151,74.276829,11/08/2026 10:38 AM,11/08/2026 11:00 AM,Reporting,Moving,12.91,False,UC-71,Samnabad Town,Zone-31,Loader Rickshaw,Samnabad Town,True,2026-08-11
-,LR-0039,LR0039,Lahore,"Tehsil Office, Samnabad Town",LWMC-SaTo,-,-,moving,on,20.98,125.88,31.535678,74.296116,11/08/2026 10:31 AM,11/08/2026 11:00 AM,Reporting,Parked,11.54,False,UC-89,Samnabad Town,Zone-33,Loader Rickshaw,Samnabad Town,True,2026-08-11
-,MFL-50,MFL50,Lahore,"Tehsil Office, Samnabad Town",LWMC-SaTo,-,-,still,off,13.982,203.94,31.546102,74.288682,11/08/2026 10:45 AM,11/08/2026 11:00 AM,Reporting,Excess Idling,11.08,False,UC-78,Samnabad Town,Zone-31,Loader,Samnabad Town,True,2026-08-11
41249,LR-1258,LR1258,Lahore,"Tehsil Office, Samnabad Town",LWMC-SaTo,Loader Rickshaw,Door To Door Collection,moving,on,18.082,436.0,31.540035,74.300161,11/08/2026 10:31 AM,11/08/2026 11:00 AM,Reporting,Parked,14.09,False,UC-90,Samnabad Town,Zone-33,Loader Rickshaw,Samnabad Town,True,2026-08-11
41334,LR-2240,LR2240,Lahore,"Tehsil Office, Samnabad Town",LWMC-SaTo,Loader Rickshaw,Door To Door Collection,still,off,32.238,211.26,31.51229,74.310456,11/08/2026 10:31 AM,11/08/2026 11:00 AM,Reporting,Moving,12.71,False,UC-216,Samnabad Town,Zone-35,Loader Rickshaw,Samnabad Town,True,2026-08-11
-,LR-0381,LR0381,Lahore,"Tehsil Office, Samnabad Town",LWMC-SaTo,-,-,still,off,19.376,122.88,31.511821,74.284018,11/08/2026 10:41 AM,11/08/2026 11:00 AM,Reporting,Moving,13.37,False,UC-214,Samnabad Town,Zone-36,Loader Rickshaw,Samnabad Town,True,2026-08-11
41346,LR-2247,LR2247,Lahore,"Tehsil Office, Samnabad Town",LWMC-SaTo,Loader Rickshaw,Door To Door Collection,moving,on,20.182,243.33,31.534192,74.309459,11/08/2026 10:43 AM,11/08/2026 11:00 AM,Reporting,Moving,13.68,False,UC-86,Samnabad Town,Zone-34,Loader Rickshaw,Samnabad Town,True,2026-08-11
41233,LR-1182,LR1182,Lahore,"Tehsil Office, Samnabad Town",LWMC-SaTo,Loader Rickshaw,Door To Door Collection,moving,on,47.477,194.73,31.550414,74.270114,11/08/2026 10:34 AM,11/08/2026 11:00 AM,Reporting,Parked,11.03,False,UC-77,Samnabad Town,Zone-31,Loader Rickshaw,Samnabad Town,True,2026-08-11
41284,LR-1676,LR1676,Lahore,"Tehsil Office, Samnabad Town",LWMC-SaTo,Loader Rickshaw,Door To Door Collection,moving,on,28.184,113.03,31.469962,74.237087,11/08/2026 10:16 AM,11/08/2026 10:30 AM,Reporting,Parked,12.33,False,UC-110,Allama Iqbal Town,Zone-41,Loader Rickshaw,Samnabad Town,False,2026-08-11
-,LR-0383,LR0383,Lahore,"Tehsil Office, Samnabad Town",LWMC-SaTo,-,-,moving,on,23.909,125.91,31.510545,74.290123,11/08/2026 10:33 AM,11/08/2026 11:00 AM,Reporting,Parked,11.89,False,UC-214,Samnabad Town,Zone-36,Loader Rickshaw,Samnabad Town,True,2026-08-11
-,WR-0015,WR0015,Lahore,"Tehsil Office, Samnabad Town",LWMC-SaTo,-,-,still,off,17.809,85.01,31.473324,74.250218,11/08/2026 10:13 AM,11/08/2026 11:00 AM,Reporting,Parked,28.01,False,UC-113,Allama Iqbal Town,Zone-40,,Samnabad Town,False,2026-08-11
41229,LR-1058,LR1058,Lahore,"Tehsil Office, Samnabad Town",LWMC-SaTo,Loader Rickshaw,Door To Door Collection,still,off,30.333,114.09,31.544861,74.267173,11/08/2026 10:01 AM,11/08/2026 11:00 AM,Reporting,Parked,24.29,False,UC-77,Samnabad Town,Zone-31,Loader Rickshaw,Samnabad Town,True,2026-08-11
41251,LR-1260,LR1260,Lahore,"Tehsil Office, Samnabad Town",LWMC-SaTo,Loader Rickshaw,Door To Door Collection,still,off,21.315,146.53,31.539824,74.300214,11/08/2026 10:43 AM,11/08/2026 11:00 AM,Reporting,Excess Idling,11.54,False,UC-90,Samnabad Town,Zone-33,Loader Rickshaw,Samnabad Town,True,2026-08-11
41261,LR-1270,LR1270,Lahore,"Tehsil Office, Samnabad Town",LWMC-SaTo,Loader Rickshaw,Door To Door Collection,moving,on,14.83,131.83,31.531253,74.320188,11/08/2026 09:52 AM,11/08/2026 10:00 AM,Reporting,Parked,12.25,False,UC-85,Samnabad Town,Zone-34,Loader Rickshaw,Samnabad Town,True,2026-08-11
41265,LR-1274,LR1274,Lahore,"Tehsil Office, Samnabad Town",LWMC-SaTo,Loader Rickshaw,Door To Door Collection,still,off,,,31.463508,74.22486,11/08/2026 10:24 AM,11/08/2026 11:00 AM,Reporting,No Activity Since Yesterday,11.38,False,UC-117,Allama Iqbal Town,Zone-41,Loader Rickshaw,Samnabad Town,False,2026-08-11
41298,LR-1900,LR1900,Lahore,"Tehsil Office, Samnabad Town",LWMC-SaTo,Loader Rickshaw,Door To Door Collection,moving,on,25.319,342.61,31.537528,74.277126,11/08/2026 10:41 AM,11/08/2026 11:00 AM,Reporting,Moving,13.47,False,UC-104,Samnabad Town,Zone-32,Loader Rickshaw,Samnabad Town,True,2026-08-11
-,LR-0971,LR0971,Lahore,"Tehsil Office, Samnabad Town",LWMC-SaTo,-,-,moving,on,19.464,232.09,31.552936,74.277375,11/08/2026 10:36 AM,11/08/2026 11:00 AM,Reporting,Moving,12.91,False,UC-75,Samnabad Town,Zone-31,Loader Rickshaw,Samnabad Town,True,2026-08-11
41234,LR-1183,LR1183,Lahore,"Tehsil Office, Samnabad Town",LWMC-SaTo,Loader Rickshaw,Door To Door Collection,moving,on,41.205,297.91,31.548472,74.290629,11/08/2026 10:27 AM,11/08/2026 11:00 AM,Reporting,Moving,13.53,False,UC-78,Samnabad Town,Zone-31,Loader Rickshaw,Samnabad Town,True,2026-08-11
-,LR-0925,LR0925,Lahore,"Tehsil Office, Samnabad Town",LWMC-SaTo,-,-,moving,on,11.218,54.85,31.500705,74.270543,11/08/2026 10:42 AM,11/08/2026 11:00 AM,Reporting,Parked,12.91,False,UC-215,Samnabad Town,Zone-36,Loader Rickshaw,Samnabad Town,True,2026-08-11
-,LR-0929,LR0929,Lahore,"Tehsil Office, Samnabad Town",LWMC-SaTo,-,-,still,off,16.315,330.94,31.504531,74.270669,11/08/2026 10:46 AM,11/08/2026 11:00 AM,Reporting,Excess Idling,12.4,False,UC-215,Samnabad Town,Zone-36,Loader Rickshaw,Samnabad Town,True,2026-08-11
-,LR-1242,LR1242,Lahore,"Tehsil Office, Ravi Town",LWMC-RaTo,-,-,moving,on,10.345,162.18,31.596469,74.317551,11/08/2026 10:28 AM,11/08/2026 11:00 AM,Reporting,Moving,12.2,False,UC-22,Ravi Town,Zone-4,Loader Rickshaw,Ravi Town,True,2026-08-11
19915,S-95,S95,Lahore,"Tehsil Office, Ravi Town",LWMC-RaTo,Mini Dumper,Bulk Waste Collection,still,off,55.402,252.76,31.630434,74.313336,11/08/2026 10:45 AM,11/08/2026 11:00 AM,Reporting,Moving,10.77,False,UC-14,Ravi Town,Zone-2,Mini Dumper,Ravi Town,True,2026-08-11
19320,LR-0420,LR0420,Lahore,"Tehsil Office, Ravi Town",LWMC-RaTo,Loader Rickshaw,Bulk Waste Collection,moving,on,25.431,303.88,31.636445,74.311063,11/08/2026 10:42 AM,11/08/2026 11:00 AM,Reporting,Parked,0.0,True,,,,Loader Rickshaw,Ravi Town,False,2026-08-11
-,LR-1622,LR1622,Lahore,"Tehsil Office, Ravi Town",LWMC-RaTo,-,-,still,off,14.317,141.46,31.583142,74.318273,11/08/2026 10:33 AM,11/08/2026 11:00 AM,Reporting,Parked,0.0,True,UC-39,Ravi Town,Zone-5,Loader Rickshaw,Ravi Town,True,2026-08-11
-,LR-1803,LR1803,Lahore,"Tehsil Office, Ravi Town",LWMC-RaTo,-,-,moving,on,13.922,293.86,31.606285,74.310077,11/08/2026 10:32 AM,11/08/2026 11:00 AM,Reporting,Moving,0.0,True,UC-18,Ravi Town,Zone-3,Loader Rickshaw,Ravi Town,True,2026-08-11
-,LR-1812,LR1812,Lahore,"Tehsil Office, Ravi Town",LWMC-RaTo,-,-,moving,on,22.505,176.01,31.605918,74.311868,11/08/2026 09:25 AM,11/08/2026 11:00 AM,Reporting,Moving,0.0,True,UC-18,Ravi Town,Zone-3,Loader Rickshaw,Ravi Town,True,2026-08-11
-,LR-0258,LR0258,Lahore,"Tehsil Office, Ravi Town",LWMC-RaTo,-,-,moving,on,15.744,128.0,31.591032,74.317552,11/08/2026 10:40 AM,11/08/2026 11:00 AM,Reporting,Parked,0.0,True,UC-17,Ravi Town,Zone-4,Loader Rickshaw,Ravi Town,True,2026-08-11
-,LR-1604,LR1604,Lahore,"Tehsil Office, Ravi Town",LWMC-RaTo,-,-,moving,on,13.719,245.03,31.596513,74.310555,11/08/2026 10:10 AM,11/08/2026 11:00 AM,Reporting,Moving,0.0,True,UC-17,Ravi Town,Zone-4,Loader Rickshaw,Ravi Town,True,2026-08-11
-,LR-0681,LR0681,Lahore,"Tehsil Office, Ravi Town",LWMC-RaTo,-,-,moving,on,8.893,100.26,31.590232,74.326112,11/08/2026 10:41 AM,11/08/2026 11:00 AM,Reporting,Moving,0.0,True,UC-30,Ravi Town,Zone-4,Loader Rickshaw,Ravi Town,True,2026-08-11
-,LR-0261,LR0261,Lahore,"Tehsil Office, Ravi Town",LWMC-RaTo,-,-,moving,on,17.022,237.13,31.585392,74.316392,11/08/2026 09:56 AM,11/08/2026 11:00 AM,Reporting,Parked,0.0,True,UC-38,Ravi Town,Zone-5,Loader Rickshaw,Ravi Town,True,2026-08-11
-,LR-1246,LR1246,Lahore,"Tehsil Office, Ravi Town",LWMC-RaTo,-,-,moving,on,14.042,255.58,31.58539,74.325387,11/08/2026 09:57 AM,11/08/2026 11:00 AM,Reporting,Moving,0.0,True,UC-33,Ravi Town,Zone-5,Loader Rickshaw,Ravi Town,True,2026-08-11
19325,LR-0435,LR0435,Lahore,"Tehsil Office, Ravi Town",LWMC-RaTo,Loader Rickshaw,Bulk Waste Collection,still,off,12.075,194.05,31.598402,74.308402,11/08/2026 10:46 AM,11/08/2026 11:00 AM,Reporting,Parked,0.0,True,UC-15,Ravi Town,Zone-4,Loader Rickshaw,Ravi Town,True,2026-08-11
-,LR-2038,LR2038,Lahore,"Tehsil Office, Ravi Town",LWMC-RaTo,-,-,moving,on,15.693,288.35,31.612133,74.32869,11/08/2026 10:26 AM,11/08/2026 11:00 AM,Reporting,Idle,0.0,True,UC-23,Ravi Town,Zone-3,Loader Rickshaw,Ravi Town,True,2026-08-11
-,LR-0675,LR0675,Lahore,"Tehsil Office, Ravi Town",LWMC-RaTo,-,-,still,off,15.437,140.88,31.59761,74.321185,11/08/2026 10:13 AM,11/08/2026 11:00 AM,Reporting,Moving,0.0,True,UC-22,Ravi Town,Zone-4,Loader Rickshaw,Ravi Town,True,2026-08-11
-,LR-1599,LR1599,Lahore,"Tehsil Office, Ravi Town",LWMC-RaTo,-,-,moving,on,14.948,277.81,31.602232,74.313177,11/08/2026 10:19 AM,11/08/2026 11:00 AM,Reporting,Moving,0.0,True,UC-19,Ravi Town,Zone-3,Loader Rickshaw,Ravi Town,True,2026-08-11
-,LR-1627,LR1627,Lahore,"Tehsil Office, Ravi Town",LWMC-RaTo,-,-,still,off,15.125,96.04,31.576842,74.321465,11/08/2026 10:20 AM,11/08/2026 11:00 AM,Reporting,Moving,0.0,True,UC-32,Ravi Town,Zone-5,Loader Rickshaw,Ravi Town,True,2026-08-11
19291,LR-0250,LR0250,Lahore,"Tehsil Office, Ravi Town",LWMC-RaTo,Loader Rickshaw,Bulk Waste Collection,still,off,20.84,318.18,31.58813,74.331917,11/08/2026 10:05 AM,11/08/2026 11:00 AM,Reporting,Parked,0.0,True,UC-30,Ravi Town,Zone-4,Loader Rickshaw,Ravi Town,True,2026-08-11
-,LR-0951,LR0951,Lahore,"Tehsil Office, Ravi Town",LWMC-RaTo,-,-,still,off,18.168,104.03,31.593062,74.305437,11/08/2026 10:39 AM,11/08/2026 11:00 AM,Reporting,Moving,0.0,True,UC-15,Ravi Town,Zone-4,Loader Rickshaw,Ravi Town,True,2026-08-11
-,LR-0138,LR0138,Lahore,"Tehsil Office, Ravi Town",LWMC-RaTo,-,-,still,off,18.06,138.36,31.581403,74.31075,11/08/2026 10:47 AM,11/08/2026 11:00 AM,Reporting,Parked,0.0,True,UC-36,Ravi Town,Zone-5,Loader Rickshaw,Ravi Town,True,2026-08-11
-,LR-2475,LR2475,Lahore,"Tehsil Office, Ravi Town",LWMC-RaTo,-,-,moving,on,10.373,64.23,31.610519,74.273522,11/08/2026 10:38 AM,11/08/2026 11:00 AM,Reporting,Moving,11.84,False,UC-5,Ravi Town,Zone-1,Loader Rickshaw,Ravi Town,True,2026-08-11
23380,LR-247,LR247,Lahore,"Tehsil Office, Ravi Town",LWMC-RaTo,Loader Rickshaw,Door To Door Collection,moving,on,13.485,136.26,31.589865,74.332712,11/08/2026 10:10 AM,11/08/2026 10:30 AM,Reporting,Moving,0.0,True,UC-30,Ravi Town,Zone-4,Rickshaw,Ravi Town,True,2026-08-11
-,LR-0257,LR0257,Lahore,"Tehsil Office, Ravi Town",LWMC-RaTo,-,-,moving,on,16.654,279.71,31.585168,74.312205,11/08/2026 10:02 AM,11/08/2026 11:00 AM,Reporting,Excess Idling,0.0,True,UC-38,Ravi Town,Zone-5,Loader Rickshaw,Ravi Town,True,2026-08-11
-,LR-2036,LR2036,Lahore,"Tehsil Office, Ravi Town",LWMC-RaTo,-,-,still,off,13.881,194.63,31.590893,74.317298,11/08/2026 10:37 AM,11/08/2026 11:00 AM,Reporting,Parked,0.0,True,UC-17,Ravi Town,Zone-4,Loader Rickshaw,Ravi Town,True,2026-08-11
-,LR-0134,LR0134,Lahore,"Tehsil Office, Ravi Town",LWMC-RaTo,-,-,still,off,12.106,139.61,31.581672,74.312628,11/08/2026 10:34 AM,11/08/2026 11:00 AM,Reporting,Moving,0.0,True,UC-36,Ravi Town,Zone-5,Loader Rickshaw,Ravi Town,True,2026-08-11
23450,LR-0553,LR0553,Lahore,"Tehsil Office, Ravi Town",LWMC-RaTo,Loader Rickshaw,Door To Door Collection,moving,on,15.554,156.0,31.614278,74.290852,11/08/2026 08:44 AM,11/08/2026 09:00 AM,Reporting,Moving,0.0,True,UC-4,Ravi Town,Zone-1,Loader Rickshaw,Ravi Town,True,2026-08-11
-,LR-0676,LR0676,Lahore,"Tehsil Office, Ravi Town",LWMC-RaTo,-,-,moving,on,13.357,205.21,31.594283,74.333113,11/08/2026 10:30 AM,11/08/2026 11:00 AM,Reporting,Parked,0.0,True,UC-30,Ravi Town,Zone-4,Loader Rickshaw,Ravi Town,True,2026-08-11
-,LR-1232,LR1232,Lahore,"Tehsil Office, Ravi Town",LWMC-RaTo,-,-,moving,on,13.158,121.63,31.580742,74.319562,11/08/2026 10:07 AM,11/08/2026 11:00 AM,Reporting,Parked,0.0,True,UC-34,Ravi Town,Zone-5,Loader Rickshaw,Ravi Town,True,2026-08-11
-,LR-1813,LR1813,Lahore,"Tehsil Office, Ravi Town",LWMC-RaTo,-,-,moving,on,16.21,237.86,31.585755,74.310613,11/08/2026 09:54 AM,11/08/2026 11:00 AM,Reporting,Parked,0.0,True,UC-38,Ravi Town,Zone-5,Loader Rickshaw,Ravi Town,True,2026-08-11
-,LR-1226,LR1226,Lahore,"Tehsil Office, Ravi Town",LWMC-RaTo,-,-,still,off,5.753,180.06,31.590065,74.32284,11/08/2026 10:42 AM,11/08/2026 11:00 AM,Reporting,Moving,0.0,True,UC-17,Ravi Town,Zone-4,Loader Rickshaw,Ravi Town,True,2026-08-11
-,LR-1819,LR1819,Lahore,"Tehsil Office, Ravi Town",LWMC-RaTo,-,-,moving,on,14.104,96.86,31.588598,74.318247,11/08/2026 10:31 AM,11/08/2026 11:00 AM,Reporting,Parked,0.0,True,UC-38,Ravi Town,Zone-5,Loader Rickshaw,Ravi Town,True,2026-08-11
-,LR-0956,LR0956,Lahore,"Tehsil Office, Ravi Town",LWMC-RaTo,-,-,still,off,23.452,149.96,31.602728,74.302893,11/08/2026 10:33 AM,11/08/2026 11:00 AM,Reporting,Parked,0.0,True,UC-15,Ravi Town,Zone-4,Loader Rickshaw,Ravi Town,True,2026-08-11
-,LR-1617,LR1617,Lahore,"Tehsil Office, Ravi Town",LWMC-RaTo,-,-,still,off,0.454,7.58,31.591032,74.318072,11/08/2026 10:27 AM,11/08/2026 11:00 AM,Reporting,No Activity Since Yesterday,0.0,True,UC-17,Ravi Town,Zone-4,Loader Rickshaw,Ravi Town,True,2026-08-11
-,LR-0894,LR0894,Lahore,"Tehsil Office, Ravi Town",LWMC-RaTo,-,-,still,off,5.919,169.16,31.601282,74.320152,11/08/2026 10:24 AM,11/08/2026 11:00 AM,Reporting,Moving,0.0,True,UC-29,Ravi Town,Zone-3,Loader Rickshaw,Ravi Town,True,2026-08-11
-,LR-1632,LR1632,Lahore,"Tehsil Office, Ravi Town",LWMC-RaTo,-,-,moving,on,11.3,293.18,31.58867,74.323633,11/08/2026 10:09 AM,11/08/2026 11:00 AM,Reporting,Parked,0.0,True,UC-17,Ravi Town,Zone-4,Loader Rickshaw,Ravi Town,True,2026-08-11
19322,LR-0438,LR0438,Lahore,"Tehsil Office, Ravi Town",LWMC-RaTo,Loader Rickshaw,Bulk Waste Collection,moving,on,10.758,93.61,31.591465,74.319798,11/08/2026 10:25 AM,11/08/2026 11:00 AM,Reporting,Parked,0.0,True,UC-17,Ravi Town,Zone-4,Loader Rickshaw,Ravi Town,True,2026-08-11
-,LR-1811,LR1811,Lahore,"Tehsil Office, Ravi Town",LWMC-RaTo,-,-,moving,on,19.901,274.83,31.606993,74.325403,11/08/2026 10:07 AM,11/08/2026 11:00 AM,Reporting,Moving,0.0,True,UC-21,Ravi Town,Zone-3,Loader Rickshaw,Ravi Town,True,2026-08-11
-,LR-1815,LR1815,Lahore,"Tehsil Office, Ravi Town",LWMC-RaTo,-,-,moving,on,11.82,303.31,31.583165,74.318467,11/08/2026 10:16 AM,11/08/2026 11:00 AM,Reporting,Parked,0.0,True,UC-39,Ravi Town,Zone-5,Loader Rickshaw,Ravi Town,True,2026-08-11
-,LR-1227,LR1227,Lahore,"Tehsil Office, Ravi Town",LWMC-RaTo,-,-,still,off,8.329,289.75,31.59033,74.31804,11/08/2026 10:17 AM,11/08/2026 11:00 AM,Reporting,Parked,0.0,True,UC-17,Ravi Town,Zone-4,Loader Rickshaw,Ravi Town,True,2026-08-11
-,LR-0065,LR0065,Lahore,"Tehsil Office, Ravi Town",LWMC-RaTo,-,-,moving,on,10.786,239.96,31.603405,74.313848,11/08/2026 10:08 AM,11/08/2026 11:00 AM,Reporting,Moving,0.0,True,UC-19,Ravi Town,Zone-3,Loader Rickshaw,Ravi Town,True,2026-08-11
-,LR-1628,LR1628,Lahore,"Tehsil Office, Ravi Town",LWMC-RaTo,-,-,still,off,13.828,66.06,31.591192,74.32046,11/08/2026 10:29 AM,11/08/2026 11:00 AM,Reporting,Parked,0.0,True,UC-17,Ravi Town,Zone-4,Loader Rickshaw,Ravi Town,True,2026-08-11
-,LR-2035,LR2035,Lahore,"Tehsil Office, Ravi Town",LWMC-RaTo,-,-,moving,on,7.531,301.08,31.590662,74.320857,11/08/2026 10:44 AM,11/08/2026 11:00 AM,Reporting,Excess Idling,0.0,True,UC-17,Ravi Town,Zone-4,Loader Rickshaw,Ravi Town,True,2026-08-11
-,LR-1239,LR1239,Lahore,"Tehsil Office, Ravi Town",LWMC-RaTo,-,-,moving,on,21.236,254.81,31.604943,74.325323,11/08/2026 10:06 AM,11/08/2026 11:00 AM,Reporting,Moving,0.0,True,UC-20,Ravi Town,Zone-3,Loader Rickshaw,Ravi Town,True,2026-08-11
-,LR-0195,LR0195,Lahore,"Tehsil Office, Ravi Town",LWMC-RaTo,-,-,still,off,14.074,116.16,31.58077,74.312683,11/08/2026 10:35 AM,11/08/2026 11:00 AM,Reporting,Idle,0.0,True,UC-36,Ravi Town,Zone-5,Loader Rickshaw,Ravi Town,True,2026-08-11
-,LR-2132,LR2132,Lahore,"Tehsil Office, Ravi Town",LWMC-RaTo,-,-,moving,on,16.568,137.9,31.586965,74.324853,11/08/2026 10:27 AM,11/08/2026 11:00 AM,Reporting,Parked,0.0,True,UC-17,Ravi Town,Zone-4,Loader Rickshaw,Ravi Town,True,2026-08-11
-,LR-0256,LR0256,Lahore,"Tehsil Office, Ravi Town",LWMC-RaTo,-,-,still,off,11.797,201.65,31.582882,74.310268,11/08/2026 10:31 AM,11/08/2026 11:00 AM,Reporting,Moving,0.0,True,UC-38,Ravi Town,Zone-5,Loader Rickshaw,Ravi Town,True,2026-08-11
19047,LR-0012,LR0012,Lahore,"Tehsil Office, Ravi Town",LWMC-RaTo,Loader Rickshaw,Bulk Waste Collection,still,off,,,31.593013,74.258877,11/08/2026 10:35 AM,11/08/2026 11:00 AM,Reporting,No Activity Since Yesterday,0.0,True,UC-5,Ravi Town,Zone-1,Loader Rickshaw,DGBT,False,2026-08-11
-,LR-0137,LR0137,Lahore,"Tehsil Office, Ravi Town",LWMC-RaTo,-,-,still,off,11.925,136.11,31.58171,74.313145,11/08/2026 10:35 AM,11/08/2026 11:00 AM,Reporting,Moving,0.0,True,UC-36,Ravi Town,Zone-5,Loader Rickshaw,Ravi Town,True,2026-08-11
-,LR-2133,LR2133,Lahore,"Tehsil Office, Ravi Town",LWMC-RaTo,-,-,moving,on,10.203,206.75,31.592708,74.319132,11/08/2026 10:00 AM,11/08/2026 11:00 AM,Reporting,Excess Idling,0.0,True,UC-17,Ravi Town,Zone-4,Loader Rickshaw,Ravi Town,True,2026-08-11
-,LR-1630,LR1630,Lahore,"Tehsil Office, Ravi Town",LWMC-RaTo,-,-,still,off,12.83,259.01,31.59123,74.320192,11/08/2026 10:31 AM,11/08/2026 11:00 AM,Reporting,Parked,0.0,True,UC-17,Ravi Town,Zone-4,Loader Rickshaw,Ravi Town,True,2026-08-11
-,LR-0280,LR0280,Lahore,"Tehsil Office, Ravi Town",LWMC-RaTo,-,-,still,off,22.915,279.46,31.57954,74.311352,11/08/2026 10:43 AM,11/08/2026 11:00 AM,Reporting,Moving,0.0,True,UC-36,Ravi Town,Zone-5,Loader Rickshaw,Ravi Town,True,2026-08-11
-,LR-1221,LR1221,Lahore,"Tehsil Office, Ravi Town",LWMC-RaTo,-,-,still,off,,,31.590948,74.317992,11/08/2026 10:36 AM,11/08/2026 11:00 AM,Reporting,No Activity Since Yesterday,0.0,True,UC-17,Ravi Town,Zone-4,Loader Rickshaw,Ravi Town,True,2026-08-11
-,LR-0591,LR0591,Lahore,"Tehsil Office, Ravi Town",LWMC-RaTo,-,-,still,off,13.107,69.84,31.635795,74.278631,11/08/2026 09:58 AM,11/08/2026 11:00 AM,Reporting,Moving,14.24,False,UC-8,Ravi Town,Zone-2,Loader Rickshaw,Ravi Town,True,2026-08-11
23439,LR-0091,LR0091,Lahore,"Tehsil Office, Ravi Town",LWMC-RaTo,Loader Rickshaw,Door To Door Collection,still,off,18.119,61.71,31.610135,74.277043,11/08/2026 10:46 AM,11/08/2026 11:00 AM,Reporting,Idle,12.71,False,UC-4,Ravi Town,Zone-1,Loader Rickshaw,Ravi Town,True,2026-08-11
-,LR-1634,LR1634,Lahore,"Tehsil Office, Ravi Town",LWMC-RaTo,-,-,moving,on,20.425,280.93,31.596415,74.302798,11/08/2026 10:10 AM,11/08/2026 11:00 AM,Reporting,Parked,0.0,True,UC-15,Ravi Town,Zone-4,Loader Rickshaw,Ravi Town,True,2026-08-11
-,LR-1502,LR1502,Lahore,"Tehsil Office, Ravi Town",LWMC-RaTo,-,-,still,off,11.796,53.13,31.610111,74.273463,11/08/2026 10:46 AM,11/08/2026 11:00 AM,Reporting,Idle,11.94,False,UC-5,Ravi Town,Zone-1,Loader Rickshaw,Ravi Town,True,2026-08-11
-,LR-2140,LR2140,Lahore,"Tehsil Office, Ravi Town",LWMC-RaTo,-,-,moving,on,12.626,96.59,31.588993,74.331133,11/08/2026 10:25 AM,11/08/2026 11:00 AM,Reporting,Parked,0.0,True,UC-30,Ravi Town,Zone-4,Loader Rickshaw,Ravi Town,True,2026-08-11
-,LR-1828,LR1828,Lahore,"Tehsil Office, Ravi Town",LWMC-RaTo,-,-,still,off,19.48,81.06,31.615507,74.296202,11/08/2026 10:45 AM,11/08/2026 11:00 AM,Reporting,Excess Idling,11.28,False,UC-13,Ravi Town,Zone-2,Loader Rickshaw,Ravi Town,True,2026-08-11
-,LR-0687,LR0687,Lahore,"Tehsil Office, Ravi Town",LWMC-RaTo,-,-,still,off,9.868,146.26,31.59093,74.31781,11/08/2026 10:42 AM,11/08/2026 11:00 AM,Reporting,Parked,0.0,True,UC-17,Ravi Town,Zone-4,Loader Rickshaw,Ravi Town,True,2026-08-11
-,LR-1219,LR1219,Lahore,"Tehsil Office, Ravi Town",LWMC-RaTo,-,-,moving,on,20.749,169.63,31.583105,74.319085,11/08/2026 10:42 AM,11/08/2026 11:00 AM,Reporting,Parked,0.0,True,UC-33,Ravi Town,Zone-5,Loader Rickshaw,Ravi Town,True,2026-08-11
-,LR-1614,LR1614,Lahore,"Tehsil Office, Ravi Town",LWMC-RaTo,-,-,moving,on,14.334,183.48,31.591233,74.320263,11/08/2026 09:54 AM,11/08/2026 11:00 AM,Reporting,Moving,0.0,True,UC-17,Ravi Town,Zone-4,Loader Rickshaw,Ravi Town,True,2026-08-11
-,LR-1236,LR1236,Lahore,"Tehsil Office, Ravi Town",LWMC-RaTo,-,-,still,off,17.862,205.69,31.578393,74.312028,11/08/2026 10:45 AM,11/08/2026 11:00 AM,Reporting,Moving,0.0,True,UC-34,Ravi Town,Zone-5,Loader Rickshaw,Ravi Town,True,2026-08-11
-,LR-1244,LR1244,Lahore,"Tehsil Office, Ravi Town",LWMC-RaTo,-,-,moving,on,21.51,150.48,31.589155,74.317963,11/08/2026 10:30 AM,11/08/2026 11:00 AM,Reporting,Parked,0.0,True,UC-17,Ravi Town,Zone-4,Loader Rickshaw,Ravi Town,True,2026-08-11
-,LR-2037,LR2037,Lahore,"Tehsil Office, Ravi Town",LWMC-RaTo,-,-,moving,on,23.9,309.98,31.585645,74.324843,11/08/2026 09:58 AM,11/08/2026 11:00 AM,Reporting,Moving,0.0,True,UC-33,Ravi Town,Zone-5,Loader Rickshaw,Ravi Town,True,2026-08-11
-,LR-2134,LR2134,Lahore,"Tehsil Office, Ravi Town",LWMC-RaTo,-,-,moving,on,14.301,165.33,31.5839,74.316052,11/08/2026 10:23 AM,11/08/2026 11:00 AM,Reporting,Parked,0.0,True,UC-38,Ravi Town,Zone-5,Loader Rickshaw,Ravi Town,True,2026-08-11
19332,LR-0157,LR0157,Lahore,"Tehsil Office, Ravi Town",LWMC-RaTo,Loader Rickshaw,Bulk Waste Collection,still,off,10.45,196.08,31.627782,74.287547,11/08/2026 10:37 AM,11/08/2026 11:00 AM,Reporting,Moving,0.0,True,UC-6,Ravi Town,Zone-1,Loader Rickshaw,Ravi Town,True,2026-08-11
-,LR-1217,LR1217,Lahore,"Tehsil Office, Ravi Town",LWMC-RaTo,-,-,moving,on,14.355,202.26,31.591137,74.320485,11/08/2026 10:39 AM,11/08/2026 11:00 AM,Reporting,Parked,0.0,True,UC-17,Ravi Town,Zone-4,Loader Rickshaw,Ravi Town,True,2026-08-11
-,LR-0804,LR0804,Lahore,"Tehsil Office, Ravi Town",LWMC-RaTo,-,-,still,off,16.301,128.86,31.610013,74.277423,11/08/2026 10:35 AM,11/08/2026 11:00 AM,Reporting,Parked,0.0,True,UC-4,Ravi Town,Zone-1,Loader Rickshaw,Ravi Town,True,2026-08-11
-,LR-1231,LR1231,Lahore,"Tehsil Office, Ravi Town",LWMC-RaTo,-,-,moving,on,12.362,213.9,31.590785,74.321,11/08/2026 10:33 AM,11/08/2026 11:00 AM,Reporting,Parked,0.0,True,UC-17,Ravi Town,Zone-4,Loader Rickshaw,Ravi Town,True,2026-08-11
-,LR-1216,LR1216,Lahore,"Tehsil Office, Ravi Town",LWMC-RaTo,-,-,moving,on,15.088,246.69,31.591052,74.317338,11/08/2026 10:14 AM,11/08/2026 11:00 AM,Reporting,Moving,0.0,True,UC-17,Ravi Town,Zone-4,Loader Rickshaw,Ravi Town,True,2026-08-11
-,LR-0067,LR0067,Lahore,"Tehsil Office, Ravi Town",LWMC-RaTo,-,-,still,off,11.138,261.88,31.608223,74.309283,11/08/2026 10:28 AM,11/08/2026 11:00 AM,Reporting,Moving,0.0,True,UC-18,Ravi Town,Zone-3,Loader Rickshaw,Ravi Town,True,2026-08-11
-,LR-1243,LR1243,Lahore,"Tehsil Office, Ravi Town",LWMC-RaTo,-,-,still,off,,,31.591082,74.317837,11/08/2026 10:37 AM,11/08/2026 11:00 AM,Reporting,No Activity Since Yesterday,0.0,True,UC-17,Ravi Town,Zone-4,Loader Rickshaw,Ravi Town,True,2026-08-11
23437,LR-0089,LR0089,Lahore,"Tehsil Office, Ravi Town",LWMC-RaTo,Loader Rickshaw,Door To Door Collection,still,off,14.85,55.53,31.610086,74.277256,11/08/2026 10:43 AM,11/08/2026 11:00 AM,Reporting,Moving,12.0,False,UC-4,Ravi Town,Zone-1,Loader Rickshaw,Ravi Town,True,2026-08-11
-,LR-1237,LR1237,Lahore,"Tehsil Office, Ravi Town",LWMC-RaTo,-,-,moving,on,22.302,155.19,31.59112,74.317857,11/08/2026 10:24 AM,11/08/2026 11:00 AM,Reporting,Parked,0.0,True,UC-17,Ravi Town,Zone-4,Loader Rickshaw,Ravi Town,True,2026-08-11
-,LR-1600,LR1600,Lahore,"Tehsil Office, Ravi Town",LWMC-RaTo,-,-,still,off,13.817,269.06,31.592262,74.305703,11/08/2026 10:44 AM,11/08/2026 11:00 AM,Reporting,Moving,0.0,True,UC-15,Ravi Town,Zone-4,Loader Rickshaw,Ravi Town,True,2026-08-11
-,LR-1806,LR1806,Lahore,"Tehsil Office, Ravi Town",LWMC-RaTo,-,-,still,off,15.655,205.9,31.607962,74.30854,11/08/2026 10:04 AM,11/08/2026 11:00 AM,Reporting,Moving,0.0,True,UC-18,Ravi Town,Zone-3,Loader Rickshaw,Ravi Town,True,2026-08-11
-,LR-0684,LR0684,Lahore,"Tehsil Office, Ravi Town",LWMC-RaTo,-,-,still,off,9.818,174.93,31.595312,74.328973,11/08/2026 10:07 AM,11/08/2026 11:00 AM,Reporting,Moving,0.0,True,UC-23,Ravi Town,Zone-3,Loader Rickshaw,Ravi Town,True,2026-08-11
-,LR-0680,LR0680,Lahore,"Tehsil Office, Ravi Town",LWMC-RaTo,-,-,moving,on,16.489,199.56,31.591752,74.326258,11/08/2026 10:23 AM,11/08/2026 11:00 AM,Reporting,Parked,0.0,True,UC-30,Ravi Town,Zone-4,Loader Rickshaw,Ravi Town,True,2026-08-11
-,LR-0810,LR0810,Lahore,"Tehsil Office, Ravi Town",LWMC-RaTo,-,-,still,off,,,31.635017,74.28717,11/08/2026 10:30 AM,11/08/2026 11:00 AM,Reporting,No Activity Since Yesterday,0.0,True,UC-10,Ravi Town,Zone-2,Loader Rickshaw,Ravi Town,True,2026-08-11
-,LR-0803,LR0803,Lahore,"Tehsil Office, Ravi Town",LWMC-RaTo,-,-,moving,on,17.337,76.25,31.615284,74.276503,11/08/2026 09:29 AM,11/08/2026 11:00 AM,Reporting,Excess Idling,13.27,False,UC-4,Ravi Town,Zone-1,Loader Rickshaw,Ravi Town,True,2026-08-11
-,LR-1829,LR1829,Lahore,"Tehsil Office, Ravi Town",LWMC-RaTo,-,-,still,off,18.093,64.66,31.613252,74.293168,11/08/2026 10:45 AM,11/08/2026 11:00 AM,Reporting,Moving,13.47,False,UC-13,Ravi Town,Zone-2,Loader Rickshaw,Ravi Town,True,2026-08-11
-,LR-0262,LR0262,Lahore,"Tehsil Office, Ravi Town",LWMC-RaTo,-,-,still,off,,,31.591123,74.318172,11/08/2026 12:01 AM,-,Reporting,No Activity Since Yesterday,0.0,True,UC-17,Ravi Town,Zone-4,Loader Rickshaw,Ravi Town,True,2026-08-11
-,LR-0683,LR0683,Lahore,"Tehsil Office, Ravi Town",LWMC-RaTo,-,-,still,off,28.482,154.03,31.590933,74.31738,11/08/2026 10:40 AM,11/08/2026 11:00 AM,Reporting,Parked,0.0,True,UC-17,Ravi Town,Zone-4,Loader Rickshaw,Ravi Town,True,2026-08-11
-,LR-0062,LR0062,Lahore,"Tehsil Office, Ravi Town",LWMC-RaTo,-,-,moving,on,14.733,265.61,31.608188,74.329042,11/08/2026 10:07 AM,11/08/2026 11:00 AM,Reporting,Idle,0.0,True,UC-23,Ravi Town,Zone-3,Loader Rickshaw,Ravi Town,True,2026-08-11
-,FT-25,FT25,Lahore,"Tehsil Office, Ravi Town",LWMC-RaTo,-,-,moving,on,17.209,70.9,31.591202,74.3172,11/08/2026 10:25 AM,11/08/2026 11:00 AM,Reporting,Idle,12.15,False,UC-17,Ravi Town,Zone-4,Tractor Trolley,Ravi Town,True,2026-08-11
19327,LR-0433,LR0433,Lahore,"Tehsil Office, Ravi Town",LWMC-RaTo,Loader Rickshaw,Bulk Waste Collection,moving,on,8.269,275.81,31.593363,74.318425,11/08/2026 10:28 AM,11/08/2026 11:00 AM,Reporting,Moving,0.0,True,UC-17,Ravi Town,Zone-4,Loader Rickshaw,Ravi Town,True,2026-08-11
-,LR-1597,LR1597,Lahore,"Tehsil Office, Ravi Town",LWMC-RaTo,-,-,moving,on,12.739,301.05,31.596032,74.315792,11/08/2026 10:08 AM,11/08/2026 11:00 AM,Reporting,Moving,0.0,True,UC-17,Ravi Town,Zone-4,Loader Rickshaw,Ravi Town,True,2026-08-11
-,LR-2474,LR2474,Lahore,"Tehsil Office, Ravi Town",LWMC-RaTo,-,-,still,off,17.113,98.68,31.626301,74.297343,11/08/2026 10:18 AM,11/08/2026 11:00 AM,Reporting,Idle,11.74,False,UC-11,Ravi Town,Zone-2,Loader Rickshaw,Ravi Town,True,2026-08-11
-,LR-1633,LR1633,Lahore,"Tehsil Office, Ravi Town",LWMC-RaTo,-,-,moving,on,16.679,105.65,31.58159,74.311218,11/08/2026 10:40 AM,11/08/2026 11:00 AM,Reporting,Parked,0.0,True,UC-36,Ravi Town,Zone-5,Loader Rickshaw,Ravi Town,True,2026-08-11
-,LR-1596,LR1596,Lahore,"Tehsil Office, Ravi Town",LWMC-RaTo,-,-,still,off,12.898,230.96,31.582667,74.308902,11/08/2026 10:13 AM,11/08/2026 11:00 AM,Reporting,Moving,0.0,True,UC-37,Ravi Town,Zone-5,Loader Rickshaw,Ravi Town,True,2026-08-11
-,LR-1602,LR1602,Lahore,"Tehsil Office, Ravi Town",LWMC-RaTo,-,-,still,off,21.776,297.38,31.590858,74.318455,11/08/2026 10:15 AM,11/08/2026 11:00 AM,Reporting,Parked,0.0,True,UC-17,Ravi Town,Zone-4,Loader Rickshaw,Ravi Town,True,2026-08-11
-,LR-0263,LR0263,Lahore,"Tehsil Office, Ravi Town",LWMC-RaTo,-,-,still,off,8.861,264.26,31.591213,74.320482,11/08/2026 10:39 AM,11/08/2026 11:00 AM,Reporting,Parked,0.0,True,UC-17,Ravi Town,Zone-4,Loader Rickshaw,Ravi Town,True,2026-08-11
-,LR-0255,LR0255,Lahore,"Tehsil Office, Ravi Town",LWMC-RaTo,-,-,moving,on,12.147,214.33,31.5851,74.312413,11/08/2026 09:40 AM,11/08/2026 11:00 AM,Reporting,Moving,0.0,True,UC-38,Ravi Town,Zone-5,Loader Rickshaw,Ravi Town,True,2026-08-11
-,LR-1225,LR1225,Lahore,"Tehsil Office, Ravi Town",LWMC-RaTo,-,-,moving,on,19.832,121.03,31.582137,74.32414,11/08/2026 10:09 AM,11/08/2026 11:00 AM,Reporting,Parked,0.0,True,UC-32,Ravi Town,Zone-5,Loader Rickshaw,Ravi Town,True,2026-08-11
-,LR-1609,LR1609,Lahore,"Tehsil Office, Ravi Town",LWMC-RaTo,-,-,moving,on,11.317,232.59,31.60166,74.32753,11/08/2026 10:11 AM,11/08/2026 11:00 AM,Reporting,Parked,0.0,True,UC-23,Ravi Town,Zone-3,Loader Rickshaw,Ravi Town,True,2026-08-11
-,LR-0677,LR0677,Lahore,"Tehsil Office, Ravi Town",LWMC-RaTo,-,-,moving,on,13.92,193.01,31.591012,74.317403,11/08/2026 10:42 AM,11/08/2026 11:00 AM,Reporting,Parked,0.0,True,UC-17,Ravi Town,Zone-4,Loader Rickshaw,Ravi Town,True,2026-08-11
-,LR-2032,LR2032,Lahore,"Tehsil Office, Ravi Town",LWMC-RaTo,-,-,moving,on,14.643,76.86,31.589803,74.321278,11/08/2026 10:34 AM,11/08/2026 11:00 AM,Reporting,Parked,0.0,True,UC-17,Ravi Town,Zone-4,Loader Rickshaw,Ravi Town,True,2026-08-11
23438,LR-0090,LR0090,Lahore,"Tehsil Office, Ravi Town",LWMC-RaTo,Loader Rickshaw,Door To Door Collection,moving,on,11.76,46.28,31.601879,74.249672,11/08/2026 10:45 AM,11/08/2026 11:00 AM,Reporting,Moving,13.32,False,UC-1,Ravi Town,Zone-1,Loader Rickshaw,Ravi Town,True,2026-08-11
-,LR-0895,LR0895,Lahore,"Tehsil Office, Ravi Town",LWMC-RaTo,-,-,still,off,9.463,260.46,31.599495,74.320925,11/08/2026 10:42 AM,11/08/2026 11:00 AM,Reporting,Moving,0.0,True,UC-22,Ravi Town,Zone-4,Loader Rickshaw,Ravi Town,True,2026-08-11
-,LR-2034,LR2034,Lahore,"Tehsil Office, Ravi Town",LWMC-RaTo,-,-,moving,on,10.504,261.38,31.590783,74.322423,11/08/2026 10:18 AM,11/08/2026 11:00 AM,Reporting,Moving,0.0,True,UC-17,Ravi Town,Zone-4,Loader Rickshaw,Ravi Town,True,2026-08-11
19328,LR-0432,LR0432,Lahore,"Tehsil Office, Ravi Town",LWMC-RaTo,Loader Rickshaw,Bulk Waste Collection,moving,on,16.853,285.35,31.599385,74.306185,11/08/2026 10:19 AM,11/08/2026 11:00 AM,Reporting,Moving,0.0,True,UC-16,Ravi Town,Zone-4,Loader Rickshaw,Ravi Town,True,2026-08-11
-,LR-1224,LR1224,Lahore,"Tehsil Office, Ravi Town",LWMC-RaTo,-,-,still,off,15.628,351.08,31.591223,74.320317,11/08/2026 10:46 AM,11/08/2026 11:00 AM,Reporting,Excess Idling,0.0,True,UC-17,Ravi Town,Zone-4,Loader Rickshaw,Ravi Town,True,2026-08-11
-,LR-1975,LR1975,Lahore,"Tehsil Office, Ravi Town",LWMC-RaTo,-,-,still,off,33.966,325.08,31.573007,74.319878,11/08/2026 10:45 AM,11/08/2026 11:00 AM,Reporting,Moving,0.0,True,UC-168,DGBT,Zone-24,Loader Rickshaw,DGBT,True,2026-08-11
-,WR-0027,WR0027,Lahore,"Tehsil Office, Ravi Town",LWMC-RaTo,-,-,still,off,0.099,1.69,31.591113,74.317727,11/08/2026 10:25 AM,11/08/2026 11:00 AM,Reporting,No Activity Since Yesterday,0.0,True,UC-17,Ravi Town,Zone-4,Washer Rickshaw,Ravi Town,True,2026-08-11
-,LR-1241,LR1241,Lahore,"Tehsil Office, Ravi Town",LWMC-RaTo,-,-,still,off,17.934,292.91,31.579263,74.321973,11/08/2026 10:18 AM,11/08/2026 11:00 AM,Reporting,Moving,0.0,True,UC-32,Ravi Town,Zone-5,Loader Rickshaw,Ravi Town,True,2026-08-11
-,LR-1809,LR1809,Lahore,"Tehsil Office, Ravi Town",LWMC-RaTo,-,-,moving,on,27.279,246.01,31.602845,74.329662,11/08/2026 09:53 AM,11/08/2026 11:00 AM,Reporting,Moving,0.0,True,UC-23,Ravi Town,Zone-3,Loader Rickshaw,Ravi Town,True,2026-08-11
-,LR-1620,LR1620,Lahore,"Tehsil Office, Ravi Town",LWMC-RaTo,-,-,moving,on,15.024,222.23,31.589348,74.321108,11/08/2026 09:58 AM,11/08/2026 11:00 AM,Reporting,Moving,0.0,True,UC-17,Ravi Town,Zone-4,Loader Rickshaw,Ravi Town,True,2026-08-11
-,LR-2678,LR2678,Lahore,"Tehsil Office, Ravi Town",LWMC-RaTo,-,-,moving,on,20.587,85.34,31.646051,74.295043,11/08/2026 10:38 AM,11/08/2026 11:00 AM,Reporting,Moving,12.96,False,UC-9,Ravi Town,Zone-2,Loader Rickshaw,Ravi Town,True,2026-08-11
-,LR-1619,LR1619,Lahore,"Tehsil Office, Ravi Town",LWMC-RaTo,-,-,still,off,9.545,282.56,31.582967,74.315997,11/08/2026 10:43 AM,11/08/2026 11:00 AM,,,,,UC-39,Ravi Town,Zone-5,Loader Rickshaw,Ravi Town,True,2026-08-11
-,LR-1613,LR1613,Lahore,"Tehsil Office, Ravi Town",LWMC-RaTo,-,-,moving,on,9.666,235.4,31.600077,74.319827,11/08/2026 10:32 AM,11/08/2026 11:00 AM,Reporting,Parked,0.0,True,UC-22,Ravi Town,Zone-4,Loader Rickshaw,Ravi Town,True,2026-08-11
-,LR-1601,LR1601,Lahore,"Tehsil Office, Ravi Town",LWMC-RaTo,-,-,moving,on,19.647,274.61,31.57936,74.322753,11/08/2026 10:06 AM,11/08/2026 11:00 AM,Reporting,Parked,0.0,True,UC-32,Ravi Town,Zone-5,Loader Rickshaw,Ravi Town,True,2026-08-11
-,LR-1218,LR1218,Lahore,"Tehsil Office, Ravi Town",LWMC-RaTo,-,-,still,off,10.054,252.86,31.584128,74.328037,11/08/2026 10:40 AM,11/08/2026 11:00 AM,Reporting,Idle,0.0,True,UC-33,Ravi Town,Zone-5,Loader Rickshaw,Ravi Town,True,2026-08-11
-,LR-0893,LR0893,Lahore,"Tehsil Office, Ravi Town",LWMC-RaTo,-,-,moving,on,18.622,227.36,31.599933,74.318663,11/08/2026 10:04 AM,11/08/2026 11:00 AM,Reporting,Moving,0.0,True,UC-19,Ravi Town,Zone-3,Loader Rickshaw,Ravi Town,True,2026-08-11
-,LR-0685,LR0685,Lahore,"Tehsil Office, Ravi Town",LWMC-RaTo,-,-,moving,on,7.85,193.68,31.591017,74.32293,11/08/2026 10:18 AM,11/08/2026 11:00 AM,Reporting,Moving,0.0,True,UC-30,Ravi Town,Zone-4,Loader Rickshaw,Ravi Town,True,2026-08-11
-,LR-1238,LR1238,Lahore,"Tehsil Office, Ravi Town",LWMC-RaTo,-,-,still,off,12.031,95.54,31.604812,74.323598,11/08/2026 10:43 AM,11/08/2026 11:00 AM,Reporting,Parked,0.0,True,UC-20,Ravi Town,Zone-3,Loader Rickshaw,Ravi Town,True,2026-08-11
19288,LR-0249,LR0249,Lahore,"Tehsil Office, Ravi Town",LWMC-RaTo,Loader Rickshaw,Bulk Waste Collection,moving,on,16.467,255.18,31.58891,74.331258,11/08/2026 10:26 AM,11/08/2026 11:00 AM,Reporting,Parked,0.0,True,UC-30,Ravi Town,Zone-4,Loader Rickshaw,Ravi Town,True,2026-08-11
-,LR-2136,LR2136,Lahore,"Tehsil Office, Ravi Town",LWMC-RaTo,-,-,still,off,,,31.601218,74.310815,11/08/2026 10:34 AM,11/08/2026 11:00 AM,Reporting,No Activity Since Yesterday,0.0,True,UC-16,Ravi Town,Zone-4,Loader Rickshaw,Ravi Town,True,2026-08-11
23474,LR-419,LR419,Lahore,"Tehsil Office, Ravi Town",LWMC-RaTo,Loader Rickshaw,Door To Door Collection,moving,on,21.827,242.86,31.651033,74.295817,11/08/2026 10:18 AM,11/08/2026 11:00 AM,Reporting,Moving,0.0,True,,,,Loader Rickshaw,Ravi Town,False,2026-08-11
-,LR-1223,LR1223,Lahore,"Tehsil Office, Ravi Town",LWMC-RaTo,-,-,moving,on,17.744,174.88,31.581688,74.32242,11/08/2026 10:44 AM,11/08/2026 11:00 AM,Reporting,Parked,0.0,True,UC-32,Ravi Town,Zone-5,Loader Rickshaw,Ravi Town,True,2026-08-11
23458,LR-0561,LR0561,Lahore,"Tehsil Office, Ravi Town",LWMC-RaTo,Loader Rickshaw,Door To Door Collection,still,off,21.616,86.59,31.611078,74.290248,11/08/2026 10:28 AM,11/08/2026 11:00 AM,Reporting,Moving,11.28,False,UC-4,Ravi Town,Zone-1,Loader Rickshaw,Ravi Town,True,2026-08-11
-,LR-1248,LR1248,Lahore,"Tehsil Office, Ravi Town",LWMC-RaTo,-,-,moving,on,24.37,333.21,31.580867,74.319242,11/08/2026 09:50 AM,11/08/2026 11:00 AM,Reporting,Moving,0.0,True,UC-34,Ravi Town,Zone-5,Loader Rickshaw,Ravi Town,True,2026-08-11
-,LR-2041,LR2041,Lahore,"Tehsil Office, Ravi Town",LWMC-RaTo,-,-,moving,on,15.255,242.68,31.583947,74.315705,11/08/2026 10:09 AM,11/08/2026 11:00 AM,Reporting,Moving,0.0,True,UC-38,Ravi Town,Zone-5,Loader Rickshaw,Ravi Town,True,2026-08-11
-,LR-0808,LR0808,Lahore,"Tehsil Office, Ravi Town",LWMC-RaTo,-,-,still,off,12.06,196.21,31.610005,74.277323,11/08/2026 10:34 AM,11/08/2026 11:00 AM,Reporting,Moving,0.0,True,UC-4,Ravi Town,Zone-1,Loader Rickshaw,Ravi Town,True,2026-08-11
-,LR-0068,LR0068,Lahore,"Tehsil Office, Ravi Town",LWMC-RaTo,-,-,still,off,9.803,51.61,31.60446,74.312877,11/08/2026 10:32 AM,11/08/2026 11:00 AM,Reporting,Moving,13.27,False,UC-18,Ravi Town,Zone-3,Loader Rickshaw,Ravi Town,True,2026-08-11
-,LR-0953,LR0953,Lahore,"Tehsil Office, Ravi Town",LWMC-RaTo,-,-,moving,on,21.694,251.8,31.595763,74.304872,11/08/2026 10:00 AM,11/08/2026 11:00 AM,Reporting,Parked,0.0,True,UC-15,Ravi Town,Zone-4,Loader Rickshaw,Ravi Town,True,2026-08-11
-,LR-2122,LR2122,Lahore,"Tehsil Office, Ravi Town",LWMC-RaTo,-,-,still,off,16.478,70.08,31.633166,74.312143,11/08/2026 10:40 AM,11/08/2026 11:00 AM,Reporting,Excess Idling,11.38,False,UC-11,Ravi Town,Zone-2,Loader Rickshaw,Ravi Town,True,2026-08-11
-,LR-2137,LR2137,Lahore,"Tehsil Office, Ravi Town",LWMC-RaTo,-,-,still,off,11.239,169.61,31.590987,74.317908,11/08/2026 10:39 AM,11/08/2026 11:00 AM,Reporting,Parked,0.0,True,UC-17,Ravi Town,Zone-4,Loader Rickshaw,Ravi Town,True,2026-08-11
19933,S-232,S232,Lahore,"Tehsil Office, Ravi Town",LWMC-RaTo,Mini Dumper,Bulk Waste Collection,moving,on,14.364,71.04,31.635808,74.286453,11/08/2026 10:41 AM,11/08/2026 11:00 AM,Reporting,Moving,13.12,False,UC-8,Ravi Town,Zone-2,Mini Dumper,Ravi Town,True,2026-08-11
19326,LR-0434,LR0434,Lahore,"Tehsil Office, Ravi Town",LWMC-RaTo,Loader Rickshaw,Bulk Waste Collection,still,off,8.304,100.81,31.601365,74.310982,11/08/2026 09:54 AM,11/08/2026 11:00 AM,Reporting,Moving,0.0,True,UC-16,Ravi Town,Zone-4,Loader Rickshaw,Ravi Town,True,2026-08-11
-,LR-1598,LR1598,Lahore,"Tehsil Office, Ravi Town",LWMC-RaTo,-,-,still,off,9.516,258.36,31.595642,74.317238,11/08/2026 10:22 AM,11/08/2026 11:00 AM,Reporting,Moving,0.0,True,UC-17,Ravi Town,Zone-4,Loader Rickshaw,Ravi Town,True,2026-08-11
19324,LR-0436,LR0436,Lahore,"Tehsil Office, Ravi Town",LWMC-RaTo,Loader Rickshaw,Bulk Waste Collection,moving,on,8.262,215.65,31.592985,74.318813,11/08/2026 10:42 AM,11/08/2026 11:00 AM,Reporting,Idle,0.0,True,UC-17,Ravi Town,Zone-4,Loader Rickshaw,Ravi Town,True,2026-08-11
-,LR-1824,LR1824,Lahore,"Tehsil Office, Ravi Town",LWMC-RaTo,-,-,moving,on,11.422,44.11,31.616153,74.295817,11/08/2026 10:42 AM,11/08/2026 11:00 AM,Reporting,Idle,14.95,False,UC-13,Ravi Town,Zone-2,Loader Rickshaw,Ravi Town,True,2026-08-11
-,LR-1947,LR1947,Lahore,"Tehsil Office, Ravi Town",LWMC-RaTo,-,-,still,off,12.959,48.56,31.61793,74.270481,11/08/2026 10:34 AM,11/08/2026 11:00 AM,Reporting,Moving,14.09,False,UC-2,Ravi Town,Zone-1,Loader Rickshaw,Ravi Town,True,2026-08-11
23457,LR-0560,LR0560,Lahore,"Tehsil Office, Ravi Town",LWMC-RaTo,Loader Rickshaw,Door To Door Collection,still,off,,,31.592791,74.258977,11/08/2026 10:46 AM,11/08/2026 11:00 AM,Reporting,No Activity Since Yesterday,11.64,False,UC-5,Ravi Town,Zone-1,Loader Rickshaw,Ravi Town,True,2026-08-11
-,HA-2,HA2,Lahore,"Tehsil Office, Ravi Town",LWMC-RaTo,-,-,moving,on,66.778,558.04,31.617399,74.294412,11/08/2026 10:41 AM,11/08/2026 11:00 AM,Reporting,Parked,27.91,False,UC-13,Ravi Town,Zone-2,Arm Roll,Ravi Town,True,2026-08-11
-,LR-2481,LR2481,Lahore,"Tehsil Office, Ravi Town",LWMC-RaTo,-,-,still,off,10.179,440.86,31.602971,74.310017,11/08/2026 10:43 AM,11/08/2026 11:00 AM,Reporting,Moving,11.74,False,UC-16,Ravi Town,Zone-4,Loader Rickshaw,Ravi Town,True,2026-08-11
-,LR-2478,LR2478,Lahore,"Tehsil Office, Ravi Town",LWMC-RaTo,-,-,moving,on,11.678,615.33,31.597584,74.247731,11/08/2026 10:36 AM,11/08/2026 11:00 AM,Reporting,Parked,26.07,False,UC-1,Ravi Town,Zone-1,Loader Rickshaw,Ravi Town,True,2026-08-11
19316,LR-0424,LR0424,Lahore,"Tehsil Office, Ravi Town",LWMC-RaTo,Loader Rickshaw,Bulk Waste Collection,still,off,22.932,601.64,31.659911,74.30497,11/08/2026 10:41 AM,11/08/2026 11:00 AM,Reporting,Moving,14.09,False,UC-9,Ravi Town,Zone-2,Loader Rickshaw,Ravi Town,True,2026-08-11
19305,LR-0158,LR0158,Lahore,"Tehsil Office, Ravi Town",LWMC-RaTo,Loader Rickshaw,Bulk Waste Collection,moving,on,16.382,559.76,31.631821,74.280526,11/08/2026 10:45 AM,11/08/2026 11:00 AM,Reporting,Excess Idling,11.79,False,UC-6,Ravi Town,Zone-1,Loader Rickshaw,Ravi Town,True,2026-08-11
-,LR-1825,LR1825,Lahore,"Tehsil Office, Ravi Town",LWMC-RaTo,-,-,still,off,17.85,645.0,31.61866,74.287646,11/08/2026 10:45 AM,11/08/2026 11:00 AM,Reporting,Idle,13.83,False,,,,Loader Rickshaw,Ravi Town,False,2026-08-11
19957,S-65,S65,Lahore,"Tehsil Office, Ravi Town",LWMC-RaTo,Mini Dumper,Bulk Waste Collection,moving,on,35.149,642.08,31.605562,74.324372,11/08/2026 10:44 AM,11/08/2026 11:00 AM,Reporting,Moving,6.9,False,UC-21,Ravi Town,Zone-3,Mini Dumper,Ravi Town,True,2026-08-11
-,LR-0902,LR0902,Lahore,"Tehsil Office, Ravi Town",LWMC-RaTo,-,-,moving,on,7.22,626.38,31.593427,74.316938,11/08/2026 10:27 AM,11/08/2026 11:00 AM,Reporting,Moving,13.88,False,UC-17,Ravi Town,Zone-4,Loader Rickshaw,Ravi Town,True,2026-08-11
-,LR-1180,LR1180,Lahore,"Tehsil Office, Ravi Town",LWMC-RaTo,-,-,moving,on,19.771,614.54,31.624082,74.294748,11/08/2026 10:21 AM,11/08/2026 11:00 AM,Reporting,Moving,12.4,False,UC-12,Ravi Town,Zone-2,Loader Rickshaw,Ravi Town,True,2026-08-11
-,LR-1668,LR1668,Lahore,"Tehsil Office, Ravi Town",LWMC-RaTo,-,-,still,off,0.136,603.04,31.592873,74.258953,11/08/2026 10:03 AM,11/08/2026 11:00 AM,Reporting,No Activity Since Yesterday,8.63,False,UC-5,Ravi Town,Zone-1,Loader Rickshaw,Ravi Town,True,2026-08-11
-,LR-2042,LR2042,Lahore,"Tehsil Office, Ravi Town",LWMC-RaTo,-,-,moving,on,23.047,350.89,31.618183,74.298249,11/08/2026 10:37 AM,11/08/2026 11:00 AM,Reporting,Moving,28.57,False,UC-13,Ravi Town,Zone-2,Loader Rickshaw,Ravi Town,True,2026-08-11
23388,LR-135,LR135,Lahore,"Tehsil Office, Ravi Town",LWMC-RaTo,Loader Rickshaw,Door To Door Collection,moving,on,22.768,320.93,31.590827,74.320207,11/08/2026 10:41 AM,11/08/2026 11:00 AM,Reporting,Parked,0.0,True,UC-17,Ravi Town,Zone-4,Loader Rickshaw,Ravi Town,True,2026-08-11
19947,S-169,S169,Lahore,"Tehsil Office, Ravi Town",LWMC-RaTo,Mini Dumper,Bulk Waste Collection,still,off,32.674,234.01,31.603663,74.329411,11/08/2026 09:45 AM,11/08/2026 11:00 AM,Reporting,Parked,12.56,False,UC-23,Ravi Town,Zone-3,Mini Dumper,Ravi Town,True,2026-08-11
-,LR-1808,LR1808,Lahore,"Tehsil Office, Ravi Town",LWMC-RaTo,-,-,moving,on,20.648,250.61,31.60718,74.311567,11/08/2026 10:35 AM,11/08/2026 11:00 AM,Reporting,Idle,0.0,True,UC-18,Ravi Town,Zone-3,Loader Rickshaw,Ravi Town,True,2026-08-11
-,LR-1631,LR1631,Lahore,"Tehsil Office, Ravi Town",LWMC-RaTo,-,-,moving,on,14.217,591.7,31.591055,74.32083,11/08/2026 09:51 AM,11/08/2026 11:00 AM,Reporting,Excess Idling,0.0,True,UC-17,Ravi Town,Zone-4,Loader Rickshaw,Ravi Town,True,2026-08-11
-,LR-0898,LR0898,Lahore,"Tehsil Office, Ravi Town",LWMC-RaTo,-,-,moving,on,21.296,462.31,31.600097,74.322523,11/08/2026 09:54 AM,11/08/2026 11:00 AM,Reporting,Moving,0.0,True,UC-22,Ravi Town,Zone-4,Loader Rickshaw,Ravi Town,True,2026-08-11
-,LR-2477,LR2477,Lahore,"Tehsil Office, Ravi Town",LWMC-RaTo,-,-,still,off,16.558,78.53,31.608428,74.261024,11/08/2026 10:33 AM,11/08/2026 11:00 AM,Reporting,Moving,13.58,False,UC-1,Ravi Town,Zone-1,Loader Rickshaw,Ravi Town,True,2026-08-11
-,LR-1814,LR1814,Lahore,"Tehsil Office, Ravi Town",LWMC-RaTo,-,-,still,off,6.377,349.13,31.591008,74.317967,11/08/2026 10:36 AM,11/08/2026 11:00 AM,Reporting,Parked,0.0,True,UC-17,Ravi Town,Zone-4,Loader Rickshaw,Ravi Town,True,2026-08-11
23441,LR-0093,LR0093,Lahore,"Tehsil Office, Ravi Town",LWMC-RaTo,Loader Rickshaw,Door To Door Collection,still,off,0.084,0.55,31.592958,74.258727,11/08/2026 10:17 AM,11/08/2026 10:30 AM,Reporting,No Activity Since Yesterday,11.64,False,UC-5,Ravi Town,Zone-1,Loader Rickshaw,Ravi Town,True,2026-08-11
-,LR-0896,LR0896,Lahore,"Tehsil Office, Ravi Town",LWMC-RaTo,-,-,moving,on,13.751,537.98,31.590958,74.32274,11/08/2026 10:19 AM,11/08/2026 11:00 AM,Reporting,Moving,0.0,True,UC-30,Ravi Town,Zone-4,Loader Rickshaw,Ravi Town,True,2026-08-11
-,LR-2114,LR2114,Lahore,"Tehsil Office, Ravi Town",LWMC-RaTo,-,-,still,off,23.15,188.65,31.627495,74.284782,11/08/2026 10:46 AM,11/08/2026 11:00 AM,Reporting,Excess Idling,0.0,True,,,,Loader Rickshaw,Ravi Town,False,2026-08-11
-,LR-1827,LR1827,Lahore,"Tehsil Office, Ravi Town",LWMC-RaTo,-,-,still,off,19.398,527.35,31.617837,74.295847,11/08/2026 10:37 AM,11/08/2026 11:00 AM,Reporting,Parked,0.0,True,UC-13,Ravi Town,Zone-2,Loader Rickshaw,Ravi Town,True,2026-08-11
-,LR-1501,LR1501,Lahore,"Tehsil Office, Ravi Town",LWMC-RaTo,-,-,still,off,21.181,405.11,31.60361,74.25198,11/08/2026 10:46 AM,11/08/2026 11:00 AM,Reporting,Moving,0.0,True,UC-1,Ravi Town,Zone-1,Loader Rickshaw,Ravi Town,True,2026-08-11
-,LR-1826,LR1826,Lahore,"Tehsil Office, Ravi Town",LWMC-RaTo,-,-,moving,on,20.537,461.81,31.611912,74.296508,11/08/2026 10:45 AM,11/08/2026 11:00 AM,Reporting,Idle,0.0,True,UC-13,Ravi Town,Zone-2,Loader Rickshaw,Ravi Town,True,2026-08-11
19295,LR-0254,LR0254,Lahore,"Tehsil Office, Ravi Town",LWMC-RaTo,Loader Rickshaw,Bulk Waste Collection,moving,on,14.599,613.08,31.589707,74.328097,11/08/2026 10:26 AM,11/08/2026 11:00 AM,Reporting,Moving,0.0,True,UC-30,Ravi Town,Zone-4,Loader Rickshaw,Ravi Town,True,2026-08-11
-,LR-1807,LR1807,Lahore,"Tehsil Office, Ravi Town",LWMC-RaTo,-,-,moving,on,17.359,199.65,31.605863,74.329472,11/08/2026 10:12 AM,11/08/2026 11:00 AM,Reporting,Moving,0.0,True,UC-23,Ravi Town,Zone-3,Loader Rickshaw,Ravi Town,True,2026-08-11
19267,LR-0252,LR0252,Lahore,"Tehsil Office, Ravi Town",LWMC-RaTo,Loader Rickshaw,Bulk Waste Collection,still,off,4.806,77.23,31.591078,74.317493,11/08/2026 10:45 AM,11/08/2026 11:00 AM,Reporting,Idle,0.0,True,UC-17,Ravi Town,Zone-4,Loader Rickshaw,Ravi Town,True,2026-08-11
-,LR-1671,LR1671,Lahore,"Tehsil Office, Ravi Town",LWMC-RaTo,-,-,moving,on,22.727,609.61,31.62064,74.285712,11/08/2026 10:10 AM,11/08/2026 11:00 AM,Reporting,Idle,14.14,False,UC-3,Ravi Town,Zone-1,Loader Rickshaw,Ravi Town,True,2026-08-11
-,LR-0806,LR0806,Lahore,"Tehsil Office, Ravi Town",LWMC-RaTo,-,-,moving,on,31.41,264.31,31.618078,74.277578,11/08/2026 10:41 AM,11/08/2026 11:00 AM,Reporting,Moving,0.0,True,UC-2,Ravi Town,Zone-1,Loader Rickshaw,Ravi Town,True,2026-08-11
-,LR-0954,LR0954,Lahore,"Tehsil Office, Ravi Town",LWMC-RaTo,-,-,moving,on,54.581,581.64,31.59967,74.304012,11/08/2026 10:03 AM,11/08/2026 11:00 AM,Reporting,Moving,0.0,True,UC-16,Ravi Town,Zone-4,Loader Rickshaw,Ravi Town,True,2026-08-11
-,LR-1589,LR1589,Lahore,"Tehsil Office, Ravi Town",LWMC-RaTo,-,-,still,off,10.353,207.3,31.592977,74.259553,11/08/2026 10:24 AM,11/08/2026 11:00 AM,Reporting,Idle,0.0,True,UC-5,Ravi Town,Zone-1,Loader Rickshaw,DGBT,False,2026-08-11
23369,LR-430,LR430,Lahore,"Tehsil Office, Ravi Town",LWMC-RaTo,Loader Rickshaw,Door To Door Collection,moving,on,10.149,499.38,31.597514,74.314309,11/08/2026 10:11 AM,11/08/2026 11:00 AM,Reporting,Parked,13.17,False,UC-17,Ravi Town,Zone-4,Loader Rickshaw,Ravi Town,True,2026-08-11
-,LR-2040,LR2040,Lahore,"Tehsil Office, Ravi Town",LWMC-RaTo,-,-,moving,on,18.913,610.64,31.578105,74.314438,11/08/2026 10:11 AM,11/08/2026 11:00 AM,Reporting,Moving,0.0,True,UC-34,Ravi Town,Zone-5,Loader Rickshaw,Ravi Town,True,2026-08-11
18477,CA-142,CA142,Lahore,"Tehsil Office, Ravi Town",LWMC-RaTo,Chain Arm Roll,Container-Based Collection,still,off,119.394,482.98,31.609861,74.311448,11/08/2026 10:28 AM,11/08/2026 11:00 AM,Reporting,Excess Idling,25.46,False,UC-23,Ravi Town,Zone-3,Chain Arm Roll,Ravi Town,True,2026-08-11
18478,CA-171,CA171,Lahore,"Tehsil Office, Ravi Town",LWMC-RaTo,Chain Arm Roll,Container-Based Collection,still,off,96.218,387.68,31.603254,74.319457,11/08/2026 10:33 AM,11/08/2026 11:00 AM,Reporting,Parked,12.4,False,UC-29,Ravi Town,Zone-3,Chain Arm Roll,Ravi Town,True,2026-08-11
19952,S-304,S304,Lahore,"Tehsil Office, Ravi Town",LWMC-RaTo,Mini Dumper,Bulk Waste Collection,moving,on,37.535,139.48,31.585703,74.315177,11/08/2026 10:36 AM,11/08/2026 11:00 AM,Reporting,Parked,12.61,False,UC-38,Ravi Town,Zone-5,Mini Dumper,Ravi Town,True,2026-08-11
19331,LR-0429,LR0429,Lahore,"Tehsil Office, Ravi Town",LWMC-RaTo,Loader Rickshaw,Bulk Waste Collection,moving,on,17.95,237.86,31.603783,74.303025,11/08/2026 10:23 AM,11/08/2026 11:00 AM,Reporting,Parked,0.0,True,UC-15,Ravi Town,Zone-4,Loader Rickshaw,Ravi Town,True,2026-08-11
19954,S-338,S338,Lahore,"Tehsil Office, Ravi Town",LWMC-RaTo,Mini Dumper,Bulk Waste Collection,moving,on,37.241,190.58,31.602751,74.300225,11/08/2026 10:43 AM,11/08/2026 11:00 AM,Reporting,Moving,24.83,False,UC-15,Ravi Town,Zone-4,Mini Dumper,Ravi Town,True,2026-08-11
-,LR-1222,LR1222,Lahore,"Tehsil Office, Ravi Town",LWMC-RaTo,-,-,moving,on,14.274,153.08,31.607517,74.317473,11/08/2026 10:33 AM,11/08/2026 11:00 AM,Reporting,Idle,0.0,True,UC-19,Ravi Town,Zone-3,Loader Rickshaw,Ravi Town,True,2026-08-11
19303,LR-0159,LR0159,Lahore,"Tehsil Office, Ravi Town",LWMC-RaTo,Loader Rickshaw,Bulk Waste Collection,moving,on,27.305,262.76,31.632067,74.28021,11/08/2026 10:22 AM,11/08/2026 11:00 AM,Reporting,Moving,0.0,True,UC-6,Ravi Town,Zone-1,Loader Rickshaw,Ravi Town,True,2026-08-11
-,LR-0807,LR0807,Lahore,"Tehsil Office, Ravi Town",LWMC-RaTo,-,-,still,off,9.272,491.31,31.593248,74.258953,11/08/2026 10:35 AM,11/08/2026 11:00 AM,Reporting,Moving,0.0,True,UC-5,Ravi Town,Zone-1,Loader Rickshaw,Ravi Town,True,2026-08-11
-,LR-0259,LR0259,Lahore,"Tehsil Office, Ravi Town",LWMC-RaTo,-,-,moving,on,27.586,550.61,31.584492,74.311352,11/08/2026 09:54 AM,11/08/2026 11:00 AM,Reporting,Moving,0.0,True,UC-38,Ravi Town,Zone-5,Loader Rickshaw,Ravi Town,True,2026-08-11
-,LR-2901,LR2901,Lahore,"Tehsil Office, Wahgha Town",LWMC-WaTo,-,-,moving,on,26.639,125.08,31.514959,74.504296,11/08/2026 10:25 AM,11/08/2026 11:00 AM,Reporting,Parked,11.64,False,UC-180,Wagha Town,Zone-14,Loader Rickshaw,Wagha Town,True,2026-08-11
-,LR-2304,LR2304,Lahore,"Tehsil Office, Wahgha Town",LWMC-WaTo,-,-,moving,on,20.753,413.61,31.439743,74.583002,11/08/2026 09:16 AM,11/08/2026 09:30 AM,Reporting,Moving,11.79,False,UC-190,Wagha Town,Zone-14,Loader Rickshaw,Wagha Town,True,2026-08-11
-,LR-2300,LR2300,Lahore,"Tehsil Office, Wahgha Town",LWMC-WaTo,-,-,moving,on,25.93,460.69,31.483013,74.600265,11/08/2026 09:15 AM,11/08/2026 10:30 AM,Reporting,Moving,12.91,False,UC-190,Wagha Town,Zone-14,Loader Rickshaw,Wagha Town,True,2026-08-11
23630,LR-1062,LR1062,Lahore,"Tehsil Office, Wahgha Town",LWMC-WaTo,Loader Rickshaw,Door To Door Collection,still,off,3.503,608.51,31.600433,74.499793,11/08/2026 10:27 AM,11/08/2026 11:00 AM,Reporting,Moving,12.3,False,UC-182,Wagha Town,Zone-13,Loader Rickshaw,Wagha Town,True,2026-08-11
23570,LR-0371,LR0371,Lahore,"Tehsil Office, Wahgha Town",LWMC-WaTo,Loader Rickshaw,Door To Door Collection,moving,on,8.872,500.55,31.636164,74.505772,11/08/2026 10:02 AM,11/08/2026 10:30 AM,Reporting,Parked,28.01,False,UC-179,Wagha Town,Zone-13,Loader Rickshaw,Wagha Town,True,2026-08-11
-,LR-1835,LR1835,Lahore,"Tehsil Office, Wahgha Town",LWMC-WaTo,-,-,still,off,16.757,565.53,31.551276,74.523803,11/08/2026 10:38 AM,11/08/2026 11:00 AM,Reporting,Idle,10.57,False,UC-180,Wagha Town,Zone-14,Loader Rickshaw,Wagha Town,True,2026-08-11
-,LR-2866,LR2866,Lahore,"Tehsil Office, Wahgha Town",LWMC-WaTo,-,-,still,off,,427.39,31.610693,74.381982,11/08/2026 10:44 AM,11/08/2026 11:00 AM,Reporting,No Activity Since Yesterday,11.13,False,UC-108,Wagha Town,Zone-13,Loader Rickshaw,Wagha Town,True,2026-08-11
-,LR-3067,LR3067,Lahore,"Tehsil Office, Wahgha Town",LWMC-WaTo,-,-,moving,on,10.522,560.48,31.608613,74.380401,11/08/2026 10:18 AM,11/08/2026 11:00 AM,Reporting,Idle,26.89,False,UC-108,Wagha Town,Zone-13,,Wagha Town,True,2026-08-11
-,LR-1533,LR1533,Lahore,"Tehsil Office, Wahgha Town",LWMC-WaTo,-,-,moving,on,22.102,568.91,31.550347,74.480953,11/08/2026 10:36 AM,11/08/2026 11:00 AM,Reporting,Idle,11.89,False,UC-192,Wagha Town,Zone-14,Loader Rickshaw,Wagha Town,True,2026-08-11
-,C-25-082,C25082,Lahore,"Tehsil Office, Wahgha Town",LWMC-WaTo,-,-,still,off,32.844,401.89,31.609696,74.381708,11/08/2026 10:26 AM,11/08/2026 10:30 AM,Reporting,Excess Idling,24.39,False,UC-108,Wagha Town,Zone-13,Compactor,Wagha Town,True,2026-08-11
-,LR-0097,LR0097,Lahore,"Tehsil Office, Wahgha Town",LWMC-WaTo,-,-,moving,on,16.237,620.11,31.609467,74.422342,11/08/2026 10:21 AM,11/08/2026 11:00 AM,Reporting,Moving,11.84,False,UC-174,Wagha Town,Zone-12,Loader Rickshaw,Wagha Town,True,2026-08-11
23561,LR-0284,LR0284,Lahore,"Tehsil Office, Wahgha Town",LWMC-WaTo,Loader Rickshaw,Door To Door Collection,still,off,3.808,640.95,31.574824,74.487028,11/08/2026 10:41 AM,11/08/2026 11:00 AM,Reporting,Moving,10.87,False,UC-183,Wagha Town,Zone-13,Loader Rickshaw,Wagha Town,True,2026-08-11
-,LR-2394,LR2394,Lahore,"Tehsil Office, Wahgha Town",LWMC-WaTo,-,-,still,off,14.191,246.28,31.596413,74.4075,11/08/2026 10:44 AM,11/08/2026 11:00 AM,Reporting,Parked,0.0,True,UC-137,Wagha Town,Zone-12,Loader Rickshaw,Wagha Town,True,2026-08-11
-,LR-2896,LR2896,Lahore,"Tehsil Office, Wahgha Town",LWMC-WaTo,-,-,moving,on,26.804,223.48,31.629805,74.442545,11/08/2026 10:29 AM,11/08/2026 11:00 AM,Reporting,Parked,0.0,True,UC-176,Wagha Town,Zone-13,Loader Rickshaw,Wagha Town,True,2026-08-11
23640,LR-1072,LR1072,Lahore,"Tehsil Office, Wahgha Town",LWMC-WaTo,Loader Rickshaw,Door To Door Collection,still,off,7.132,30.16,31.56377,74.527798,11/08/2026 09:54 AM,11/08/2026 11:00 AM,Reporting,Excess Idling,12.15,False,UC-181,Wagha Town,Zone-13,Loader Rickshaw,Wagha Town,True,2026-08-11
-,LR-0276,LR0276,Lahore,"Tehsil Office, Wahgha Town",LWMC-WaTo,-,-,still,off,15.698,66.84,31.598413,74.492141,11/08/2026 10:46 AM,11/08/2026 11:00 AM,Reporting,Parked,13.58,False,UC-177,Wagha Town,Zone-13,Loader Rickshaw,Wagha Town,True,2026-08-11
-,LR-2885,LR2885,Lahore,"Tehsil Office, Wahgha Town",LWMC-WaTo,-,-,still,off,64.929,274.06,31.590195,74.480107,11/08/2026 10:38 AM,11/08/2026 11:00 AM,Reporting,Moving,0.0,True,UC-178,Wagha Town,Zone-12,Loader Rickshaw,Wagha Town,True,2026-08-11
-,LR-1283,LR1283,Lahore,"Tehsil Office, Wahgha Town",LWMC-WaTo,-,-,still,off,,,31.610843,74.381878,11/08/2026 10:19 AM,11/08/2026 11:00 AM,Reporting,No Activity Since Yesterday,6.84,False,UC-108,Wagha Town,Zone-13,Loader Rickshaw,Wagha Town,True,2026-08-11
-,LR-2155,LR2155,Lahore,"Tehsil Office, Wahgha Town",LWMC-WaTo,-,-,moving,on,18.779,72.96,31.549982,74.490049,11/08/2026 10:44 AM,11/08/2026 11:00 AM,Reporting,Parked,12.71,False,UC-192,Wagha Town,Zone-14,Loader Rickshaw,Wagha Town,True,2026-08-11
-,MS-47,MS47,Lahore,"Tehsil Office, Wahgha Town",LWMC-WaTo,-,-,moving,on,22.449,146.63,31.603859,74.400219,11/08/2026 10:35 AM,11/08/2026 11:00 AM,Reporting,Moving,14.24,False,,,,Mechanical Sweeper,Night Operations,False,2026-08-11
23644,LR-1076,LR1076,Lahore,"Tehsil Office, Wahgha Town",LWMC-WaTo,Loader Rickshaw,Door To Door Collection,still,off,,,31.609808,74.381617,11/08/2026 10:47 AM,11/08/2026 11:00 AM,Reporting,No Activity Since Yesterday,11.08,False,UC-108,Wagha Town,Zone-13,Loader Rickshaw,Wagha Town,True,2026-08-11
-,LR-2954,LR2954,Lahore,"Tehsil Office, Wahgha Town",LWMC-WaTo,-,-,moving,on,5.01,108.86,31.580606,74.498159,11/08/2026 09:49 AM,11/08/2026 10:30 AM,Reporting,Moving,10.41,False,UC-183,Wagha Town,Zone-13,,Wagha Town,True,2026-08-11
-,LR-2395,LR2395,Lahore,"Tehsil Office, Wahgha Town",LWMC-WaTo,-,-,moving,on,14.866,308.55,31.608907,74.380197,11/08/2026 10:44 AM,11/08/2026 11:00 AM,Reporting,Idle,0.0,True,UC-108,Wagha Town,Zone-13,Loader Rickshaw,Wagha Town,True,2026-08-11
23629,LR-1061,LR1061,Lahore,"Tehsil Office, Wahgha Town",LWMC-WaTo,Loader Rickshaw,Door To Door Collection,moving,on,27.444,308.83,31.60845,74.388872,11/08/2026 10:25 AM,11/08/2026 11:00 AM,Reporting,Moving,0.0,True,UC-108,Wagha Town,Zone-13,Loader Rickshaw,Wagha Town,True,2026-08-11
-,LR-0510,LR0510,Lahore,"Tehsil Office, Wahgha Town",LWMC-WaTo,-,-,moving,on,17.146,111.61,31.601723,74.409337,11/08/2026 10:19 AM,11/08/2026 11:00 AM,Reporting,Moving,0.0,True,UC-137,Wagha Town,Zone-12,Loader Rickshaw,Wagha Town,True,2026-08-11
23581,LR-0629,LR0629,Lahore,"Tehsil Office, Wahgha Town",LWMC-WaTo,Loader Rickshaw,Door To Door Collection,still,off,15.172,72.03,31.600782,74.494854,11/08/2026 10:45 AM,11/08/2026 11:00 AM,Reporting,Moving,11.43,False,UC-177,Wagha Town,Zone-13,Loader Rickshaw,Wagha Town,True,2026-08-11
-,LR-2899,LR2899,Lahore,"Tehsil Office, Wahgha Town",LWMC-WaTo,-,-,still,off,5.885,70.09,31.62104,74.361792,11/08/2026 10:32 AM,11/08/2026 11:00 AM,Reporting,Parked,0.0,True,UC-108,Wagha Town,Zone-13,Loader Rickshaw,Wagha Town,True,2026-08-11
-,LR-2166,LR2166,Lahore,"Tehsil Office, Wahgha Town",LWMC-WaTo,-,-,moving,on,24.601,92.31,31.432851,74.523443,11/08/2026 10:45 AM,11/08/2026 11:00 AM,Reporting,Parked,12.0,False,UC-191,Wagha Town,Zone-14,Loader Rickshaw,Wagha Town,True,2026-08-11
-,LR-0935,LR0935,Lahore,"Tehsil Office, Wahgha Town",LWMC-WaTo,-,-,moving,on,9.3,89.15,31.601354,74.401051,11/08/2026 10:18 AM,11/08/2026 11:00 AM,Reporting,Parked,10.41,False,UC-135,Wagha Town,Zone-11,Loader Rickshaw,Wagha Town,True,2026-08-11
-,LR-2872,LR2872,Lahore,"Tehsil Office, Wahgha Town",LWMC-WaTo,-,-,still,off,,,31.610352,74.381698,11/08/2026 10:35 AM,11/08/2026 11:00 AM,Reporting,No Activity Since Yesterday,0.0,True,UC-108,Wagha Town,Zone-13,Loader Rickshaw,Wagha Town,True,2026-08-11
-,LR-2452,LR2452,Lahore,"Tehsil Office, Wahgha Town",LWMC-WaTo,-,-,still,off,63.86,152.91,31.597431,74.487773,11/08/2026 10:39 AM,11/08/2026 11:00 AM,Reporting,Moving,13.47,False,UC-177,Wagha Town,Zone-13,Loader Rickshaw,Wagha Town,True,2026-08-11
-,LR-2951,LR2951,Lahore,"Tehsil Office, Wahgha Town",LWMC-WaTo,-,-,still,off,21.883,155.98,31.639198,74.367662,11/08/2026 10:43 AM,11/08/2026 11:00 AM,Reporting,Parked,0.0,True,UC-108,Wagha Town,Zone-13,,Wagha Town,True,2026-08-11
-,LR-2388,LR2388,Lahore,"Tehsil Office, Wahgha Town",LWMC-WaTo,-,-,moving,on,14.963,227.44,31.598363,74.385163,11/08/2026 09:23 AM,11/08/2026 11:00 AM,Reporting,Moving,0.0,True,UC-132,Wagha Town,Zone-11,Loader Rickshaw,Wagha Town,True,2026-08-11
-,S-148,S148,Lahore,"Tehsil Office, Wahgha Town",LWMC-WaTo,-,-,still,off,0.009,0.03,31.60899,74.380227,11/08/2026 09:42 AM,11/08/2026 11:00 AM,Reporting,No Activity Since Yesterday,11.84,False,UC-108,Wagha Town,Zone-13,Mini Dumper,Wagha Town,True,2026-08-11
-,LR-0100,LR0100,Lahore,"Tehsil Office, Wahgha Town",LWMC-WaTo,-,-,still,off,,,31.610707,74.381827,11/08/2026 10:21 AM,11/08/2026 11:00 AM,Reporting,No Activity Since Yesterday,13.53,False,UC-108,Wagha Town,Zone-13,Loader Rickshaw,Wagha Town,True,2026-08-11
-,LR-2448,LR2448,Lahore,"Tehsil Office, Wahgha Town",LWMC-WaTo,-,-,still,off,40.345,131.4,31.58921,74.477542,11/08/2026 10:43 AM,11/08/2026 11:00 AM,Reporting,Parked,11.84,False,UC-178,Wagha Town,Zone-12,Loader Rickshaw,Wagha Town,True,2026-08-11
-,LR-2312,LR2312,Lahore,"Tehsil Office, Wahgha Town",LWMC-WaTo,-,-,still,off,,,31.610803,74.383005,11/08/2026 10:22 AM,11/08/2026 11:00 AM,Reporting,No Activity Since Yesterday,0.0,True,UC-108,Wagha Town,Zone-13,Loader Rickshaw,Wagha Town,True,2026-08-11
-,LR-2150,LR2150,Lahore,"Tehsil Office, Wahgha Town",LWMC-WaTo,-,-,moving,on,19.978,58.28,31.439981,74.543569,11/08/2026 10:47 AM,11/08/2026 11:00 AM,Reporting,Parked,12.35,False,UC-191,Wagha Town,Zone-14,Loader Rickshaw,Wagha Town,True,2026-08-11
-,LR-0513,LR0513,Lahore,"Tehsil Office, Wahgha Town",LWMC-WaTo,-,-,moving,on,24.479,302.98,31.58772,74.410695,11/08/2026 10:31 AM,11/08/2026 11:00 AM,Reporting,Parked,0.0,True,,,,Loader Rickshaw,Wagha Town,False,2026-08-11
-,M-133,M133,Lahore,"Tehsil Office, Wahgha Town",LWMC-WaTo,-,-,moving,on,56.502,160.56,31.525745,74.447143,11/08/2026 10:42 AM,11/08/2026 11:00 AM,Reporting,Moving,0.0,True,,,,Foton-Mini Dumper,Wagha Town,False,2026-08-11
-,LR-2391,LR2391,Lahore,"Tehsil Office, Wahgha Town",LWMC-WaTo,-,-,still,off,24.742,156.08,31.593908,74.39625,11/08/2026 10:45 AM,11/08/2026 11:00 AM,Reporting,Idle,0.0,True,UC-134,Wagha Town,Zone-11,Loader Rickshaw,Wagha Town,True,2026-08-11
-,LR-1841,LR1841,Lahore,"Tehsil Office, Wahgha Town",LWMC-WaTo,-,-,moving,on,23.172,99.01,31.547294,74.524056,11/08/2026 10:37 AM,11/08/2026 11:00 AM,Reporting,Parked,12.45,False,UC-180,Wagha Town,Zone-14,Loader Rickshaw,Wagha Town,True,2026-08-11
-,LR-2161,LR2161,Lahore,"Tehsil Office, Wahgha Town",LWMC-WaTo,-,-,moving,on,16.521,74.31,31.525823,74.546836,11/08/2026 10:17 AM,11/08/2026 11:00 AM,Reporting,Excess Idling,12.0,False,UC-180,Wagha Town,Zone-14,Loader Rickshaw,Wagha Town,True,2026-08-11
25323,LR-0395,LR0395,Lahore,"Tehsil Office, Wahgha Town",LWMC-WaTo,Loader Rickshaw,Door to Door Collection,still,off,13.864,236.53,31.60271,74.391873,11/08/2026 10:34 AM,11/08/2026 11:00 AM,Reporting,Moving,0.0,True,UC-132,Wagha Town,Zone-11,Loader Rickshaw,Wagha Town,True,2026-08-11
-,LR-1277,LR1277,Lahore,"Tehsil Office, Wahgha Town",LWMC-WaTo,-,-,moving,on,12.282,59.48,31.58717,74.391222,11/08/2026 10:44 AM,11/08/2026 11:00 AM,Reporting,Moving,0.0,True,UC-131,Wagha Town,Zone-11,Loader Rickshaw,Wagha Town,True,2026-08-11
-,LR-2949,LR2949,Lahore,"Tehsil Office, Wahgha Town",LWMC-WaTo,-,-,still,off,24.729,228.28,31.635612,74.367538,11/08/2026 10:34 AM,11/08/2026 11:00 AM,Reporting,Moving,0.0,True,UC-108,Wagha Town,Zone-13,,Wagha Town,True,2026-08-11
25365,LR-0267,LR0267,Lahore,"Tehsil Office, Wahgha Town",LWMC-WaTo,Loader Rickshaw,Door to Door Collection,still,off,11.006,314.11,31.60905,74.421995,11/08/2026 10:47 AM,11/08/2026 11:00 AM,Reporting,Moving,0.0,True,UC-174,Wagha Town,Zone-12,Loader Rickshaw,Wagha Town,True,2026-08-11
-,LR-2389,LR2389,Lahore,"Tehsil Office, Wahgha Town",LWMC-WaTo,-,-,moving,on,12.802,139.33,31.607878,74.367957,11/08/2026 10:41 AM,11/08/2026 11:00 AM,Reporting,Moving,0.0,True,UC-163,Shalimar Town,Zone-9,Loader Rickshaw,Wagha Town,False,2026-08-11
23573,LR-0375,LR0375,Lahore,"Tehsil Office, Wahgha Town",LWMC-WaTo,Loader Rickshaw,Door To Door Collection,still,off,9.403,39.93,31.632443,74.501001,11/08/2026 10:01 AM,11/08/2026 10:30 AM,Reporting,Parked,10.92,False,UC-179,Wagha Town,Zone-13,Loader Rickshaw,Wagha Town,True,2026-08-11
-,LR-1777,LR1777,Lahore,"Tehsil Office, Wahgha Town",LWMC-WaTo,-,-,moving,on,25.353,263.75,31.392104,74.569481,11/08/2026 10:03 AM,11/08/2026 10:30 AM,Reporting,Moving,11.74,False,UC-191,Wagha Town,Zone-14,Loader Rickshaw,Wagha Town,True,2026-08-11
-,LR-2873,LR2873,Lahore,"Tehsil Office, Wahgha Town",LWMC-WaTo,-,-,moving,on,15.689,90.21,31.607297,74.397988,11/08/2026 10:43 AM,11/08/2026 11:00 AM,Reporting,Moving,0.0,True,,,,Loader Rickshaw,Wagha Town,False,2026-08-11
-,LR-2154,LR2154,Lahore,"Tehsil Office, Wahgha Town",LWMC-WaTo,-,-,still,off,17.136,111.76,31.513903,74.501783,11/08/2026 10:44 AM,11/08/2026 11:00 AM,Reporting,Moving,12.81,False,UC-193,Wagha Town,Zone-14,Loader Rickshaw,Wagha Town,True,2026-08-11
-,LR-1728,LR1728,Lahore,"Tehsil Office, Wahgha Town",LWMC-WaTo,-,-,moving,on,20.336,191.91,31.4463,74.527354,11/08/2026 10:43 AM,11/08/2026 11:00 AM,Reporting,Parked,12.81,False,UC-191,Wagha Town,Zone-14,Loader Rickshaw,Wagha Town,True,2026-08-11
-,LR-1781,LR1781,Lahore,"Tehsil Office, Wahgha Town",LWMC-WaTo,-,-,still,off,27.12,101.78,31.518108,74.50409,11/08/2026 10:25 AM,11/08/2026 11:00 AM,Reporting,Parked,13.83,False,UC-180,Wagha Town,Zone-14,Loader Rickshaw,Wagha Town,True,2026-08-11
-,LR-2165,LR2165,Lahore,"Tehsil Office, Wahgha Town",LWMC-WaTo,-,-,moving,on,20.644,146.06,31.546562,74.582391,11/08/2026 08:30 AM,11/08/2026 09:00 AM,Reporting,Moving,12.51,False,UC-180,Wagha Town,Zone-14,Loader Rickshaw,Wagha Town,True,2026-08-11
-,HA-21,HA21,Lahore,"Tehsil Office, Wahgha Town",LWMC-WaTo,-,-,moving,on,74.136,627.79,31.594987,74.482392,11/08/2026 10:28 AM,11/08/2026 11:00 AM,Reporting,Moving,0.0,True,UC-177,Wagha Town,Zone-13,Arm Roll,Wagha Town,True,2026-08-11
-,LR-2947,LR2947,Lahore,"Tehsil Office, Wahgha Town",LWMC-WaTo,-,-,still,off,10.565,581.18,31.60447,74.415768,11/08/2026 10:34 AM,11/08/2026 11:00 AM,Reporting,Idle,11.64,False,UC-174,Wagha Town,Zone-12,,Wagha Town,True,2026-08-11
-,LR-2153,LR2153,Lahore,"Tehsil Office, Wahgha Town",LWMC-WaTo,-,-,moving,on,27.476,575.33,31.512617,74.501423,11/08/2026 10:45 AM,11/08/2026 11:00 AM,Reporting,Idle,12.15,False,UC-193,Wagha Town,Zone-14,Loader Rickshaw,Wagha Town,True,2026-08-11
-,LR-2301,LR2301,Lahore,"Tehsil Office, Wahgha Town",LWMC-WaTo,-,-,moving,on,27.953,148.41,31.481974,74.513388,11/08/2026 10:40 AM,11/08/2026 11:00 AM,Reporting,Parked,13.32,False,UC-189,Wagha Town,Zone-14,Loader Rickshaw,Wagha Town,True,2026-08-11
-,C25-088,C25088,Lahore,"Tehsil Office, Wahgha Town",LWMC-WaTo,-,-,still,off,56.883,448.16,31.610651,74.381933,11/08/2026 10:37 AM,11/08/2026 11:00 AM,Reporting,Parked,23.78,False,UC-108,Wagha Town,Zone-13,Compactor,Wagha Town,True,2026-08-11
-,LR-0156,LR0156,Lahore,"Tehsil Office, Wahgha Town",LWMC-WaTo,-,-,still,off,43.103,544.14,31.610662,74.38274,11/08/2026 10:16 AM,11/08/2026 11:00 AM,Reporting,Idle,0.0,True,UC-108,Wagha Town,Zone-13,Loader Rickshaw,Wagha Town,True,2026-08-11
-,LR-1529,LR1529,Lahore,"Tehsil Office, Wahgha Town",LWMC-WaTo,-,-,still,off,23.89,123.23,31.534327,74.460045,11/08/2026 10:46 AM,11/08/2026 11:00 AM,Reporting,Parked,13.37,False,UC-193,Wagha Town,Zone-14,Loader Rickshaw,Wagha Town,True,2026-08-11
-,LR-2151,LR2151,Lahore,"Tehsil Office, Wahgha Town",LWMC-WaTo,-,-,moving,on,28.043,199.23,31.515349,74.504284,11/08/2026 10:40 AM,11/08/2026 11:00 AM,Reporting,Moving,13.02,False,UC-180,Wagha Town,Zone-14,Loader Rickshaw,Wagha Town,True,2026-08-11
-,LR-2157,LR2157,Lahore,"Tehsil Office, Wahgha Town",LWMC-WaTo,-,-,still,off,27.221,107.38,31.493639,74.523722,11/08/2026 10:44 AM,11/08/2026 11:00 AM,Reporting,Excess Idling,12.1,False,UC-189,Wagha Town,Zone-14,Loader Rickshaw,Wagha Town,True,2026-08-11
18652,C-706,C706,Lahore,"Tehsil Office, Aziz Bhatti Town",LWMC-AzBT,Compactor (7CM),Container-Based Collection,still,off,56.771,213.08,31.552285,74.413873,11/08/2026 10:13 AM,11/08/2026 10:30 AM,Reporting,Moving,28.21,False,UC-150,Aziz Bhatti Town,Zone-17,Compactor,Aziz Bhatti Town,True,2026-08-11
18511,C13-1062,C131062,Lahore,"Tehsil Office, Aziz Bhatti Town",LWMC-AzBT,Compactor (13CM),Container-Based Collection,moving,on,56.739,230.25,31.542395,74.40724,11/08/2026 10:44 AM,11/08/2026 11:00 AM,Reporting,Moving,0.0,True,UC-150,Aziz Bhatti Town,Zone-17,Compactor,Aziz Bhatti Town,True,2026-08-11
59047,C-713,C713,Lahore,"Tehsil Office, Aziz Bhatti Town",LWMC-AzBT,Compactor (7CM),Container-Based Collection,moving,on,70.337,200.41,31.609302,74.380463,11/08/2026 10:41 AM,11/08/2026 11:00 AM,Reporting,Moving,0.0,True,UC-108,Wagha Town,Zone-13,Compactor,Aziz Bhatti Town,False,2026-08-11
-,LR-0718,LR0718,Lahore,"Tehsil Office, Aziz Bhatti Town",LWMC-AzBT,-,-,still,off,25.787,106.86,31.569845,74.387007,11/08/2026 10:08 AM,11/08/2026 10:30 AM,Reporting,Moving,14.04,False,UC-157,Aziz Bhatti Town,Zone-18,Loader Rickshaw,Aziz Bhatti Town,True,2026-08-11
-,SD-08,SD08,Lahore,"Tehsil Office, Aziz Bhatti Town",LWMC-AzBT,-,-,moving,on,159.682,462.86,31.578646,74.26372,11/08/2026 10:21 AM,11/08/2026 11:00 AM,Reporting,Moving,28.11,False,UC-1,Ravi Town,Zone-1,Dumper,Aziz Bhatti Town,False,2026-08-11
-,LR-2518,LR2518,Lahore,"Tehsil Office, Aziz Bhatti Town",LWMC-AzBT,-,-,moving,on,13.854,99.56,31.573252,74.291733,11/08/2026 10:21 AM,11/08/2026 11:00 AM,Reporting,Parked,12.3,False,UC-59,DGBT,Zone-29,Loader Rickshaw,DGBT,True,2026-08-11
-,SMA-179,SMA179,Lahore,"Tehsil Office, Aziz Bhatti Town",LWMC-AzBT,-,-,still,off,165.214,644.64,31.622546,74.420371,11/08/2026 10:44 AM,11/08/2026 11:00 AM,Reporting,Moving,27.24,False,UC-108,Wagha Town,Zone-13,,Aziz Bhatti Town,False,2026-08-11
-,LR-0720,LR0720,Lahore,"Tehsil Office, Aziz Bhatti Town",LWMC-AzBT,-,-,moving,on,37.205,612.0,31.609223,74.394673,11/08/2026 10:14 AM,11/08/2026 11:00 AM,Reporting,Idle,11.94,False,UC-108,Wagha Town,Zone-13,Loader Rickshaw,Aziz Bhatti Town,False,2026-08-11
-,LR-1095,LR1095,Lahore,"Tehsil Office, Aziz Bhatti Town",LWMC-AzBT,-,-,moving,on,29.739,624.39,31.585647,74.412989,11/08/2026 10:25 AM,11/08/2026 11:00 AM,Reporting,Moving,12.66,False,UC-144,Wagha Town,Zone-12,Loader Rickshaw,Aziz Bhatti Town,False,2026-08-11
-,LR-1955,LR1955,Lahore,"Tehsil Office, Aziz Bhatti Town",LWMC-AzBT,-,-,still,off,,597.93,31.575243,74.370499,11/08/2026 10:45 AM,11/08/2026 11:00 AM,Reporting,No Activity Since Yesterday,11.33,False,UC-120,Gulberg Town,Zone-19,Loader Rickshaw,Aziz Bhatti Town,False,2026-08-11
-,LR-1116,LR1116,Lahore,"Tehsil Office, Aziz Bhatti Town",LWMC-AzBT,-,-,still,off,24.197,595.04,31.585938,74.427094,11/08/2026 09:57 AM,11/08/2026 11:00 AM,Reporting,Moving,12.0,False,UC-144,Wagha Town,Zone-12,Loader Rickshaw,Aziz Bhatti Town,False,2026-08-11
-,LR-0572,LR0572,Lahore,"Tehsil Office, Aziz Bhatti Town",LWMC-AzBT,-,-,still,off,11.302,365.18,31.559264,74.372738,11/08/2026 10:40 AM,11/08/2026 11:00 AM,Reporting,Moving,12.05,False,UC-187,Aziz Bhatti Town,Zone-18,Loader Rickshaw,Aziz Bhatti Town,True,2026-08-11
-,LR-2589,LR2589,Lahore,"Tehsil Office, Aziz Bhatti Town",LWMC-AzBT,-,-,still,off,24.747,480.25,31.570653,74.408886,11/08/2026 10:41 AM,11/08/2026 11:00 AM,Reporting,Moving,12.2,False,UC-143,Aziz Bhatti Town,Zone-16,Loader Rickshaw,Aziz Bhatti Town,True,2026-08-11
-,LR-1640,LR1640,Lahore,"Tehsil Office, Aziz Bhatti Town",LWMC-AzBT,-,-,still,off,19.508,444.48,31.546503,74.4239,11/08/2026 10:02 AM,11/08/2026 10:30 AM,Reporting,Excess Idling,8.22,False,UC-151,Aziz Bhatti Town,Zone-17,Loader Rickshaw,Aziz Bhatti Town,True,2026-08-11
-,LR-2459,LR2459,Lahore,"Tehsil Office, Aziz Bhatti Town",LWMC-AzBT,-,-,moving,on,25.525,505.55,31.569796,74.415228,11/08/2026 10:21 AM,11/08/2026 11:00 AM,Reporting,Moving,13.47,False,UC-143,Aziz Bhatti Town,Zone-16,Loader Rickshaw,Aziz Bhatti Town,True,2026-08-11
-,LR-1642,LR1642,Lahore,"Tehsil Office, Aziz Bhatti Town",LWMC-AzBT,-,-,moving,on,15.592,639.46,31.552196,74.414428,11/08/2026 10:40 AM,11/08/2026 11:00 AM,Reporting,Idle,11.54,False,UC-150,Aziz Bhatti Town,Zone-17,Loader Rickshaw,Aziz Bhatti Town,True,2026-08-11
-,LR-2771,LR2771,Lahore,"Tehsil Office, Aziz Bhatti Town",LWMC-AzBT,-,-,still,off,0.017,569.03,31.574978,74.370556,11/08/2026 09:29 AM,11/08/2026 11:00 AM,Reporting,No Activity Since Yesterday,11.89,False,UC-120,Gulberg Town,Zone-19,Loader Rickshaw,Aziz Bhatti Town,False,2026-08-11
-,LR-1111,LR1111,Lahore,"Tehsil Office, Aziz Bhatti Town",LWMC-AzBT,-,-,moving,on,44.401,465.1,31.582827,74.435939,11/08/2026 10:15 AM,11/08/2026 11:00 AM,Reporting,Moving,13.88,False,UC-145,Aziz Bhatti Town,Zone-16,Loader Rickshaw,Aziz Bhatti Town,True,2026-08-11
-,LR-2386,LR2386,Lahore,"Tehsil Office, Aziz Bhatti Town",LWMC-AzBT,-,-,still,off,0.009,368.46,31.574918,74.370501,11/08/2026 09:39 AM,11/08/2026 11:00 AM,Reporting,No Activity Since Yesterday,11.38,False,UC-120,Gulberg Town,Zone-19,Loader Rickshaw,Aziz Bhatti Town,False,2026-08-11
-,LR-1953,LR1953,Lahore,"Tehsil Office, Aziz Bhatti Town",LWMC-AzBT,-,-,moving,on,26.853,474.86,31.585817,74.404359,11/08/2026 09:45 AM,11/08/2026 10:30 AM,Reporting,Moving,24.95,False,UC-139,Aziz Bhatti Town,Zone-15,Loader Rickshaw,Aziz Bhatti Town,True,2026-08-11
-,LR-1958,LR1958,Lahore,"Tehsil Office, Aziz Bhatti Town",LWMC-AzBT,-,-,still,off,,375.36,31.575093,74.370679,11/08/2026 10:45 AM,11/08/2026 11:00 AM,Reporting,No Activity Since Yesterday,11.18,False,UC-120,Gulberg Town,Zone-19,Loader Rickshaw,Aziz Bhatti Town,False,2026-08-11
-,LR-2772,LR2772,Lahore,"Tehsil Office, Aziz Bhatti Town",LWMC-AzBT,-,-,still,off,36.284,589.76,31.576047,74.460163,11/08/2026 10:13 AM,11/08/2026 11:00 AM,Reporting,Moving,11.43,False,UC-152,Aziz Bhatti Town,Zone-16,Loader Rickshaw,Aziz Bhatti Town,True,2026-08-11
-,LR-2593,LR2593,Lahore,"Tehsil Office, Aziz Bhatti Town",LWMC-AzBT,-,-,moving,on,35.928,610.16,31.580637,74.415306,11/08/2026 10:10 AM,11/08/2026 11:00 AM,Reporting,Idle,11.74,False,UC-143,Aziz Bhatti Town,Zone-16,Loader Rickshaw,Aziz Bhatti Town,True,2026-08-11
-,LR-1964,LR1964,Lahore,"Tehsil Office, Aziz Bhatti Town",LWMC-AzBT,-,-,moving,on,45.051,600.93,31.608519,74.384454,11/08/2026 10:34 AM,11/08/2026 11:00 AM,Reporting,Idle,12.61,False,UC-108,Wagha Town,Zone-13,Loader Rickshaw,Aziz Bhatti Town,False,2026-08-11
18376,HA-25,HA25,Lahore,"Tehsil Office, Aziz Bhatti Town",LWMC-AzBT,Arm Roll Truck,Container-Based Collection,still,off,82.706,616.31,31.553106,74.395693,11/08/2026 10:33 AM,11/08/2026 11:00 AM,Reporting,Parked,13.32,False,,,,Arm Roll,Aziz Bhatti Town,False,2026-08-11
-,LR-2768,LR2768,Lahore,"Tehsil Office, Aziz Bhatti Town",LWMC-AzBT,-,-,moving,on,36.041,622.63,31.591907,74.453982,11/08/2026 10:25 AM,11/08/2026 11:00 AM,Reporting,Excess Idling,12.4,False,UC-175,Wagha Town,Zone-12,Loader Rickshaw,Aziz Bhatti Town,False,2026-08-11
59048,A-73,A73,Lahore,"Tehsil Office, Aziz Bhatti Town",LWMC-AzBT,Arm Roll Truck,Container-Based Collection,still,off,86.449,250.94,31.584938,74.450093,11/08/2026 10:34 AM,11/08/2026 11:00 AM,Reporting,Parked,0.0,True,UC-145,Aziz Bhatti Town,Zone-16,Arm Roll,Aziz Bhatti Town,True,2026-08-11
-,S-76,S76,Lahore,"Tehsil Office, Aziz Bhatti Town",LWMC-AzBT,-,-,still,off,46.922,154.03,31.588603,74.422445,11/08/2026 10:40 AM,11/08/2026 11:00 AM,Reporting,Parked,0.0,True,UC-144,Wagha Town,Zone-12,Mini Dumper,Aziz Bhatti Town,False,2026-08-11
-,LR-1124,LR1124,Lahore,"Tehsil Office, Aziz Bhatti Town",LWMC-AzBT,-,-,still,off,28.092,82.31,31.574206,74.428934,11/08/2026 10:21 AM,11/08/2026 10:30 AM,Reporting,Moving,12.2,False,UC-145,Aziz Bhatti Town,Zone-16,Loader Rickshaw,Aziz Bhatti Town,True,2026-08-11
-,S-372,S372,Lahore,"Tehsil Office, Aziz Bhatti Town",LWMC-AzBT,-,-,moving,on,36.899,128.06,31.586837,74.4037,11/08/2026 10:32 AM,11/08/2026 11:00 AM,Reporting,Parked,0.0,True,UC-139,Aziz Bhatti Town,Zone-15,Mini Dumper,Aziz Bhatti Town,True,2026-08-11
-,LR-1637,LR1637,Lahore,"Tehsil Office, Aziz Bhatti Town",LWMC-AzBT,-,-,still,off,15.861,61.51,31.552337,74.413572,11/08/2026 10:33 AM,11/08/2026 11:00 AM,Reporting,Idle,12.86,False,UC-150,Aziz Bhatti Town,Zone-17,Loader Rickshaw,Aziz Bhatti Town,True,2026-08-11
-,LR-2467,LR2467,Lahore,"Tehsil Office, Aziz Bhatti Town",LWMC-AzBT,-,-,still,off,0.025,1.0,31.575116,74.370507,11/08/2026 10:45 AM,11/08/2026 11:00 AM,Reporting,No Activity Since Yesterday,12.1,False,UC-120,Gulberg Town,Zone-19,Loader Rickshaw,Aziz Bhatti Town,False,2026-08-11
-,S-137,S137,Lahore,"Tehsil Office, Aziz Bhatti Town",LWMC-AzBT,-,-,moving,on,45.098,140.19,31.608498,74.384727,11/08/2026 10:43 AM,11/08/2026 11:00 AM,Reporting,Moving,0.0,True,UC-108,Wagha Town,Zone-13,Mini Dumper,Aziz Bhatti Town,False,2026-08-11
-,LR-2584,LR2584,Lahore,"Tehsil Office, Aziz Bhatti Town",LWMC-AzBT,-,-,still,off,,,31.575097,74.370596,11/08/2026 10:44 AM,11/08/2026 11:00 AM,Reporting,No Activity Since Yesterday,11.13,False,UC-120,Gulberg Town,Zone-19,Loader Rickshaw,Aziz Bhatti Town,False,2026-08-11
-,S-97,S97,Lahore,"Tehsil Office, Aziz Bhatti Town",LWMC-AzBT,-,-,still,off,,,31.614778,74.416838,11/08/2026 10:34 AM,11/08/2026 11:00 AM,Reporting,No Activity Since Yesterday,0.0,True,UC-174,Wagha Town,Zone-12,Mini Dumper,Aziz Bhatti Town,False,2026-08-11
-,M-57,M57,Lahore,"Tehsil Office, Aziz Bhatti Town",LWMC-AzBT,-,-,still,off,36.111,132.55,31.568658,74.40061,11/08/2026 10:39 AM,11/08/2026 11:00 AM,Reporting,Moving,0.0,True,UC-142,Aziz Bhatti Town,Zone-15,Foton-Mini Dumper,Aziz Bhatti Town,True,2026-08-11
-,S-390,S390,Lahore,"Tehsil Office, Aziz Bhatti Town",LWMC-AzBT,-,-,moving,on,38.991,159.5,31.562107,74.39276,11/08/2026 10:42 AM,11/08/2026 11:00 AM,Reporting,Parked,0.0,True,,,,Mini Dumper,Aziz Bhatti Town,False,2026-08-11
-,S-188,S188,Lahore,"Tehsil Office, Aziz Bhatti Town",LWMC-AzBT,-,-,still,off,27.57,110.58,31.581172,74.435135,11/08/2026 10:45 AM,11/08/2026 11:00 AM,Reporting,Moving,0.0,True,UC-145,Aziz Bhatti Town,Zone-16,Mini Dumper,Aziz Bhatti Town,True,2026-08-11
-,LR-2460,LR2460,Lahore,"Tehsil Office, Aziz Bhatti Town",LWMC-AzBT,-,-,moving,on,25.231,114.95,31.586529,74.409099,11/08/2026 10:39 AM,11/08/2026 11:00 AM,Reporting,Moving,13.58,False,UC-144,Wagha Town,Zone-12,Loader Rickshaw,Aziz Bhatti Town,False,2026-08-11
-,S-93,S93,Lahore,"Tehsil Office, Aziz Bhatti Town",LWMC-AzBT,-,-,moving,on,53.433,199.3,31.552887,74.401897,11/08/2026 10:28 AM,11/08/2026 11:00 AM,Reporting,Moving,0.0,True,UC-149,Aziz Bhatti Town,Zone-17,Mini Dumper,Aziz Bhatti Town,True,2026-08-11
-,CA-145,CA145,Lahore,"Tehsil Office, Aziz Bhatti Town",LWMC-AzBT,-,-,moving,on,71.99,282.73,31.586822,74.401595,11/08/2026 10:39 AM,11/08/2026 11:00 AM,Reporting,Moving,0.0,True,UC-136,Wagha Town,Zone-11,Chain Arm Roll,Aziz Bhatti Town,False,2026-08-11
-,LR-0288,LR0288,Lahore,"Tehsil Office, Aziz Bhatti Town",LWMC-AzBT,-,-,moving,on,9.983,226.03,31.580769,74.397066,11/08/2026 10:06 AM,11/08/2026 10:30 AM,Reporting,Parked,12.3,False,UC-141,Aziz Bhatti Town,Zone-15,Loader Rickshaw,Aziz Bhatti Town,True,2026-08-11
-,S-118,S118,Lahore,"Tehsil Office, Aziz Bhatti Town",LWMC-AzBT,-,-,still,off,,,31.57922,74.441735,11/08/2026 10:33 AM,11/08/2026 11:00 AM,Reporting,No Activity Since Yesterday,0.0,True,UC-175,Wagha Town,Zone-12,Mini Dumper,Aziz Bhatti Town,False,2026-08-11
18509,C13-1068,C131068,Lahore,"Tehsil Office, Aziz Bhatti Town",LWMC-AzBT,Compactor (13CM),Container-Based Collection,moving,on,46.86,297.98,31.592708,74.402935,11/08/2026 10:39 AM,11/08/2026 11:00 AM,Reporting,Parked,0.0,True,,,,Compactor,Aziz Bhatti Town,False,2026-08-11
-,S-87,S87,Lahore,"Tehsil Office, Aziz Bhatti Town",LWMC-AzBT,-,-,moving,on,12.973,73.54,31.547803,74.42282,11/08/2026 10:43 AM,11/08/2026 11:00 AM,Reporting,Moving,0.0,True,UC-151,Aziz Bhatti Town,Zone-17,Mini Dumper,Aziz Bhatti Town,True,2026-08-11
-,LR-0191,LR0191,Lahore,"Tehsil Office, Aziz Bhatti Town",LWMC-AzBT,-,-,moving,on,13.946,52.89,31.548238,74.42197,11/08/2026 10:02 AM,11/08/2026 10:30 AM,Reporting,Parked,15.26,False,UC-150,Aziz Bhatti Town,Zone-17,Loader Rickshaw,Aziz Bhatti Town,True,2026-08-11
-,S-341,S341,Lahore,"Tehsil Office, Aziz Bhatti Town",LWMC-AzBT,-,-,still,off,39.435,132.83,31.555647,74.405782,11/08/2026 10:30 AM,11/08/2026 11:00 AM,Reporting,Moving,0.0,True,UC-148,Aziz Bhatti Town,Zone-17,Mini Dumper,Aziz Bhatti Town,True,2026-08-11
-,S-131,S131,Lahore,"Tehsil Office, Aziz Bhatti Town",LWMC-AzBT,-,-,moving,on,34.662,136.34,31.559713,74.432495,11/08/2026 10:41 AM,11/08/2026 11:00 AM,Reporting,Moving,0.0,True,UC-152,Aziz Bhatti Town,Zone-16,Mini Dumper,Aziz Bhatti Town,True,2026-08-11
-,LR-2592,LR2592,Lahore,"Tehsil Office, Aziz Bhatti Town",LWMC-AzBT,-,-,moving,on,33.517,109.71,31.581329,74.415191,11/08/2026 10:39 AM,11/08/2026 11:00 AM,Reporting,Idle,12.35,False,UC-143,Aziz Bhatti Town,Zone-16,Loader Rickshaw,Aziz Bhatti Town,True,2026-08-11
-,LR2387,LR2387,Lahore,"Tehsil Office, Aziz Bhatti Town",LWMC-AzBT,-,-,still,off,38.664,122.09,31.552492,74.405049,11/08/2026 10:05 AM,11/08/2026 11:00 AM,Reporting,Moving,13.47,False,UC-149,Aziz Bhatti Town,Zone-17,Loader Rickshaw,Aziz Bhatti Town,True,2026-08-11
-,LR-2373,LR2373,Lahore,"Tehsil Office, Aziz Bhatti Town",LWMC-AzBT,-,-,still,off,31.785,103.51,31.589183,74.403841,11/08/2026 10:31 AM,11/08/2026 11:00 AM,Reporting,Moving,14.95,False,UC-138,Wagha Town,Zone-12,Loader Rickshaw,Aziz Bhatti Town,False,2026-08-11
-,LR-0332,LR0332,Lahore,"Tehsil Office, Aziz Bhatti Town",LWMC-AzBT,-,-,moving,on,12.602,43.23,31.552718,74.419355,11/08/2026 10:43 AM,11/08/2026 11:00 AM,Reporting,Moving,14.6,False,UC-152,Aziz Bhatti Town,Zone-16,Loader Rickshaw,Aziz Bhatti Town,True,2026-08-11
-,LR-1911,LR1911,Lahore,"Tehsil Office, Aziz Bhatti Town",LWMC-AzBT,-,-,still,off,30.134,105.76,31.566329,74.406726,11/08/2026 10:45 AM,11/08/2026 11:00 AM,Reporting,Excess Idling,12.35,False,UC-146,Aziz Bhatti Town,Zone-16,Loader Rickshaw,Aziz Bhatti Town,True,2026-08-11
-,D-65,D65,Lahore,"Tehsil Office, Aziz Bhatti Town",LWMC-AzBT,-,-,moving,on,71.406,205.4,31.565052,74.39502,11/08/2026 10:37 AM,11/08/2026 11:00 AM,Reporting,Moving,0.0,True,UC-146,Aziz Bhatti Town,Zone-16,Dumper,Aziz Bhatti Town,True,2026-08-11
-,LR-2519,LR2519,Lahore,"Tehsil Office, Aziz Bhatti Town",LWMC-AzBT,-,-,still,off,17.8,72.88,31.59508,74.257206,11/08/2026 10:46 AM,11/08/2026 11:00 AM,Reporting,Excess Idling,11.84,False,UC-5,Ravi Town,Zone-1,Loader Rickshaw,DGBT,False,2026-08-11
-,MFL-81,MFL81,Lahore,"Tehsil Office, Aziz Bhatti Town",LWMC-AzBT,-,-,still,off,5.804,337.38,31.611075,74.383188,11/08/2026 10:46 AM,11/08/2026 11:00 AM,Reporting,Moving,0.0,True,UC-108,Wagha Town,Zone-13,Loader,Aziz Bhatti Town,False,2026-08-11
-,LR-1194,LR1194,Lahore,"Tehsil Office, Aziz Bhatti Town",LWMC-AzBT,-,-,still,off,5.609,26.16,31.584243,74.409848,11/08/2026 10:42 AM,11/08/2026 11:00 AM,Reporting,Moving,12.15,False,UC-140,Aziz Bhatti Town,Zone-15,Loader Rickshaw,Aziz Bhatti Town,True,2026-08-11
-,S-298,S298,Lahore,"Tehsil Office, Aziz Bhatti Town",LWMC-AzBT,-,-,moving,on,28.353,155.03,31.575468,74.407523,11/08/2026 10:40 AM,11/08/2026 11:00 AM,Reporting,Parked,0.0,True,UC-143,Aziz Bhatti Town,Zone-16,Mini Dumper,Aziz Bhatti Town,True,2026-08-11
-,M-45,M45,Lahore,"Tehsil Office, Aziz Bhatti Town",LWMC-AzBT,-,-,moving,on,47.582,312.13,31.577488,74.469567,11/08/2026 10:37 AM,11/08/2026 11:00 AM,Reporting,Moving,0.0,True,UC-152,Aziz Bhatti Town,Zone-16,Foton-Mini Dumper,Aziz Bhatti Town,True,2026-08-11
-,S-395,S395,Lahore,"Tehsil Office, Aziz Bhatti Town",LWMC-AzBT,-,-,moving,on,43.267,198.06,31.547762,74.405413,11/08/2026 10:37 AM,11/08/2026 11:00 AM,Reporting,Moving,0.0,True,UC-149,Aziz Bhatti Town,Zone-17,Mini Dumper,Aziz Bhatti Town,True,2026-08-11
29219,C25-081,C25081,Lahore,"Tehsil Office, Aziz Bhatti Town",LWMC-AzBT,Compactor (25CM),Bulk Waste Collection,moving,on,60.522,337.38,31.609638,74.382033,11/08/2026 10:41 AM,11/08/2026 11:00 AM,Reporting,Parked,0.0,True,UC-108,Wagha Town,Zone-13,Compactor,Aziz Bhatti Town,False,2026-08-11
-,S-61,S61,Lahore,"Tehsil Office, Aziz Bhatti Town",LWMC-AzBT,-,-,moving,on,44.71,153.36,31.572157,74.430773,11/08/2026 10:41 AM,11/08/2026 11:00 AM,Reporting,Parked,0.0,True,UC-146,Aziz Bhatti Town,Zone-16,Mini Dumper,Aziz Bhatti Town,True,2026-08-11
18436,CA-115,CA115,Lahore,"Tehsil Office, Aziz Bhatti Town",LWMC-AzBT,Chain Arm Roll,Container-Based Collection,still,off,,,31.623705,74.421417,11/08/2026 10:37 AM,11/08/2026 11:00 AM,Reporting,No Activity Since Yesterday,0.0,True,UC-108,Wagha Town,Zone-13,Chain Arm Roll,Aziz Bhatti Town,False,2026-08-11
-,LR-2458,LR2458,Lahore,"Tehsil Office, Aziz Bhatti Town",LWMC-AzBT,-,-,moving,on,40.889,125.75,31.609095,74.393949,11/08/2026 10:33 AM,11/08/2026 11:00 AM,Reporting,Parked,11.28,False,UC-108,Wagha Town,Zone-13,Loader Rickshaw,Aziz Bhatti Town,False,2026-08-11
-,LR-1411,LR1411,Lahore,"Tehsil Office, Aziz Bhatti Town",LWMC-AzBT,-,-,still,off,28.82,248.86,31.556447,74.366134,11/08/2026 10:18 AM,11/08/2026 11:00 AM,Reporting,Moving,14.14,False,UC-186,Aziz Bhatti Town,Zone-18,Loader Rickshaw,Aziz Bhatti Town,True,2026-08-11
-,LR-1651,LR1651,Lahore,"Tehsil Office, Aziz Bhatti Town",LWMC-AzBT,-,-,moving,on,15.886,52.6,31.546217,74.42321,11/08/2026 10:39 AM,11/08/2026 11:00 AM,Reporting,Idle,11.64,False,UC-151,Aziz Bhatti Town,Zone-17,Loader Rickshaw,Aziz Bhatti Town,True,2026-08-11
-,M-91,M91,Lahore,"Tehsil Office, Aziz Bhatti Town",LWMC-AzBT,-,-,still,off,35.598,151.19,31.578908,74.445662,11/08/2026 10:39 AM,11/08/2026 11:00 AM,Reporting,Parked,0.0,True,UC-145,Aziz Bhatti Town,Zone-16,Foton-Mini Dumper,Aziz Bhatti Town,True,2026-08-11
-,S-41,S41,Lahore,"Tehsil Office, Aziz Bhatti Town",LWMC-AzBT,-,-,moving,on,25.363,137.66,31.608405,74.3892,11/08/2026 10:35 AM,11/08/2026 11:00 AM,Reporting,Parked,0.0,True,UC-108,Wagha Town,Zone-13,Mini Dumper,Aziz Bhatti Town,False,2026-08-11
-,M-78-,M78,Lahore,"Tehsil Office, Aziz Bhatti Town",LWMC-AzBT,-,-,moving,on,37.526,161.05,31.558535,74.385795,11/08/2026 10:40 AM,11/08/2026 11:00 AM,Reporting,Parked,0.0,True,UC-184,Aziz Bhatti Town,Zone-18,Foton-Mini Dumper,Aziz Bhatti Town,True,2026-08-11
-,S-317,S317,Lahore,"Tehsil Office, Aziz Bhatti Town",LWMC-AzBT,-,-,still,off,36.431,125.98,31.556193,74.36907,11/08/2026 10:36 AM,11/08/2026 11:00 AM,Reporting,Moving,0.0,True,UC-187,Aziz Bhatti Town,Zone-18,Mini Dumper,Aziz Bhatti Town,True,2026-08-11
-,LR-2462,LR2462,Lahore,"Tehsil Office, Aziz Bhatti Town",LWMC-AzBT,-,-,moving,on,42.387,116.56,31.590644,74.440048,11/08/2026 10:08 AM,11/08/2026 10:30 AM,Reporting,Parked,14.55,False,UC-175,Wagha Town,Zone-12,Loader Rickshaw,Aziz Bhatti Town,False,2026-08-11
-,LR-0192,LR0192,Lahore,"Tehsil Office, Aziz Bhatti Town",LWMC-AzBT,-,-,still,off,14.994,65.34,31.544891,74.409053,11/08/2026 10:03 AM,11/08/2026 11:00 AM,Reporting,Moving,14.39,False,UC-150,Aziz Bhatti Town,Zone-17,Loader Rickshaw,Aziz Bhatti Town,True,2026-08-11
-,LR-2463,LR2463,Lahore,"Tehsil Office, Aziz Bhatti Town",LWMC-AzBT,-,-,moving,on,40.558,135.84,31.570094,74.410775,11/08/2026 10:05 AM,11/08/2026 11:00 AM,Reporting,Parked,12.51,False,UC-143,Aziz Bhatti Town,Zone-16,Loader Rickshaw,Aziz Bhatti Town,True,2026-08-11
-,LR-0193,LR0193,Lahore,"Tehsil Office, Aziz Bhatti Town",LWMC-AzBT,-,-,moving,on,14.722,56.28,31.552379,74.412052,11/08/2026 10:29 AM,11/08/2026 11:00 AM,Reporting,Moving,11.38,False,UC-150,Aziz Bhatti Town,Zone-17,Loader Rickshaw,Aziz Bhatti Town,True,2026-08-11
-,LR-1519,LR1519,Lahore,"Tehsil Office, Aziz Bhatti Town",LWMC-AzBT,-,-,moving,on,18.124,56.83,31.300713,74.176109,11/08/2026 09:32 AM,11/08/2026 11:00 AM,Reporting,Moving,12.35,False,UC-267,Allama Iqbal Town,Zone-43,Loader Rickshaw,Allama Iqbal Town,True,2026-08-11
-,S-99,S99,Lahore,"Tehsil Office, Aziz Bhatti Town",LWMC-AzBT,-,-,still,off,,,31.623632,74.42146,11/08/2026 10:37 AM,11/08/2026 11:00 AM,Reporting,No Activity Since Yesterday,0.0,True,UC-108,Wagha Town,Zone-13,Mini Dumper,Aziz Bhatti Town,False,2026-08-11
18643,C25-091,C25091,Lahore,"Tehsil Office, Aziz Bhatti Town",LWMC-AzBT,Compactor (25CM),Container-Based Collection,still,off,45.471,279.35,31.556905,74.389252,11/08/2026 10:46 AM,11/08/2026 11:00 AM,Reporting,Idle,0.0,True,UC-159,Aziz Bhatti Town,Zone-18,Compactor,Aziz Bhatti Town,True,2026-08-11
-,M-99,M99,Lahore,"Tehsil Office, Aziz Bhatti Town",LWMC-AzBT,-,-,still,off,0.249,5.73,31.623605,74.42153,11/08/2026 10:38 AM,11/08/2026 11:00 AM,Reporting,No Activity Since Yesterday,0.0,True,UC-108,Wagha Town,Zone-13,Foton-Mini Dumper,Aziz Bhatti Town,False,2026-08-11
-,LR-1386,LR1386,Lahore,"Tehsil Office, Aziz Bhatti Town",LWMC-AzBT,-,-,moving,on,22.498,216.96,31.587082,74.404137,11/08/2026 10:34 AM,11/08/2026 11:00 AM,Reporting,Excess Idling,10.52,False,UC-136,Wagha Town,Zone-11,Loader Rickshaw,Aziz Bhatti Town,False,2026-08-11
-,D-39,D39,Lahore,"Tehsil Office, Aziz Bhatti Town",LWMC-AzBT,-,-,moving,on,91.112,174.09,31.561647,74.434815,11/08/2026 10:46 AM,11/08/2026 11:00 AM,Reporting,Moving,0.0,True,UC-152,Aziz Bhatti Town,Zone-16,Dumper,Aziz Bhatti Town,True,2026-08-11
-,S-345,S345,Lahore,"Tehsil Office, Aziz Bhatti Town",LWMC-AzBT,-,-,still,off,21.444,117.28,31.567073,74.432315,11/08/2026 10:33 AM,11/08/2026 11:00 AM,Reporting,Moving,0.0,True,UC-152,Aziz Bhatti Town,Zone-16,Mini Dumper,Aziz Bhatti Town,True,2026-08-11
-,M-89,M89,Lahore,"Tehsil Office, Aziz Bhatti Town",LWMC-AzBT,-,-,moving,on,29.351,181.36,31.606817,74.398258,11/08/2026 10:44 AM,11/08/2026 11:00 AM,Reporting,Moving,0.0,True,,,,Foton-Mini Dumper,Aziz Bhatti Town,False,2026-08-11
-,LR-1654,LR1654,Lahore,"Tehsil Office, Aziz Bhatti Town",LWMC-AzBT,-,-,still,off,9.667,35.93,31.553958,74.362198,11/08/2026 08:59 AM,11/08/2026 11:00 AM,Reporting,Moving,11.69,False,UC-186,Aziz Bhatti Town,Zone-18,Loader Rickshaw,Aziz Bhatti Town,True,2026-08-11
-,S-159,S159,Lahore,"Tehsil Office, Aziz Bhatti Town",LWMC-AzBT,-,-,still,off,33.933,151.88,31.61075,74.382213,11/08/2026 10:39 AM,11/08/2026 11:00 AM,Reporting,Moving,0.0,True,UC-108,Wagha Town,Zone-13,Mini Dumper,Aziz Bhatti Town,False,2026-08-11
-,LR-2585,LR2585,Lahore,"Tehsil Office, Aziz Bhatti Town",LWMC-AzBT,-,-,moving,on,38.479,94.83,31.574269,74.434798,11/08/2026 10:00 AM,11/08/2026 10:30 AM,Reporting,Moving,12.96,False,UC-145,Aziz Bhatti Town,Zone-16,Loader Rickshaw,Aziz Bhatti Town,True,2026-08-11
29214,C-1314,C1314,Lahore,"Tehsil Office, Aziz Bhatti Town",LWMC-AzBT,Compactor (25CM),Bulk Waste Collection,moving,on,52.676,241.68,31.559917,74.380545,11/08/2026 10:36 AM,11/08/2026 11:00 AM,Reporting,Idle,0.0,True,UC-184,Aziz Bhatti Town,Zone-18,Compactor,Aziz Bhatti Town,True,2026-08-11
-,LR-0190,LR0190,Lahore,"Tehsil Office, Aziz Bhatti Town",LWMC-AzBT,-,-,still,off,14.073,41.14,31.545477,74.404243,11/08/2026 10:04 AM,11/08/2026 10:30 AM,Reporting,Moving,10.77,False,UC-150,Aziz Bhatti Town,Zone-17,Loader Rickshaw,Aziz Bhatti Town,True,2026-08-11
-,LR-2590,LR2590,Lahore,"Tehsil Office, Aziz Bhatti Town",LWMC-AzBT,-,-,moving,on,23.199,84.36,31.588123,74.418939,11/08/2026 10:19 AM,11/08/2026 11:00 AM,Reporting,Moving,12.51,False,UC-144,Wagha Town,Zone-12,Loader Rickshaw,Aziz Bhatti Town,False,2026-08-11
-,S-277,S277,Lahore,"Tehsil Office, Aziz Bhatti Town",LWMC-AzBT,-,-,still,off,0.082,1.71,31.579208,74.441727,11/08/2026 10:33 AM,11/08/2026 11:00 AM,Reporting,No Activity Since Yesterday,0.0,True,UC-175,Wagha Town,Zone-12,Mini Dumper,Aziz Bhatti Town,False,2026-08-11
-,LR-2385,LR2385,Lahore,"Tehsil Office, Aziz Bhatti Town",LWMC-AzBT,-,-,still,off,40.518,137.01,31.545688,74.401725,11/08/2026 10:16 AM,11/08/2026 11:00 AM,Reporting,Moving,12.1,False,UC-149,Aziz Bhatti Town,Zone-17,Loader Rickshaw,Aziz Bhatti Town,True,2026-08-11
-,LR-1120,LR1120,Lahore,"Tehsil Office, Aziz Bhatti Town",LWMC-AzBT,-,-,still,off,20.141,93.33,31.577289,74.412348,11/08/2026 10:27 AM,11/08/2026 11:00 AM,Reporting,Excess Idling,11.38,False,UC-143,Aziz Bhatti Town,Zone-16,Loader Rickshaw,Aziz Bhatti Town,True,2026-08-11
-,S-311,S311,Lahore,"Tehsil Office, Aziz Bhatti Town",LWMC-AzBT,-,-,still,off,0.033,1.88,31.579243,74.441698,11/08/2026 10:36 AM,11/08/2026 11:00 AM,Reporting,No Activity Since Yesterday,0.0,True,UC-175,Wagha Town,Zone-12,Mini Dumper,Aziz Bhatti Town,False,2026-08-11
-,S-77,S77,Lahore,"Tehsil Office, Aziz Bhatti Town",LWMC-AzBT,-,-,still,off,39.111,166.41,31.558897,74.387957,11/08/2026 10:40 AM,11/08/2026 11:00 AM,Reporting,Idle,0.0,True,UC-184,Aziz Bhatti Town,Zone-18,Mini Dumper,Aziz Bhatti Town,True,2026-08-11
-,MFL-86,MFL86,Lahore,"Tehsil Office, Aziz Bhatti Town",LWMC-AzBT,-,-,moving,on,17.806,367.0,31.551632,74.360337,11/08/2026 10:45 AM,11/08/2026 11:00 AM,Reporting,Moving,0.0,True,UC-188,Aziz Bhatti Town,Zone-18,Loader,Aziz Bhatti Town,True,2026-08-11
-,M-67,M67,Lahore,"Tehsil Office, Aziz Bhatti Town",LWMC-AzBT,-,-,moving,on,44.42,194.69,31.55122,74.366695,11/08/2026 10:37 AM,11/08/2026 11:00 AM,Reporting,Parked,0.0,True,UC-186,Aziz Bhatti Town,Zone-18,Foton-Mini Dumper,Aziz Bhatti Town,True,2026-08-11
-,C-1359,C1359,Lahore,"Tehsil Office, Aziz Bhatti Town",LWMC-AzBT,-,-,moving,on,63.69,244.15,31.575217,74.446972,11/08/2026 10:13 AM,11/08/2026 11:00 AM,Reporting,Moving,0.0,True,UC-152,Aziz Bhatti Town,Zone-16,Compactor,Aziz Bhatti Town,True,2026-08-11
-,M-68,M68,Lahore,"Tehsil Office, Aziz Bhatti Town",LWMC-AzBT,-,-,still,off,9.58,71.29,31.581272,74.41137,11/08/2026 10:44 AM,11/08/2026 11:00 AM,Reporting,Moving,0.0,True,UC-140,Aziz Bhatti Town,Zone-15,Foton-Mini Dumper,Aziz Bhatti Town,True,2026-08-11
-,LR-1920,LR1920,Lahore,"Tehsil Office, Aziz Bhatti Town",LWMC-AzBT,-,-,moving,on,27.268,112.56,31.610679,74.38197,11/08/2026 10:17 AM,11/08/2026 11:00 AM,Reporting,Moving,11.89,False,UC-108,Wagha Town,Zone-13,Loader Rickshaw,Aziz Bhatti Town,False,2026-08-11
-,LR-1650,LR1650,Lahore,"Tehsil Office, Aziz Bhatti Town",LWMC-AzBT,-,-,still,off,18.891,254.08,31.552352,74.413598,11/08/2026 10:08 AM,11/08/2026 10:30 AM,Reporting,Excess Idling,12.3,False,UC-150,Aziz Bhatti Town,Zone-17,Loader Rickshaw,Aziz Bhatti Town,True,2026-08-11
-,LR-1093,LR1093,Lahore,"Tehsil Office, Aziz Bhatti Town",LWMC-AzBT,-,-,moving,on,9.543,26.56,31.559444,74.407819,11/08/2026 09:51 AM,11/08/2026 10:30 AM,Reporting,Excess Idling,6.9,False,UC-147,Aziz Bhatti Town,Zone-16,Loader Rickshaw,Aziz Bhatti Town,True,2026-08-11
29250,C-1358,C1358,Lahore,"Tehsil Office, Aziz Bhatti Town",LWMC-AzBT,Compactor (13CM),Bulk Waste Collection,moving,on,61.681,241.98,31.554242,74.390838,11/08/2026 10:08 AM,11/08/2026 11:00 AM,Reporting,Moving,0.0,True,UC-159,Aziz Bhatti Town,Zone-18,Compactor,Aziz Bhatti Town,True,2026-08-11
-,LR-1656,LR1656,Lahore,"Tehsil Office, Aziz Bhatti Town",LWMC-AzBT,-,-,still,off,0.032,0.21,31.574989,74.370514,11/08/2026 09:39 AM,11/08/2026 11:00 AM,Reporting,No Activity Since Yesterday,12.15,False,UC-120,Gulberg Town,Zone-19,Loader Rickshaw,Aziz Bhatti Town,False,2026-08-11
-,ND-103,ND103,Lahore,"Tehsil Office, Aziz Bhatti Town",LWMC-AzBT,-,-,moving,on,69.527,225.36,31.5869,74.404352,11/08/2026 10:19 AM,11/08/2026 11:00 AM,Reporting,Moving,0.0,True,UC-139,Aziz Bhatti Town,Zone-15,Dumper,Aziz Bhatti Town,True,2026-08-11
18651,C-740,C740,Lahore,"Tehsil Office, Aziz Bhatti Town",LWMC-AzBT,Compactor (7CM),Container-Based Collection,still,off,62.915,244.56,31.560573,74.408943,11/08/2026 10:47 AM,11/08/2026 11:00 AM,Reporting,Moving,0.0,True,UC-147,Aziz Bhatti Town,Zone-16,Compactor,Aziz Bhatti Town,True,2026-08-11
-,S-83,S83,Lahore,"Tehsil Office, Aziz Bhatti Town",LWMC-AzBT,-,-,moving,on,30.603,142.66,31.556652,74.364883,11/08/2026 10:37 AM,11/08/2026 11:00 AM,Reporting,Parked,0.0,True,UC-186,Aziz Bhatti Town,Zone-18,Mini Dumper,Aziz Bhatti Town,True,2026-08-11
-,LR-2792,LR2792,Lahore,"Tehsil Office, Aziz Bhatti Town",LWMC-AzBT,-,-,still,off,21.036,83.09,31.579918,74.402454,11/08/2026 10:22 AM,11/08/2026 10:30 AM,Reporting,Moving,11.69,False,UC-141,Aziz Bhatti Town,Zone-15,Loader Rickshaw,Aziz Bhatti Town,True,2026-08-11
-,M-131,M131,Lahore,"Tehsil Office, Aziz Bhatti Town",LWMC-AzBT,-,-,still,off,,,31.57911,74.441633,11/08/2026 10:35 AM,11/08/2026 11:00 AM,Reporting,No Activity Since Yesterday,0.0,True,UC-175,Wagha Town,Zone-12,Foton-Mini Dumper,Aziz Bhatti Town,False,2026-08-11
-,S-05,S05,Lahore,"Tehsil Office, Aziz Bhatti Town",LWMC-AzBT,-,-,moving,on,51.831,167.55,31.578073,74.442757,11/08/2026 10:41 AM,11/08/2026 11:00 AM,Reporting,Excess Idling,0.0,True,UC-145,Aziz Bhatti Town,Zone-16,Mini Dumper,Aziz Bhatti Town,True,2026-08-11
-,S-91,S91,Lahore,"Tehsil Office, Aziz Bhatti Town",LWMC-AzBT,-,-,still,off,0.014,1.01,31.579227,74.441742,11/08/2026 10:40 AM,11/08/2026 11:00 AM,Reporting,No Activity Since Yesterday,0.0,True,UC-175,Wagha Town,Zone-12,Mini Dumper,Aziz Bhatti Town,False,2026-08-11
-,M-130,M130,Lahore,"Tehsil Office, Aziz Bhatti Town",LWMC-AzBT,-,-,moving,on,37.938,125.34,31.569818,74.415912,11/08/2026 10:39 AM,11/08/2026 11:00 AM,Reporting,Moving,0.0,True,UC-143,Aziz Bhatti Town,Zone-16,Foton-Mini Dumper,Aziz Bhatti Town,True,2026-08-11
-,LR-1917,LR1917,Lahore,"Tehsil Office, Aziz Bhatti Town",LWMC-AzBT,-,-,moving,on,13.26,67.9,31.582326,74.402478,11/08/2026 10:11 AM,11/08/2026 10:30 AM,Reporting,Excess Idling,11.38,False,UC-141,Aziz Bhatti Town,Zone-15,Loader Rickshaw,Aziz Bhatti Town,True,2026-08-11
-,S-107,S107,Lahore,"Tehsil Office, Aziz Bhatti Town",LWMC-AzBT,-,-,still,off,32.184,180.84,31.569045,74.405743,11/08/2026 10:24 AM,11/08/2026 11:00 AM,Reporting,Moving,0.0,True,UC-143,Aziz Bhatti Town,Zone-16,Mini Dumper,Aziz Bhatti Town,True,2026-08-11
-,MFL-60,MFL60,Lahore,"Tehsil Office, Aziz Bhatti Town",LWMC-AzBT,-,-,still,off,20.529,261.69,31.578752,74.424342,11/08/2026 10:34 AM,11/08/2026 11:00 AM,Reporting,Moving,0.0,True,UC-145,Aziz Bhatti Town,Zone-16,Loader,Aziz Bhatti Town,True,2026-08-11
23069,LR-0177,LR0177,Lahore,"Tehsil Office, Nishter Town",LWMC-NiTo,Loader Rickshaw,Door To Door Collection,moving,on,17.821,638.78,31.448212,74.363283,11/08/2026 10:39 AM,11/08/2026 11:00 AM,Reporting,Moving,9.65,False,UC-231,Nishter Town,Zone-45,Loader Rickshaw,Nishter Town,True,2026-08-11
-,LR-0103,LR0103,Lahore,"Tehsil Office, Nishter Town",LWMC-NiTo,-,-,still,off,30.124,386.8,31.419033,74.363953,11/08/2026 10:29 AM,11/08/2026 11:00 AM,Reporting,Idle,12.15,False,UC-246,Nishter Town,Zone-48,Loader Rickshaw,Nishter Town,True,2026-08-11
-,LR-1772,LR1772,Lahore,"Tehsil Office, Nishter Town",LWMC-NiTo,-,-,moving,on,34.156,494.11,31.333398,74.382906,11/08/2026 10:44 AM,11/08/2026 11:00 AM,Reporting,Moving,12.61,False,UC-252,Nishter Town,Zone-49,Loader Rickshaw,Nishter Town,True,2026-08-11
-,LR-2734,LR2734,Lahore,"Tehsil Office, Nishter Town",LWMC-NiTo,-,-,still,off,9.795,533.39,31.457499,74.440611,11/08/2026 10:46 AM,11/08/2026 11:00 AM,Reporting,Excess Idling,11.13,False,UC-194,Wagha Town,Zone-14,Loader Rickshaw,Nishter Town,False,2026-08-11
-,LR-2852,LR2852,Lahore,"Tehsil Office, Nishter Town",LWMC-NiTo,-,-,moving,on,18.483,617.36,31.391709,74.322721,11/08/2026 10:26 AM,11/08/2026 11:00 AM,Reporting,Moving,11.43,False,UC-251,Nishter Town,Zone-47,Loader Rickshaw,Nishter Town,True,2026-08-11
-,LR-2723,LR2723,Lahore,"Tehsil Office, Nishter Town",LWMC-NiTo,-,-,moving,on,11.647,635.73,31.454943,74.442742,11/08/2026 10:36 AM,11/08/2026 11:00 AM,Reporting,Excess Idling,11.33,False,UC-194,Wagha Town,Zone-14,Loader Rickshaw,Nishter Town,False,2026-08-11
-,LR-2222,LR2222,Lahore,"Tehsil Office, Nishter Town",LWMC-NiTo,-,-,still,off,16.634,645.21,31.455761,74.307283,11/08/2026 10:45 AM,11/08/2026 11:00 AM,Reporting,Moving,11.84,False,UC-235,Nishter Town,Zone-46,Loader Rickshaw,Nishter Town,True,2026-08-11
-,LR-2860,LR2860,Lahore,"Tehsil Office, Nishter Town",LWMC-NiTo,-,-,still,off,9.445,362.35,31.243015,74.208864,11/08/2026 10:42 AM,11/08/2026 11:00 AM,Reporting,Idle,10.11,False,UC-273,Allama Iqbal Town,Zone-43,Loader Rickshaw,Nishter Town,False,2026-08-11
23091,LR-0364,LR0364,Lahore,"Tehsil Office, Nishter Town",LWMC-NiTo,Loader Rickshaw,Door To Door Collection,moving,on,,97.08,31.368167,74.365069,11/08/2026 01:37 AM,11/08/2026 02:02 AM,Reporting,No Activity Since Yesterday,6.13,False,UC-248,Nishter Town,Zone-49,Loader Rickshaw,Nishter Town,True,2026-08-11
23074,LR-0182,LR0182,Lahore,"Tehsil Office, Nishter Town",LWMC-NiTo,Loader Rickshaw,Door To Door Collection,moving,on,18.749,611.46,31.391634,74.355499,11/08/2026 10:13 AM,11/08/2026 10:30 AM,Reporting,Idle,14.09,False,UC-244,Nishter Town,Zone-48,Loader Rickshaw,Nishter Town,True,2026-08-11
-,LR-1755,LR1755,Lahore,"Tehsil Office, Nishter Town",LWMC-NiTo,-,-,moving,on,13.517,477.14,31.388032,74.349131,11/08/2026 10:16 AM,11/08/2026 11:00 AM,Reporting,Parked,11.89,False,UC-244,Nishter Town,Zone-48,Loader Rickshaw,Nishter Town,True,2026-08-11
23119,LR-0783,LR0783,Lahore,"Tehsil Office, Nishter Town",LWMC-NiTo,Loader Rickshaw,Door To Door Collection,moving,on,17.102,482.89,31.412811,74.366099,11/08/2026 10:40 AM,11/08/2026 11:00 AM,Reporting,Idle,12.35,False,UC-246,Nishter Town,Zone-48,Loader Rickshaw,Nishter Town,True,2026-08-11
19856,S-280,S280,Lahore,"Tehsil Office, Nishter Town",LWMC-NiTo,Mini Dumper,Bulk Waste Collection,still,off,43.557,167.4,31.444985,74.390262,11/08/2026 10:26 AM,11/08/2026 11:00 AM,Reporting,Moving,0.0,True,UC-249,Nishter Town,Zone-45,Mini Dumper,Nishter Town,True,2026-08-11
18672,C-748,C748,Lahore,"Tehsil Office, Nishter Town",LWMC-NiTo,Compactor (7CM),Container-Based Collection,moving,on,44.751,266.08,31.45648,74.335358,11/08/2026 10:06 AM,11/08/2026 11:00 AM,Reporting,Moving,0.0,True,UC-233,Allama Iqbal Town,Zone-39,Compactor,Nishter Town,False,2026-08-11
19869,M-108,M108,Lahore,"Tehsil Office, Nishter Town",LWMC-NiTo,Mini Dumper,Bulk Waste Collection,moving,on,19.246,100.93,31.429795,74.36217,11/08/2026 10:43 AM,11/08/2026 11:00 AM,Reporting,Parked,0.0,True,UC-242,Nishter Town,Zone-45,Foton-Mini Dumper,Nishter Town,True,2026-08-11
-,LR-0102,LR0102,Lahore,"Tehsil Office, Nishter Town",LWMC-NiTo,-,-,still,off,40.733,98.76,31.388671,74.344987,11/08/2026 10:20 AM,11/08/2026 11:00 AM,Reporting,Excess Idling,14.19,False,UC-244,Nishter Town,Zone-48,Loader Rickshaw,Nishter Town,True,2026-08-11
-,C13-85,C1385,Lahore,"Tehsil Office, Nishter Town",LWMC-NiTo,-,-,still,off,,,31.478487,74.343913,11/08/2026 10:38 AM,11/08/2026 11:00 AM,Reporting,No Activity Since Yesterday,0.0,True,UC-206,Gulberg Town,Zone-22,Compactor,Nishter Town,False,2026-08-11
-,C10-192,C10192,Lahore,"Tehsil Office, Nishter Town",LWMC-NiTo,-,-,moving,on,27.584,104.25,31.367662,74.365487,11/08/2026 10:44 AM,11/08/2026 11:00 AM,Reporting,Moving,0.0,True,UC-248,Nishter Town,Zone-49,Dumper,Nishter Town,True,2026-08-11
19899,M-101,M101,Lahore,"Tehsil Office, Nishter Town",LWMC-NiTo,Mini Dumper,Bulk Waste Collection,still,off,26.224,111.04,31.418228,74.289893,11/08/2026 10:40 AM,11/08/2026 11:00 AM,Reporting,Moving,0.0,True,UC-240,Nishter Town,Zone-46,Foton-Mini Dumper,Nishter Town,True,2026-08-11
19884,S-225,S225,Lahore,"Tehsil Office, Nishter Town",LWMC-NiTo,Mini Dumper,Bulk Waste Collection,moving,on,30.906,151.71,31.448132,74.354133,11/08/2026 09:53 AM,11/08/2026 11:00 AM,Reporting,Moving,0.0,True,UC-230,Nishter Town,Zone-44,Mini Dumper,Samnabad Town,False,2026-08-11
-,LR-2351,LR2351,Lahore,"Tehsil Office, Nishter Town",LWMC-NiTo,-,-,still,off,,,31.438755,74.355303,11/08/2026 10:35 AM,11/08/2026 11:00 AM,Reporting,No Activity Since Yesterday,0.0,True,UC-243,Nishter Town,Zone-44,Loader Rickshaw,Nishter Town,True,2026-08-11
-,LR-0105,LR0105,Lahore,"Tehsil Office, Nishter Town",LWMC-NiTo,-,-,moving,on,12.932,300.94,31.442735,74.309565,11/08/2026 10:12 AM,11/08/2026 11:00 AM,Reporting,Moving,0.0,True,UC-239,Nishter Town,Zone-46,Loader Rickshaw,Nishter Town,True,2026-08-11
-,LR-3030,LR3030,Lahore,"Tehsil Office, Nishter Town",LWMC-NiTo,-,-,still,off,19.324,84.08,31.367442,74.352619,11/08/2026 10:10 AM,11/08/2026 11:00 AM,Reporting,Moving,12.2,False,UC-250,Nishter Town,Zone-48,Loader Rickshaw,Nishter Town,True,2026-08-11
19891,S-284,S284,Lahore,"Tehsil Office, Nishter Town",LWMC-NiTo,Mini Dumper,Bulk Waste Collection,still,off,0.011,0.14,31.449272,74.31116,11/08/2026 10:38 AM,11/08/2026 11:00 AM,Reporting,No Activity Since Yesterday,0.0,True,UC-234,Allama Iqbal Town,Zone-39,Mini Dumper,Nishter Town,False,2026-08-11
-,LR-1367,LR1367,Lahore,"Tehsil Office, Nishter Town",LWMC-NiTo,-,-,still,off,,,31.368039,74.365205,11/08/2026 10:46 AM,11/08/2026 11:00 AM,Reporting,No Activity Since Yesterday,12.4,False,UC-248,Nishter Town,Zone-49,Loader Rickshaw,Nishter Town,True,2026-08-11
-,LR-1525,LR1525,Lahore,"Tehsil Office, Nishter Town",LWMC-NiTo,-,-,still,off,17.111,65.4,31.382174,74.357237,11/08/2026 10:46 AM,11/08/2026 11:00 AM,Reporting,Parked,12.2,False,UC-250,Nishter Town,Zone-48,Loader Rickshaw,Nishter Town,True,2026-08-11
23111,LR-0614,LR0614,Lahore,"Tehsil Office, Nishter Town",LWMC-NiTo,Loader Rickshaw,Door To Door Collection,still,off,,,31.484878,74.30221,11/08/2026 10:35 AM,11/08/2026 11:00 AM,Reporting,No Activity Since Yesterday,0.0,True,UC-211,Gulberg Town,Zone-23,Loader Rickshaw,Gulberg Town,True,2026-08-11
19861,S-201,S201,Lahore,"Tehsil Office, Nishter Town",LWMC-NiTo,Mini Dumper,Bulk Waste Collection,still,off,,,31.478655,74.343937,11/08/2026 10:39 AM,11/08/2026 11:00 AM,Reporting,No Activity Since Yesterday,0.0,True,UC-206,Gulberg Town,Zone-22,Mini Dumper,Nishter Town,False,2026-08-11
-,LR-1773,LR1773,Lahore,"Tehsil Office, Nishter Town",LWMC-NiTo,-,-,still,off,22.428,71.16,31.440541,74.359201,11/08/2026 10:38 AM,11/08/2026 11:00 AM,Reporting,Moving,11.54,False,UC-230,Nishter Town,Zone-44,Loader Rickshaw,Nishter Town,True,2026-08-11
-,LR-1763,LR1763,Lahore,"Tehsil Office, Nishter Town",LWMC-NiTo,-,-,moving,on,18.664,67.36,31.353658,74.380528,11/08/2026 10:14 AM,11/08/2026 10:30 AM,Reporting,Excess Idling,12.25,False,UC-248,Nishter Town,Zone-49,Loader Rickshaw,Nishter Town,True,2026-08-11
19866,S-369,S369,Lahore,"Tehsil Office, Nishter Town",LWMC-NiTo,Mini Dumper,Bulk Waste Collection,moving,on,48.973,130.88,31.353613,74.493823,11/08/2026 10:33 AM,11/08/2026 11:00 AM,Reporting,Parked,0.0,True,UC-196,Nishter Town,Zone-49,Mini Dumper,Nishter Town,True,2026-08-11
-,LR-1750,LR1750,Lahore,"Tehsil Office, Nishter Town",LWMC-NiTo,-,-,moving,on,11.665,56.01,31.380603,74.345092,11/08/2026 10:37 AM,11/08/2026 11:00 AM,,,,,UC-250,Nishter Town,Zone-48,Loader Rickshaw,Nishter Town,True,2026-08-11
19883,S-22,S22,Lahore,"Tehsil Office, Nishter Town",LWMC-NiTo,Mini Dumper,Bulk Waste Collection,still,off,42.652,161.48,31.456418,74.337593,11/08/2026 10:38 AM,11/08/2026 11:00 AM,Reporting,Idle,0.0,True,UC-228,Nishter Town,Zone-44,Mini Dumper,Nishter Town,True,2026-08-11
-,LR-0870,LR0870,Lahore,"Tehsil Office, Nishter Town",LWMC-NiTo,-,-,still,off,,,31.363082,74.36743,11/08/2026 10:34 AM,11/08/2026 11:00 AM,Reporting,No Activity Since Yesterday,0.0,True,UC-248,Nishter Town,Zone-49,Loader Rickshaw,Nishter Town,True,2026-08-11
19895,S-126,S126,Lahore,"Tehsil Office, Nishter Town",LWMC-NiTo,Mini Dumper,Bulk Waste Collection,still,off,46.993,178.61,31.449493,74.311422,11/08/2026 10:38 AM,11/08/2026 11:00 AM,Reporting,Parked,0.0,True,UC-234,Allama Iqbal Town,Zone-39,Mini Dumper,Nishter Town,False,2026-08-11
-,D-71,D71,Lahore,"Tehsil Office, Nishter Town",LWMC-NiTo,-,-,moving,on,67.498,237.13,31.391698,74.322483,11/08/2026 10:41 AM,11/08/2026 11:00 AM,Reporting,Parked,0.0,True,UC-251,Nishter Town,Zone-47,Dumper,Nishter Town,True,2026-08-11
19857,S-309,S309,Lahore,"Tehsil Office, Nishter Town",LWMC-NiTo,Mini Dumper,Bulk Waste Collection,still,off,,,31.478193,74.344052,11/08/2026 10:37 AM,11/08/2026 11:00 AM,Reporting,No Activity Since Yesterday,0.0,True,UC-206,Gulberg Town,Zone-22,Mini Dumper,Nishter Town,False,2026-08-11
19868,S-09,S09,Lahore,"Tehsil Office, Nishter Town",LWMC-NiTo,Mini Dumper,Bulk Waste Collection,moving,on,40.812,143.96,31.448008,74.43542,11/08/2026 10:40 AM,11/08/2026 11:00 AM,Reporting,Moving,0.0,True,UC-197,Nishter Town,Zone-45,Mini Dumper,Nishter Town,True,2026-08-11
19890,S-13,S13,Lahore,"Tehsil Office, Nishter Town",LWMC-NiTo,Mini Dumper,Bulk Waste Collection,still,off,0.008,2.81,31.449343,74.311338,11/08/2026 10:38 AM,11/08/2026 11:00 AM,Reporting,No Activity Since Yesterday,0.0,True,UC-234,Allama Iqbal Town,Zone-39,Mini Dumper,Nishter Town,False,2026-08-11
19874,S-60,S60,Lahore,"Tehsil Office, Nishter Town",LWMC-NiTo,Mini Dumper,Bulk Waste Collection,still,off,46.826,148.71,31.424938,74.372648,11/08/2026 10:38 AM,11/08/2026 11:00 AM,Reporting,Moving,0.0,True,UC-243,Nishter Town,Zone-44,Mini Dumper,Nishter Town,True,2026-08-11
19901,S-35,S35,Lahore,"Tehsil Office, Nishter Town",LWMC-NiTo,Mini Dumper,Bulk Waste Collection,moving,on,31.845,100.84,31.478255,74.344082,11/08/2026 10:42 AM,11/08/2026 11:00 AM,Reporting,Parked,0.0,True,UC-206,Gulberg Town,Zone-22,Mini Dumper,Nishter Town,False,2026-08-11
-,LR-2199,LR2199,Lahore,"Tehsil Office, Nishter Town",LWMC-NiTo,-,-,still,off,24.525,332.1,31.433257,74.300875,11/08/2026 10:44 AM,11/08/2026 11:00 AM,Reporting,Idle,0.0,True,UC-238,Nishter Town,Zone-46,Loader Rickshaw,Nishter Town,True,2026-08-11
23117,LR-0766,LR0766,Lahore,"Tehsil Office, Nishter Town",LWMC-NiTo,Loader Rickshaw,Door To Door Collection,still,off,18.358,70.03,31.420373,74.296464,11/08/2026 10:34 AM,11/08/2026 11:00 AM,Reporting,Moving,14.65,False,UC-240,Nishter Town,Zone-46,Loader Rickshaw,Nishter Town,True,2026-08-11
23076,LR-0185,LR0185,Lahore,"Tehsil Office, Nishter Town",LWMC-NiTo,Loader Rickshaw,Door To Door Collection,still,off,27.939,102.33,31.435269,74.372899,11/08/2026 10:44 AM,11/08/2026 11:00 AM,Reporting,Parked,14.19,False,UC-242,Nishter Town,Zone-45,Loader Rickshaw,Nishter Town,True,2026-08-11
-,D-40,D40,Lahore,"Tehsil Office, Nishter Town",LWMC-NiTo,-,-,moving,on,58.933,270.93,31.330307,74.390662,11/08/2026 09:51 AM,11/08/2026 11:00 AM,Reporting,Moving,0.0,True,UC-253,Nishter Town,Zone-49,Dumper,Nishter Town,True,2026-08-11
19877,S-129,S129,Lahore,"Tehsil Office, Nishter Town",LWMC-NiTo,Mini Dumper,Bulk Waste Collection,still,off,51.836,197.51,31.411823,74.365593,11/08/2026 10:34 AM,11/08/2026 11:00 AM,Reporting,Parked,0.0,True,UC-245,Nishter Town,Zone-48,Mini Dumper,Nishter Town,True,2026-08-11
-,LR-1774,LR1774,Lahore,"Tehsil Office, Nishter Town",LWMC-NiTo,-,-,still,off,14.333,51.83,31.349882,74.372551,11/08/2026 10:46 AM,11/08/2026 11:00 AM,Reporting,Parked,12.96,False,UC-248,Nishter Town,Zone-49,Loader Rickshaw,Nishter Town,True,2026-08-11
-,LR-1752,LR1752,Lahore,"Tehsil Office, Nishter Town",LWMC-NiTo,-,-,still,off,,,31.426195,74.357108,11/08/2026 10:34 AM,11/08/2026 11:00 AM,Reporting,No Activity Since Yesterday,0.0,True,UC-243,Nishter Town,Zone-44,Loader Rickshaw,Nishter Town,True,2026-08-11
19879,S-220,S220,Lahore,"Tehsil Office, Nishter Town",LWMC-NiTo,Mini Dumper,Bulk Waste Collection,moving,on,50.013,127.81,31.468678,74.349868,11/08/2026 10:42 AM,11/08/2026 11:00 AM,Reporting,Parked,0.0,True,,,,Mini Dumper,Nishter Town,False,2026-08-11
23079,LR-0319,LR0319,Lahore,"Tehsil Office, Nishter Town",LWMC-NiTo,Loader Rickshaw,Door To Door Collection,moving,on,27.974,116.4,31.437163,74.358851,11/08/2026 10:41 AM,11/08/2026 11:00 AM,Reporting,Excess Idling,12.66,False,UC-242,Nishter Town,Zone-45,Loader Rickshaw,Nishter Town,True,2026-08-11
23075,LR-0184,LR0184,Lahore,"Tehsil Office, Nishter Town",LWMC-NiTo,Loader Rickshaw,Door To Door Collection,still,off,,,31.440143,74.37507,11/08/2026 10:37 AM,11/08/2026 11:00 AM,Reporting,No Activity Since Yesterday,0.0,True,UC-231,Nishter Town,Zone-45,Loader Rickshaw,Nishter Town,True,2026-08-11
18472,CA-162,CA162,Lahore,"Tehsil Office, Nishter Town",LWMC-NiTo,Chain Arm Roll,Container-Based Collection,moving,on,106.505,254.51,31.386873,74.331522,11/08/2026 10:44 AM,11/08/2026 11:00 AM,Reporting,Moving,0.0,True,UC-251,Nishter Town,Zone-47,Chain Arm Roll,Nishter Town,True,2026-08-11
18591,C13-1094,C131094,Lahore,"Tehsil Office, Nishter Town",LWMC-NiTo,Compactor (13CM),Container-Based Collection,moving,on,39.365,126.66,31.435162,74.374048,11/08/2026 10:04 AM,11/08/2026 11:00 AM,Reporting,Moving,28.72,False,UC-242,Nishter Town,Zone-45,Compactor,Shalimar Town,False,2026-08-11
-,LR-0506,LR0506,Lahore,"Tehsil Office, Nishter Town",LWMC-NiTo,-,-,still,off,19.446,93.93,31.604108,74.40916,11/08/2026 10:42 AM,11/08/2026 11:00 AM,Reporting,Parked,0.0,True,UC-137,Wagha Town,Zone-12,Loader Rickshaw,Wagha Town,True,2026-08-11
23046,LR-0085,LR0085,Lahore,"Tehsil Office, Nishter Town",LWMC-NiTo,Loader Rickshaw,Door To Door Collection,still,off,18.594,67.54,31.368021,74.3648,11/08/2026 10:45 AM,11/08/2026 11:00 AM,Reporting,Excess Idling,10.06,False,UC-248,Nishter Town,Zone-49,Loader Rickshaw,Nishter Town,True,2026-08-11
-,D33,D33,Lahore,"Tehsil Office, Nishter Town",LWMC-NiTo,-,-,still,off,,,31.449072,74.311085,11/08/2026 10:36 AM,11/08/2026 11:00 AM,Reporting,No Activity Since Yesterday,0.0,True,UC-234,Allama Iqbal Town,Zone-39,Dumper,Nishter Town,False,2026-08-11
19887,S-124,S124,Lahore,"Tehsil Office, Nishter Town",LWMC-NiTo,Mini Dumper,Bulk Waste Collection,still,off,80.443,208.28,31.449272,74.311225,11/08/2026 10:38 AM,11/08/2026 11:00 AM,Reporting,Parked,0.0,True,UC-234,Allama Iqbal Town,Zone-39,Mini Dumper,Nishter Town,False,2026-08-11
19862,S-202,S202,Lahore,"Tehsil Office, Nishter Town",LWMC-NiTo,Mini Dumper,Bulk Waste Collection,moving,on,46.097,140.48,31.477325,74.344632,11/08/2026 10:43 AM,11/08/2026 11:00 AM,Reporting,Parked,0.0,True,UC-206,Gulberg Town,Zone-22,Mini Dumper,Nishter Town,False,2026-08-11
-,LR-1937,LR1937,Lahore,"Tehsil Office, Nishter Town",LWMC-NiTo,-,-,moving,on,20.869,90.88,31.438193,74.303126,11/08/2026 10:41 AM,11/08/2026 11:00 AM,Reporting,Excess Idling,11.74,False,UC-237,Nishter Town,Zone-46,Loader Rickshaw,Nishter Town,True,2026-08-11
19863,S-218,S218,Lahore,"Tehsil Office, Nishter Town",LWMC-NiTo,Mini Dumper,Bulk Waste Collection,still,off,,,31.44954,74.311255,11/08/2026 10:36 AM,11/08/2026 11:00 AM,Reporting,No Activity Since Yesterday,0.0,True,UC-234,Allama Iqbal Town,Zone-39,Mini Dumper,Nishter Town,False,2026-08-11
-,LR-1521,LR1521,Lahore,"Tehsil Office, Nishter Town",LWMC-NiTo,-,-,still,off,,,31.448693,74.341235,11/08/2026 09:52 AM,11/08/2026 10:30 AM,Reporting,No Activity Since Yesterday,0.0,True,UC-229,Nishter Town,Zone-44,Loader Rickshaw,Nishter Town,True,2026-08-11
18471,CA-81,CA81,Lahore,"Tehsil Office, Nishter Town",LWMC-NiTo,Chain Arm Roll,Container-Based Collection,moving,on,49.26,243.91,31.394718,74.362078,11/08/2026 10:47 AM,11/08/2026 11:00 AM,Reporting,Moving,0.0,True,,,,Chain Arm Roll,Nishter Town,False,2026-08-11
18673,C-747,C747,Lahore,"Tehsil Office, Nishter Town",LWMC-NiTo,Compactor (7CM),Container-Based Collection,moving,on,77.245,240.15,31.37695,74.367968,11/08/2026 10:23 AM,11/08/2026 11:00 AM,Reporting,Parked,0.0,True,UC-244,Nishter Town,Zone-48,Compactor,Nishter Town,True,2026-08-11
18676,C-702,C702,Lahore,"Tehsil Office, Nishter Town",LWMC-NiTo,Compactor (7CM),Container-Based Collection,moving,on,20.108,140.06,31.435763,74.368088,11/08/2026 10:34 AM,11/08/2026 11:00 AM,Reporting,Moving,0.0,True,UC-242,Nishter Town,Zone-45,Compactor,Nishter Town,True,2026-08-11
19141,LR-0183,LR0183,Lahore,"Tehsil Office, Nishter Town",LWMC-NiTo,Loader Rickshaw,Bulk Waste Collection,still,off,0.222,3.79,31.455033,74.334942,11/08/2026 10:29 AM,11/08/2026 11:00 AM,Reporting,No Activity Since Yesterday,11.54,False,UC-233,Allama Iqbal Town,Zone-39,Loader Rickshaw,Nishter Town,False,2026-08-11
-,LR-1775,LR1775,Lahore,"Tehsil Office, Nishter Town",LWMC-NiTo,-,-,moving,on,12.948,37.39,31.391851,74.322032,11/08/2026 10:36 AM,11/08/2026 11:00 AM,Reporting,Idle,12.15,False,UC-251,Nishter Town,Zone-47,Loader Rickshaw,Nishter Town,True,2026-08-11
-,LR-2345,LR2345,Lahore,"Tehsil Office, Nishter Town",LWMC-NiTo,-,-,moving,on,22.003,86.53,31.423385,74.360096,11/08/2026 10:27 AM,11/08/2026 11:00 AM,Reporting,Moving,14.34,False,UC-243,Nishter Town,Zone-44,Loader Rickshaw,Nishter Town,True,2026-08-11
-,LR-2725,LR2725,Lahore,"Tehsil Office, Nishter Town",LWMC-NiTo,-,-,moving,on,41.005,123.04,31.281803,74.358682,11/08/2026 10:46 AM,11/08/2026 11:00 AM,Reporting,Parked,10.98,False,UC-252,Nishter Town,Zone-49,Loader Rickshaw,Nishter Town,True,2026-08-11
-,MFL-72,MFL72,Lahore,"Tehsil Office, Nishter Town",LWMC-NiTo,-,-,still,off,19.219,252.71,31.44875,74.434787,11/08/2026 10:45 AM,11/08/2026 11:00 AM,Reporting,Moving,0.0,True,UC-197,Nishter Town,Zone-45,Loader,Nishter Town,True,2026-08-11
23040,LR-0079,LR0079,Lahore,"Tehsil Office, Nishter Town",LWMC-NiTo,Loader Rickshaw,Door To Door Collection,still,off,,,31.374723,74.360233,11/08/2026 10:37 AM,11/08/2026 11:00 AM,Reporting,No Activity Since Yesterday,0.0,True,UC-250,Nishter Town,Zone-48,Loader Rickshaw,Nishter Town,True,2026-08-11
19897,S-216,S216,Lahore,"Tehsil Office, Nishter Town",LWMC-NiTo,Mini Dumper,Bulk Waste Collection,still,off,45.473,156.0,31.478612,74.343982,11/08/2026 10:37 AM,11/08/2026 11:00 AM,Reporting,Parked,0.0,True,UC-206,Gulberg Town,Zone-22,Mini Dumper,Nishter Town,False,2026-08-11
-,LR-1762,LR1762,Lahore,"Tehsil Office, Nishter Town",LWMC-NiTo,-,-,moving,on,23.661,103.15,31.431473,74.370664,11/08/2026 10:44 AM,11/08/2026 11:00 AM,Reporting,Idle,14.09,False,UC-242,Nishter Town,Zone-45,Loader Rickshaw,Nishter Town,True,2026-08-11
-,LR-0107,LR0107,Lahore,"Tehsil Office, Nishter Town",LWMC-NiTo,-,-,moving,on,16.386,64.91,31.38938,74.362709,11/08/2026 10:30 AM,11/08/2026 11:00 AM,Reporting,Moving,13.63,False,UC-244,Nishter Town,Zone-48,Loader Rickshaw,Nishter Town,True,2026-08-11
19889,M-103,M103,Lahore,"Tehsil Office, Nishter Town",LWMC-NiTo,Mini Dumper,Bulk Waste Collection,moving,on,41.151,147.44,31.442263,74.347632,11/08/2026 10:41 AM,11/08/2026 11:00 AM,Reporting,Parked,0.0,True,UC-229,Nishter Town,Zone-44,Foton-Mini Dumper,Nishter Town,True,2026-08-11
19872,M-128,M128,Lahore,"Tehsil Office, Nishter Town",LWMC-NiTo,Mini Dumper,Bulk Waste Collection,still,off,,,31.478517,74.34414,11/08/2026 12:14 AM,11/08/2026 02:02 AM,Reporting,No Activity Since Yesterday,0.0,True,UC-206,Gulberg Town,Zone-22,Foton-Mini Dumper,Nishter Town,False,2026-08-11
23071,LR-0179,LR0179,Lahore,"Tehsil Office, Nishter Town",LWMC-NiTo,Loader Rickshaw,Door To Door Collection,moving,on,16.69,59.28,31.435733,74.371742,11/08/2026 10:31 AM,11/08/2026 11:00 AM,Reporting,Parked,11.59,False,UC-242,Nishter Town,Zone-45,Loader Rickshaw,Nishter Town,True,2026-08-11
19896,M-100,M100,Lahore,"Tehsil Office, Nishter Town",LWMC-NiTo,Mini Dumper,Bulk Waste Collection,moving,on,35.79,200.53,31.394507,74.371975,11/08/2026 10:19 AM,11/08/2026 11:00 AM,Reporting,Moving,0.0,True,UC-245,Nishter Town,Zone-48,Foton-Mini Dumper,Nishter Town,True,2026-08-11
-,LR-1355,LR1355,Lahore,"Tehsil Office, Nishter Town",LWMC-NiTo,-,-,moving,on,35.812,98.36,31.317019,74.371877,11/08/2026 10:31 AM,11/08/2026 11:00 AM,Reporting,Parked,12.35,False,UC-252,Nishter Town,Zone-49,Loader Rickshaw,Nishter Town,True,2026-08-11
-,LR-1936,LR1936,Lahore,"Tehsil Office, Nishter Town",LWMC-NiTo,-,-,moving,on,21.589,207.38,31.433672,74.3626,11/08/2026 09:36 AM,11/08/2026 11:00 AM,Reporting,Moving,0.0,True,UC-242,Nishter Town,Zone-45,Loader Rickshaw,Nishter Town,True,2026-08-11
-,LR-3036,LR3036,Lahore,"Tehsil Office, Nishter Town",LWMC-NiTo,-,-,still,off,,,31.574887,74.371548,11/08/2026 09:58 AM,11/08/2026 11:00 AM,Reporting,No Activity Since Yesterday,11.03,False,UC-120,Gulberg Town,Zone-19,Loader Rickshaw,Nishter Town,False,2026-08-11
19880,S-209,S209,Lahore,"Tehsil Office, Nishter Town",LWMC-NiTo,Mini Dumper,Bulk Waste Collection,still,off,46.712,168.06,31.372835,74.355928,11/08/2026 10:45 AM,11/08/2026 11:00 AM,Reporting,Parked,0.0,True,UC-250,Nishter Town,Zone-48,Mini Dumper,Nishter Town,True,2026-08-11
-,MFL-73,MFL73,Lahore,"Tehsil Office, Nishter Town",LWMC-NiTo,-,-,moving,on,15.731,228.23,31.427268,74.359558,11/08/2026 10:45 AM,11/08/2026 11:00 AM,Reporting,Idle,0.0,True,UC-242,Nishter Town,Zone-45,Loader,Nishter Town,True,2026-08-11
23127,LR-791,LR791,Lahore,"Tehsil Office, Nishter Town",LWMC-NiTo,Loader Rickshaw,Door To Door Collection,still,off,,,31.367902,74.364951,11/08/2026 10:44 AM,11/08/2026 11:00 AM,Reporting,No Activity Since Yesterday,7.1,False,UC-248,Nishter Town,Zone-49,,Nishter Town,True,2026-08-11
-,LR-1767,LR1767,Lahore,"Tehsil Office, Nishter Town",LWMC-NiTo,-,-,moving,on,16.809,78.84,31.440873,74.371409,11/08/2026 10:22 AM,11/08/2026 11:00 AM,Reporting,Parked,12.96,False,UC-231,Nishter Town,Zone-45,Loader Rickshaw,Nishter Town,True,2026-08-11
19865,S-370,S370,Lahore,"Tehsil Office, Nishter Town",LWMC-NiTo,Mini Dumper,Bulk Waste Collection,still,off,0.01,3.89,31.449362,74.31118,11/08/2026 10:38 AM,11/08/2026 11:00 AM,Reporting,No Activity Since Yesterday,0.0,True,UC-234,Allama Iqbal Town,Zone-39,Mini Dumper,Nishter Town,False,2026-08-11
23066,LR-0120,LR0120,Lahore,"Tehsil Office, Nishter Town",LWMC-NiTo,Loader Rickshaw,Door To Door Collection,still,off,45.319,123.95,31.353622,74.380379,11/08/2026 10:30 AM,11/08/2026 11:00 AM,Reporting,Moving,12.61,False,UC-248,Nishter Town,Zone-49,Loader Rickshaw,Nishter Town,True,2026-08-11
18468,CA-83,CA83,Lahore,"Tehsil Office, Nishter Town",LWMC-NiTo,Chain Arm Roll,Container-Based Collection,moving,on,81.711,216.18,31.428318,74.357205,11/08/2026 10:41 AM,11/08/2026 11:00 AM,Reporting,Parked,0.0,True,UC-243,Nishter Town,Zone-44,Chain Arm Roll,Nishter Town,True,2026-08-11
-,LR-1756,LR1756,Lahore,"Tehsil Office, Nishter Town",LWMC-NiTo,-,-,moving,on,21.273,90.83,31.449448,74.390798,11/08/2026 10:20 AM,11/08/2026 11:00 AM,Reporting,Excess Idling,12.45,False,UC-249,Nishter Town,Zone-45,Loader Rickshaw,Nishter Town,True,2026-08-11
19893,S-39,S39,Lahore,"Tehsil Office, Nishter Town",LWMC-NiTo,Mini Dumper,Bulk Waste Collection,moving,on,52.43,176.21,31.395103,74.361695,11/08/2026 10:43 AM,11/08/2026 11:00 AM,Reporting,Moving,0.0,True,UC-244,Nishter Town,Zone-48,Mini Dumper,Nishter Town,True,2026-08-11
19871,S-132,S132,Lahore,"Tehsil Office, Nishter Town",LWMC-NiTo,Mini Dumper,Bulk Waste Collection,still,off,49.043,153.8,31.42346,74.335107,11/08/2026 10:34 AM,11/08/2026 11:00 AM,Reporting,Moving,0.0,True,UC-241,Nishter Town,Zone-47,Mini Dumper,Nishter Town,True,2026-08-11
-,LR-3011,LR3011,Lahore,"Tehsil Office, Nishter Town",LWMC-NiTo,-,-,moving,on,30.545,355.66,31.318808,74.373268,11/08/2026 10:38 AM,11/08/2026 11:00 AM,Reporting,Moving,27.5,False,UC-252,Nishter Town,Zone-49,Loader Rickshaw,Nishter Town,True,2026-08-11
19876,S-293,S293,Lahore,"Tehsil Office, Nishter Town",LWMC-NiTo,Mini Dumper,Bulk Waste Collection,moving,on,64.449,140.3,31.380435,74.498702,11/08/2026 10:20 AM,11/08/2026 10:30 AM,Reporting,Moving,0.0,True,UC-196,Nishter Town,Zone-49,Mini Dumper,Nishter Town,True,2026-08-11
23134,LR-0906,LR0906,Lahore,"Tehsil Office, Nishter Town",LWMC-NiTo,Loader Rickshaw,Door To Door Collection,moving,on,6.92,36.31,31.448647,74.434661,11/08/2026 10:02 AM,11/08/2026 11:00 AM,Reporting,Parked,12.15,False,UC-197,Nishter Town,Zone-45,Loader Rickshaw,Nishter Town,True,2026-08-11
-,LR-1758,LR1758,Lahore,"Tehsil Office, Nishter Town",LWMC-NiTo,-,-,moving,on,23.315,80.06,31.391749,74.322357,11/08/2026 10:07 AM,11/08/2026 10:30 AM,Reporting,Moving,12.45,False,UC-251,Nishter Town,Zone-47,Loader Rickshaw,Nishter Town,True,2026-08-11
-,LR-2284,LR2284,Lahore,"Tehsil Office, Nishter Town",LWMC-NiTo,-,-,moving,on,14.396,203.66,31.44007,74.305935,11/08/2026 10:46 AM,11/08/2026 11:00 AM,Reporting,Moving,0.0,True,UC-239,Nishter Town,Zone-46,Loader Rickshaw,Nishter Town,True,2026-08-11
-,LR-2690,LR2690,Lahore,"Tehsil Office, Nishter Town",LWMC-NiTo,-,-,moving,on,13.721,66.25,31.460768,74.340876,11/08/2026 10:39 AM,11/08/2026 11:00 AM,Reporting,Parked,10.26,False,UC-227,Nishter Town,Zone-44,Loader Rickshaw,Nishter Town,True,2026-08-11
-,LR-0109,LR0109,Lahore,"Tehsil Office, Nishter Town",LWMC-NiTo,-,-,still,off,11.38,30.1,31.407475,74.364153,11/08/2026 10:40 AM,11/08/2026 11:00 AM,Reporting,Parked,0.0,True,UC-246,Nishter Town,Zone-48,Loader Rickshaw,Nishter Town,True,2026-08-11
-,CH-RP150K09648,CHRP150K09648,Lahore,"Tehsil Office, Nishter Town",LWMC-NiTo,-,-,moving,on,16.561,343.28,31.455747,74.308468,11/08/2026 10:44 AM,11/08/2026 11:00 AM,Reporting,Parked,0.0,True,UC-235,Nishter Town,Zone-46,,Nishter Town,True,2026-08-11
-,LR-3016,LR3016,Lahore,"Tehsil Office, Nishter Town",LWMC-NiTo,-,-,still,off,21.746,215.13,31.445997,74.366229,11/08/2026 09:29 AM,11/08/2026 11:00 AM,Reporting,Moving,9.7,False,UC-231,Nishter Town,Zone-45,Loader Rickshaw,Nishter Town,True,2026-08-11
-,LR-2352,LR2352,Lahore,"Tehsil Office, Nishter Town",LWMC-NiTo,-,-,still,off,29.523,200.23,31.434638,74.367285,11/08/2026 10:46 AM,11/08/2026 11:00 AM,Reporting,Idle,0.0,True,UC-242,Nishter Town,Zone-45,Loader Rickshaw,Nishter Town,True,2026-08-11
18593,C13-1064,C131064,Lahore,"Tehsil Office, Nishter Town",LWMC-NiTo,Compactor (13CM),Container-Based Collection,moving,on,49.699,224.26,31.386108,74.344927,11/08/2026 10:38 AM,11/08/2026 11:00 AM,Reporting,Moving,0.0,True,UC-244,Nishter Town,Zone-48,Compactor,DGBT,False,2026-08-11
19189,LR-0002,LR0002,Lahore,"Tehsil Office, Nishter Town",LWMC-NiTo,Loader Rickshaw,Bulk Waste Collection,moving,on,20.53,395.03,31.439847,74.372995,11/08/2026 10:42 AM,11/08/2026 11:00 AM,Reporting,Idle,0.0,True,UC-231,Nishter Town,Zone-45,Loader Rickshaw,Nishter Town,True,2026-08-11
-,LR-2213,LR2213,Lahore,"Tehsil Office, Nishter Town",LWMC-NiTo,-,-,moving,on,21.411,191.31,31.448077,74.299942,11/08/2026 10:31 AM,11/08/2026 11:00 AM,Reporting,Parked,11.84,False,UC-235,Nishter Town,Zone-46,Loader Rickshaw,Nishter Town,True,2026-08-11
-,LR-2854,LR2854,Lahore,"Tehsil Office, Nishter Town",LWMC-NiTo,-,-,still,off,18.298,79.73,31.371736,74.283057,11/08/2026 10:46 AM,11/08/2026 11:00 AM,Reporting,Parked,10.52,False,UC-251,Nishter Town,Zone-47,Loader Rickshaw,Nishter Town,True,2026-08-11
-,LR-1892,LR1892,Lahore,"Tehsil Office, Nishter Town",LWMC-NiTo,-,-,still,off,11.281,61.58,31.458559,74.338884,11/08/2026 10:41 AM,11/08/2026 11:00 AM,Reporting,Parked,11.64,False,UC-228,Nishter Town,Zone-44,Loader Rickshaw,Nishter Town,True,2026-08-11
-,LR-0108,LR0108,Lahore,"Tehsil Office, Nishter Town",LWMC-NiTo,-,-,moving,on,8.315,65.79,31.433357,74.308808,11/08/2026 10:23 AM,11/08/2026 11:00 AM,Reporting,Parked,12.35,False,UC-238,Nishter Town,Zone-46,Loader Rickshaw,Nishter Town,True,2026-08-11
-,LR-2192,LR2192,Lahore,"Tehsil Office, Nishter Town",LWMC-NiTo,-,-,moving,on,18.793,117.45,31.446713,74.309998,11/08/2026 08:56 AM,11/08/2026 11:00 AM,Reporting,Parked,0.0,True,UC-239,Nishter Town,Zone-46,Loader Rickshaw,Nishter Town,True,2026-08-11
-,LR-2846,LR2846,Lahore,"Tehsil Office, Nishter Town",LWMC-NiTo,-,-,moving,on,17.126,297.35,31.409243,74.360074,11/08/2026 10:04 AM,11/08/2026 11:00 AM,Reporting,Idle,11.69,False,UC-246,Nishter Town,Zone-48,Loader Rickshaw,Nishter Town,True,2026-08-11
-,LR-2285,LR2285,Lahore,"Tehsil Office, Nishter Town",LWMC-NiTo,-,-,moving,on,16.284,248.88,31.453478,74.307534,11/08/2026 10:19 AM,11/08/2026 11:00 AM,Reporting,Parked,11.74,False,UC-235,Nishter Town,Zone-46,Loader Rickshaw,Nishter Town,True,2026-08-11
23030,LR-0009,LR0009,Lahore,"Tehsil Office, Nishter Town",LWMC-NiTo,Loader Rickshaw,Door To Door Collection,moving,on,23.826,145.59,31.423023,74.368522,11/08/2026 10:20 AM,11/08/2026 11:00 AM,Reporting,Moving,14.49,False,UC-243,Nishter Town,Zone-44,Loader Rickshaw,Nishter Town,True,2026-08-11
-,LR-2693,LR2693,Lahore,"Tehsil Office, Nishter Town",LWMC-NiTo,-,-,still,off,13.54,69.7,31.456729,74.305471,11/08/2026 10:42 AM,11/08/2026 11:00 AM,Reporting,Parked,12.1,False,UC-235,Nishter Town,Zone-46,Loader Rickshaw,Nishter Town,True,2026-08-11
-,LR-2358,LR2358,Lahore,"Tehsil Office, Nishter Town",LWMC-NiTo,-,-,moving,on,21.192,98.33,31.425157,74.346633,11/08/2026 10:46 AM,11/08/2026 11:00 AM,Reporting,Parked,0.0,True,UC-243,Nishter Town,Zone-44,Loader Rickshaw,Nishter Town,True,2026-08-11
-,C-1388,C1388,Lahore,"Tehsil Office, Nishter Town",LWMC-NiTo,-,-,moving,on,89.475,428.5,31.451529,74.344098,11/08/2026 10:31 AM,11/08/2026 11:00 AM,Reporting,Parked,12.05,False,UC-228,Nishter Town,Zone-44,Compactor,Nishter Town,True,2026-08-11
-,C-1390,C1390,Lahore,"Tehsil Office, Nishter Town",LWMC-NiTo,-,-,moving,on,131.823,543.29,31.36229,74.344137,11/08/2026 09:58 AM,11/08/2026 10:30 AM,Reporting,Excess Idling,11.43,False,UC-250,Nishter Town,Zone-48,Compactor,Nishter Town,True,2026-08-11
-,LR-1891,LR1891,Lahore,"Tehsil Office, Nishter Town",LWMC-NiTo,-,-,still,off,19.013,636.51,31.446527,74.345397,11/08/2026 10:45 AM,11/08/2026 11:00 AM,Reporting,Moving,0.0,True,UC-229,Nishter Town,Zone-44,Loader Rickshaw,Nishter Town,True,2026-08-11
-,LR-3025,LR3025,Lahore,"Tehsil Office, Nishter Town",LWMC-NiTo,-,-,moving,on,23.991,560.0,31.434756,74.377648,11/08/2026 09:21 AM,11/08/2026 10:30 AM,Reporting,Moving,10.98,False,UC-249,Nishter Town,Zone-45,Loader Rickshaw,Nishter Town,True,2026-08-11
-,C-1389,C1389,Lahore,"Tehsil Office, Nishter Town",LWMC-NiTo,-,-,moving,on,144.376,553.36,31.421797,74.360078,11/08/2026 10:43 AM,11/08/2026 11:00 AM,Reporting,Moving,27.96,False,UC-243,Nishter Town,Zone-44,Compactor,Nishter Town,True,2026-08-11
-,ISA-296,ISA296,Lahore,"Tehsil Office, Nishter Town",LWMC-NiTo,-,-,still,off,94.092,222.76,31.47119,74.345183,11/08/2026 10:43 AM,11/08/2026 11:00 AM,Reporting,Idle,0.0,True,UC-227,Nishter Town,Zone-44,Arm Roll,Nishter Town,True,2026-08-11
-,LR-2863,LR2863,Lahore,"Tehsil Office, Nishter Town",LWMC-NiTo,-,-,still,off,28.545,302.38,31.419844,74.294749,11/08/2026 09:57 AM,11/08/2026 11:00 AM,Reporting,Excess Idling,11.23,False,UC-240,Nishter Town,Zone-46,Loader Rickshaw,Nishter Town,True,2026-08-11
-,LR-2706,LR2706,Lahore,"Tehsil Office, Nishter Town",LWMC-NiTo,-,-,still,off,21.138,81.58,31.440045,74.34832,11/08/2026 10:45 AM,11/08/2026 11:00 AM,Reporting,Parked,27.04,False,UC-229,Nishter Town,Zone-44,Loader Rickshaw,Nishter Town,True,2026-08-11
-,SD-18,SD18,Lahore,"Tehsil Office, Nishter Town",LWMC-NiTo,-,-,moving,on,55.711,232.43,31.392279,74.357775,11/08/2026 09:50 AM,11/08/2026 10:30 AM,Reporting,Moving,11.89,False,UC-244,Nishter Town,Zone-48,Dumper,Nishter Town,True,2026-08-11
-,LR-2689,LR2689,Lahore,"Tehsil Office, Nishter Town",LWMC-NiTo,-,-,still,off,17.622,246.63,31.440994,74.36147,11/08/2026 10:17 AM,11/08/2026 11:00 AM,Reporting,Excess Idling,13.47,False,UC-242,Nishter Town,Zone-45,Loader Rickshaw,Nishter Town,True,2026-08-11
23121,LR-0785,LR0785,Lahore,"Tehsil Office, Nishter Town",LWMC-NiTo,Loader Rickshaw,Door To Door Collection,moving,on,19.497,112.95,31.37597,74.347502,11/08/2026 10:30 AM,11/08/2026 11:00 AM,Reporting,Moving,0.0,True,UC-250,Nishter Town,Zone-48,Loader Rickshaw,Nishter Town,True,2026-08-11
-,LR-0114,LR0114,Lahore,"Tehsil Office, Nishter Town",LWMC-NiTo,-,-,moving,on,25.505,382.36,31.445404,74.374507,11/08/2026 10:14 AM,11/08/2026 11:00 AM,Reporting,Moving,11.79,False,UC-231,Nishter Town,Zone-45,Loader Rickshaw,Nishter Town,True,2026-08-11
-,LR-2837,LR2837,Lahore,"Tehsil Office, Nishter Town",LWMC-NiTo,-,-,moving,on,21.01,70.84,31.394517,74.360448,11/08/2026 09:54 AM,11/08/2026 10:30 AM,Reporting,Moving,13.32,False,UC-244,Nishter Town,Zone-48,Loader Rickshaw,Nishter Town,True,2026-08-11
-,LR-618,LR618,Lahore,"Tehsil Office, Nishter Town",LWMC-NiTo,-,-,still,off,29.713,157.26,31.448311,74.311109,11/08/2026 10:20 AM,11/08/2026 11:00 AM,Reporting,Excess Idling,12.61,False,UC-239,Nishter Town,Zone-46,,Nishter Town,True,2026-08-11
-,LR-2843,LR2843,Lahore,"Tehsil Office, Nishter Town",LWMC-NiTo,-,-,moving,on,10.763,89.41,31.440458,74.327428,11/08/2026 09:06 AM,11/08/2026 11:00 AM,Reporting,Moving,11.49,False,UC-233,Allama Iqbal Town,Zone-39,Loader Rickshaw,Nishter Town,False,2026-08-11
-,LR-2356,LR2356,Lahore,"Tehsil Office, Nishter Town",LWMC-NiTo,-,-,still,off,27.727,335.14,31.436449,74.293593,11/08/2026 10:10 AM,11/08/2026 10:30 AM,Reporting,Moving,11.64,False,UC-235,Nishter Town,Zone-46,Loader Rickshaw,Nishter Town,True,2026-08-11
-,LR-2004,LR2004,Lahore,"Tehsil Office, Nishter Town",LWMC-NiTo,-,-,still,off,15.795,109.83,31.388683,74.34456,11/08/2026 10:45 AM,11/08/2026 11:00 AM,Reporting,Moving,0.0,True,UC-251,Nishter Town,Zone-47,Loader Rickshaw,Nishter Town,True,2026-08-11
19873,M-104,M104,Lahore,"Tehsil Office, Nishter Town",LWMC-NiTo,Mini Dumper,Bulk Waste Collection,still,off,54.103,313.19,31.434502,74.376479,11/08/2026 10:38 AM,11/08/2026 11:00 AM,Reporting,Parked,12.66,False,UC-242,Nishter Town,Zone-45,Foton-Mini Dumper,Nishter Town,True,2026-08-11
-,LR-0106,LR0106,Lahore,"Tehsil Office, Nishter Town",LWMC-NiTo,-,-,moving,on,39.887,200.01,31.388693,74.344688,11/08/2026 10:02 AM,11/08/2026 10:30 AM,Reporting,Parked,14.34,False,UC-251,Nishter Town,Zone-47,Loader Rickshaw,Nishter Town,True,2026-08-11
-,LR-0104,LR0104,Lahore,"Tehsil Office, Nishter Town",LWMC-NiTo,-,-,moving,on,14.633,78.98,31.447454,74.363837,11/08/2026 10:39 AM,11/08/2026 11:00 AM,Reporting,Idle,24.08,False,UC-231,Nishter Town,Zone-45,Loader Rickshaw,Nishter Town,True,2026-08-11
-,LR-2196,LR2196,Lahore,"Tehsil Office, Nishter Town",LWMC-NiTo,-,-,still,off,8.005,232.18,31.436162,74.310587,11/08/2026 10:46 AM,11/08/2026 11:00 AM,Reporting,Parked,0.0,True,UC-237,Nishter Town,Zone-46,Loader Rickshaw,Nishter Town,True,2026-08-11
23122,LR-0786,LR0786,Lahore,"Tehsil Office, Nishter Town",LWMC-NiTo,Loader Rickshaw,Door To Door Collection,moving,on,26.584,183.44,31.388623,74.34519,11/08/2026 10:04 AM,11/08/2026 11:00 AM,Reporting,Moving,0.0,True,UC-244,Nishter Town,Zone-48,Loader Rickshaw,Nishter Town,True,2026-08-11
19018,LEG-1709,LEG1709,Lahore,"Tehsil Office, Allama Iqbal Town",LWMC-AlIT,Loader Rickshaw,Bulk Waste Collection,still,off,7.792,645.14,31.266307,74.215859,11/08/2026 10:46 AM,11/08/2026 11:00 AM,Reporting,Moving,12.45,False,UC-272,Allama Iqbal Town,Zone-43,Loader,Allama Iqbal Town,True,2026-08-11
-,LR-1736,LR1736,Lahore,"Tehsil Office, Allama Iqbal Town",LWMC-AlIT,-,-,still,off,16.333,535.5,31.508113,74.268391,11/08/2026 10:45 AM,11/08/2026 11:00 AM,Reporting,Idle,11.43,False,UC-105,Allama Iqbal Town,Zone-38,Loader Rickshaw,Allama Iqbal Town,True,2026-08-11
-,MFL-21,MFL21,Lahore,"Tehsil Office, Allama Iqbal Town",LWMC-AlIT,-,-,still,off,9.209,616.25,31.478532,74.23952,11/08/2026 10:46 AM,11/08/2026 11:00 AM,Reporting,Idle,11.38,False,UC-110,Allama Iqbal Town,Zone-41,Loader,Gulberg Town,False,2026-08-11
-,MF-60,MF60,Lahore,"Tehsil Office, Allama Iqbal Town",LWMC-AlIT,-,-,still,off,19.411,559.04,31.344332,74.121023,11/08/2026 10:36 AM,11/08/2026 11:00 AM,Reporting,Moving,14.44,False,UC-262,Allama Iqbal Town,Zone-42,,Allama Iqbal Town,True,2026-08-11
22937,LR-0842,LR0842,Lahore,"Tehsil Office, Allama Iqbal Town",LWMC-AlIT,Loader Rickshaw,Door To Door Collection,moving,on,33.484,635.89,31.460969,74.298819,11/08/2026 10:37 AM,11/08/2026 11:00 AM,Reporting,Idle,10.36,False,UC-222,Allama Iqbal Town,Zone-39,Loader Rickshaw,Allama Iqbal Town,True,2026-08-11
22789,LR-0168,LR0168,Lahore,"Tehsil Office, Allama Iqbal Town",LWMC-AlIT,Loader Rickshaw,Door To Door Collection,still,off,27.625,544.06,31.468909,74.242037,11/08/2026 10:42 AM,11/08/2026 11:00 AM,Reporting,Idle,11.89,False,UC-110,Allama Iqbal Town,Zone-41,Loader Rickshaw,Allama Iqbal Town,True,2026-08-11
-,LR-2018,LR2018,Lahore,"Tehsil Office, Allama Iqbal Town",LWMC-AlIT,-,-,moving,on,28.284,446.31,31.264879,74.224515,11/08/2026 09:26 AM,11/08/2026 11:00 AM,Reporting,Moving,8.43,False,UC-268,Allama Iqbal Town,Zone-43,Loader Rickshaw,Allama Iqbal Town,True,2026-08-11
22995,LR-1084,LR1084,Lahore,"Tehsil Office, Allama Iqbal Town",LWMC-AlIT,Loader Rickshaw,Door To Door Collection,moving,on,20.241,602.61,31.292556,74.193148,11/08/2026 10:06 AM,11/08/2026 10:30 AM,Reporting,Moving,14.29,False,UC-267,Allama Iqbal Town,Zone-43,Loader Rickshaw,Allama Iqbal Town,True,2026-08-11
22820,LR-0214,LR0214,Lahore,"Tehsil Office, Allama Iqbal Town",LWMC-AlIT,Loader Rickshaw,Door To Door Collection,still,off,14.514,645.13,31.403313,74.228355,11/08/2026 10:45 AM,11/08/2026 11:00 AM,Reporting,Idle,11.94,False,UC-269,Nishter Town,Zone-47,Loader Rickshaw,Allama Iqbal Town,False,2026-08-11
22828,LR-0208,LR0208,Lahore,"Tehsil Office, Allama Iqbal Town",LWMC-AlIT,Loader Rickshaw,Door To Door Collection,still,off,31.477,409.63,31.459286,74.302008,11/08/2026 10:45 AM,11/08/2026 11:00 AM,Reporting,Idle,11.18,False,UC-222,Allama Iqbal Town,Zone-39,Loader Rickshaw,Allama Iqbal Town,True,2026-08-11
-,LR-2636,LR2636,Lahore,"Tehsil Office, Allama Iqbal Town",LWMC-AlIT,-,-,moving,on,17.257,476.1,31.481136,74.293062,11/08/2026 10:08 AM,11/08/2026 10:30 AM,Reporting,Idle,0.0,True,UC-220,Allama Iqbal Town,Zone-39,Loader Rickshaw,Allama Iqbal Town,True,2026-08-11
22780,LR-0043,LR0043,Lahore,"Tehsil Office, Allama Iqbal Town",LWMC-AlIT,Loader Rickshaw,Door To Door Collection,still,off,20.968,590.46,31.514802,74.266772,11/08/2026 10:46 AM,11/08/2026 11:00 AM,Reporting,Moving,14.55,False,UC-103,Allama Iqbal Town,Zone-38,Loader Rickshaw,Allama Iqbal Town,True,2026-08-11
22989,LR-1108,LR1108,Lahore,"Tehsil Office, Allama Iqbal Town",LWMC-AlIT,Loader Rickshaw,Door To Door Collection,moving,on,40.7,636.38,31.241297,74.229453,11/08/2026 10:38 AM,11/08/2026 11:00 AM,Reporting,Moving,12.96,False,UC-272,Allama Iqbal Town,Zone-43,Loader Rickshaw,Allama Iqbal Town,True,2026-08-11
22880,LR-0523,LR0523,Lahore,"Tehsil Office, Allama Iqbal Town",LWMC-AlIT,Loader Rickshaw,Door To Door Collection,moving,on,31.604,628.31,31.472183,74.302042,11/08/2026 10:28 AM,11/08/2026 11:00 AM,Reporting,Moving,13.42,False,UC-221,Allama Iqbal Town,Zone-39,Loader Rickshaw,Allama Iqbal Town,True,2026-08-11
22987,LR-1106,LR1106,Lahore,"Tehsil Office, Allama Iqbal Town",LWMC-AlIT,Loader Rickshaw,Door To Door Collection,moving,on,20.873,491.05,31.272576,74.187912,11/08/2026 09:36 AM,11/08/2026 11:00 AM,Reporting,Idle,12.25,False,UC-273,Allama Iqbal Town,Zone-43,Loader Rickshaw,Allama Iqbal Town,True,2026-08-11
-,LR-2025,LR2025,Lahore,"Tehsil Office, Allama Iqbal Town",LWMC-AlIT,-,-,still,off,18.976,634.2,31.255458,74.220519,11/08/2026 10:35 AM,11/08/2026 11:00 AM,Reporting,Moving,13.53,False,UC-272,Allama Iqbal Town,Zone-43,Loader Rickshaw,Allama Iqbal Town,True,2026-08-11
-,LR-2973,LR2973,Lahore,"Tehsil Office, Allama Iqbal Town",LWMC-AlIT,-,-,still,off,8.724,478.68,31.389036,74.324234,11/08/2026 10:06 AM,11/08/2026 11:00 AM,Reporting,Moving,12.05,False,UC-251,Nishter Town,Zone-47,,Allama Iqbal Town,False,2026-08-11
22792,LR-0172,LR0172,Lahore,"Tehsil Office, Allama Iqbal Town",LWMC-AlIT,Loader Rickshaw,Door To Door Collection,still,off,13.654,600.03,31.478182,74.23688,11/08/2026 10:03 AM,11/08/2026 10:30 AM,Reporting,Moving,12.0,False,UC-110,Allama Iqbal Town,Zone-41,Loader Rickshaw,Allama Iqbal Town,True,2026-08-11
-,LR-2764,LR2764,Lahore,"Tehsil Office, Allama Iqbal Town",LWMC-AlIT,-,-,moving,on,19.035,541.5,31.39082,74.278076,11/08/2026 10:36 AM,11/08/2026 11:00 AM,Reporting,Idle,13.47,False,UC-257,Allama Iqbal Town,Zone-40,Loader Rickshaw,Allama Iqbal Town,True,2026-08-11
22932,LR-0837,LR0837,Lahore,"Tehsil Office, Allama Iqbal Town",LWMC-AlIT,Loader Rickshaw,Door To Door Collection,still,off,12.3,644.0,31.476421,74.291587,11/08/2026 10:44 AM,11/08/2026 11:00 AM,Reporting,Moving,12.76,False,UC-220,Allama Iqbal Town,Zone-39,Loader Rickshaw,Allama Iqbal Town,True,2026-08-11
-,LR-2643,LR2643,Lahore,"Tehsil Office, Allama Iqbal Town",LWMC-AlIT,-,-,still,off,0.024,453.55,31.465122,74.225485,11/08/2026 10:39 AM,11/08/2026 11:00 AM,Reporting,No Activity Since Yesterday,10.77,False,UC-117,Allama Iqbal Town,Zone-41,Loader Rickshaw,Allama Iqbal Town,True,2026-08-11
-,LR-2967,LR2967,Lahore,"Tehsil Office, Allama Iqbal Town",LWMC-AlIT,-,-,still,off,0.561,646.51,31.367723,74.365023,11/08/2026 10:47 AM,11/08/2026 11:00 AM,Reporting,No Activity Since Yesterday,11.74,False,UC-248,Nishter Town,Zone-49,,Allama Iqbal Town,False,2026-08-11
-,LR-2646,LR2646,Lahore,"Tehsil Office, Allama Iqbal Town",LWMC-AlIT,-,-,moving,on,31.608,620.06,31.480009,74.289181,11/08/2026 10:36 AM,11/08/2026 11:00 AM,Reporting,Moving,12.44,False,UC-220,Allama Iqbal Town,Zone-39,Loader Rickshaw,Allama Iqbal Town,True,2026-08-11
22776,LR-0059,LR0059,Lahore,"Tehsil Office, Allama Iqbal Town",LWMC-AlIT,Loader Rickshaw,Door To Door Collection,moving,on,41.734,633.33,31.227613,74.168136,11/08/2026 10:33 AM,11/08/2026 11:00 AM,Reporting,Idle,12.71,False,,,,Loader Rickshaw,Allama Iqbal Town,False,2026-08-11
22802,LR-0226,LR0226,Lahore,"Tehsil Office, Allama Iqbal Town",LWMC-AlIT,Loader Rickshaw,Door To Door Collection,moving,on,21.214,397.25,31.30218,74.217693,11/08/2026 10:26 AM,11/08/2026 11:00 AM,Reporting,Idle,11.79,False,UC-268,Allama Iqbal Town,Zone-43,Loader Rickshaw,Allama Iqbal Town,True,2026-08-11
-,LR-1450,LR1450,Lahore,"Tehsil Office, Allama Iqbal Town",LWMC-AlIT,-,-,still,off,19.217,593.25,31.470639,74.239231,11/08/2026 09:56 AM,11/08/2026 11:00 AM,Reporting,Idle,12.2,False,UC-110,Allama Iqbal Town,Zone-41,Loader Rickshaw,Allama Iqbal Town,True,2026-08-11
-,LR-2030,LR2030,Lahore,"Tehsil Office, Allama Iqbal Town",LWMC-AlIT,-,-,still,off,19.911,615.38,31.534716,74.266904,11/08/2026 10:18 AM,11/08/2026 11:00 AM,Reporting,Moving,14.44,False,UC-101,Allama Iqbal Town,Zone-37,Loader Rickshaw,Allama Iqbal Town,True,2026-08-11
19645,S-185,S185,Lahore,"Tehsil Office, Allama Iqbal Town",LWMC-AlIT,Mini Dumper,Bulk Waste Collection,moving,on,19.89,608.58,31.534701,74.267346,11/08/2026 10:43 AM,11/08/2026 11:00 AM,Reporting,Moving,13.63,False,UC-101,Allama Iqbal Town,Zone-37,Mini Dumper,Allama Iqbal Town,True,2026-08-11
-,LR-2412,LR2412,Lahore,"Tehsil Office, Allama Iqbal Town",LWMC-AlIT,-,-,still,off,31.512,608.03,31.302609,74.221953,11/08/2026 10:11 AM,11/08/2026 10:30 AM,Reporting,Moving,12.0,False,UC-268,Allama Iqbal Town,Zone-43,Loader Rickshaw,Allama Iqbal Town,True,2026-08-11
-,WR-0016,WR0016,Lahore,"Tehsil Office, Allama Iqbal Town",LWMC-AlIT,-,-,still,off,,413.0,31.465145,74.225975,11/08/2026 10:45 AM,11/08/2026 11:00 AM,Reporting,No Activity Since Yesterday,10.69,False,UC-117,Allama Iqbal Town,Zone-41,Loader Rickshaw,Allama Iqbal Town,True,2026-08-11
-,LR-2963,LR2963,Lahore,"Tehsil Office, Allama Iqbal Town",LWMC-AlIT,-,-,still,off,14.485,618.43,31.470813,74.289376,11/08/2026 10:18 AM,11/08/2026 11:00 AM,Reporting,Moving,13.07,False,UC-221,Allama Iqbal Town,Zone-39,,Allama Iqbal Town,True,2026-08-11
22887,LR-0530,LR0530,Lahore,"Tehsil Office, Allama Iqbal Town",LWMC-AlIT,Loader Rickshaw,Door To Door Collection,still,off,28.403,618.79,31.461139,74.306181,11/08/2026 10:20 AM,11/08/2026 11:00 AM,Reporting,Idle,12.35,False,UC-232,Allama Iqbal Town,Zone-39,Loader Rickshaw,Allama Iqbal Town,True,2026-08-11
-,WR-0029,WR0029,Lahore,"Tehsil Office, Allama Iqbal Town",LWMC-AlIT,-,-,still,off,9.074,452.55,31.458919,74.265806,11/08/2026 10:46 AM,11/08/2026 11:00 AM,Reporting,Moving,11.94,False,UC-115,Allama Iqbal Town,Zone-40,Washer Rickshaw,Allama Iqbal Town,True,2026-08-11
22850,LR-0443,LR0443,Lahore,"Tehsil Office, Allama Iqbal Town",LWMC-AlIT,Loader Rickshaw,Door To Door Collection,still,off,22.088,634.0,31.38952,74.275556,11/08/2026 10:34 AM,11/08/2026 11:00 AM,Reporting,Moving,11.64,False,UC-257,Allama Iqbal Town,Zone-40,Loader Rickshaw,Allama Iqbal Town,True,2026-08-11
-,LR-2968,LR2968,Lahore,"Tehsil Office, Allama Iqbal Town",LWMC-AlIT,-,-,still,off,22.281,572.43,31.443919,74.291649,11/08/2026 10:04 AM,11/08/2026 11:00 AM,Reporting,Moving,13.07,False,UC-222,Allama Iqbal Town,Zone-39,,Allama Iqbal Town,True,2026-08-11
-,LR-1540,LR1540,Lahore,"Tehsil Office, Allama Iqbal Town",LWMC-AlIT,-,-,moving,on,23.061,638.03,31.512519,74.268787,11/08/2026 10:44 AM,11/08/2026 11:00 AM,Reporting,Idle,12.05,False,UC-98,Allama Iqbal Town,Zone-37,Loader Rickshaw,Allama Iqbal Town,True,2026-08-11
-,LR-1731,LR1731,Lahore,"Tehsil Office, Allama Iqbal Town",LWMC-AlIT,-,-,still,off,27.741,597.81,31.514581,74.266866,11/08/2026 10:43 AM,11/08/2026 11:00 AM,Reporting,Excess Idling,13.47,False,UC-98,Allama Iqbal Town,Zone-37,Loader Rickshaw,Allama Iqbal Town,True,2026-08-11
22947,LR-0915,LR0915,Lahore,"Tehsil Office, Allama Iqbal Town",LWMC-AlIT,Loader Rickshaw,Door To Door Collection,still,off,11.772,567.75,31.399849,74.156018,11/08/2026 10:46 AM,11/08/2026 11:00 AM,Reporting,Excess Idling,12.25,False,UC-261,Allama Iqbal Town,Zone-41,Loader Rickshaw,Allama Iqbal Town,True,2026-08-11
-,LR-2916,LR2916,Lahore,"Tehsil Office, Allama Iqbal Town",LWMC-AlIT,-,-,still,off,18.416,604.16,31.483637,74.234988,11/08/2026 10:40 AM,11/08/2026 11:00 AM,Reporting,Moving,11.94,False,UC-110,Allama Iqbal Town,Zone-41,,Allama Iqbal Town,True,2026-08-11
-,LR-2054,LR2054,Lahore,"Tehsil Office, Allama Iqbal Town",LWMC-AlIT,-,-,moving,on,23.097,607.39,31.534673,74.267141,11/08/2026 10:07 AM,11/08/2026 10:30 AM,Reporting,Moving,11.74,False,UC-101,Allama Iqbal Town,Zone-37,Loader Rickshaw,Allama Iqbal Town,True,2026-08-11
-,LR-2739,LR2739,Lahore,"Tehsil Office, Allama Iqbal Town",LWMC-AlIT,-,-,moving,on,40.025,626.86,31.461052,74.218869,11/08/2026 10:27 AM,11/08/2026 11:00 AM,Reporting,Moving,12.35,False,UC-117,Allama Iqbal Town,Zone-41,Loader Rickshaw,Allama Iqbal Town,True,2026-08-11
19714,S-166,S166,Lahore,"Tehsil Office, Allama Iqbal Town",LWMC-AlIT,Mini Dumper,Bulk Waste Collection,moving,on,24.78,61.91,31.465058,74.22476,11/08/2026 02:01 AM,11/08/2026 03:00 AM,Reporting,Parked,11.64,False,UC-117,Allama Iqbal Town,Zone-41,Mini Dumper,Allama Iqbal Town,True,2026-08-11
18512,C-1360L,C1360L,Lahore,"Tehsil Office, Allama Iqbal Town",LWMC-AlIT,Compactor (13CM),Container-Based Collection,still,off,48.485,222.88,31.464641,74.225047,11/08/2026 10:12 AM,11/08/2026 10:30 AM,Reporting,Moving,11.64,False,UC-117,Allama Iqbal Town,Zone-41,Compactor,Allama Iqbal Town,True,2026-08-11
-,C-1361,C1361,Lahore,"Tehsil Office, Allama Iqbal Town",LWMC-AlIT,-,-,still,off,72.345,351.38,31.463788,74.252317,11/08/2026 10:37 AM,11/08/2026 11:00 AM,Reporting,Moving,27.45,False,UC-113,Allama Iqbal Town,Zone-40,Compactor,Allama Iqbal Town,True,2026-08-11
19024,MFL-64,MFL64,Lahore,"Tehsil Office, Allama Iqbal Town",LWMC-AlIT,Loader Rickshaw,Bulk Waste Collection,still,off,24.052,321.61,31.459683,74.250635,11/08/2026 10:41 AM,11/08/2026 11:00 AM,Reporting,Moving,13.32,False,UC-115,Allama Iqbal Town,Zone-40,Loader,Allama Iqbal Town,True,2026-08-11
-,D-32,D32,Lahore,"Tehsil Office, Allama Iqbal Town",LWMC-AlIT,-,-,moving,on,97.484,169.5,31.474711,74.258172,11/08/2026 10:33 AM,11/08/2026 11:00 AM,Reporting,Parked,27.09,False,UC-114,Allama Iqbal Town,Zone-40,Dumper,Allama Iqbal Town,True,2026-08-11
18520,C-1342,C1342,Lahore,"Tehsil Office, Allama Iqbal Town",LWMC-AlIT,Compactor (13CM),Container-Based Collection,moving,on,39.931,269.64,31.516303,74.276901,11/08/2026 10:43 AM,11/08/2026 11:00 AM,Reporting,Moving,27.4,False,UC-212,Samnabad Town,Zone-36,Compactor,Allama Iqbal Town,False,2026-08-11
-,D-58,D58,Lahore,"Tehsil Office, Allama Iqbal Town",LWMC-AlIT,-,-,still,off,91.533,223.84,31.494708,74.250262,11/08/2026 10:36 AM,11/08/2026 11:00 AM,Reporting,Moving,28.01,False,UC-109,Allama Iqbal Town,Zone-38,Dumper,Allama Iqbal Town,True,2026-08-11
19696,S-53,S53,Lahore,"Tehsil Office, Allama Iqbal Town",LWMC-AlIT,Mini Dumper,Bulk Waste Collection,still,off,49.899,170.66,31.42627,74.170662,11/08/2026 10:44 AM,11/08/2026 11:00 AM,Reporting,Parked,0.0,True,UC-259,Allama Iqbal Town,Zone-41,Mini Dumper,Allama Iqbal Town,True,2026-08-11
22983,LR-1102,LR1102,Lahore,"Tehsil Office, Allama Iqbal Town",LWMC-AlIT,Loader Rickshaw,Door To Door Collection,still,off,0.438,2.75,31.275732,74.253243,11/08/2026 10:36 AM,11/08/2026 11:00 AM,Reporting,No Activity Since Yesterday,0.0,True,UC-268,Allama Iqbal Town,Zone-43,Loader Rickshaw,Allama Iqbal Town,True,2026-08-11
-,SD-12,SD12,Lahore,"Tehsil Office, Allama Iqbal Town",LWMC-AlIT,-,-,moving,on,56.228,198.93,31.575368,74.336145,11/08/2026 10:34 AM,11/08/2026 11:00 AM,Reporting,Moving,14.49,False,UC-118,Gulberg Town,Zone-19,Dumper,Rajgarh Circle-1,False,2026-08-11
22812,LR-0234,LR0234,Lahore,"Tehsil Office, Allama Iqbal Town",LWMC-AlIT,Loader Rickshaw,Door To Door Collection,still,off,33.547,291.26,31.490448,74.252285,11/08/2026 10:43 AM,11/08/2026 11:00 AM,Reporting,Moving,0.0,True,UC-111,Allama Iqbal Town,Zone-38,Loader Rickshaw,Allama Iqbal Town,True,2026-08-11
-,LR0203,LR0203,Lahore,"Tehsil Office, Allama Iqbal Town",LWMC-AlIT,-,-,moving,on,22.547,114.68,31.30413,74.219175,11/08/2026 09:41 AM,11/08/2026 11:00 AM,Reporting,Parked,9.45,False,UC-268,Allama Iqbal Town,Zone-43,Loader Rickshaw,Allama Iqbal Town,True,2026-08-11
-,LR-2763,LR2763,Lahore,"Tehsil Office, Allama Iqbal Town",LWMC-AlIT,-,-,moving,on,31.994,613.25,31.469987,74.222333,11/08/2026 10:14 AM,11/08/2026 11:00 AM,Reporting,Idle,12.45,False,UC-117,Allama Iqbal Town,Zone-41,Loader Rickshaw,Allama Iqbal Town,True,2026-08-11
23010,LR-1159,LR1159,Lahore,"Tehsil Office, Allama Iqbal Town",LWMC-AlIT,Loader Rickshaw,Door To Door Collection,still,off,0.637,3.63,31.314177,74.076268,11/08/2026 10:46 AM,11/08/2026 11:00 AM,Reporting,No Activity Since Yesterday,0.0,True,UC-263,Allama Iqbal Town,Zone-42,Loader Rickshaw,Allama Iqbal Town,True,2026-08-11
19700,S-233,S233,Lahore,"Tehsil Office, Allama Iqbal Town",LWMC-AlIT,Mini Dumper,Bulk Waste Collection,still,off,49.662,147.68,31.465498,74.225179,11/08/2026 09:55 AM,11/08/2026 11:00 AM,Reporting,Parked,11.94,False,UC-117,Allama Iqbal Town,Zone-41,Mini Dumper,Allama Iqbal Town,True,2026-08-11
-,LR-1538,LR1538,Lahore,"Tehsil Office, Allama Iqbal Town",LWMC-AlIT,-,-,moving,on,29.864,185.31,31.51445,74.266935,11/08/2026 10:44 AM,11/08/2026 11:00 AM,Reporting,Moving,0.0,True,UC-98,Allama Iqbal Town,Zone-37,Loader Rickshaw,Allama Iqbal Town,True,2026-08-11
22797,LR-0221,LR0221,Lahore,"Tehsil Office, Allama Iqbal Town",LWMC-AlIT,Loader Rickshaw,Door To Door Collection,still,off,36.062,133.44,31.299417,74.218568,11/08/2026 10:18 AM,11/08/2026 11:00 AM,Reporting,Excess Idling,0.0,True,UC-267,Allama Iqbal Town,Zone-43,Loader Rickshaw,Allama Iqbal Town,True,2026-08-11
-,LR-2959,LR2959,Lahore,"Tehsil Office, Allama Iqbal Town",LWMC-AlIT,-,-,still,off,18.596,396.35,31.47646,74.280262,11/08/2026 10:43 AM,11/08/2026 11:00 AM,Reporting,Idle,11.43,False,UC-114,Allama Iqbal Town,Zone-40,,Allama Iqbal Town,True,2026-08-11
-,SD-10,SD10,Lahore,"Tehsil Office, Allama Iqbal Town",LWMC-AlIT,-,-,moving,on,94.076,274.78,31.475743,74.261672,11/08/2026 10:29 AM,11/08/2026 11:00 AM,Reporting,Parked,13.12,False,UC-113,Allama Iqbal Town,Zone-40,Dumper,Ravi Town,False,2026-08-11
-,LR-1448,LR1448,Lahore,"Tehsil Office, Allama Iqbal Town",LWMC-AlIT,-,-,still,off,11.883,480.38,31.466517,74.218862,11/08/2026 09:43 AM,11/08/2026 11:00 AM,Reporting,Moving,0.0,True,UC-117,Allama Iqbal Town,Zone-41,Loader Rickshaw,Allama Iqbal Town,True,2026-08-11
-,LR-1441,LR1441,Lahore,"Tehsil Office, Allama Iqbal Town",LWMC-AlIT,-,-,still,off,12.232,368.86,31.314123,74.076533,11/08/2026 10:36 AM,11/08/2026 11:00 AM,Reporting,Parked,0.0,True,UC-263,Allama Iqbal Town,Zone-42,Loader Rickshaw,Allama Iqbal Town,True,2026-08-11
23014,LR-1163,LR1163,Lahore,"Tehsil Office, Allama Iqbal Town",LWMC-AlIT,Loader Rickshaw,Door To Door Collection,moving,on,26.546,614.81,31.331013,74.105525,11/08/2026 10:15 AM,11/08/2026 11:00 AM,Reporting,Moving,0.0,True,UC-262,Allama Iqbal Town,Zone-42,Loader Rickshaw,Allama Iqbal Town,True,2026-08-11
-,LR-0244,LR0244,Lahore,"Tehsil Office, Allama Iqbal Town",LWMC-AlIT,-,-,still,off,22.313,197.96,31.573272,74.291903,11/08/2026 10:25 AM,11/08/2026 11:00 AM,Reporting,Moving,0.0,True,UC-59,DGBT,Zone-29,Loader Rickshaw,DGBT,True,2026-08-11
22861,LR-0464,LR0464,Lahore,"Tehsil Office, Allama Iqbal Town",LWMC-AlIT,Loader Rickshaw,Door To Door Collection,moving,on,31.617,607.45,31.247652,74.208262,11/08/2026 10:34 AM,11/08/2026 11:00 AM,Reporting,Idle,0.0,True,UC-273,Allama Iqbal Town,Zone-43,Loader Rickshaw,Allama Iqbal Town,True,2026-08-11
22911,LR-0600,LR0600,Lahore,"Tehsil Office, Allama Iqbal Town",LWMC-AlIT,Loader Rickshaw,Door To Door Collection,still,off,0.788,6.56,31.46514,74.22561,11/08/2026 09:50 AM,11/08/2026 10:00 AM,Reporting,No Activity Since Yesterday,0.0,True,UC-117,Allama Iqbal Town,Zone-41,Loader Rickshaw,Allama Iqbal Town,True,2026-08-11
-,LR-1702,LR1702,Lahore,"Tehsil Office, Allama Iqbal Town",LWMC-AlIT,-,-,moving,on,31.046,144.83,31.453198,74.272955,11/08/2026 10:38 AM,11/08/2026 11:00 AM,Reporting,Moving,0.0,True,UC-115,Allama Iqbal Town,Zone-40,Loader Rickshaw,Allama Iqbal Town,True,2026-08-11
-,CH-8S202167,CH8S202167,Lahore,"Tehsil Office, Allama Iqbal Town",LWMC-AlIT,-,-,still,off,68.627,483.78,31.401648,74.230323,11/08/2026 09:49 AM,11/08/2026 11:00 AM,Reporting,Moving,0.0,True,UC-269,Nishter Town,Zone-47,,Allama Iqbal Town,False,2026-08-11
-,LR-2993,LR2993,Lahore,"Tehsil Office, Allama Iqbal Town",LWMC-AlIT,-,-,moving,on,14.191,92.31,31.448724,74.373737,11/08/2026 09:41 AM,11/08/2026 10:00 AM,Reporting,Moving,13.27,False,UC-231,Nishter Town,Zone-45,,Allama Iqbal Town,False,2026-08-11
-,LR-1740,LR1740,Lahore,"Tehsil Office, Allama Iqbal Town",LWMC-AlIT,-,-,still,off,25.117,593.25,31.534195,74.267275,11/08/2026 09:55 AM,11/08/2026 11:00 AM,Reporting,Excess Idling,0.0,True,UC-101,Allama Iqbal Town,Zone-37,Loader Rickshaw,Allama Iqbal Town,True,2026-08-11
-,LR-2932,LR2932,Lahore,"Tehsil Office, Allama Iqbal Town",LWMC-AlIT,-,-,moving,on,25.069,106.0,31.471789,74.240944,11/08/2026 10:09 AM,11/08/2026 10:30 AM,Reporting,Parked,28.52,False,UC-110,Allama Iqbal Town,Zone-41,,Allama Iqbal Town,True,2026-08-11
22846,LR-0439,LR0439,Lahore,"Tehsil Office, Allama Iqbal Town",LWMC-AlIT,Loader Rickshaw,Door To Door Collection,still,off,22.968,88.23,31.391061,74.259983,11/08/2026 10:37 AM,11/08/2026 11:00 AM,Reporting,Moving,9.29,False,UC-269,Nishter Town,Zone-47,Loader Rickshaw,Allama Iqbal Town,False,2026-08-11
22834,LR-0273,LR0273,Lahore,"Tehsil Office, Allama Iqbal Town",LWMC-AlIT,Loader Rickshaw,Door To Door Collection,moving,on,18.777,205.21,31.467243,74.229984,11/08/2026 10:22 AM,11/08/2026 11:00 AM,Reporting,Idle,14.24,False,UC-110,Allama Iqbal Town,Zone-41,Loader Rickshaw,Allama Iqbal Town,True,2026-08-11
22804,LR-0228,LR0228,Lahore,"Tehsil Office, Allama Iqbal Town",LWMC-AlIT,Loader Rickshaw,Door To Door Collection,still,off,22.893,244.51,31.282523,74.285933,11/08/2026 10:18 AM,11/08/2026 11:00 AM,Reporting,Idle,0.0,True,UC-268,Allama Iqbal Town,Zone-43,Loader Rickshaw,Allama Iqbal Town,True,2026-08-11
22939,LR-0844,LR0844,Lahore,"Tehsil Office, Allama Iqbal Town",LWMC-AlIT,Loader Rickshaw,Door To Door Collection,still,off,36.224,118.95,31.456217,74.314186,11/08/2026 10:44 AM,11/08/2026 11:00 AM,Reporting,Moving,14.14,False,UC-233,Allama Iqbal Town,Zone-39,Loader Rickshaw,Allama Iqbal Town,True,2026-08-11
-,LR-2966,LR2966,Lahore,"Tehsil Office, Allama Iqbal Town",LWMC-AlIT,-,-,still,off,0.209,1.51,31.465102,74.225328,11/08/2026 10:43 AM,11/08/2026 11:00 AM,Reporting,No Activity Since Yesterday,12.05,False,UC-117,Allama Iqbal Town,Zone-41,,Allama Iqbal Town,True,2026-08-11
22961,LR-1010,LR1010,Lahore,"Tehsil Office, Allama Iqbal Town",LWMC-AlIT,Loader Rickshaw,Door To Door Collection,moving,on,21.27,349.19,31.477443,74.220987,11/08/2026 10:34 AM,11/08/2026 11:00 AM,Reporting,Idle,0.0,True,UC-117,Allama Iqbal Town,Zone-41,Loader Rickshaw,Allama Iqbal Town,True,2026-08-11
-,LR-2611,LR2611,Lahore,"Tehsil Office, Allama Iqbal Town",LWMC-AlIT,-,-,still,off,22.766,343.76,31.525892,74.276401,11/08/2026 10:32 AM,11/08/2026 11:00 AM,Reporting,Idle,13.07,False,UC-96,Allama Iqbal Town,Zone-37,Loader Rickshaw,Allama Iqbal Town,True,2026-08-11
-,LR-2748,LR2748,Lahore,"Tehsil Office, Allama Iqbal Town",LWMC-AlIT,-,-,still,off,,,31.46518,74.225165,11/08/2026 10:10 AM,11/08/2026 11:00 AM,Reporting,No Activity Since Yesterday,11.18,False,UC-117,Allama Iqbal Town,Zone-41,,Allama Iqbal Town,True,2026-08-11
23004,LR-1153,LR1153,Lahore,"Tehsil Office, Allama Iqbal Town",LWMC-AlIT,Loader Rickshaw,Door To Door Collection,moving,on,23.403,329.56,31.275222,74.064317,11/08/2026 10:43 AM,11/08/2026 11:00 AM,Reporting,Moving,0.0,True,UC-266,Allama Iqbal Town,Zone-42,Loader Rickshaw,Allama Iqbal Town,True,2026-08-11
22817,LR-0212,LR0212,Lahore,"Tehsil Office, Allama Iqbal Town",LWMC-AlIT,Loader Rickshaw,Door To Door Collection,moving,on,26.218,95.59,31.399806,74.224251,11/08/2026 10:42 AM,11/08/2026 11:00 AM,Reporting,Excess Idling,11.84,False,UC-269,Nishter Town,Zone-47,Loader Rickshaw,Allama Iqbal Town,False,2026-08-11
22927,LR-0832,LR0832,Lahore,"Tehsil Office, Allama Iqbal Town",LWMC-AlIT,Loader Rickshaw,Door To Door Collection,still,off,0.171,0.71,31.465087,74.225423,11/08/2026 10:46 AM,11/08/2026 11:00 AM,Reporting,No Activity Since Yesterday,0.0,True,UC-117,Allama Iqbal Town,Zone-41,Loader Rickshaw,Allama Iqbal Town,True,2026-08-11
-,LR-0241,LR0241,Lahore,"Tehsil Office, Allama Iqbal Town",LWMC-AlIT,-,-,still,off,18.778,250.51,31.583118,74.301158,11/08/2026 10:46 AM,11/08/2026 11:00 AM,Reporting,Excess Idling,0.0,True,UC-54,DGBT,Zone-27,Loader Rickshaw,DGBT,True,2026-08-11
-,LR-1693,LR1693,Lahore,"Tehsil Office, Allama Iqbal Town",LWMC-AlIT,-,-,moving,on,18.933,97.71,31.535218,74.264012,11/08/2026 10:30 AM,11/08/2026 11:00 AM,Reporting,Excess Idling,12.4,False,UC-101,Allama Iqbal Town,Zone-37,Loader Rickshaw,Allama Iqbal Town,True,2026-08-11
-,LR-1435,LR1435,Lahore,"Tehsil Office, Allama Iqbal Town",LWMC-AlIT,-,-,still,off,33.398,315.05,31.307785,74.054215,11/08/2026 10:16 AM,11/08/2026 11:00 AM,Reporting,Idle,0.0,True,UC-265,Allama Iqbal Town,Zone-42,Loader Rickshaw,Allama Iqbal Town,True,2026-08-11
22997,LR-1086,LR1086,Lahore,"Tehsil Office, Allama Iqbal Town",LWMC-AlIT,Loader Rickshaw,Door To Door Collection,still,off,,,31.311855,74.158267,11/08/2026 10:35 AM,11/08/2026 11:00 AM,Reporting,No Activity Since Yesterday,0.0,True,UC-264,Allama Iqbal Town,Zone-42,Loader Rickshaw,Allama Iqbal Town,True,2026-08-11
22959,LR-1008,LR1008,Lahore,"Tehsil Office, Allama Iqbal Town",LWMC-AlIT,Loader Rickshaw,Door To Door Collection,moving,on,12.004,35.08,31.531289,74.263824,11/08/2026 10:38 AM,11/08/2026 11:00 AM,Reporting,Idle,13.68,False,UC-101,Allama Iqbal Town,Zone-37,Loader Rickshaw,Allama Iqbal Town,True,2026-08-11
18654,C-738,C738,Lahore,"Tehsil Office, Allama Iqbal Town",LWMC-AlIT,Compactor (7CM),Container-Based Collection,moving,on,27.537,62.93,31.511597,74.265402,11/08/2026 09:56 AM,11/08/2026 10:30 AM,Reporting,Moving,25.87,False,UC-103,Allama Iqbal Town,Zone-38,Compactor,Allama Iqbal Town,True,2026-08-11
-,LR-1742,LR1742,Lahore,"Tehsil Office, Allama Iqbal Town",LWMC-AlIT,-,-,still,off,23.821,79.96,31.510044,74.260973,11/08/2026 10:26 AM,11/08/2026 11:00 AM,Reporting,Moving,12.71,False,UC-106,Allama Iqbal Town,Zone-38,Loader Rickshaw,Allama Iqbal Town,True,2026-08-11
23016,LR-1165,LR1165,Lahore,"Tehsil Office, Allama Iqbal Town",LWMC-AlIT,Loader Rickshaw,Door To Door Collection,still,off,32.948,321.01,31.33215,74.104255,11/08/2026 10:19 AM,11/08/2026 11:00 AM,Reporting,Idle,0.0,True,UC-262,Allama Iqbal Town,Zone-42,Loader Rickshaw,Allama Iqbal Town,True,2026-08-11
-,LR-2409,LR2409,Lahore,"Tehsil Office, Allama Iqbal Town",LWMC-AlIT,-,-,still,off,31.766,93.79,31.30222,74.223457,11/08/2026 10:08 AM,11/08/2026 10:30 AM,Reporting,Parked,14.04,False,UC-268,Allama Iqbal Town,Zone-43,Loader Rickshaw,Allama Iqbal Town,True,2026-08-11
22967,LR-1016,LR1016,Lahore,"Tehsil Office, Allama Iqbal Town",LWMC-AlIT,Loader Rickshaw,Door To Door Collection,still,off,7.853,271.48,31.438505,74.180937,11/08/2026 10:46 AM,11/08/2026 11:00 AM,Reporting,Idle,12.45,False,UC-258,Allama Iqbal Town,Zone-41,Loader Rickshaw,Allama Iqbal Town,True,2026-08-11
23003,LR-1152,LR1152,Lahore,"Tehsil Office, Allama Iqbal Town",LWMC-AlIT,Loader Rickshaw,Door To Door Collection,moving,on,30.305,292.75,31.309823,74.054065,11/08/2026 10:07 AM,11/08/2026 11:00 AM,Reporting,Moving,0.0,True,UC-265,Allama Iqbal Town,Zone-42,Loader Rickshaw,Allama Iqbal Town,True,2026-08-11
-,LR-1377,LR1377,Lahore,"Tehsil Office, Allama Iqbal Town",LWMC-AlIT,-,-,still,off,22.979,179.76,31.407787,74.138192,11/08/2026 10:42 AM,11/08/2026 11:00 AM,Reporting,Excess Idling,0.0,True,UC-261,Allama Iqbal Town,Zone-41,Loader Rickshaw,Allama Iqbal Town,True,2026-08-11
19708,M-25,M25,Lahore,"Tehsil Office, Allama Iqbal Town",LWMC-AlIT,Mini Dumper,Bulk Waste Collection,moving,on,22.892,148.73,31.491768,74.257013,11/08/2026 10:41 AM,11/08/2026 11:00 AM,Reporting,Parked,0.0,True,UC-111,Allama Iqbal Town,Zone-38,Foton-Mini Dumper,Allama Iqbal Town,True,2026-08-11
-,LR-1434,LR1434,Lahore,"Tehsil Office, Allama Iqbal Town",LWMC-AlIT,-,-,still,off,,,31.314185,74.076363,11/08/2026 10:36 AM,11/08/2026 11:00 AM,Reporting,No Activity Since Yesterday,0.0,True,UC-263,Allama Iqbal Town,Zone-42,Loader Rickshaw,Allama Iqbal Town,True,2026-08-11
-,LR-1511,LR1511,Lahore,"Tehsil Office, Allama Iqbal Town",LWMC-AlIT,-,-,moving,on,21.291,218.21,31.280477,74.161832,11/08/2026 10:23 AM,11/08/2026 11:00 AM,Reporting,Moving,0.0,True,UC-267,Allama Iqbal Town,Zone-43,Loader Rickshaw,Allama Iqbal Town,True,2026-08-11
-,LR-1744,LR1744,Lahore,"Tehsil Office, Allama Iqbal Town",LWMC-AlIT,-,-,still,off,19.748,313.1,31.337183,74.243352,11/08/2026 10:47 AM,11/08/2026 11:00 AM,Reporting,Parked,0.0,True,UC-270,Nishter Town,Zone-47,Loader Rickshaw,Allama Iqbal Town,False,2026-08-11
-,LR-1436,LR1436,Lahore,"Tehsil Office, Allama Iqbal Town",LWMC-AlIT,-,-,moving,on,31.223,306.39,31.331728,74.111158,11/08/2026 10:44 AM,11/08/2026 11:00 AM,Reporting,Moving,0.0,True,UC-262,Allama Iqbal Town,Zone-42,Loader Rickshaw,Allama Iqbal Town,True,2026-08-11
22814,LR-0217,LR0217,Lahore,"Tehsil Office, Allama Iqbal Town",LWMC-AlIT,Loader Rickshaw,Door To Door Collection,moving,on,15.673,72.25,31.404045,74.225392,11/08/2026 10:24 AM,11/08/2026 11:00 AM,Reporting,Idle,12.05,False,UC-269,Nishter Town,Zone-47,Loader Rickshaw,Allama Iqbal Town,False,2026-08-11
22868,LR-0471,LR0471,Lahore,"Tehsil Office, Allama Iqbal Town",LWMC-AlIT,Loader Rickshaw,Door To Door Collection,still,off,31.553,106.28,31.433953,74.223162,11/08/2026 10:46 AM,11/08/2026 11:00 AM,Reporting,Excess Idling,11.89,False,UC-116,Allama Iqbal Town,Zone-41,Loader Rickshaw,Allama Iqbal Town,True,2026-08-11
22951,LR-0919,LR0919,Lahore,"Tehsil Office, Allama Iqbal Town",LWMC-AlIT,Loader Rickshaw,Door To Door Collection,still,off,26.572,110.06,31.390025,74.199775,11/08/2026 10:28 AM,11/08/2026 11:00 AM,Reporting,Parked,11.94,False,UC-260,Allama Iqbal Town,Zone-41,Loader Rickshaw,Allama Iqbal Town,True,2026-08-11
-,LR-1433,LR1433,Lahore,"Tehsil Office, Allama Iqbal Town",LWMC-AlIT,-,-,moving,on,8.976,59.53,31.247507,74.211743,11/08/2026 10:29 AM,11/08/2026 11:00 AM,Reporting,Moving,0.0,True,UC-273,Allama Iqbal Town,Zone-43,Loader Rickshaw,Allama Iqbal Town,True,2026-08-11
22986,LR-1105,LR1105,Lahore,"Tehsil Office, Allama Iqbal Town",LWMC-AlIT,Loader Rickshaw,Door To Door Collection,still,off,13.458,253.41,31.244678,74.221108,11/08/2026 10:43 AM,11/08/2026 11:00 AM,Reporting,Moving,0.0,True,UC-272,Allama Iqbal Town,Zone-43,Loader Rickshaw,Allama Iqbal Town,True,2026-08-11
-,LR-1722,LR1722,Lahore,"Tehsil Office, Allama Iqbal Town",LWMC-AlIT,-,-,moving,on,29.35,88.53,31.459793,74.226522,11/08/2026 10:26 AM,11/08/2026 11:00 AM,Reporting,Moving,11.13,False,UC-116,Allama Iqbal Town,Zone-41,Loader Rickshaw,Allama Iqbal Town,True,2026-08-11
23019,LR-1168,LR1168,Lahore,"Tehsil Office, Allama Iqbal Town",LWMC-AlIT,Loader Rickshaw,Door To Door Collection,moving,on,22.829,337.69,31.3078,74.066003,11/08/2026 10:35 AM,11/08/2026 11:00 AM,Reporting,Idle,0.0,True,UC-265,Allama Iqbal Town,Zone-42,Loader Rickshaw,Allama Iqbal Town,True,2026-08-11
22865,LR-0468,LR0468,Lahore,"Tehsil Office, Allama Iqbal Town",LWMC-AlIT,Loader Rickshaw,Door To Door Collection,moving,on,22.662,95.13,31.272497,74.188955,11/08/2026 10:39 AM,11/08/2026 11:00 AM,Reporting,Moving,13.73,False,UC-273,Allama Iqbal Town,Zone-43,Loader Rickshaw,Allama Iqbal Town,True,2026-08-11
-,LR-1987,LR1987,Lahore,"Tehsil Office, Allama Iqbal Town",LWMC-AlIT,-,-,moving,on,33.235,242.16,31.450063,74.318112,11/08/2026 10:14 AM,11/08/2026 11:00 AM,Reporting,Moving,0.0,True,UC-234,Allama Iqbal Town,Zone-39,Loader Rickshaw,Allama Iqbal Town,True,2026-08-11
22779,LR-0042,LR0042,Lahore,"Tehsil Office, Allama Iqbal Town",LWMC-AlIT,Loader Rickshaw,Door To Door Collection,still,off,24.801,99.25,31.519082,74.254462,11/08/2026 10:41 AM,11/08/2026 11:00 AM,Reporting,Moving,13.63,False,UC-103,Allama Iqbal Town,Zone-38,Loader Rickshaw,Allama Iqbal Town,True,2026-08-11
22934,LR-0839,LR0839,Lahore,"Tehsil Office, Allama Iqbal Town",LWMC-AlIT,Loader Rickshaw,Door To Door Collection,moving,on,24.712,72.91,31.464605,74.313874,11/08/2026 10:37 AM,11/08/2026 11:00 AM,Reporting,Idle,11.94,False,UC-232,Allama Iqbal Town,Zone-39,Loader Rickshaw,Allama Iqbal Town,True,2026-08-11
-,LR-2493,LR2493,Lahore,"Tehsil Office, Allama Iqbal Town",LWMC-AlIT,-,-,still,off,,,31.314241,74.076391,11/08/2026 10:34 AM,11/08/2026 11:00 AM,Reporting,No Activity Since Yesterday,12.4,False,UC-263,Allama Iqbal Town,Zone-42,Loader Rickshaw,Allama Iqbal Town,True,2026-08-11
22869,LR-0472,LR0472,Lahore,"Tehsil Office, Allama Iqbal Town",LWMC-AlIT,Loader Rickshaw,Door To Door Collection,still,off,14.126,224.15,31.425717,74.275343,11/08/2026 10:45 AM,11/08/2026 11:00 AM,Reporting,Moving,0.0,True,UC-257,Allama Iqbal Town,Zone-40,Loader Rickshaw,Allama Iqbal Town,True,2026-08-11
23007,LR-1156,LR1156,Lahore,"Tehsil Office, Allama Iqbal Town",LWMC-AlIT,Loader Rickshaw,Door To Door Collection,moving,on,41.704,277.58,31.305752,74.048782,11/08/2026 10:30 AM,11/08/2026 11:00 AM,Reporting,Moving,0.0,True,UC-265,Allama Iqbal Town,Zone-42,Loader Rickshaw,Allama Iqbal Town,True,2026-08-11
-,LR-2965,LR2965,Lahore,"Tehsil Office, Allama Iqbal Town",LWMC-AlIT,-,-,moving,on,36.29,119.23,31.44465,74.251344,11/08/2026 10:17 AM,11/08/2026 11:00 AM,Reporting,Excess Idling,13.22,False,UC-256,Allama Iqbal Town,Zone-40,,Allama Iqbal Town,True,2026-08-11
-,LR-1697,LR1697,Lahore,"Tehsil Office, Allama Iqbal Town",LWMC-AlIT,-,-,moving,on,28.774,101.78,31.474233,74.232242,11/08/2026 10:18 AM,11/08/2026 11:00 AM,Reporting,Moving,12.4,False,UC-110,Allama Iqbal Town,Zone-41,Loader Rickshaw,Allama Iqbal Town,True,2026-08-11
-,LR-2629,LR2629,Lahore,"Tehsil Office, Allama Iqbal Town",LWMC-AlIT,-,-,moving,on,22.028,68.65,31.531266,74.26374,11/08/2026 10:27 AM,11/08/2026 11:00 AM,Reporting,Moving,12.05,False,UC-101,Allama Iqbal Town,Zone-37,Loader Rickshaw,Allama Iqbal Town,True,2026-08-11
-,LR-1432,LR1432,Lahore,"Tehsil Office, Allama Iqbal Town",LWMC-AlIT,-,-,moving,on,31.977,326.8,31.298182,74.0703,11/08/2026 10:27 AM,11/08/2026 11:00 AM,Reporting,Moving,0.0,True,UC-266,Allama Iqbal Town,Zone-42,Loader Rickshaw,Allama Iqbal Town,True,2026-08-11
-,LR-2990,LR2990,Lahore,"Tehsil Office, Allama Iqbal Town",LWMC-AlIT,-,-,moving,on,15.004,75.86,31.475218,74.284864,11/08/2026 10:38 AM,11/08/2026 11:00 AM,Reporting,Idle,13.42,False,UC-221,Allama Iqbal Town,Zone-39,,Allama Iqbal Town,True,2026-08-11
22782,LR-0045,LR0045,Lahore,"Tehsil Office, Allama Iqbal Town",LWMC-AlIT,Loader Rickshaw,Door To Door Collection,still,off,26.072,99.65,31.533399,74.268007,11/08/2026 10:30 AM,11/08/2026 11:00 AM,Reporting,Idle,11.49,False,UC-101,Allama Iqbal Town,Zone-37,Loader Rickshaw,Allama Iqbal Town,True,2026-08-11
-,LR-1690,LR1690,Lahore,"Tehsil Office, Allama Iqbal Town",LWMC-AlIT,-,-,still,off,32.146,107.51,31.512575,74.261306,11/08/2026 10:34 AM,11/08/2026 11:00 AM,Reporting,Idle,14.09,False,UC-103,Allama Iqbal Town,Zone-38,Loader Rickshaw,Allama Iqbal Town,True,2026-08-11
-,LR-1748,LR1748,Lahore,"Tehsil Office, Allama Iqbal Town",LWMC-AlIT,-,-,moving,on,25.517,123.41,31.339042,74.233997,11/08/2026 10:21 AM,11/08/2026 11:00 AM,Reporting,Parked,0.0,True,UC-270,Nishter Town,Zone-47,Loader Rickshaw,Allama Iqbal Town,False,2026-08-11
-,LR-2628,LR2628,Lahore,"Tehsil Office, Allama Iqbal Town",LWMC-AlIT,-,-,moving,on,32.892,122.38,31.479633,74.213856,11/08/2026 10:04 AM,11/08/2026 11:00 AM,Reporting,Moving,27.4,False,,,,Loader Rickshaw,Allama Iqbal Town,False,2026-08-11
22895,LR-0538,LR0538,Lahore,"Tehsil Office, Allama Iqbal Town",LWMC-AlIT,Loader Rickshaw,Door To Door Collection,still,off,27.924,98.43,31.465072,74.225525,11/08/2026 10:25 AM,11/08/2026 11:00 AM,Reporting,Excess Idling,11.69,False,UC-117,Allama Iqbal Town,Zone-41,Loader Rickshaw,Allama Iqbal Town,True,2026-08-11
-,LR-2908,LR2908,Lahore,"Tehsil Office, Allama Iqbal Town",LWMC-AlIT,-,-,moving,on,26.752,82.38,31.486284,74.257241,11/08/2026 10:36 AM,11/08/2026 11:00 AM,Reporting,Parked,13.02,False,UC-111,Allama Iqbal Town,Zone-38,,Allama Iqbal Town,True,2026-08-11
-,LR-2021,LR2021,Lahore,"Tehsil Office, Allama Iqbal Town",LWMC-AlIT,-,-,moving,on,32.473,156.9,31.2529,74.220898,11/08/2026 09:24 AM,11/08/2026 11:00 AM,Reporting,Moving,0.0,True,UC-272,Allama Iqbal Town,Zone-43,Loader Rickshaw,Allama Iqbal Town,True,2026-08-11
-,LR-1700,LR1700,Lahore,"Tehsil Office, Allama Iqbal Town",LWMC-AlIT,-,-,still,off,24.262,83.83,31.464976,74.271342,11/08/2026 10:44 AM,11/08/2026 11:00 AM,Reporting,Moving,12.91,False,UC-115,Allama Iqbal Town,Zone-40,Loader Rickshaw,Allama Iqbal Town,True,2026-08-11
-,LR-2055,LR2055,Lahore,"Tehsil Office, Allama Iqbal Town",LWMC-AlIT,-,-,still,off,23.2,363.0,31.533742,74.278288,11/08/2026 10:44 AM,11/08/2026 11:00 AM,Reporting,Moving,0.0,True,UC-96,Allama Iqbal Town,Zone-37,Loader Rickshaw,Allama Iqbal Town,True,2026-08-11
18440,CA-161,CA161,Lahore,"Tehsil Office, Allama Iqbal Town",LWMC-AlIT,Chain Arm Roll,Container-Based Collection,moving,on,154.516,333.89,31.432998,74.284917,11/08/2026 10:41 AM,11/08/2026 11:00 AM,Reporting,Moving,0.0,True,UC-257,Allama Iqbal Town,Zone-40,Chain Arm Roll,Allama Iqbal Town,True,2026-08-11
19646,M-63,M63,Lahore,"Tehsil Office, Allama Iqbal Town",LWMC-AlIT,Mini Dumper,Bulk Waste Collection,still,off,24.637,116.31,31.534598,74.267378,11/08/2026 10:44 AM,11/08/2026 11:00 AM,Reporting,Parked,0.0,True,UC-101,Allama Iqbal Town,Zone-37,Foton-Mini Dumper,Allama Iqbal Town,True,2026-08-11
-,LR-2484,LR2484,Lahore,"Tehsil Office, Allama Iqbal Town",LWMC-AlIT,-,-,moving,on,28.63,106.65,31.425142,74.169693,11/08/2026 10:33 AM,11/08/2026 11:00 AM,Reporting,Moving,11.43,False,UC-258,Allama Iqbal Town,Zone-41,Loader Rickshaw,Allama Iqbal Town,True,2026-08-11
23009,LR-1158,LR1158,Lahore,"Tehsil Office, Allama Iqbal Town",LWMC-AlIT,Loader Rickshaw,Door To Door Collection,still,off,4.06,5.01,31.275897,74.252945,11/08/2026 10:36 AM,11/08/2026 11:00 AM,Reporting,Parked,0.0,True,UC-268,Allama Iqbal Town,Zone-43,Loader Rickshaw,Allama Iqbal Town,True,2026-08-11
22999,LR-1088,LR1088,Lahore,"Tehsil Office, Allama Iqbal Town",LWMC-AlIT,Loader Rickshaw,Door To Door Collection,moving,on,37.254,295.16,31.318838,74.153307,11/08/2026 10:45 AM,11/08/2026 11:00 AM,Reporting,Moving,0.0,True,UC-264,Allama Iqbal Town,Zone-42,Loader Rickshaw,Allama Iqbal Town,True,2026-08-11
-,LR-2620,LR2620,Lahore,"Tehsil Office, Allama Iqbal Town",LWMC-AlIT,-,-,still,off,18.831,309.23,31.5365,74.269758,11/08/2026 10:46 AM,11/08/2026 11:00 AM,Reporting,Moving,12.91,False,UC-101,Allama Iqbal Town,Zone-37,Loader Rickshaw,Allama Iqbal Town,True,2026-08-11
23002,LR-1151,LR1151,Lahore,"Tehsil Office, Allama Iqbal Town",LWMC-AlIT,Loader Rickshaw,Door To Door Collection,moving,on,39.942,312.88,31.294798,74.075943,11/08/2026 10:38 AM,11/08/2026 11:00 AM,Reporting,Moving,0.0,True,UC-266,Allama Iqbal Town,Zone-42,Loader Rickshaw,Allama Iqbal Town,True,2026-08-11
23015,LR-1164,LR1164,Lahore,"Tehsil Office, Allama Iqbal Town",LWMC-AlIT,Loader Rickshaw,Door To Door Collection,still,off,17.724,249.33,31.331383,74.11172,11/08/2026 10:39 AM,11/08/2026 11:00 AM,Reporting,Moving,0.0,True,UC-262,Allama Iqbal Town,Zone-42,Loader Rickshaw,Allama Iqbal Town,True,2026-08-11
-,LR1440,LR1440,Lahore,"Tehsil Office, Allama Iqbal Town",LWMC-AlIT,-,-,moving,on,38.289,348.36,31.331437,74.111605,11/08/2026 10:45 AM,11/08/2026 11:00 AM,Not Reporting,No Activity Since Yesterday,,False,UC-262,Allama Iqbal Town,Zone-42,Loader Rickshaw,Allama Iqbal Town,True,2026-08-11
23020,LR-1169,LR1169,Lahore,"Tehsil Office, Allama Iqbal Town",LWMC-AlIT,Loader Rickshaw,Door To Door Collection,moving,on,19.693,285.46,31.33073,74.086513,11/08/2026 10:21 AM,11/08/2026 11:00 AM,Reporting,Moving,0.0,True,UC-263,Allama Iqbal Town,Zone-42,Loader Rickshaw,Allama Iqbal Town,True,2026-08-11
23013,LR-1162,LR1162,Lahore,"Tehsil Office, Allama Iqbal Town",LWMC-AlIT,Loader Rickshaw,Door To Door Collection,still,off,23.537,340.19,31.356687,74.12318,11/08/2026 10:39 AM,11/08/2026 11:00 AM,Reporting,Moving,0.0,True,UC-262,Allama Iqbal Town,Zone-42,Loader Rickshaw,Allama Iqbal Town,True,2026-08-11
-,LR-1515,LR1515,Lahore,"Tehsil Office, Allama Iqbal Town",LWMC-AlIT,-,-,still,off,0.131,29.13,31.27596,74.252963,11/08/2026 10:33 AM,11/08/2026 11:00 AM,Reporting,No Activity Since Yesterday,0.0,True,UC-268,Allama Iqbal Town,Zone-43,Loader Rickshaw,Allama Iqbal Town,True,2026-08-11
23012,LR-1161,LR1161,Lahore,"Tehsil Office, Allama Iqbal Town",LWMC-AlIT,Loader Rickshaw,Door To Door Collection,moving,on,28.871,166.08,31.352835,74.127357,11/08/2026 10:46 AM,11/08/2026 11:00 AM,Reporting,Parked,0.0,True,UC-262,Allama Iqbal Town,Zone-42,Loader Rickshaw,Allama Iqbal Town,True,2026-08-11
22844,LR-0311,LR0311,Lahore,"Tehsil Office, Allama Iqbal Town",LWMC-AlIT,Loader Rickshaw,Door To Door Collection,moving,on,19.275,60.81,31.534723,74.267331,11/08/2026 10:43 AM,11/08/2026 11:00 AM,Reporting,Idle,12.15,False,UC-101,Allama Iqbal Town,Zone-37,Loader Rickshaw,Allama Iqbal Town,True,2026-08-11
-,LR-2031,LR2031,Lahore,"Tehsil Office, Allama Iqbal Town",LWMC-AlIT,-,-,moving,on,21.052,80.76,31.528133,74.280153,11/08/2026 09:25 AM,11/08/2026 10:00 AM,Reporting,Moving,12.45,False,UC-95,Allama Iqbal Town,Zone-37,Loader Rickshaw,Allama Iqbal Town,True,2026-08-11
23021,LR-1170,LR1170,Lahore,"Tehsil Office, Allama Iqbal Town",LWMC-AlIT,Loader Rickshaw,Door To Door Collection,still,off,30.295,263.61,31.276702,74.049478,11/08/2026 10:37 AM,11/08/2026 11:00 AM,Reporting,Moving,0.0,True,UC-263,Allama Iqbal Town,Zone-42,Loader Rickshaw,Allama Iqbal Town,True,2026-08-11
22843,LR-0310,LR0310,Lahore,"Tehsil Office, Allama Iqbal Town",LWMC-AlIT,Loader Rickshaw,Door To Door Collection,still,off,16.284,86.86,31.529379,74.275996,11/08/2026 09:55 AM,11/08/2026 10:30 AM,Reporting,Parked,14.65,False,UC-96,Allama Iqbal Town,Zone-37,Loader Rickshaw,Allama Iqbal Town,True,2026-08-11
-,LR-2618,LR2618,Lahore,"Tehsil Office, Allama Iqbal Town",LWMC-AlIT,-,-,moving,on,16.163,62.18,31.536322,74.274669,11/08/2026 10:34 AM,11/08/2026 11:00 AM,Reporting,Idle,12.2,False,UC-101,Allama Iqbal Town,Zone-37,Loader Rickshaw,Allama Iqbal Town,True,2026-08-11
22841,LR-0306,LR0306,Lahore,"Tehsil Office, Allama Iqbal Town",LWMC-AlIT,Loader Rickshaw,Door To Door Collection,still,off,20.508,321.05,31.529719,74.278851,11/08/2026 10:29 AM,11/08/2026 11:00 AM,Reporting,Moving,12.91,False,UC-96,Allama Iqbal Town,Zone-37,Loader Rickshaw,Allama Iqbal Town,True,2026-08-11
23008,LR-1157,LR1157,Lahore,"Tehsil Office, Allama Iqbal Town",LWMC-AlIT,Loader Rickshaw,Door To Door Collection,still,off,23.384,264.68,31.308185,74.051088,11/08/2026 10:34 AM,11/08/2026 11:00 AM,Reporting,Moving,0.0,True,UC-265,Allama Iqbal Town,Zone-42,Loader Rickshaw,Allama Iqbal Town,True,2026-08-11
-,LR-1513,LR1513,Lahore,"Tehsil Office, Allama Iqbal Town",LWMC-AlIT,-,-,moving,on,37.476,241.81,31.299357,74.136592,11/08/2026 09:47 AM,11/08/2026 11:00 AM,Reporting,Excess Idling,0.0,True,UC-264,Allama Iqbal Town,Zone-42,Loader Rickshaw,Allama Iqbal Town,True,2026-08-11
-,LR-1545,LR1545,Lahore,"Tehsil Office, Allama Iqbal Town",LWMC-AlIT,-,-,still,off,,,31.275923,74.253007,11/08/2026 10:45 AM,11/08/2026 11:00 AM,Reporting,No Activity Since Yesterday,12.2,False,UC-268,Allama Iqbal Town,Zone-43,Loader Rickshaw,Allama Iqbal Town,True,2026-08-11
22878,LR-0519,LR0519,Lahore,"Tehsil Office, Allama Iqbal Town",LWMC-AlIT,Loader Rickshaw,Door To Door Collection,moving,on,19.728,74.03,31.537801,74.257211,11/08/2026 10:44 AM,11/08/2026 11:00 AM,Reporting,Moving,13.78,False,UC-101,Allama Iqbal Town,Zone-37,Loader Rickshaw,Allama Iqbal Town,True,2026-08-11
23005,LR-1154,LR1154,Lahore,"Tehsil Office, Allama Iqbal Town",LWMC-AlIT,Loader Rickshaw,Door To Door Collection,still,off,42.15,354.51,31.315332,74.089082,11/08/2026 10:17 AM,11/08/2026 11:00 AM,Reporting,Moving,0.0,True,UC-265,Allama Iqbal Town,Zone-42,Loader Rickshaw,Allama Iqbal Town,True,2026-08-11
-,LR-2053,LR2053,Lahore,"Tehsil Office, Allama Iqbal Town",LWMC-AlIT,-,-,still,off,23.366,148.75,31.534217,74.280995,11/08/2026 10:45 AM,11/08/2026 11:00 AM,Reporting,Parked,0.0,True,UC-95,Allama Iqbal Town,Zone-37,Loader Rickshaw,Allama Iqbal Town,True,2026-08-11
-,LR-2991,LR2991,Lahore,"Tehsil Office, Allama Iqbal Town",LWMC-AlIT,-,-,still,off,21.646,321.81,31.514266,74.273016,11/08/2026 10:06 AM,11/08/2026 10:30 AM,Reporting,Moving,12.2,False,UC-98,Allama Iqbal Town,Zone-37,,Allama Iqbal Town,True,2026-08-11
-,LR-2057,LR2057,Lahore,"Tehsil Office, Allama Iqbal Town",LWMC-AlIT,-,-,still,off,22.584,69.23,31.492787,74.273728,11/08/2026 10:34 AM,11/08/2026 11:00 AM,Reporting,Parked,13.37,False,UC-112,Allama Iqbal Town,Zone-38,Loader Rickshaw,Allama Iqbal Town,True,2026-08-11
-,LR-2638,LR2638,Lahore,"Tehsil Office, Allama Iqbal Town",LWMC-AlIT,-,-,still,off,19.076,64.63,31.480041,74.292083,11/08/2026 10:35 AM,11/08/2026 11:00 AM,Reporting,Moving,11.43,False,UC-220,Allama Iqbal Town,Zone-39,Loader Rickshaw,Allama Iqbal Town,True,2026-08-11
-,LR-1439,LR1439,Lahore,"Tehsil Office, Allama Iqbal Town",LWMC-AlIT,-,-,still,off,,,31.314318,74.076345,11/08/2026 10:36 AM,11/08/2026 11:00 AM,Reporting,No Activity Since Yesterday,0.0,True,UC-263,Allama Iqbal Town,Zone-42,Loader Rickshaw,Allama Iqbal Town,True,2026-08-11
22965,LR-1014,LR1014,Lahore,"Tehsil Office, Allama Iqbal Town",LWMC-AlIT,Loader Rickshaw,Door To Door Collection,still,off,0.146,8.08,31.465262,74.226023,11/08/2026 10:36 AM,11/08/2026 11:00 AM,Reporting,No Activity Since Yesterday,0.0,True,UC-117,Allama Iqbal Town,Zone-41,Loader Rickshaw,Allama Iqbal Town,True,2026-08-11
-,LR-1438,LR1438,Lahore,"Tehsil Office, Allama Iqbal Town",LWMC-AlIT,-,-,still,off,,,31.31413,74.076252,11/08/2026 10:38 AM,11/08/2026 11:00 AM,Reporting,No Activity Since Yesterday,0.0,True,UC-263,Allama Iqbal Town,Zone-42,Loader Rickshaw,Allama Iqbal Town,True,2026-08-11
-,D-43,D43,Lahore,"Tehsil Office, Allama Iqbal Town",LWMC-AlIT,-,-,moving,on,59.633,173.71,31.534702,74.267227,11/08/2026 10:38 AM,11/08/2026 11:00 AM,Reporting,Moving,0.0,True,UC-101,Allama Iqbal Town,Zone-37,Dumper,Allama Iqbal Town,True,2026-08-11
-,LR-1691,LR1691,Lahore,"Tehsil Office, Allama Iqbal Town",LWMC-AlIT,-,-,moving,on,17.111,62.76,31.534737,74.267203,11/08/2026 10:42 AM,11/08/2026 11:00 AM,Reporting,Idle,12.05,False,UC-101,Allama Iqbal Town,Zone-37,Loader Rickshaw,Allama Iqbal Town,True,2026-08-11
22807,LR-0229,LR0229,Lahore,"Tehsil Office, Allama Iqbal Town",LWMC-AlIT,Loader Rickshaw,Door To Door Collection,moving,on,28.364,99.96,31.488885,74.247138,11/08/2026 10:13 AM,11/08/2026 10:30 AM,Reporting,Moving,11.84,False,UC-111,Allama Iqbal Town,Zone-38,Loader Rickshaw,Allama Iqbal Town,True,2026-08-11
22842,LR-0307,LR0307,Lahore,"Tehsil Office, Allama Iqbal Town",LWMC-AlIT,Loader Rickshaw,Door To Door Collection,moving,on,17.525,268.64,31.53042,74.277874,11/08/2026 10:41 AM,11/08/2026 11:00 AM,Reporting,Idle,12.81,False,UC-96,Allama Iqbal Town,Zone-37,Loader Rickshaw,Allama Iqbal Town,True,2026-08-11
22960,LR-1009,LR1009,Lahore,"Tehsil Office, Allama Iqbal Town",LWMC-AlIT,Loader Rickshaw,Door To Door Collection,still,off,33.904,96.91,31.491569,74.266664,11/08/2026 10:34 AM,11/08/2026 11:00 AM,Reporting,Moving,12.66,False,UC-112,Allama Iqbal Town,Zone-38,Loader Rickshaw,Allama Iqbal Town,True,2026-08-11
22830,LR-0210,LR0210,Lahore,"Tehsil Office, Allama Iqbal Town",LWMC-AlIT,Loader Rickshaw,Door To Door Collection,moving,on,49.961,337.8,31.27145,74.199402,11/08/2026 10:42 AM,11/08/2026 11:00 AM,Reporting,Moving,11.94,False,UC-272,Allama Iqbal Town,Zone-43,Loader Rickshaw,Allama Iqbal Town,True,2026-08-11
-,LR-1741,LR1741,Lahore,"Tehsil Office, Allama Iqbal Town",LWMC-AlIT,-,-,still,off,,,31.322817,74.229063,11/08/2026 10:36 AM,11/08/2026 11:00 AM,Reporting,No Activity Since Yesterday,0.0,True,UC-270,Nishter Town,Zone-47,Loader Rickshaw,Allama Iqbal Town,False,2026-08-11
-,LR-2910,LR2910,Lahore,"Tehsil Office, Allama Iqbal Town",LWMC-AlIT,-,-,still,off,11.597,247.73,31.47408,74.289838,11/08/2026 09:58 AM,11/08/2026 10:30 AM,Reporting,Excess Idling,12.86,False,UC-221,Allama Iqbal Town,Zone-39,,Allama Iqbal Town,True,2026-08-11
-,LR-1546,LR1546,Lahore,"Tehsil Office, Allama Iqbal Town",LWMC-AlIT,-,-,still,off,,,31.275892,74.253095,11/08/2026 08:44 AM,11/08/2026 09:00 AM,Reporting,No Activity Since Yesterday,0.0,True,UC-268,Allama Iqbal Town,Zone-43,Loader Rickshaw,Allama Iqbal Town,True,2026-08-11
-,LR-2928,LR2928,Lahore,"Tehsil Office, Allama Iqbal Town",LWMC-AlIT,-,-,moving,on,38.778,124.0,31.471613,74.227259,11/08/2026 10:11 AM,11/08/2026 11:00 AM,Reporting,Parked,12.56,False,UC-110,Allama Iqbal Town,Zone-41,,Allama Iqbal Town,True,2026-08-11
22822,LR-0202,LR0202,Lahore,"Tehsil Office, Allama Iqbal Town",LWMC-AlIT,Loader Rickshaw,Door To Door Collection,still,off,29.468,125.48,31.467164,74.302265,11/08/2026 10:34 AM,11/08/2026 11:00 AM,Reporting,Moving,13.22,False,UC-222,Allama Iqbal Town,Zone-39,Loader Rickshaw,Allama Iqbal Town,True,2026-08-11
23017,LR-1166,LR1166,Lahore,"Tehsil Office, Allama Iqbal Town",LWMC-AlIT,Loader Rickshaw,Door To Door Collection,moving,on,21.219,290.88,31.336143,74.08415,11/08/2026 10:37 AM,11/08/2026 11:00 AM,Reporting,Moving,0.0,True,UC-263,Allama Iqbal Town,Zone-42,Loader Rickshaw,Allama Iqbal Town,True,2026-08-11
22894,LR-0537,LR0537,Lahore,"Tehsil Office, Allama Iqbal Town",LWMC-AlIT,Loader Rickshaw,Door To Door Collection,moving,on,13.208,50.38,31.475437,74.288866,11/08/2026 10:36 AM,11/08/2026 11:00 AM,Reporting,Parked,12.45,False,UC-221,Allama Iqbal Town,Zone-39,Loader Rickshaw,Allama Iqbal Town,True,2026-08-11
-,LR-1725,LR1725,Lahore,"Tehsil Office, Allama Iqbal Town",LWMC-AlIT,-,-,moving,on,27.614,97.86,31.496017,74.244401,11/08/2026 10:46 AM,11/08/2026 11:00 AM,Reporting,Idle,11.54,False,UC-109,Allama Iqbal Town,Zone-38,Loader Rickshaw,Allama Iqbal Town,True,2026-08-11
-,LR-2095,LR2095,Lahore,"Tehsil Office, Shalimar Town",LWMC-ShTo,-,-,moving,on,13.333,98.41,31.578897,74.37279,11/08/2026 10:43 AM,11/08/2026 11:00 AM,Reporting,Parked,0.0,True,UC-121,Shalimar Town,Zone-10,Loader Rickshaw,Shalimar Town,True,2026-08-11
-,LR-2333,LR2333,Lahore,"Tehsil Office, Shalimar Town",LWMC-ShTo,-,-,moving,on,15.545,270.58,31.593255,74.353803,11/08/2026 10:23 AM,11/08/2026 11:00 AM,Reporting,Moving,0.0,True,UC-166,Shalimar Town,Zone-8,Loader Rickshaw,Shalimar Town,True,2026-08-11
23353,LR-1213,LR1213,Lahore,"Tehsil Office, Shalimar Town",LWMC-ShTo,Loader Rickshaw,Door To Door Collection,still,off,0.073,629.45,31.609765,74.381543,11/08/2026 10:46 AM,11/08/2026 11:00 AM,Reporting,No Activity Since Yesterday,0.0,True,UC-108,Wagha Town,Zone-13,Loader Rickshaw,Shalimar Town,False,2026-08-11
18490,CA-175,CA175,Lahore,"Tehsil Office, Shalimar Town",LWMC-ShTo,Chain Arm Roll,Container-Based Collection,moving,on,124.021,428.81,31.597963,74.364732,11/08/2026 10:15 AM,11/08/2026 11:00 AM,Reporting,Moving,0.0,True,UC-162,Shalimar Town,Zone-9,Chain Arm Roll,Shalimar Town,True,2026-08-11
-,LR-2396,LR2396,Lahore,"Tehsil Office, Shalimar Town",LWMC-ShTo,-,-,still,off,17.595,114.46,31.60959,74.38121,11/08/2026 10:16 AM,11/08/2026 11:00 AM,Reporting,Moving,0.0,True,UC-108,Wagha Town,Zone-13,Loader Rickshaw,Wagha Town,True,2026-08-11
-,LR-2187,LR2187,Lahore,"Tehsil Office, Shalimar Town",LWMC-ShTo,-,-,still,off,14.108,120.21,31.584017,74.341222,11/08/2026 10:44 AM,11/08/2026 11:00 AM,Reporting,Idle,0.0,True,UC-46,Shalimar Town,Zone-7,Loader Rickshaw,Shalimar Town,True,2026-08-11
-,D-54,D54,Lahore,"Tehsil Office, Shalimar Town",LWMC-ShTo,-,-,moving,on,57.979,489.43,31.584598,74.355623,11/08/2026 10:42 AM,11/08/2026 11:00 AM,Reporting,Idle,0.0,True,UC-165,Shalimar Town,Zone-9,Dumper,Shalimar Town,True,2026-08-11
25292,LR-0580,LR0580,Lahore,"Tehsil Office, Shalimar Town",LWMC-ShTo,Loader Rickshaw,Door to Door Collection,still,off,20.65,554.2,31.581907,74.369173,11/08/2026 10:32 AM,11/08/2026 11:00 AM,Reporting,Moving,0.0,True,UC-125,Shalimar Town,Zone-10,Loader Rickshaw,Shalimar Town,True,2026-08-11
-,S-394,S394,Lahore,"Tehsil Office, Shalimar Town",LWMC-ShTo,-,-,still,off,38.187,197.11,31.588885,74.349926,11/08/2026 09:31 AM,11/08/2026 11:00 AM,Reporting,Excess Idling,12.35,False,UC-42,Shalimar Town,Zone-7,Mini Dumper,Shalimar Town,True,2026-08-11
25254,LR-0123,LR0123,Lahore,"Tehsil Office, Shalimar Town",LWMC-ShTo,Loader Rickshaw,Door to Door Collection,still,off,19.642,520.45,31.603213,74.374885,11/08/2026 10:26 AM,11/08/2026 11:00 AM,Reporting,Moving,0.0,True,UC-163,Shalimar Town,Zone-9,Loader Rickshaw,Shalimar Town,True,2026-08-11
18489,CA-173,CA173,Lahore,"Tehsil Office, Shalimar Town",LWMC-ShTo,Chain Arm Roll,Container-Based Collection,still,off,75.195,643.41,31.603492,74.399708,11/08/2026 10:44 AM,11/08/2026 11:00 AM,Reporting,Moving,0.0,True,UC-135,Wagha Town,Zone-11,Chain Arm Roll,Shalimar Town,False,2026-08-11
-,S-180,S180,Lahore,"Tehsil Office, Shalimar Town",LWMC-ShTo,-,-,still,off,41.198,276.14,31.587772,74.34324,11/08/2026 10:46 AM,11/08/2026 11:00 AM,Reporting,Moving,0.0,True,UC-42,Shalimar Town,Zone-7,Mini Dumper,Shalimar Town,True,2026-08-11
20254,MFT-10,MFT10,Lahore,"Tehsil Office, Shalimar Town",LWMC-ShTo,Tractor Trolley,Bulk Waste Collection,moving,on,35.065,333.05,31.607062,74.364217,11/08/2026 10:06 AM,11/08/2026 11:00 AM,Reporting,Moving,0.0,True,UC-161,Shalimar Town,Zone-9,Tractor Trolley,Shalimar Town,True,2026-08-11
-,LR-2594,LR2594,Lahore,"Tehsil Office, Shalimar Town",LWMC-ShTo,-,-,still,off,19.698,635.64,31.588172,74.359407,11/08/2026 10:35 AM,11/08/2026 11:00 AM,Reporting,Idle,28.32,False,UC-164,Shalimar Town,Zone-8,Loader Rickshaw,Shalimar Town,True,2026-08-11
25310,LR-0850,LR0850,Lahore,"Tehsil Office, Shalimar Town",LWMC-ShTo,Loader Rickshaw,Door to Door Collection,still,off,19.541,517.13,31.578667,74.385031,11/08/2026 10:26 AM,11/08/2026 11:00 AM,Reporting,Moving,13.93,False,UC-153,Shalimar Town,Zone-10,Loader Rickshaw,Shalimar Town,True,2026-08-11
-,LR-2339,LR2339,Lahore,"Tehsil Office, Shalimar Town",LWMC-ShTo,-,-,still,off,0.004,644.45,31.610301,74.381442,11/08/2026 10:46 AM,11/08/2026 11:00 AM,Reporting,No Activity Since Yesterday,11.28,False,UC-108,Wagha Town,Zone-13,Loader Rickshaw,Shalimar Town,False,2026-08-11
-,M-73,M73,Lahore,"Tehsil Office, Shalimar Town",LWMC-ShTo,-,-,still,off,36.112,424.85,31.57401,74.287809,11/08/2026 10:38 AM,11/08/2026 11:00 AM,Reporting,Parked,12.05,False,UC-56,DGBT,Zone-29,Foton-Mini Dumper,Shalimar Town,False,2026-08-11
25299,LR-0672,LR0672,Lahore,"Tehsil Office, Shalimar Town",LWMC-ShTo,Loader Rickshaw,Door to Door Collection,still,off,7.4,620.51,31.585926,74.378192,11/08/2026 10:20 AM,11/08/2026 10:30 AM,Reporting,Moving,12.96,False,UC-125,Shalimar Town,Zone-10,Loader Rickshaw,Shalimar Town,True,2026-08-11
25267,LR-0354,LR0354,Lahore,"Tehsil Office, Shalimar Town",LWMC-ShTo,Loader Rickshaw,Door to Door Collection,still,off,,469.5,31.609458,74.38039,11/08/2026 10:45 AM,11/08/2026 11:00 AM,Reporting,No Activity Since Yesterday,0.0,True,UC-108,Wagha Town,Zone-13,Loader Rickshaw,Shalimar Town,False,2026-08-11
18418,HA-09,HA09,Lahore,"Tehsil Office, Shalimar Town",LWMC-ShTo,Arm Roll Truck,Container-Based Collection,still,off,53.097,637.76,31.573214,74.287044,11/08/2026 10:44 AM,11/08/2026 11:00 AM,Reporting,Moving,25.61,False,UC-56,DGBT,Zone-29,Arm Roll,Shalimar Town,False,2026-08-11
25279,LR-0486,LR0486,Lahore,"Tehsil Office, Shalimar Town",LWMC-ShTo,Loader Rickshaw,Door to Door Collection,moving,on,9.596,252.46,31.603839,74.373956,11/08/2026 09:47 AM,11/08/2026 10:00 AM,Reporting,Parked,9.24,False,UC-163,Shalimar Town,Zone-9,Loader Rickshaw,Shalimar Town,True,2026-08-11
19446,MFL-13,MFL13,Lahore,"Tehsil Office, Shalimar Town",LWMC-ShTo,Loader Rickshaw,Door To Door Collection,still,off,15.663,497.8,31.608357,74.357688,11/08/2026 09:51 AM,11/08/2026 11:00 AM,Reporting,Moving,14.65,False,UC-161,Shalimar Town,Zone-9,Loader,Shalimar Town,True,2026-08-11
-,LR-2795,LR2795,Lahore,"Tehsil Office, Shalimar Town",LWMC-ShTo,-,-,moving,on,19.035,560.95,31.603378,74.365732,11/08/2026 10:11 AM,11/08/2026 11:00 AM,Reporting,Parked,0.0,True,UC-161,Shalimar Town,Zone-9,Loader Rickshaw,Shalimar Town,True,2026-08-11
-,LR-2091,LR2091,Lahore,"Tehsil Office, Shalimar Town",LWMC-ShTo,-,-,still,off,21.516,636.83,31.580423,74.364966,11/08/2026 10:39 AM,11/08/2026 11:00 AM,Reporting,Moving,12.51,False,UC-126,Shalimar Town,Zone-9,Loader Rickshaw,Shalimar Town,True,2026-08-11
-,LR-1549,LR1549,Lahore,"Tehsil Office, Shalimar Town",LWMC-ShTo,-,-,still,off,25.633,634.76,31.600535,74.344453,11/08/2026 10:35 AM,11/08/2026 11:00 AM,Reporting,Moving,11.94,False,UC-26,Shalimar Town,Zone-6,Loader Rickshaw,Shalimar Town,True,2026-08-11
-,S-340,S340,Lahore,"Tehsil Office, Shalimar Town",LWMC-ShTo,-,-,still,off,14.697,193.11,31.581218,74.337372,11/08/2026 10:44 AM,11/08/2026 11:00 AM,Reporting,Parked,0.0,True,UC-31,Shalimar Town,Zone-7,Mini Dumper,Shalimar Town,True,2026-08-11
-,LR-2322,LR2322,Lahore,"Tehsil Office, Shalimar Town",LWMC-ShTo,-,-,moving,on,19.962,410.56,31.608648,74.368483,11/08/2026 10:07 AM,11/08/2026 11:00 AM,Reporting,Excess Idling,12.3,False,UC-108,Wagha Town,Zone-13,Loader Rickshaw,Shalimar Town,False,2026-08-11
25248,LR-0145,LR0145,Lahore,"Tehsil Office, Shalimar Town",LWMC-ShTo,Loader Rickshaw,Door to Door Collection,moving,on,9.811,556.01,31.606487,74.358173,11/08/2026 10:40 AM,11/08/2026 11:00 AM,Reporting,Moving,11.54,False,UC-161,Shalimar Town,Zone-9,Loader Rickshaw,Shalimar Town,True,2026-08-11
-,LR-2191,LR2191,Lahore,"Tehsil Office, Shalimar Town",LWMC-ShTo,-,-,moving,on,11.712,574.45,31.587528,74.350242,11/08/2026 10:40 AM,11/08/2026 11:00 AM,Reporting,Moving,11.84,False,UC-42,Shalimar Town,Zone-7,Loader Rickshaw,Shalimar Town,True,2026-08-11
23346,LR-1206,LR1206,Lahore,"Tehsil Office, Shalimar Town",LWMC-ShTo,Loader Rickshaw,Door To Door Collection,still,off,0.133,305.16,31.610738,74.381594,11/08/2026 09:06 AM,11/08/2026 11:00 AM,Reporting,No Activity Since Yesterday,7.61,False,UC-108,Wagha Town,Zone-13,Loader Rickshaw,Shalimar Town,False,2026-08-11
-,LR-2882,LR2882,Lahore,"Tehsil Office, Shalimar Town",LWMC-ShTo,-,-,moving,on,11.568,612.66,31.60969,74.337463,11/08/2026 10:43 AM,11/08/2026 11:00 AM,Reporting,Idle,10.82,False,UC-25,Shalimar Town,Zone-6,Loader Rickshaw,Shalimar Town,True,2026-08-11
23354,LR-1214,LR1214,Lahore,"Tehsil Office, Shalimar Town",LWMC-ShTo,Loader Rickshaw,Door To Door Collection,still,off,16.397,511.91,31.591818,74.359278,11/08/2026 10:37 AM,11/08/2026 11:00 AM,Reporting,Parked,0.0,True,UC-166,Shalimar Town,Zone-8,Loader Rickshaw,Shalimar Town,True,2026-08-11
-,LR-2498,LR2498,Lahore,"Tehsil Office, Shalimar Town",LWMC-ShTo,-,-,still,off,11.529,639.28,31.589408,74.366869,11/08/2026 10:40 AM,11/08/2026 11:00 AM,Reporting,Moving,12.4,False,UC-162,Shalimar Town,Zone-9,Loader Rickshaw,Shalimar Town,True,2026-08-11
-,LR-2600,LR2600,Lahore,"Tehsil Office, Shalimar Town",LWMC-ShTo,-,-,moving,on,16.186,487.69,31.607192,74.358516,11/08/2026 10:22 AM,11/08/2026 11:00 AM,Reporting,Moving,10.92,False,UC-161,Shalimar Town,Zone-9,Loader Rickshaw,Shalimar Town,True,2026-08-11
-,LR-1793,LR1793,Lahore,"Tehsil Office, Shalimar Town",LWMC-ShTo,-,-,still,off,14.163,620.04,31.602228,74.340259,11/08/2026 10:44 AM,11/08/2026 11:00 AM,Reporting,Moving,11.89,False,UC-27,Shalimar Town,Zone-6,Loader Rickshaw,Shalimar Town,True,2026-08-11
-,LR-2336,LR2336,Lahore,"Tehsil Office, Shalimar Town",LWMC-ShTo,-,-,still,off,0.07,546.54,31.610434,74.381537,11/08/2026 10:44 AM,11/08/2026 11:00 AM,Reporting,No Activity Since Yesterday,10.77,False,UC-108,Wagha Town,Zone-13,Loader Rickshaw,Shalimar Town,False,2026-08-11
-,LR-2381,LR2381,Lahore,"Tehsil Office, Shalimar Town",LWMC-ShTo,-,-,still,off,12.989,57.03,31.591234,74.338497,11/08/2026 10:46 AM,11/08/2026 11:00 AM,Reporting,Moving,11.49,False,UC-47,Shalimar Town,Zone-7,Loader Rickshaw,Shalimar Town,True,2026-08-11
23349,LR-1209,LR1209,Lahore,"Tehsil Office, Shalimar Town",LWMC-ShTo,Loader Rickshaw,Door To Door Collection,still,off,0.112,3.45,31.61076,74.381563,11/08/2026 10:42 AM,11/08/2026 11:00 AM,Reporting,No Activity Since Yesterday,0.0,True,UC-108,Wagha Town,Zone-13,Loader Rickshaw,Shalimar Town,False,2026-08-11
-,M-38,M38,Lahore,"Tehsil Office, Shalimar Town",LWMC-ShTo,-,-,still,off,47.959,155.15,31.581212,74.337585,11/08/2026 10:38 AM,11/08/2026 11:00 AM,Reporting,Moving,0.0,True,UC-31,Shalimar Town,Zone-7,Foton-Mini Dumper,Shalimar Town,True,2026-08-11
-,LR-0121,LR0121,Lahore,"Tehsil Office, Shalimar Town",LWMC-ShTo,-,-,still,off,11.674,243.13,31.607087,74.358045,11/08/2026 10:45 AM,11/08/2026 11:00 AM,Reporting,Parked,0.0,True,UC-161,Shalimar Town,Zone-9,Loader Rickshaw,Shalimar Town,True,2026-08-11
-,LR-1291,LR1291,Lahore,"Tehsil Office, Shalimar Town",LWMC-ShTo,-,-,still,off,19.956,158.13,31.593403,74.352993,11/08/2026 10:47 AM,11/08/2026 11:00 AM,Reporting,Idle,0.0,True,UC-166,Shalimar Town,Zone-8,Loader Rickshaw,Shalimar Town,True,2026-08-11
-,LR-1799,LR1799,Lahore,"Tehsil Office, Shalimar Town",LWMC-ShTo,-,-,still,off,14.603,83.56,31.589056,74.343899,11/08/2026 10:26 AM,11/08/2026 11:00 AM,Reporting,Moving,13.88,False,UC-41,Shalimar Town,Zone-7,Loader Rickshaw,Shalimar Town,True,2026-08-11
-,LR-1302,LR1302,Lahore,"Tehsil Office, Shalimar Town",LWMC-ShTo,-,-,still,off,12.894,233.48,31.581112,74.340105,11/08/2026 10:40 AM,11/08/2026 11:00 AM,Reporting,Idle,0.0,True,UC-44,Shalimar Town,Zone-8,Loader Rickshaw,Shalimar Town,True,2026-08-11
19478,LR-0155,LR0155,Lahore,"Tehsil Office, Shalimar Town",LWMC-ShTo,Loader Rickshaw,Door To Door Collection,moving,on,41.536,307.61,31.610582,74.382947,11/08/2026 10:40 AM,11/08/2026 11:00 AM,Reporting,Moving,0.0,True,UC-108,Wagha Town,Zone-13,Loader Rickshaw,Wagha Town,True,2026-08-11
-,LR-2083,LR2083,Lahore,"Tehsil Office, Shalimar Town",LWMC-ShTo,-,-,still,off,,,31.610298,74.381393,11/08/2026 08:18 AM,11/08/2026 08:30 AM,Reporting,No Activity Since Yesterday,0.0,True,UC-108,Wagha Town,Zone-13,Loader Rickshaw,Shalimar Town,False,2026-08-11
18629,C-1375,C1375,Lahore,"Tehsil Office, Shalimar Town",LWMC-ShTo,Compactor (13CM),Container-Based Collection,still,off,0.158,11.11,31.573605,74.287878,11/08/2026 10:39 AM,11/08/2026 11:00 AM,Reporting,No Activity Since Yesterday,0.0,True,UC-56,DGBT,Zone-29,Compactor,Shalimar Town,False,2026-08-11
-,LR-1301,LR1301,Lahore,"Tehsil Office, Shalimar Town",LWMC-ShTo,-,-,still,off,13.926,336.5,31.587532,74.33889,11/08/2026 10:39 AM,11/08/2026 11:00 AM,Reporting,Moving,0.0,True,UC-46,Shalimar Town,Zone-7,Loader Rickshaw,Shalimar Town,True,2026-08-11
-,LR-2428,LR2428,Lahore,"Tehsil Office, Shalimar Town",LWMC-ShTo,-,-,moving,on,9.036,158.3,31.6059,74.352527,11/08/2026 10:22 AM,11/08/2026 11:00 AM,Reporting,Moving,0.0,True,UC-24,Shalimar Town,Zone-6,Loader Rickshaw,Shalimar Town,True,2026-08-11
-,LR-2292,LR2292,Lahore,"Tehsil Office, Shalimar Town",LWMC-ShTo,-,-,moving,on,19.156,272.94,31.573283,74.381618,11/08/2026 10:48 AM,11/08/2026 11:00 AM,Reporting,Idle,0.0,True,UC-156,Shalimar Town,Zone-10,Loader Rickshaw,Shalimar Town,True,2026-08-11
25260,LR-0150,LR0150,Lahore,"Tehsil Office, Shalimar Town",LWMC-ShTo,Loader Rickshaw,Door to Door Collection,still,off,9.759,57.91,31.599494,74.378966,11/08/2026 10:41 AM,11/08/2026 11:00 AM,Reporting,Moving,12.1,False,UC-163,Shalimar Town,Zone-9,Loader Rickshaw,Shalimar Town,True,2026-08-11
-,LR-2208,LR2208,Lahore,"Tehsil Office, Shalimar Town",LWMC-ShTo,-,-,moving,on,14.777,232.81,31.591752,74.341527,11/08/2026 10:22 AM,11/08/2026 11:00 AM,Reporting,Moving,0.0,True,UC-47,Shalimar Town,Zone-7,Loader Rickshaw,Shalimar Town,True,2026-08-11
18497,CA-88,CA88,Lahore,"Tehsil Office, Shalimar Town",LWMC-ShTo,Chain Arm Roll,Container-Based Collection,moving,on,93.529,298.78,31.608984,74.379739,11/08/2026 10:02 AM,11/08/2026 10:30 AM,Reporting,Excess Idling,28.32,False,UC-108,Wagha Town,Zone-13,Chain Arm Roll,Shalimar Town,False,2026-08-11
-,LR-2341,LR2341,Lahore,"Tehsil Office, Shalimar Town",LWMC-ShTo,-,-,still,off,26.337,274.06,31.58139,74.391238,11/08/2026 10:29 AM,11/08/2026 11:00 AM,Reporting,Moving,0.0,True,UC-154,Shalimar Town,Zone-10,Loader Rickshaw,Shalimar Town,True,2026-08-11
-,LR-2100,LR2100,Lahore,"Tehsil Office, Shalimar Town",LWMC-ShTo,-,-,still,off,26.812,162.31,31.610735,74.381567,11/08/2026 10:44 AM,11/08/2026 11:00 AM,Reporting,Parked,0.0,True,UC-108,Wagha Town,Zone-13,Loader Rickshaw,Shalimar Town,False,2026-08-11
25290,LR-0570,LR0570,Lahore,"Tehsil Office, Shalimar Town",LWMC-ShTo,Loader Rickshaw,Door to Door Collection,moving,on,24.055,317.58,31.59957,74.34102,11/08/2026 10:44 AM,11/08/2026 11:00 AM,Reporting,Excess Idling,0.0,True,UC-27,Shalimar Town,Zone-6,Loader Rickshaw,Shalimar Town,True,2026-08-11
-,LR-2075,LR2075,Lahore,"Tehsil Office, Shalimar Town",LWMC-ShTo,-,-,still,off,0.106,43.71,31.610772,74.38149,11/08/2026 10:38 AM,11/08/2026 11:00 AM,Reporting,No Activity Since Yesterday,0.0,True,UC-108,Wagha Town,Zone-13,Loader Rickshaw,Shalimar Town,False,2026-08-11
-,LR-2295,LR2295,Lahore,"Tehsil Office, Shalimar Town",LWMC-ShTo,-,-,moving,on,21.727,175.15,31.588677,74.370358,11/08/2026 10:45 AM,11/08/2026 11:00 AM,Reporting,Idle,0.0,True,UC-129,Shalimar Town,Zone-9,Loader Rickshaw,Shalimar Town,True,2026-08-11
18631,C-1374,C1374,Lahore,"Tehsil Office, Shalimar Town",LWMC-ShTo,Compactor (13CM),Container-Based Collection,moving,on,41.862,255.84,31.580618,74.334417,11/08/2026 10:21 AM,11/08/2026 11:00 AM,Reporting,Idle,0.0,True,UC-31,Shalimar Town,Zone-7,Compactor,Shalimar Town,True,2026-08-11
25253,LR-0122,LR0122,Lahore,"Tehsil Office, Shalimar Town",LWMC-ShTo,Loader Rickshaw,Door to Door Collection,still,off,12.134,300.96,31.598152,74.377945,11/08/2026 10:34 AM,11/08/2026 11:00 AM,Reporting,Moving,13.17,False,UC-163,Shalimar Town,Zone-9,Loader Rickshaw,Shalimar Town,True,2026-08-11
-,C-1333,C1333,Lahore,"Tehsil Office, Shalimar Town",LWMC-ShTo,-,-,still,off,46.327,304.91,31.573163,74.287123,11/08/2026 10:38 AM,11/08/2026 11:00 AM,Reporting,Parked,0.0,True,UC-56,DGBT,Zone-29,Compactor,Shalimar Town,False,2026-08-11
-,M-117,M117,Lahore,"Tehsil Office, Shalimar Town",LWMC-ShTo,-,-,moving,on,71.51,205.21,31.609505,74.311458,11/08/2026 10:43 AM,11/08/2026 11:00 AM,Reporting,Parked,0.0,True,UC-19,Ravi Town,Zone-3,Foton-Mini Dumper,Shalimar Town,False,2026-08-11
-,LR-2209,LR2209,Lahore,"Tehsil Office, Shalimar Town",LWMC-ShTo,-,-,still,off,12.306,173.08,31.58768,74.334482,11/08/2026 09:18 AM,11/08/2026 11:00 AM,Reporting,Excess Idling,0.0,True,UC-47,Shalimar Town,Zone-7,Loader Rickshaw,Shalimar Town,True,2026-08-11
-,LR-1299,LR1299,Lahore,"Tehsil Office, Shalimar Town",LWMC-ShTo,-,-,still,off,13.417,107.56,31.591358,74.349135,11/08/2026 10:44 AM,11/08/2026 11:00 AM,Reporting,Parked,0.0,True,UC-40,Shalimar Town,Zone-7,Loader Rickshaw,Shalimar Town,True,2026-08-11
23342,LR-1202,LR1202,Lahore,"Tehsil Office, Shalimar Town",LWMC-ShTo,Loader Rickshaw,Door To Door Collection,still,off,23.444,236.16,31.596578,74.342085,11/08/2026 10:40 AM,11/08/2026 11:00 AM,Reporting,Parked,0.0,True,UC-28,Shalimar Town,Zone-6,Loader Rickshaw,Shalimar Town,True,2026-08-11
-,LR-2206,LR2206,Lahore,"Tehsil Office, Shalimar Town",LWMC-ShTo,-,-,moving,on,14.51,183.56,31.586805,74.341883,11/08/2026 09:48 AM,11/08/2026 10:00 AM,Reporting,Moving,0.0,True,UC-46,Shalimar Town,Zone-7,Loader Rickshaw,Shalimar Town,True,2026-08-11
-,C-1373,C1373,Lahore,"Tehsil Office, Shalimar Town",LWMC-ShTo,-,-,still,off,46.834,341.35,31.579215,74.37041,11/08/2026 10:41 AM,11/08/2026 11:00 AM,Reporting,Moving,0.0,True,UC-121,Shalimar Town,Zone-10,Compactor,Shalimar Town,True,2026-08-11
-,LR-1792,LR1792,Lahore,"Tehsil Office, Shalimar Town",LWMC-ShTo,-,-,still,off,15.676,61.79,31.609802,74.337474,11/08/2026 09:27 AM,11/08/2026 11:00 AM,Reporting,Excess Idling,12.76,False,UC-25,Shalimar Town,Zone-6,Loader Rickshaw,Shalimar Town,True,2026-08-11
-,S-25,S25,Lahore,"Tehsil Office, Shalimar Town",LWMC-ShTo,-,-,moving,on,21.006,122.63,31.599947,74.343335,11/08/2026 10:42 AM,11/08/2026 11:00 AM,Reporting,Parked,0.0,True,UC-28,Shalimar Town,Zone-6,Mini Dumper,Shalimar Town,True,2026-08-11
25308,LR-0848,LR0848,Lahore,"Tehsil Office, Shalimar Town",LWMC-ShTo,Loader Rickshaw,Door to Door Collection,still,off,13.663,108.03,31.583912,74.384117,11/08/2026 10:31 AM,11/08/2026 11:00 AM,Reporting,Moving,0.0,True,UC-153,Shalimar Town,Zone-10,Loader Rickshaw,Shalimar Town,True,2026-08-11
25262,LR-0348,LR0348,Lahore,"Tehsil Office, Shalimar Town",LWMC-ShTo,Loader Rickshaw,Door to Door Collection,still,off,13.796,316.98,31.601153,74.358333,11/08/2026 10:42 AM,11/08/2026 11:00 AM,Reporting,Parked,0.0,True,UC-161,Shalimar Town,Zone-9,Loader Rickshaw,Shalimar Town,True,2026-08-11
-,LR-1797,LR1797,Lahore,"Tehsil Office, Shalimar Town",LWMC-ShTo,-,-,still,off,13.205,262.53,31.583592,74.335178,11/08/2026 10:38 AM,11/08/2026 11:00 AM,Reporting,Idle,0.0,True,UC-31,Shalimar Town,Zone-7,Loader Rickshaw,Shalimar Town,True,2026-08-11
25255,LR-0124,LR0124,Lahore,"Tehsil Office, Shalimar Town",LWMC-ShTo,Loader Rickshaw,Door to Door Collection,moving,on,11.231,204.66,31.605822,74.360502,11/08/2026 10:27 AM,11/08/2026 11:00 AM,Reporting,Moving,0.0,True,UC-161,Shalimar Town,Zone-9,Loader Rickshaw,Shalimar Town,True,2026-08-11
23341,LR-1201,LR1201,Lahore,"Tehsil Office, Shalimar Town",LWMC-ShTo,Loader Rickshaw,Door To Door Collection,still,off,14.963,307.05,31.591987,74.354172,11/08/2026 10:45 AM,11/08/2026 11:00 AM,Reporting,Moving,0.0,True,UC-166,Shalimar Town,Zone-8,Loader Rickshaw,Shalimar Town,True,2026-08-11
-,LR-2390,LR2390,Lahore,"Tehsil Office, Shalimar Town",LWMC-ShTo,-,-,moving,on,18.3,320.78,31.609333,74.380338,11/08/2026 10:41 AM,11/08/2026 11:00 AM,Reporting,Idle,0.0,True,UC-108,Wagha Town,Zone-13,Loader Rickshaw,Wagha Town,True,2026-08-11
-,LR-2425,LR2425,Lahore,"Tehsil Office, Shalimar Town",LWMC-ShTo,-,-,moving,on,16.196,369.19,31.608545,74.352987,11/08/2026 10:39 AM,11/08/2026 11:00 AM,Reporting,Moving,0.0,True,UC-24,Shalimar Town,Zone-6,Loader Rickshaw,Shalimar Town,True,2026-08-11
18826,D-55,D55,Lahore,"Tehsil Office, Shalimar Town",LWMC-ShTo,Dumper (5CM),TCP Fleet,still,off,,,31.608902,74.379743,11/08/2026 10:38 AM,11/08/2026 11:00 AM,Reporting,No Activity Since Yesterday,0.0,True,UC-108,Wagha Town,Zone-13,Dumper,Shalimar Town,False,2026-08-11
25257,LR-0127,LR0127,Lahore,"Tehsil Office, Shalimar Town",LWMC-ShTo,Loader Rickshaw,Door to Door Collection,still,off,12.384,293.03,31.603895,74.380088,11/08/2026 10:42 AM,11/08/2026 11:00 AM,Reporting,Idle,0.0,True,UC-163,Shalimar Town,Zone-9,Loader Rickshaw,Shalimar Town,True,2026-08-11
20253,MFT-01,MFT01,Lahore,"Tehsil Office, Shalimar Town",LWMC-ShTo,Tractor Trolley,Bulk Waste Collection,still,off,,,31.572905,74.287458,11/08/2026 10:38 AM,11/08/2026 11:00 AM,Reporting,No Activity Since Yesterday,0.0,True,UC-56,DGBT,Zone-29,Tractor Trolley,Shalimar Town,False,2026-08-11
-,LR-1300,LR1300,Lahore,"Tehsil Office, Shalimar Town",LWMC-ShTo,-,-,still,off,,,31.610328,74.381367,11/08/2026 10:41 AM,11/08/2026 11:00 AM,Reporting,No Activity Since Yesterday,0.0,True,UC-108,Wagha Town,Zone-13,Loader Rickshaw,Shalimar Town,False,2026-08-11
18692,C-707,C707,Lahore,"Tehsil Office, Shalimar Town",LWMC-ShTo,Compactor (7CM),Container-Based Collection,still,off,,,31.573202,74.286842,11/08/2026 10:37 AM,11/08/2026 11:00 AM,Reporting,No Activity Since Yesterday,0.0,True,UC-56,DGBT,Zone-29,Compactor,Shalimar Town,False,2026-08-11
-,LR-1796,LR1796,Lahore,"Tehsil Office, Shalimar Town",LWMC-ShTo,-,-,still,off,14.986,166.61,31.586783,74.346875,11/08/2026 10:37 AM,11/08/2026 11:00 AM,Reporting,Moving,0.0,True,UC-42,Shalimar Town,Zone-7,Loader Rickshaw,Shalimar Town,True,2026-08-11
23343,LR-1203,LR1203,Lahore,"Tehsil Office, Shalimar Town",LWMC-ShTo,Loader Rickshaw,Door To Door Collection,still,off,12.452,105.16,31.591783,74.354067,11/08/2026 10:09 AM,11/08/2026 10:30 AM,Reporting,Parked,0.0,True,UC-166,Shalimar Town,Zone-8,Loader Rickshaw,Shalimar Town,True,2026-08-11
-,LR-2423,LR2423,Lahore,"Tehsil Office, Shalimar Town",LWMC-ShTo,-,-,moving,on,16.365,121.86,31.606623,74.342193,11/08/2026 10:33 AM,11/08/2026 11:00 AM,Reporting,Moving,0.0,True,UC-25,Shalimar Town,Zone-6,Loader Rickshaw,Shalimar Town,True,2026-08-11
-,M-16,M16,Lahore,"Tehsil Office, Shalimar Town",LWMC-ShTo,-,-,moving,on,58.234,184.09,31.608718,74.368335,11/08/2026 10:43 AM,11/08/2026 11:00 AM,Reporting,Moving,0.0,True,UC-108,Wagha Town,Zone-13,Foton-Mini Dumper,Shalimar Town,False,2026-08-11
-,LR-1292,LR1292,Lahore,"Tehsil Office, Shalimar Town",LWMC-ShTo,-,-,still,off,19.473,292.58,31.608968,74.368432,11/08/2026 10:31 AM,11/08/2026 11:00 AM,Reporting,Parked,0.0,True,UC-108,Wagha Town,Zone-13,Loader Rickshaw,Shalimar Town,False,2026-08-11
25246,LR-0130,LR0130,Lahore,"Tehsil Office, Shalimar Town",LWMC-ShTo,Loader Rickshaw,Door to Door Collection,moving,on,11.024,252.16,31.600582,74.358487,11/08/2026 10:44 AM,11/08/2026 11:00 AM,Reporting,Moving,0.0,True,UC-161,Shalimar Town,Zone-9,Loader Rickshaw,Shalimar Town,True,2026-08-11
18691,C-745,C745,Lahore,"Tehsil Office, Shalimar Town",LWMC-ShTo,Compactor (7CM),Container-Based Collection,moving,on,88.623,343.75,31.608322,74.368398,11/08/2026 10:45 AM,11/08/2026 11:00 AM,Reporting,Parked,0.0,True,UC-163,Shalimar Town,Zone-9,Compactor,Shalimar Town,True,2026-08-11
25284,LR-0564,LR0564,Lahore,"Tehsil Office, Shalimar Town",LWMC-ShTo,Loader Rickshaw,Door to Door Collection,still,off,24.055,291.19,31.609863,74.381485,11/08/2026 10:36 AM,11/08/2026 11:00 AM,Reporting,Parked,0.0,True,UC-108,Wagha Town,Zone-13,Loader Rickshaw,Shalimar Town,False,2026-08-11
-,LR-1552,LR1552,Lahore,"Tehsil Office, Shalimar Town",LWMC-ShTo,-,-,moving,on,8.931,116.43,31.608607,74.348918,11/08/2026 10:44 AM,11/08/2026 11:00 AM,Reporting,Parked,0.0,True,UC-24,Shalimar Town,Zone-6,Loader Rickshaw,Shalimar Town,True,2026-08-11
23333,LR-0968,LR0968,Lahore,"Tehsil Office, Shalimar Town",LWMC-ShTo,Loader Rickshaw,Door To Door Collection,still,off,17.531,298.08,31.606275,74.358215,11/08/2026 10:35 AM,11/08/2026 11:00 AM,Reporting,Idle,0.0,True,UC-161,Shalimar Town,Zone-9,Loader Rickshaw,Shalimar Town,True,2026-08-11
-,LR-2296,LR2296,Lahore,"Tehsil Office, Shalimar Town",LWMC-ShTo,-,-,moving,on,19.158,324.11,31.606425,74.358435,11/08/2026 10:19 AM,11/08/2026 11:00 AM,Reporting,Moving,0.0,True,UC-161,Shalimar Town,Zone-9,Loader Rickshaw,Shalimar Town,True,2026-08-11
-,LR-2188,LR2188,Lahore,"Tehsil Office, Shalimar Town",LWMC-ShTo,-,-,still,off,20.011,147.51,31.610415,74.381588,11/08/2026 10:37 AM,11/08/2026 11:00 AM,Reporting,Parked,0.0,True,UC-108,Wagha Town,Zone-13,Loader Rickshaw,Shalimar Town,False,2026-08-11
-,LR-2096,LR2096,Lahore,"Tehsil Office, Shalimar Town",LWMC-ShTo,-,-,moving,on,12.204,127.84,31.5791,74.370407,11/08/2026 10:25 AM,11/08/2026 11:00 AM,Reporting,Idle,0.0,True,UC-121,Shalimar Town,Zone-10,Loader Rickshaw,Shalimar Town,True,2026-08-11
-,LR-2066,LR2066,Lahore,"Tehsil Office, Shalimar Town",LWMC-ShTo,-,-,moving,on,12.265,125.2,31.583522,74.340173,11/08/2026 10:41 AM,11/08/2026 11:00 AM,Reporting,Moving,0.0,True,UC-46,Shalimar Town,Zone-7,Loader Rickshaw,Shalimar Town,True,2026-08-11
-,LR-2290,LR2290,Lahore,"Tehsil Office, Shalimar Town",LWMC-ShTo,-,-,moving,on,12.662,123.46,31.573975,74.382662,11/08/2026 10:31 AM,11/08/2026 11:00 AM,Reporting,Idle,0.0,True,UC-156,Shalimar Town,Zone-10,Loader Rickshaw,Shalimar Town,True,2026-08-11
-,LR-2315,LR2315,Lahore,"Tehsil Office, Shalimar Town",LWMC-ShTo,-,-,still,off,14.522,78.13,31.610775,74.381923,11/08/2026 10:26 AM,11/08/2026 11:00 AM,Reporting,Parked,0.0,True,UC-108,Wagha Town,Zone-13,Loader Rickshaw,Wagha Town,True,2026-08-11
25244,LR-0125,LR0125,Lahore,"Tehsil Office, Shalimar Town",LWMC-ShTo,Loader Rickshaw,Door to Door Collection,still,off,9.226,52.85,31.597097,74.355742,11/08/2026 10:03 AM,11/08/2026 10:30 AM,Reporting,Idle,12.15,False,UC-161,Shalimar Town,Zone-9,Loader Rickshaw,Shalimar Town,True,2026-08-11
18625,C-1328,C1328,Lahore,"Tehsil Office, Shalimar Town",LWMC-ShTo,Compactor (13CM),Container-Based Collection,moving,on,39.14,222.9,31.609187,74.327855,11/08/2026 10:41 AM,11/08/2026 11:00 AM,Reporting,Parked,0.0,True,,,,Compactor,Shalimar Town,False,2026-08-11
-,LR-2102,LR2102,Lahore,"Tehsil Office, Shalimar Town",LWMC-ShTo,-,-,still,off,10.682,199.71,31.607108,74.358187,11/08/2026 10:32 AM,11/08/2026 11:00 AM,Reporting,Moving,0.0,True,UC-161,Shalimar Town,Zone-9,Loader Rickshaw,Shalimar Town,True,2026-08-11
25319,WR-009,WR009,Lahore,"Tehsil Office, Shalimar Town",LWMC-ShTo,Rickshaw Washer,Door to Door Collection,moving,on,15.191,76.4,31.583703,74.380953,11/08/2026 10:42 AM,11/08/2026 11:00 AM,Reporting,Moving,0.0,True,UC-121,Shalimar Town,Zone-10,Washer Rickshaw,Shalimar Town,True,2026-08-11
-,S-112,S112,Lahore,"Tehsil Office, Shalimar Town",LWMC-ShTo,-,-,moving,on,23.171,122.0,31.604837,74.375317,11/08/2026 10:44 AM,11/08/2026 11:00 AM,Reporting,Parked,0.0,True,UC-163,Shalimar Town,Zone-9,Mini Dumper,Shalimar Town,True,2026-08-11
-,LR-2334,LR2334,Lahore,"Tehsil Office, Shalimar Town",LWMC-ShTo,-,-,moving,on,16.357,267.64,31.607108,74.357968,11/08/2026 10:46 AM,11/08/2026 11:00 AM,Reporting,Moving,0.0,True,UC-161,Shalimar Town,Zone-9,Loader Rickshaw,Shalimar Town,True,2026-08-11
25258,LR-0131,LR0131,Lahore,"Tehsil Office, Shalimar Town",LWMC-ShTo,Loader Rickshaw,Door to Door Collection,moving,on,21.315,252.18,31.60859,74.379943,11/08/2026 10:43 AM,11/08/2026 11:00 AM,Reporting,Parked,0.0,True,UC-108,Wagha Town,Zone-13,Loader Rickshaw,Shalimar Town,False,2026-08-11
-,LR-0862,LR0862,Lahore,"Tehsil Office, Shalimar Town",LWMC-ShTo,-,-,moving,on,20.04,327.89,31.597387,74.357067,11/08/2026 10:42 AM,11/08/2026 11:00 AM,Reporting,Idle,0.0,True,UC-161,Shalimar Town,Zone-9,Loader Rickshaw,Shalimar Town,True,2026-08-11
-,MFL-74,MFL74,Lahore,"Tehsil Office, Shalimar Town",LWMC-ShTo,-,-,still,off,10.519,340.58,31.603053,74.373343,11/08/2026 10:47 AM,11/08/2026 11:00 AM,Reporting,Idle,0.0,True,UC-163,Shalimar Town,Zone-9,Loader,Shalimar Town,True,2026-08-11
-,LR-2203,LR2203,Lahore,"Tehsil Office, Shalimar Town",LWMC-ShTo,-,-,still,off,14.884,182.96,31.589565,74.345612,11/08/2026 10:35 AM,11/08/2026 11:00 AM,Reporting,Excess Idling,0.0,True,UC-40,Shalimar Town,Zone-7,Loader Rickshaw,Shalimar Town,True,2026-08-11
-,LR-2097,LR2097,Lahore,"Tehsil Office, Shalimar Town",LWMC-ShTo,-,-,still,off,0.07,5.61,31.610797,74.38159,11/08/2026 10:36 AM,11/08/2026 11:00 AM,Reporting,No Activity Since Yesterday,0.0,True,UC-108,Wagha Town,Zone-13,Loader Rickshaw,Shalimar Town,False,2026-08-11
25305,LR-0861,LR0861,Lahore,"Tehsil Office, Shalimar Town",LWMC-ShTo,Loader Rickshaw,Door to Door Collection,still,off,18.912,103.61,31.597188,74.3512,11/08/2026 10:47 AM,11/08/2026 11:00 AM,Reporting,Moving,0.0,True,UC-24,Shalimar Town,Zone-6,Loader Rickshaw,Shalimar Town,True,2026-08-11
-,S-325,S325,Lahore,"Tehsil Office, Shalimar Town",LWMC-ShTo,-,-,still,off,27.419,199.88,31.589033,74.336738,11/08/2026 10:37 AM,11/08/2026 11:00 AM,Reporting,Moving,0.0,True,UC-47,Shalimar Town,Zone-7,Mini Dumper,Shalimar Town,True,2026-08-11
25288,LR-0568,LR0568,Lahore,"Tehsil Office, Shalimar Town",LWMC-ShTo,Loader Rickshaw,Door to Door Collection,moving,on,26.637,351.39,31.595672,74.337222,11/08/2026 10:41 AM,11/08/2026 11:00 AM,Reporting,Moving,0.0,True,UC-45,Shalimar Town,Zone-6,Loader Rickshaw,Shalimar Town,True,2026-08-11
25286,LR-0566,LR0566,Lahore,"Tehsil Office, Shalimar Town",LWMC-ShTo,Loader Rickshaw,Door to Door Collection,still,off,26.269,332.25,31.598717,74.340108,11/08/2026 10:23 AM,11/08/2026 11:00 AM,Reporting,Idle,0.0,True,UC-45,Shalimar Town,Zone-6,Loader Rickshaw,Shalimar Town,True,2026-08-11
-,LR-2427,LR2427,Lahore,"Tehsil Office, Shalimar Town",LWMC-ShTo,-,-,still,off,19.269,287.71,31.609722,74.38143,11/08/2026 10:33 AM,11/08/2026 11:00 AM,Reporting,Parked,0.0,True,UC-108,Wagha Town,Zone-13,Loader Rickshaw,Shalimar Town,False,2026-08-11
-,LR-2211,LR2211,Lahore,"Tehsil Office, Shalimar Town",LWMC-ShTo,-,-,still,off,13.099,326.44,31.590268,74.33885,11/08/2026 10:45 AM,11/08/2026 11:00 AM,Reporting,Moving,0.0,True,UC-47,Shalimar Town,Zone-7,Loader Rickshaw,Shalimar Town,True,2026-08-11
-,LR-1548,LR1548,Lahore,"Tehsil Office, Shalimar Town",LWMC-ShTo,-,-,still,off,9.501,74.33,31.605195,74.345505,11/08/2026 10:38 AM,11/08/2026 11:00 AM,Reporting,Parked,0.0,True,UC-26,Shalimar Town,Zone-6,Loader Rickshaw,Shalimar Town,True,2026-08-11
-,LR-2101,LR2101,Lahore,"Tehsil Office, Shalimar Town",LWMC-ShTo,-,-,still,off,,,31.610487,74.381512,11/08/2026 10:34 AM,11/08/2026 11:00 AM,Reporting,No Activity Since Yesterday,0.0,True,UC-108,Wagha Town,Zone-13,Loader Rickshaw,Shalimar Town,False,2026-08-11
-,LR-2189,LR2189,Lahore,"Tehsil Office, Shalimar Town",LWMC-ShTo,-,-,still,off,17.563,270.96,31.581227,74.337453,11/08/2026 10:41 AM,11/08/2026 11:00 AM,Reporting,Moving,0.0,True,UC-31,Shalimar Town,Zone-7,Loader Rickshaw,Shalimar Town,True,2026-08-11
18488,CA-117,CA117,Lahore,"Tehsil Office, Shalimar Town",LWMC-ShTo,Chain Arm Roll,Container-Based Collection,still,off,94.077,298.0,31.60752,74.357898,11/08/2026 10:42 AM,11/08/2026 11:00 AM,Reporting,Moving,0.0,True,UC-161,Shalimar Town,Zone-9,Chain Arm Roll,Shalimar Town,True,2026-08-11
-,LR-2210,LR2210,Lahore,"Tehsil Office, Shalimar Town",LWMC-ShTo,-,-,still,off,11.927,339.08,31.59049,74.338817,11/08/2026 10:46 AM,11/08/2026 11:00 AM,Reporting,Parked,0.0,True,UC-47,Shalimar Town,Zone-7,Loader Rickshaw,Shalimar Town,True,2026-08-11
-,LR-2374,LR2374,Lahore,"Tehsil Office, Shalimar Town",LWMC-ShTo,-,-,still,off,15.448,325.25,31.593173,74.344327,11/08/2026 10:37 AM,11/08/2026 11:00 AM,Reporting,Moving,0.0,True,UC-40,Shalimar Town,Zone-7,Loader Rickshaw,Shalimar Town,True,2026-08-11
18694,C-730,C730,Lahore,"Tehsil Office, Shalimar Town",LWMC-ShTo,Compactor (7CM),Container-Based Collection,still,off,60.465,297.36,31.604773,74.358233,11/08/2026 10:28 AM,11/08/2026 11:00 AM,Reporting,Moving,0.0,True,UC-161,Shalimar Town,Zone-9,Compactor,Shalimar Town,True,2026-08-11
-,LR-2098,LR2098,Lahore,"Tehsil Office, Shalimar Town",LWMC-ShTo,-,-,still,off,12.164,94.16,31.582242,74.380298,11/08/2026 10:34 AM,11/08/2026 11:00 AM,Reporting,Parked,0.0,True,UC-121,Shalimar Town,Zone-10,Loader Rickshaw,Shalimar Town,True,2026-08-11
25291,LR-0571,LR0571,Lahore,"Tehsil Office, Shalimar Town",LWMC-ShTo,Loader Rickshaw,Door to Door Collection,still,off,16.488,227.59,31.602613,74.33467,11/08/2026 10:48 AM,11/08/2026 11:00 AM,Reporting,Parked,0.0,True,UC-45,Shalimar Town,Zone-6,Loader Rickshaw,Shalimar Town,True,2026-08-11
-,LR-1304,LR1304,Lahore,"Tehsil Office, Shalimar Town",LWMC-ShTo,-,-,still,off,10.752,219.3,31.595672,74.352938,11/08/2026 10:36 AM,11/08/2026 11:00 AM,Reporting,Moving,0.0,True,UC-24,Shalimar Town,Zone-6,Loader Rickshaw,Shalimar Town,True,2026-08-11
18493,CA-78,CA78,Lahore,"Tehsil Office, Shalimar Town",LWMC-ShTo,Chain Arm Roll,Container-Based Collection,moving,on,36.443,334.86,31.60878,74.366965,11/08/2026 10:37 AM,11/08/2026 11:00 AM,Reporting,Moving,0.0,True,UC-108,Wagha Town,Zone-13,Chain Arm Roll,Shalimar Town,False,2026-08-11
25303,LR-0857,LR0857,Lahore,"Tehsil Office, Shalimar Town",LWMC-ShTo,Loader Rickshaw,Door to Door Collection,moving,on,14.366,193.13,31.610627,74.381469,11/08/2026 10:23 AM,11/08/2026 11:00 AM,Reporting,Excess Idling,14.34,False,UC-108,Wagha Town,Zone-13,Loader Rickshaw,Shalimar Town,False,2026-08-11
-,LR-1801,LR1801,Lahore,"Tehsil Office, Shalimar Town",LWMC-ShTo,-,-,moving,on,18.342,224.63,31.589317,74.351725,11/08/2026 10:30 AM,11/08/2026 11:00 AM,Reporting,Moving,0.0,True,UC-166,Shalimar Town,Zone-8,Loader Rickshaw,Shalimar Town,True,2026-08-11
18492,CA-124,CA124,Lahore,"Tehsil Office, Shalimar Town",LWMC-ShTo,Chain Arm Roll,Container-Based Collection,moving,on,87.089,302.89,31.60839,74.363093,11/08/2026 10:33 AM,11/08/2026 11:00 AM,Reporting,Moving,0.0,True,UC-161,Shalimar Town,Zone-9,Chain Arm Roll,Shalimar Town,True,2026-08-11
-,LR-2186,LR2186,Lahore,"Tehsil Office, Shalimar Town",LWMC-ShTo,-,-,still,off,14.552,186.16,31.581358,74.333752,11/08/2026 09:47 AM,11/08/2026 11:00 AM,Reporting,Moving,0.0,True,UC-31,Shalimar Town,Zone-7,Loader Rickshaw,Shalimar Town,True,2026-08-11
-,S-23,S23,Lahore,"Tehsil Office, Shalimar Town",LWMC-ShTo,-,-,still,off,18.333,77.95,31.588523,74.336807,11/08/2026 10:34 AM,11/08/2026 11:00 AM,Reporting,Parked,0.0,True,UC-47,Shalimar Town,Zone-7,Mini Dumper,Shalimar Town,True,2026-08-11
25287,LR-0567,LR0567,Lahore,"Tehsil Office, Shalimar Town",LWMC-ShTo,Loader Rickshaw,Door to Door Collection,still,off,15.97,157.15,31.600088,74.334482,11/08/2026 10:41 AM,11/08/2026 11:00 AM,Reporting,Parked,0.0,True,UC-45,Shalimar Town,Zone-6,Loader Rickshaw,Shalimar Town,True,2026-08-11
-,LR-1795,LR1795,Lahore,"Tehsil Office, Shalimar Town",LWMC-ShTo,-,-,still,off,16.682,244.65,31.588372,74.348158,11/08/2026 10:26 AM,11/08/2026 11:00 AM,Reporting,Parked,0.0,True,UC-42,Shalimar Town,Zone-7,Loader Rickshaw,Shalimar Town,True,2026-08-11
-,LR-2392,LR2392,Lahore,"Tehsil Office, Shalimar Town",LWMC-ShTo,-,-,still,off,15.165,257.64,31.595913,74.400517,11/08/2026 10:41 AM,11/08/2026 11:00 AM,Reporting,Moving,0.0,True,UC-135,Wagha Town,Zone-11,Loader Rickshaw,Wagha Town,True,2026-08-11
-,LR-2318,LR2318,Lahore,"Tehsil Office, Shalimar Town",LWMC-ShTo,-,-,moving,on,26.973,351.75,31.603963,74.373922,11/08/2026 10:37 AM,11/08/2026 11:00 AM,Reporting,Idle,0.0,True,UC-163,Shalimar Town,Zone-9,Loader Rickshaw,Shalimar Town,True,2026-08-11
-,LR-1802,LR1802,Lahore,"Tehsil Office, Shalimar Town",LWMC-ShTo,-,-,moving,on,15.992,74.58,31.607198,74.357962,11/08/2026 10:41 AM,11/08/2026 11:00 AM,Reporting,Moving,14.29,False,UC-161,Shalimar Town,Zone-9,Loader Rickshaw,Shalimar Town,True,2026-08-11
-,LR-1547,LR1547,Lahore,"Tehsil Office, Shalimar Town",LWMC-ShTo,-,-,still,off,,,31.600758,74.344595,11/08/2026 10:37 AM,11/08/2026 11:00 AM,Reporting,No Activity Since Yesterday,0.0,True,UC-26,Shalimar Town,Zone-6,Loader Rickshaw,Shalimar Town,True,2026-08-11
-,LR-2207,LR2207,Lahore,"Tehsil Office, Shalimar Town",LWMC-ShTo,-,-,moving,on,14.76,223.26,31.590568,74.335758,11/08/2026 10:14 AM,11/08/2026 11:00 AM,Reporting,Moving,0.0,True,UC-47,Shalimar Town,Zone-7,Loader Rickshaw,Shalimar Town,True,2026-08-11
25293,LR-0595,LR0595,Lahore,"Tehsil Office, Shalimar Town",LWMC-ShTo,Loader Rickshaw,Door to Door Collection,still,off,19.243,126.63,31.581468,74.37298,11/08/2026 10:33 AM,11/08/2026 11:00 AM,Reporting,Moving,0.0,True,UC-125,Shalimar Town,Zone-10,Loader Rickshaw,Shalimar Town,True,2026-08-11
-,LR-1789,LR1789,Lahore,"Tehsil Office, Shalimar Town",LWMC-ShTo,-,-,still,off,18.214,257.91,31.586255,74.349532,11/08/2026 10:46 AM,11/08/2026 11:00 AM,Reporting,Moving,0.0,True,UC-42,Shalimar Town,Zone-7,Loader Rickshaw,Shalimar Town,True,2026-08-11
-,M-50,M50,Lahore,"Tehsil Office, Shalimar Town",LWMC-ShTo,-,-,moving,on,63.086,251.51,31.583445,74.380193,11/08/2026 10:43 AM,11/08/2026 11:00 AM,Reporting,Moving,0.0,True,UC-121,Shalimar Town,Zone-10,Foton-Mini Dumper,Shalimar Town,True,2026-08-11
-,M-42,M42,Lahore,"Tehsil Office, Shalimar Town",LWMC-ShTo,-,-,moving,on,56.739,174.4,31.60157,74.369168,11/08/2026 10:45 AM,11/08/2026 11:00 AM,Reporting,Moving,0.0,True,UC-163,Shalimar Town,Zone-9,Foton-Mini Dumper,Shalimar Town,True,2026-08-11
-,LR-2084,LR2084,Lahore,"Tehsil Office, Shalimar Town",LWMC-ShTo,-,-,moving,on,10.318,67.03,31.606758,74.358088,11/08/2026 10:42 AM,11/08/2026 11:00 AM,Reporting,Idle,0.0,True,UC-161,Shalimar Town,Zone-9,Loader Rickshaw,Shalimar Town,True,2026-08-11
-,LR-1298,LR1298,Lahore,"Tehsil Office, Shalimar Town",LWMC-ShTo,-,-,moving,on,21.786,361.33,31.594853,74.345845,11/08/2026 10:32 AM,11/08/2026 11:00 AM,Reporting,Moving,0.0,True,UC-40,Shalimar Town,Zone-7,Loader Rickshaw,Shalimar Town,True,2026-08-11
-,LR-2426,LR2426,Lahore,"Tehsil Office, Shalimar Town",LWMC-ShTo,-,-,moving,on,33.653,219.84,31.59486,74.355793,11/08/2026 10:44 AM,11/08/2026 11:00 AM,Reporting,Moving,0.0,True,UC-24,Shalimar Town,Zone-6,Loader Rickshaw,Shalimar Town,True,2026-08-11
-,LR-2338,LR2338,Lahore,"Tehsil Office, Shalimar Town",LWMC-ShTo,-,-,still,off,28.874,314.58,31.582893,74.344147,11/08/2026 10:28 AM,11/08/2026 11:00 AM,Reporting,Moving,0.0,True,UC-44,Shalimar Town,Zone-8,Loader Rickshaw,Shalimar Town,True,2026-08-11
18634,C-1383,C1383,Lahore,"Tehsil Office, Shalimar Town",LWMC-ShTo,Compactor (13CM),Container-Based Collection,moving,on,51.712,307.86,31.601463,74.369228,11/08/2026 10:27 AM,11/08/2026 11:00 AM,Reporting,Moving,0.0,True,UC-163,Shalimar Town,Zone-9,Compactor,Shalimar Town,True,2026-08-11
-,LR-1293,LR1293,Lahore,"Tehsil Office, Shalimar Town",LWMC-ShTo,-,-,still,off,17.988,265.8,31.583755,74.332618,11/08/2026 10:06 AM,11/08/2026 11:00 AM,Reporting,Moving,0.0,True,UC-31,Shalimar Town,Zone-7,Loader Rickshaw,Shalimar Town,True,2026-08-11
23340,LR-1200,LR1200,Lahore,"Tehsil Office, Shalimar Town",LWMC-ShTo,Loader Rickshaw,Door To Door Collection,still,off,,,31.610035,74.38154,11/08/2026 10:34 AM,11/08/2026 11:00 AM,Reporting,No Activity Since Yesterday,0.0,True,UC-108,Wagha Town,Zone-13,Loader Rickshaw,Shalimar Town,False,2026-08-11
-,LR-2578,LR2578,Lahore,"Tehsil Office, Gulberg Town",LWMC-GuTo,-,-,still,off,14.9,595.61,31.550869,74.355233,11/08/2026 10:41 AM,11/08/2026 11:00 AM,Reporting,Idle,11.74,False,UC-81,DGBT,Zone-26,Loader Rickshaw,Gulberg Town,False,2026-08-11
-,LR-1567,LR1567,Lahore,"Tehsil Office, Gulberg Town",LWMC-GuTo,-,-,moving,on,13.25,433.3,31.601945,74.369053,11/08/2026 10:07 AM,11/08/2026 11:00 AM,Reporting,Moving,11.89,False,UC-161,Shalimar Town,Zone-9,Loader Rickshaw,Gulberg Town,False,2026-08-11
-,LR-1711,LR1711,Lahore,"Tehsil Office, Gulberg Town",LWMC-GuTo,-,-,still,off,19.775,603.2,31.532303,74.360726,11/08/2026 10:46 AM,11/08/2026 11:00 AM,Reporting,Excess Idling,11.79,False,UC-200,Gulberg Town,Zone-20,Loader Rickshaw,Gulberg Town,True,2026-08-11
-,LR-2571,LR2571,Lahore,"Tehsil Office, Gulberg Town",LWMC-GuTo,-,-,moving,on,37.917,424.55,31.472309,74.344928,11/08/2026 09:51 AM,11/08/2026 11:00 AM,Reporting,Idle,10.11,False,UC-206,Gulberg Town,Zone-22,Loader Rickshaw,Gulberg Town,True,2026-08-11
-,LR-3063,LR3063,Lahore,"Tehsil Office, Gulberg Town",LWMC-GuTo,-,-,still,off,10.248,196.25,31.470511,74.337055,11/08/2026 09:26 AM,11/08/2026 11:00 AM,Reporting,Moving,11.03,False,UC-226,Gulberg Town,Zone-22,,Gulberg Town,True,2026-08-11
22552,LR-0643,LR0643,Lahore,"Tehsil Office, Gulberg Town",LWMC-GuTo,Loader Rickshaw,Door To Door Collection,moving,on,10.953,480.03,31.505341,74.322787,11/08/2026 10:01 AM,11/08/2026 11:00 AM,Reporting,Idle,12.15,False,UC-208,Gulberg Town,Zone-23,Loader Rickshaw,Gulberg Town,True,2026-08-11
-,LR-1358,LR1358,Lahore,"Tehsil Office, Gulberg Town",LWMC-GuTo,-,-,moving,on,10.38,559.79,31.484838,74.30222,11/08/2026 09:20 AM,11/08/2026 10:30 AM,Reporting,Moving,16.74,False,UC-211,Gulberg Town,Zone-23,Loader Rickshaw,Gulberg Town,True,2026-08-11
-,LR-1569,LR1569,Lahore,"Tehsil Office, Gulberg Town",LWMC-GuTo,-,-,still,off,20.583,596.68,31.499213,74.349559,11/08/2026 10:12 AM,11/08/2026 11:00 AM,Reporting,Idle,11.74,False,UC-204,Gulberg Town,Zone-21,Loader Rickshaw,Gulberg Town,True,2026-08-11
-,LR-1706,LR1706,Lahore,"Tehsil Office, Gulberg Town",LWMC-GuTo,-,-,still,off,0.066,610.13,31.532868,74.360768,11/08/2026 10:39 AM,11/08/2026 11:00 AM,Reporting,No Activity Since Yesterday,11.33,False,UC-200,Gulberg Town,Zone-20,Loader Rickshaw,Gulberg Town,True,2026-08-11
-,LR-3062,LR3062,Lahore,"Tehsil Office, Gulberg Town",LWMC-GuTo,-,-,moving,on,11.228,404.85,31.468676,74.338862,11/08/2026 10:01 AM,11/08/2026 11:00 AM,Reporting,Moving,11.94,False,UC-226,Gulberg Town,Zone-22,,Gulberg Town,True,2026-08-11
-,LR-3103,LR3103,Lahore,"Tehsil Office, Gulberg Town",LWMC-GuTo,-,-,moving,on,21.346,583.25,31.382695,74.363987,11/08/2026 09:43 AM,11/08/2026 11:00 AM,Reporting,Moving,12.05,False,UC-244,Nishter Town,Zone-48,,Gulberg Town,False,2026-08-11
-,LR-1555,LR1555,Lahore,"Tehsil Office, Gulberg Town",LWMC-GuTo,-,-,still,off,11.473,579.35,31.565011,74.378401,11/08/2026 10:13 AM,11/08/2026 11:00 AM,Reporting,Idle,12.51,False,UC-122,Gulberg Town,Zone-19,Loader Rickshaw,Gulberg Town,True,2026-08-11
-,LR-2579,LR2579,Lahore,"Tehsil Office, Gulberg Town",LWMC-GuTo,-,-,still,off,0.067,240.23,31.574761,74.371884,11/08/2026 04:00 AM,11/08/2026 05:00 AM,Reporting,No Activity Since Yesterday,5.31,False,UC-120,Gulberg Town,Zone-19,Loader Rickshaw,Gulberg Town,True,2026-08-11
18554,C-1339,C1339,Lahore,"Tehsil Office, Gulberg Town",LWMC-GuTo,Compactor (13CM),Container-Based Collection,moving,on,127.021,506.36,31.470436,74.308926,11/08/2026 10:17 AM,11/08/2026 11:00 AM,Reporting,Parked,28.62,False,UC-210,Gulberg Town,Zone-23,Compactor,Gulberg Town,True,2026-08-11
-,LR-3054,LR3054,Lahore,"Tehsil Office, Gulberg Town",LWMC-GuTo,-,-,still,off,14.769,68.23,31.376317,74.366707,11/08/2026 09:49 AM,11/08/2026 11:00 AM,Reporting,Moving,13.02,False,UC-244,Nishter Town,Zone-48,,Gulberg Town,False,2026-08-11
-,D-22,D22,Lahore,"Tehsil Office, Gulberg Town",LWMC-GuTo,-,-,moving,on,96.484,530.16,31.603411,74.400002,11/08/2026 10:41 AM,11/08/2026 11:00 AM,Reporting,Parked,26.33,False,UC-135,Wagha Town,Zone-11,Dumper,Gulberg Town,False,2026-08-11
-,VS-11,VS11,Lahore,"Tehsil Office, Gulberg Town",LWMC-GuTo,-,-,still,off,67.566,308.01,31.464357,74.225548,11/08/2026 08:58 AM,11/08/2026 10:00 AM,Reporting,Parked,28.21,False,UC-117,Allama Iqbal Town,Zone-41,Vaccume Sweeper,Night Operations,False,2026-08-11
-,LR-3113,LR3113,Lahore,"Tehsil Office, Gulberg Town",LWMC-GuTo,-,-,still,off,6.865,396.73,31.365143,74.381512,11/08/2026 10:18 AM,11/08/2026 11:00 AM,Reporting,Excess Idling,11.38,False,UC-248,Nishter Town,Zone-49,,Gulberg Town,False,2026-08-11
-,C-1357,C1357,Lahore,"Tehsil Office, Gulberg Town",LWMC-GuTo,-,-,moving,on,86.936,395.89,31.571983,74.367423,11/08/2026 10:26 AM,11/08/2026 11:00 AM,Reporting,Moving,28.26,False,UC-120,Gulberg Town,Zone-19,Compactor,Gulberg Town,True,2026-08-11
-,LR-1571,LR1571,Lahore,"Tehsil Office, Gulberg Town",LWMC-GuTo,-,-,still,off,9.137,64.86,31.530443,74.343542,11/08/2026 10:38 AM,11/08/2026 11:00 AM,Reporting,Moving,0.0,True,UC-200,Gulberg Town,Zone-20,Loader Rickshaw,Gulberg Town,True,2026-08-11
18568,C-1351,C1351,Lahore,"Tehsil Office, Gulberg Town",LWMC-GuTo,Compactor (13CM),Container-Based Collection,still,off,114.867,527.46,31.559998,74.341353,11/08/2026 10:42 AM,11/08/2026 11:00 AM,Reporting,Moving,25.71,False,UC-173,Gulberg Town,Zone-20,Compactor,Gulberg Town,True,2026-08-11
-,LR-S-253,LRS253,Lahore,"Tehsil Office, Gulberg Town",LWMC-GuTo,-,-,moving,on,94.34,251.58,31.568387,74.365935,11/08/2026 10:40 AM,11/08/2026 11:00 AM,Reporting,Moving,0.0,True,UC-120,Gulberg Town,Zone-19,Mini Dumper,Gulberg Town,True,2026-08-11
18460,CA-118,CA118,Lahore,"Tehsil Office, Gulberg Town",LWMC-GuTo,Chain Arm Roll,Container-Based Collection,moving,on,85.006,249.15,31.504873,74.33132,11/08/2026 10:31 AM,11/08/2026 11:00 AM,Reporting,Moving,12.49,False,UC-203,Gulberg Town,Zone-21,Chain Arm Roll,Gulberg Town,True,2026-08-11
18463,CA-113,CA113,Lahore,"Tehsil Office, Gulberg Town",LWMC-GuTo,Chain Arm Roll,Container-Based Collection,moving,on,200.61,545.73,31.597235,74.40171,11/08/2026 10:40 AM,11/08/2026 11:00 AM,Reporting,Moving,14.19,False,UC-135,Wagha Town,Zone-11,Chain Arm Roll,Gulberg Town,False,2026-08-11
22584,LR-0667,LR0667,Lahore,"Tehsil Office, Gulberg Town",LWMC-GuTo,Loader Rickshaw,Door To Door Collection,moving,on,22.875,295.25,31.468357,74.32044,11/08/2026 10:11 AM,11/08/2026 11:00 AM,Reporting,Moving,0.0,True,UC-223,Gulberg Town,Zone-22,Loader Rickshaw,Gulberg Town,True,2026-08-11
19791,M-70,M70,Lahore,"Tehsil Office, Gulberg Town",LWMC-GuTo,Mini Dumper,Bulk Waste Collection,moving,on,46.989,166.88,31.509804,74.340396,11/08/2026 10:04 AM,11/08/2026 10:30 AM,Reporting,Moving,13.47,False,UC-203,Gulberg Town,Zone-21,Foton-Mini Dumper,Gulberg Town,True,2026-08-11
19796,M-51,M51,Lahore,"Tehsil Office, Gulberg Town",LWMC-GuTo,Mini Dumper,Bulk Waste Collection,moving,on,40.366,412.19,31.50345,74.329447,11/08/2026 10:18 AM,11/08/2026 11:00 AM,Reporting,Parked,0.0,True,UC-208,Gulberg Town,Zone-23,Foton-Mini Dumper,Gulberg Town,True,2026-08-11
19793,M-39,M39,Lahore,"Tehsil Office, Gulberg Town",LWMC-GuTo,Mini Dumper,Bulk Waste Collection,moving,on,69.086,236.41,31.472097,74.345102,11/08/2026 10:45 AM,11/08/2026 11:00 AM,Reporting,Moving,0.0,True,UC-206,Gulberg Town,Zone-22,Foton-Mini Dumper,Gulberg Town,True,2026-08-11
22595,LR-0695,LR0695,Lahore,"Tehsil Office, Gulberg Town",LWMC-GuTo,Loader Rickshaw,Door To Door Collection,still,off,18.345,77.48,31.465815,74.340762,11/08/2026 10:36 AM,11/08/2026 11:00 AM,Reporting,Moving,0.0,True,UC-226,Gulberg Town,Zone-22,Loader Rickshaw,Gulberg Town,True,2026-08-11
22570,LR-1041,LR1041,Lahore,"Tehsil Office, Gulberg Town",LWMC-GuTo,Loader Rickshaw,Door To Door Collection,still,off,0.075,344.23,31.532622,74.360778,11/08/2026 10:45 AM,11/08/2026 11:00 AM,Reporting,No Activity Since Yesterday,0.0,True,UC-200,Gulberg Town,Zone-20,Loader Rickshaw,Gulberg Town,True,2026-08-11
-,LR-1575,LR1575,Lahore,"Tehsil Office, Gulberg Town",LWMC-GuTo,-,-,moving,on,19.185,88.75,31.529745,74.34239,11/08/2026 10:45 AM,11/08/2026 11:00 AM,Reporting,Moving,0.0,True,UC-200,Gulberg Town,Zone-20,Loader Rickshaw,Gulberg Town,True,2026-08-11
18457,CA-121,CA121,Lahore,"Tehsil Office, Gulberg Town",LWMC-GuTo,Chain Arm Roll,Container-Based Collection,moving,on,113.912,394.05,31.583674,74.381153,11/08/2026 10:26 AM,11/08/2026 11:00 AM,Reporting,Moving,15.36,False,UC-121,Shalimar Town,Zone-10,Chain Arm Roll,Gulberg Town,False,2026-08-11
18461,CA-150,CA150,Lahore,"Tehsil Office, Gulberg Town",LWMC-GuTo,Chain Arm Roll,Container-Based Collection,moving,on,160.054,479.06,31.533602,74.340093,11/08/2026 10:24 AM,11/08/2026 11:00 AM,Reporting,Moving,29.39,False,UC-200,Gulberg Town,Zone-20,Chain Arm Roll,Gulberg Town,True,2026-08-11
22511,LR-0520,LR0520,Lahore,"Tehsil Office, Gulberg Town",LWMC-GuTo,Loader Rickshaw,Door To Door Collection,moving,on,29.884,150.26,31.559177,74.348937,11/08/2026 10:33 AM,11/08/2026 11:00 AM,Reporting,Moving,0.0,True,UC-173,Gulberg Town,Zone-20,Loader Rickshaw,Gulberg Town,True,2026-08-11
18458,CA-170,CA170,Lahore,"Tehsil Office, Gulberg Town",LWMC-GuTo,Chain Arm Roll,Container-Based Collection,moving,on,150.929,416.88,31.560041,74.371346,11/08/2026 10:26 AM,11/08/2026 11:00 AM,Reporting,Moving,28.72,False,UC-187,Aziz Bhatti Town,Zone-18,Chain Arm Roll,Gulberg Town,False,2026-08-11
22565,LR-1131,LR1131,Lahore,"Tehsil Office, Gulberg Town",LWMC-GuTo,Loader Rickshaw,Door To Door Collection,still,off,24.076,193.21,31.477907,74.312647,11/08/2026 10:47 AM,11/08/2026 11:00 AM,Reporting,Moving,0.0,True,UC-209,Gulberg Town,Zone-23,Loader Rickshaw,Gulberg Town,True,2026-08-11
-,LR-1717,LR1717,Lahore,"Tehsil Office, Gulberg Town",LWMC-GuTo,-,-,moving,on,23.065,81.61,31.501438,74.351041,11/08/2026 09:29 AM,11/08/2026 11:00 AM,Reporting,Moving,14.09,False,UC-204,Gulberg Town,Zone-21,Loader Rickshaw,Gulberg Town,True,2026-08-11
22527,LR-1148,LR1148,Lahore,"Tehsil Office, Gulberg Town",LWMC-GuTo,Loader Rickshaw,Door To Door Collection,moving,on,14.599,94.91,31.528945,74.342823,11/08/2026 10:45 AM,11/08/2026 11:00 AM,Reporting,Moving,0.0,True,UC-200,Gulberg Town,Zone-20,Loader Rickshaw,Gulberg Town,True,2026-08-11
-,LR-1712,LR1712,Lahore,"Tehsil Office, Gulberg Town",LWMC-GuTo,-,-,still,off,,,31.5328,74.360658,11/08/2026 10:22 AM,11/08/2026 11:00 AM,Reporting,No Activity Since Yesterday,0.0,True,UC-200,Gulberg Town,Zone-20,Loader Rickshaw,Gulberg Town,True,2026-08-11
-,MFL-02,MFL02,Lahore,"Tehsil Office, Gulberg Town",LWMC-GuTo,-,-,moving,on,19.527,303.0,31.526587,74.35392,11/08/2026 10:17 AM,11/08/2026 11:00 AM,Reporting,Idle,11.54,False,UC-201,Gulberg Town,Zone-21,Loader,Gulberg Town,True,2026-08-11
-,LR-1576,LR1576,Lahore,"Tehsil Office, Gulberg Town",LWMC-GuTo,-,-,still,off,6.704,97.61,31.565875,74.354372,11/08/2026 10:35 AM,11/08/2026 11:00 AM,Reporting,Moving,0.0,True,UC-123,Gulberg Town,Zone-19,Loader Rickshaw,Gulberg Town,True,2026-08-11
22537,LR-1136,LR1136,Lahore,"Tehsil Office, Gulberg Town",LWMC-GuTo,Loader Rickshaw,Door To Door Collection,moving,on,15.702,90.34,31.530449,74.343452,11/08/2026 10:47 AM,11/08/2026 11:00 AM,Reporting,Idle,14.24,False,UC-200,Gulberg Town,Zone-20,Loader Rickshaw,Gulberg Town,True,2026-08-11
-,LR-2575,LR2575,Lahore,"Tehsil Office, Gulberg Town",LWMC-GuTo,-,-,still,off,21.313,72.03,31.50002,74.349748,11/08/2026 10:32 AM,11/08/2026 11:00 AM,Reporting,Moving,13.07,False,UC-204,Gulberg Town,Zone-21,Loader Rickshaw,Gulberg Town,True,2026-08-11
19805,M-03,M03,Lahore,"Tehsil Office, Gulberg Town",LWMC-GuTo,Mini Dumper,Bulk Waste Collection,moving,on,28.359,358.33,31.581135,74.374308,11/08/2026 10:42 AM,11/08/2026 11:00 AM,Reporting,Moving,0.0,True,UC-125,Shalimar Town,Zone-10,Foton-Mini Dumper,Gulberg Town,False,2026-08-11
19795,S-292,S292,Lahore,"Tehsil Office, Gulberg Town",LWMC-GuTo,Mini Dumper,Bulk Waste Collection,still,off,0.005,0.01,31.478184,74.344055,11/08/2026 10:46 AM,11/08/2026 11:00 AM,Reporting,No Activity Since Yesterday,12.0,False,UC-206,Gulberg Town,Zone-22,Mini Dumper,Gulberg Town,True,2026-08-11
-,LR-1703,LR1703,Lahore,"Tehsil Office, Gulberg Town",LWMC-GuTo,-,-,moving,on,23.86,80.71,31.471652,74.345319,11/08/2026 10:28 AM,11/08/2026 11:00 AM,Reporting,Parked,0.0,True,,,,Loader Rickshaw,Gulberg Town,False,2026-08-11
22546,LR-1037,LR1037,Lahore,"Tehsil Office, Gulberg Town",LWMC-GuTo,Loader Rickshaw,Door To Door Collection,moving,on,20.199,273.81,31.45876,74.339073,11/08/2026 09:58 AM,11/08/2026 11:00 AM,Reporting,Moving,0.0,True,UC-228,Nishter Town,Zone-44,Loader Rickshaw,Gulberg Town,False,2026-08-11
-,LR-1997-,LR1997,Lahore,"Tehsil Office, Gulberg Town",LWMC-GuTo,-,-,moving,on,24.599,174.91,31.459005,74.334363,11/08/2026 10:33 AM,11/08/2026 11:00 AM,Reporting,Moving,12.35,False,UC-225,Gulberg Town,Zone-22,Loader Rickshaw,Gulberg Town,True,2026-08-11
19815,S-262,S262,Lahore,"Tehsil Office, Gulberg Town",LWMC-GuTo,Mini Dumper,Bulk Waste Collection,still,off,,,31.478495,74.343867,11/08/2026 10:35 AM,11/08/2026 11:00 AM,Reporting,No Activity Since Yesterday,0.0,True,UC-206,Gulberg Town,Zone-22,Mini Dumper,Gulberg Town,True,2026-08-11
-,LR-1708,LR1708,Lahore,"Tehsil Office, Gulberg Town",LWMC-GuTo,-,-,moving,on,21.338,85.83,31.456594,74.337687,11/08/2026 10:36 AM,11/08/2026 11:00 AM,Reporting,Moving,12.35,False,UC-228,Nishter Town,Zone-44,Loader Rickshaw,Gulberg Town,False,2026-08-11
19804,M-75,M75,Lahore,"Tehsil Office, Gulberg Town",LWMC-GuTo,Mini Dumper,Bulk Waste Collection,still,off,52.021,155.56,31.478592,74.34408,11/08/2026 10:36 AM,11/08/2026 11:00 AM,Reporting,Parked,0.0,True,UC-206,Gulberg Town,Zone-22,Foton-Mini Dumper,Gulberg Town,True,2026-08-11
-,LR-1709,LR1709,Lahore,"Tehsil Office, Gulberg Town",LWMC-GuTo,-,-,still,off,29.015,88.81,31.532164,74.360699,11/08/2026 10:46 AM,11/08/2026 11:00 AM,Reporting,Moving,14.09,False,UC-200,Gulberg Town,Zone-20,Loader Rickshaw,Gulberg Town,True,2026-08-11
22586,LR-0987,LR0987,Lahore,"Tehsil Office, Gulberg Town",LWMC-GuTo,Loader Rickshaw,Door To Door Collection,moving,on,21.506,101.31,31.469605,74.333003,11/08/2026 10:09 AM,11/08/2026 11:00 AM,Reporting,Idle,0.0,True,UC-226,Gulberg Town,Zone-22,Loader Rickshaw,Gulberg Town,True,2026-08-11
-,LR-2565,LR2565,Lahore,"Tehsil Office, Gulberg Town",LWMC-GuTo,-,-,moving,on,30.995,102.06,31.532128,74.360682,11/08/2026 10:29 AM,11/08/2026 11:00 AM,Reporting,Parked,12.1,False,UC-200,Gulberg Town,Zone-20,Loader Rickshaw,Gulberg Town,True,2026-08-11
22576,LR-0633,LR0633,Lahore,"Tehsil Office, Gulberg Town",LWMC-GuTo,Loader Rickshaw,Door To Door Collection,still,off,18.338,136.03,31.47169,74.329712,11/08/2026 10:45 AM,11/08/2026 11:00 AM,Reporting,Moving,0.0,True,UC-223,Gulberg Town,Zone-22,Loader Rickshaw,Gulberg Town,True,2026-08-11
-,LR-0993,LR0993,Lahore,"Tehsil Office, Gulberg Town",LWMC-GuTo,-,-,moving,on,23.514,273.41,31.462845,74.335723,11/08/2026 10:23 AM,11/08/2026 11:00 AM,Reporting,Moving,0.0,True,UC-226,Gulberg Town,Zone-22,Loader Rickshaw,Gulberg Town,True,2026-08-11
19825,M-30,M30,Lahore,"Tehsil Office, Gulberg Town",LWMC-GuTo,Mini Dumper,Bulk Waste Collection,still,off,38.874,134.26,31.587653,74.413083,11/08/2026 10:36 AM,11/08/2026 11:00 AM,Reporting,Moving,0.0,True,UC-144,Wagha Town,Zone-12,Foton-Mini Dumper,Gulberg Town,False,2026-08-11
22518,LR-1141,LR1141,Lahore,"Tehsil Office, Gulberg Town",LWMC-GuTo,Loader Rickshaw,Door To Door Collection,still,off,0.03,14.78,31.574772,74.371905,11/08/2026 10:38 AM,11/08/2026 11:00 AM,Reporting,Moving,0.0,True,UC-120,Gulberg Town,Zone-19,Loader Rickshaw,Gulberg Town,True,2026-08-11
19802,M-22,M22,Lahore,"Tehsil Office, Gulberg Town",LWMC-GuTo,Mini Dumper,Bulk Waste Collection,moving,on,28.566,100.91,31.564872,74.344545,11/08/2026 10:46 AM,11/08/2026 11:00 AM,Reporting,Moving,0.0,True,UC-118,Gulberg Town,Zone-19,Foton-Mini Dumper,Gulberg Town,True,2026-08-11
22577,LR-0646,LR0646,Lahore,"Tehsil Office, Gulberg Town",LWMC-GuTo,Loader Rickshaw,Door To Door Collection,still,off,17.762,82.23,31.468598,74.319623,11/08/2026 10:44 AM,11/08/2026 11:00 AM,Reporting,Moving,0.0,True,UC-223,Gulberg Town,Zone-22,Loader Rickshaw,Gulberg Town,True,2026-08-11
-,LR-1561,LR1561,Lahore,"Tehsil Office, Gulberg Town",LWMC-GuTo,-,-,still,off,,,31.574758,74.371802,11/08/2026 10:37 AM,11/08/2026 11:00 AM,Reporting,No Activity Since Yesterday,0.0,True,UC-120,Gulberg Town,Zone-19,Loader Rickshaw,Gulberg Town,True,2026-08-11
-,LR-3106,LR3106,Lahore,"Tehsil Office, Gulberg Town",LWMC-GuTo,-,-,still,off,12.033,98.29,31.369693,74.379275,11/08/2026 10:04 AM,11/08/2026 11:00 AM,Reporting,Parked,12.91,False,UC-244,Nishter Town,Zone-48,,Gulberg Town,False,2026-08-11
22559,LR-0654,LR0654,Lahore,"Tehsil Office, Gulberg Town",LWMC-GuTo,Loader Rickshaw,Door To Door Collection,moving,on,17.431,89.38,31.502017,74.323322,11/08/2026 10:44 AM,11/08/2026 11:00 AM,Reporting,Moving,0.0,True,UC-208,Gulberg Town,Zone-23,Loader Rickshaw,Gulberg Town,True,2026-08-11
-,LR-2237,LR2237,Lahore,"Tehsil Office, Gulberg Town",LWMC-GuTo,-,-,still,off,,,31.532669,74.360787,11/08/2026 10:41 AM,11/08/2026 11:00 AM,Reporting,No Activity Since Yesterday,11.33,False,UC-200,Gulberg Town,Zone-20,Loader Rickshaw,Gulberg Town,True,2026-08-11
22547,LR-1038,LR1038,Lahore,"Tehsil Office, Gulberg Town",LWMC-GuTo,Loader Rickshaw,Door To Door Collection,moving,on,21.673,282.35,31.49243,74.338902,11/08/2026 10:38 AM,11/08/2026 11:00 AM,Reporting,Moving,0.0,True,UC-206,Gulberg Town,Zone-22,Loader Rickshaw,Gulberg Town,True,2026-08-11
19837,M-20,M20,Lahore,"Tehsil Office, Gulberg Town",LWMC-GuTo,Mini Dumper,Bulk Waste Collection,still,off,15.647,76.0,31.456593,74.33783,11/08/2026 10:38 AM,11/08/2026 11:00 AM,Reporting,Parked,0.0,True,UC-228,Nishter Town,Zone-44,Foton-Mini Dumper,Gulberg Town,False,2026-08-11
-,LR-2573,LR2573,Lahore,"Tehsil Office, Gulberg Town",LWMC-GuTo,-,-,still,off,0.16,0.18,31.532366,74.360738,11/08/2026 09:27 AM,11/08/2026 10:00 AM,Reporting,No Activity Since Yesterday,0.0,True,UC-200,Gulberg Town,Zone-20,Loader Rickshaw,Gulberg Town,True,2026-08-11
22549,LR-1040,LR1040,Lahore,"Tehsil Office, Gulberg Town",LWMC-GuTo,Loader Rickshaw,Door To Door Collection,still,off,21.887,291.06,31.494007,74.338843,11/08/2026 10:40 AM,11/08/2026 11:00 AM,Reporting,Moving,0.0,True,UC-206,Gulberg Town,Zone-22,Loader Rickshaw,Gulberg Town,True,2026-08-11
-,LR-1558,LR1558,Lahore,"Tehsil Office, Gulberg Town",LWMC-GuTo,-,-,still,off,12.627,60.01,31.562297,74.353419,11/08/2026 10:17 AM,11/08/2026 10:30 AM,Reporting,Idle,12.2,False,UC-124,Gulberg Town,Zone-19,Loader Rickshaw,Gulberg Town,True,2026-08-11
22571,LR-1042,LR1042,Lahore,"Tehsil Office, Gulberg Town",LWMC-GuTo,Loader Rickshaw,Door To Door Collection,still,off,31.103,170.05,31.477433,74.30626,11/08/2026 10:32 AM,11/08/2026 11:00 AM,Reporting,Moving,0.0,True,UC-211,Gulberg Town,Zone-23,Loader Rickshaw,Gulberg Town,True,2026-08-11
22574,LR-1045,LR1045,Lahore,"Tehsil Office, Gulberg Town",LWMC-GuTo,Loader Rickshaw,Door To Door Collection,moving,on,25.703,155.75,31.502842,74.326333,11/08/2026 10:16 AM,11/08/2026 11:00 AM,Reporting,Idle,0.0,True,UC-208,Gulberg Town,Zone-23,Loader Rickshaw,Gulberg Town,True,2026-08-11
22540,LR-1033,LR1033,Lahore,"Tehsil Office, Gulberg Town",LWMC-GuTo,Loader Rickshaw,Door To Door Collection,still,off,30.156,199.98,31.49622,74.337157,11/08/2026 10:29 AM,11/08/2026 11:00 AM,Reporting,Moving,0.0,True,UC-203,Gulberg Town,Zone-21,Loader Rickshaw,Gulberg Town,True,2026-08-11
22550,LR-0640,LR0640,Lahore,"Tehsil Office, Gulberg Town",LWMC-GuTo,Loader Rickshaw,Door To Door Collection,still,off,14.279,139.66,31.503853,74.322705,11/08/2026 10:39 AM,11/08/2026 11:00 AM,Reporting,Moving,0.0,True,UC-208,Gulberg Town,Zone-23,Loader Rickshaw,Gulberg Town,True,2026-08-11
19824,M-59,M59,Lahore,"Tehsil Office, Gulberg Town",LWMC-GuTo,Mini Dumper,Bulk Waste Collection,still,off,30.703,105.83,31.57626,74.368485,11/08/2026 10:46 AM,11/08/2026 11:00 AM,Reporting,Moving,0.0,True,UC-119,Gulberg Town,Zone-19,Foton-Mini Dumper,Gulberg Town,True,2026-08-11
-,LR-S-273,LRS273,Lahore,"Tehsil Office, Gulberg Town",LWMC-GuTo,-,-,still,off,21.311,96.45,31.470147,74.328302,11/08/2026 10:36 AM,11/08/2026 11:00 AM,Reporting,Parked,0.0,True,UC-223,Gulberg Town,Zone-22,Loader Rickshaw,Gulberg Town,True,2026-08-11
22507,LR-0503,LR0503,Lahore,"Tehsil Office, Gulberg Town",LWMC-GuTo,Loader Rickshaw,Door To Door Collection,still,off,23.935,127.73,31.576168,74.341915,11/08/2026 10:44 AM,11/08/2026 11:00 AM,Reporting,Moving,0.0,True,UC-118,Gulberg Town,Zone-19,Loader Rickshaw,Gulberg Town,True,2026-08-11
19828,S-154,S154,Lahore,"Tehsil Office, Gulberg Town",LWMC-GuTo,Mini Dumper,Bulk Waste Collection,still,off,22.152,231.78,31.478612,74.343937,11/08/2026 10:35 AM,11/08/2026 11:00 AM,Reporting,Moving,0.0,True,UC-206,Gulberg Town,Zone-22,Mini Dumper,Gulberg Town,True,2026-08-11
-,LR-1363,LR1363,Lahore,"Tehsil Office, Gulberg Town",LWMC-GuTo,-,-,still,off,11.148,70.73,31.47958,74.312635,11/08/2026 10:38 AM,11/08/2026 11:00 AM,Reporting,Parked,0.0,True,UC-209,Gulberg Town,Zone-23,Loader Rickshaw,Gulberg Town,True,2026-08-11
-,LR-1993,LR1993,Lahore,"Tehsil Office, Gulberg Town",LWMC-GuTo,-,-,moving,on,13.895,61.85,31.560456,74.360018,11/08/2026 09:55 AM,11/08/2026 10:30 AM,Reporting,Excess Idling,12.0,False,UC-119,Gulberg Town,Zone-19,Loader Rickshaw,Gulberg Town,True,2026-08-11
-,LR-1579,LR1579,Lahore,"Tehsil Office, Gulberg Town",LWMC-GuTo,-,-,moving,on,11.234,47.41,31.560774,74.350524,11/08/2026 10:18 AM,11/08/2026 10:30 AM,Reporting,Moving,13.27,False,UC-124,Gulberg Town,Zone-19,Loader Rickshaw,Gulberg Town,True,2026-08-11
22597,LR-0679,LR0679,Lahore,"Tehsil Office, Gulberg Town",LWMC-GuTo,Loader Rickshaw,Door To Door Collection,still,off,,,31.53255,74.360788,11/08/2026 10:37 AM,11/08/2026 11:00 AM,Reporting,No Activity Since Yesterday,0.0,True,UC-200,Gulberg Town,Zone-20,Loader Rickshaw,Gulberg Town,True,2026-08-11
-,LR-3058,LR3058,Lahore,"Tehsil Office, Gulberg Town",LWMC-GuTo,-,-,moving,on,15.487,48.14,31.457115,74.338068,11/08/2026 09:29 AM,11/08/2026 11:00 AM,Reporting,Excess Idling,14.8,False,UC-228,Nishter Town,Zone-44,,Gulberg Town,False,2026-08-11
19833,M-93,M93,Lahore,"Tehsil Office, Gulberg Town",LWMC-GuTo,Mini Dumper,Bulk Waste Collection,still,off,34.586,130.84,31.471137,74.311423,11/08/2026 10:33 AM,11/08/2026 11:00 AM,Reporting,Moving,0.0,True,UC-210,Gulberg Town,Zone-23,Foton-Mini Dumper,Gulberg Town,True,2026-08-11
22551,LR-0641,LR0641,Lahore,"Tehsil Office, Gulberg Town",LWMC-GuTo,Loader Rickshaw,Door To Door Collection,still,off,17.258,98.81,31.499175,74.324075,11/08/2026 10:47 AM,11/08/2026 11:00 AM,Reporting,Idle,0.0,True,UC-208,Gulberg Town,Zone-23,Loader Rickshaw,Gulberg Town,True,2026-08-11
-,LR-3100,LR3100,Lahore,"Tehsil Office, Gulberg Town",LWMC-GuTo,-,-,moving,on,16.787,84.7,31.365073,74.37877,11/08/2026 10:25 AM,11/08/2026 11:00 AM,Reporting,Moving,12.71,False,UC-248,Nishter Town,Zone-49,,Gulberg Town,False,2026-08-11
-,M-04,M04,Lahore,"Tehsil Office, Gulberg Town",LWMC-GuTo,-,-,still,off,35.208,154.83,31.482632,74.303648,11/08/2026 10:37 AM,11/08/2026 11:00 AM,Reporting,Parked,0.0,True,UC-211,Gulberg Town,Zone-23,Mini Dumper,Gulberg Town,True,2026-08-11
22510,LR-0517,LR0517,Lahore,"Tehsil Office, Gulberg Town",LWMC-GuTo,Loader Rickshaw,Door To Door Collection,still,off,7.175,319.94,31.558845,74.347555,11/08/2026 10:46 AM,11/08/2026 11:00 AM,Reporting,Idle,0.0,True,UC-173,Gulberg Town,Zone-20,Loader Rickshaw,Gulberg Town,True,2026-08-11
-,WR-0018,WR0018,Lahore,"Tehsil Office, Gulberg Town",LWMC-GuTo,-,-,moving,on,20.756,113.08,31.464043,74.34887,11/08/2026 10:40 AM,11/08/2026 11:00 AM,Reporting,Parked,0.0,True,,,,Washer Rickshaw,Nishter Town,False,2026-08-11
-,LR-0992,LR0992,Lahore,"Tehsil Office, Gulberg Town",LWMC-GuTo,-,-,moving,on,,,31.532937,74.360738,11/08/2026 08:32 AM,11/08/2026 10:00 AM,Reporting,No Activity Since Yesterday,8.43,False,UC-200,Gulberg Town,Zone-20,Loader Rickshaw,Gulberg Town,True,2026-08-11
-,LR-0994,LR0994,Lahore,"Tehsil Office, Gulberg Town",LWMC-GuTo,-,-,moving,on,25.95,147.26,31.459813,74.327352,11/08/2026 10:39 AM,11/08/2026 11:00 AM,Reporting,Parked,,False,UC-225,Gulberg Town,Zone-22,Loader Rickshaw,Gulberg Town,True,2026-08-11
19818,M-40,M40,Lahore,"Tehsil Office, Gulberg Town",LWMC-GuTo,Mini Dumper,Bulk Waste Collection,still,off,29.703,143.46,31.610713,74.382517,11/08/2026 10:21 AM,11/08/2026 11:00 AM,Reporting,Moving,0.0,True,UC-108,Wagha Town,Zone-13,Foton-Mini Dumper,Gulberg Town,False,2026-08-11
22558,LR-0652,LR0652,Lahore,"Tehsil Office, Gulberg Town",LWMC-GuTo,Loader Rickshaw,Door To Door Collection,still,off,13.847,105.13,31.505462,74.32865,11/08/2026 10:35 AM,11/08/2026 11:00 AM,Reporting,Parked,0.0,True,UC-208,Gulberg Town,Zone-23,Loader Rickshaw,Gulberg Town,True,2026-08-11
19834,M-41,M41,Lahore,"Tehsil Office, Gulberg Town",LWMC-GuTo,Mini Dumper,Bulk Waste Collection,moving,on,40.144,124.01,31.511823,74.320982,11/08/2026 10:45 AM,11/08/2026 11:00 AM,Reporting,Parked,0.0,True,UC-208,Gulberg Town,Zone-23,Foton-Mini Dumper,Gulberg Town,True,2026-08-11
19801,M-35,M35,Lahore,"Tehsil Office, Gulberg Town",LWMC-GuTo,Mini Dumper,Bulk Waste Collection,moving,on,33.4,90.96,31.471453,74.344475,11/08/2026 10:37 AM,11/08/2026 11:00 AM,Reporting,Parked,0.0,True,UC-226,Gulberg Town,Zone-22,Foton-Mini Dumper,Gulberg Town,True,2026-08-11
22578,LR-0655,LR0655,Lahore,"Tehsil Office, Gulberg Town",LWMC-GuTo,Loader Rickshaw,Door To Door Collection,still,off,30.633,135.03,31.46477,74.327537,11/08/2026 10:44 AM,11/08/2026 11:00 AM,Reporting,Moving,0.0,True,UC-224,Gulberg Town,Zone-22,Loader Rickshaw,Gulberg Town,True,2026-08-11
25241,LR-0499,LR0499,Lahore,"Tehsil Office, Gulberg Town",LWMC-GuTo,Loader Rickshaw,Door to Door Collection,still,off,,,31.574623,74.37213,11/08/2026 10:37 AM,11/08/2026 11:00 AM,Reporting,No Activity Since Yesterday,0.0,True,UC-120,Gulberg Town,Zone-19,Loader Rickshaw,Gulberg Town,True,2026-08-11
-,LR-2566,LR2566,Lahore,"Tehsil Office, Gulberg Town",LWMC-GuTo,-,-,still,off,11.545,50.51,31.566013,74.341247,11/08/2026 10:28 AM,11/08/2026 11:00 AM,Reporting,Moving,14.9,False,UC-172,Gulberg Town,Zone-20,Loader Rickshaw,Gulberg Town,True,2026-08-11
22568,LR-1134,LR1134,Lahore,"Tehsil Office, Gulberg Town",LWMC-GuTo,Loader Rickshaw,Door To Door Collection,still,off,28.018,219.3,31.471892,74.311408,11/08/2026 10:43 AM,11/08/2026 11:00 AM,Reporting,Moving,0.0,True,UC-210,Gulberg Town,Zone-23,Loader Rickshaw,Gulberg Town,True,2026-08-11
-,LR-2558,LR2558,Lahore,"Tehsil Office, Data Gunj Baksh Town",LWMC-DaGB,-,-,moving,on,19.759,91.76,31.552639,74.318171,11/08/2026 10:34 AM,11/08/2026 11:00 AM,Reporting,Moving,12.15,False,UC-69,DGBT,Zone-26,Loader Rickshaw,DGBT,True,2026-08-11
22717,LR-243,LR243,Lahore,"Tehsil Office, Data Gunj Baksh Town",LWMC-DaGB,Loader Rickshaw,Door To Door Collection,still,off,16.756,92.96,31.582302,74.304786,11/08/2026 10:00 AM,11/08/2026 11:00 AM,Reporting,Moving,11.74,False,UC-54,DGBT,Zone-27,Loader Rickshaw,DGBT,True,2026-08-11
-,LR-1320,LR1320,Lahore,"Tehsil Office, Data Gunj Baksh Town",LWMC-DaGB,-,-,still,off,0.179,327.03,31.593086,74.259308,11/08/2026 10:44 AM,11/08/2026 11:00 AM,Reporting,No Activity Since Yesterday,12.2,False,UC-5,Ravi Town,Zone-1,Loader Rickshaw,DGBT,False,2026-08-11
-,LR-2805,LR2805,Lahore,"Tehsil Office, Data Gunj Baksh Town",LWMC-DaGB,-,-,moving,on,15.863,640.01,31.573189,74.289859,11/08/2026 10:40 AM,11/08/2026 11:00 AM,Reporting,Moving,12.1,False,UC-59,DGBT,Zone-29,Loader Rickshaw,DGBT,True,2026-08-11
-,LR-2526,LR2526,Lahore,"Tehsil Office, Data Gunj Baksh Town",LWMC-DaGB,-,-,moving,on,14.041,404.08,31.580858,74.302919,11/08/2026 10:26 AM,11/08/2026 11:00 AM,Reporting,Moving,12.45,False,UC-54,DGBT,Zone-27,Loader Rickshaw,DGBT,True,2026-08-11
-,LR-2544,LR2544,Lahore,"Tehsil Office, Data Gunj Baksh Town",LWMC-DaGB,-,-,still,off,0.266,619.23,31.59318,74.259302,11/08/2026 10:46 AM,11/08/2026 11:00 AM,Reporting,No Activity Since Yesterday,11.84,False,UC-5,Ravi Town,Zone-1,Loader Rickshaw,DGBT,False,2026-08-11
-,LR-2582,LR2582,Lahore,"Tehsil Office, Data Gunj Baksh Town",LWMC-DaGB,-,-,moving,on,20.12,622.46,31.572197,74.285336,11/08/2026 10:23 AM,11/08/2026 11:00 AM,Reporting,Moving,5.06,False,,,,Loader Rickshaw,DGBT,False,2026-08-11
-,LR-1479,LR1479,Lahore,"Tehsil Office, Data Gunj Baksh Town",LWMC-DaGB,-,-,still,off,9.218,396.83,31.566016,74.293955,11/08/2026 10:14 AM,11/08/2026 11:00 AM,Reporting,Parked,12.0,False,UC-58,DGBT,Zone-27,Loader Rickshaw,DGBT,True,2026-08-11
-,LR-2537,LR2537,Lahore,"Tehsil Office, Data Gunj Baksh Town",LWMC-DaGB,-,-,moving,on,16.619,547.21,31.574003,74.320189,11/08/2026 10:35 AM,11/08/2026 11:00 AM,Reporting,Idle,12.61,False,UC-168,DGBT,Zone-24,Loader Rickshaw,DGBT,True,2026-08-11
-,LR-1325,LR1325,Lahore,"Tehsil Office, Data Gunj Baksh Town",LWMC-DaGB,-,-,still,off,14.773,553.58,31.559927,74.278238,11/08/2026 09:52 AM,11/08/2026 10:30 AM,Reporting,Excess Idling,5.88,False,UC-74,DGBT,Zone-30,Loader Rickshaw,DGBT,True,2026-08-11
-,LR-3078,LR3078,Lahore,"Tehsil Office, Data Gunj Baksh Town",LWMC-DaGB,-,-,still,off,9.263,50.28,31.578486,74.306551,11/08/2026 09:53 AM,11/08/2026 11:00 AM,Reporting,Idle,12.35,False,UC-54,DGBT,Zone-27,,DGBT,True,2026-08-11
19584,MW-07,MW07,Lahore,"Tehsil Office, Data Gunj Baksh Town",LWMC-DaGB,Mechanical Washer,Washing,still,off,30.585,192.5,31.573627,74.287955,11/08/2026 10:45 AM,11/08/2026 11:00 AM,Reporting,Excess Idling,0.0,True,UC-56,DGBT,Zone-29,Mechanical Washer,Night Operations,False,2026-08-11
19064,LR-0024,LR0024,Lahore,"Tehsil Office, Data Gunj Baksh Town",LWMC-DaGB,Loader Rickshaw,Bulk Waste Collection,moving,on,20.858,117.33,31.544065,74.329253,11/08/2026 10:43 AM,11/08/2026 11:00 AM,Reporting,Moving,0.0,True,UC-81,DGBT,Zone-26,Loader Rickshaw,DGBT,True,2026-08-11
-,LR-2505,LR2505,Lahore,"Tehsil Office, Data Gunj Baksh Town",LWMC-DaGB,-,-,moving,on,25.522,322.91,31.566103,74.310961,11/08/2026 10:30 AM,11/08/2026 11:00 AM,Reporting,Moving,13.73,False,UC-61,DGBT,Zone-25,Loader Rickshaw,DGBT,True,2026-08-11
-,LR-1977,LR1977,Lahore,"Tehsil Office, Data Gunj Baksh Town",LWMC-DaGB,-,-,still,off,5.514,96.11,31.592855,74.259322,11/08/2026 10:42 AM,11/08/2026 11:00 AM,Reporting,Parked,0.0,True,UC-5,Ravi Town,Zone-1,Loader Rickshaw,DGBT,False,2026-08-11
18541,C13-68,C1368,Lahore,"Tehsil Office, Data Gunj Baksh Town",LWMC-DaGB,Compactor (13CM),Container-Based Collection,moving,on,48.731,313.23,31.562652,74.335048,11/08/2026 10:33 AM,11/08/2026 11:00 AM,Reporting,Parked,14.8,False,UC-171,DGBT,Zone-25,Compactor,DGBT,True,2026-08-11
-,MFT-13,MFT13,Lahore,"Tehsil Office, Data Gunj Baksh Town",LWMC-DaGB,-,-,still,off,17.708,136.8,31.556402,74.276022,11/08/2026 10:46 AM,11/08/2026 11:00 AM,Reporting,Parked,11.28,False,UC-72,DGBT,Zone-30,Tractor Trolley,DGBT,True,2026-08-11
19058,LR-0014,LR0014,Lahore,"Tehsil Office, Data Gunj Baksh Town",LWMC-DaGB,Loader Rickshaw,Bulk Waste Collection,still,off,17.573,114.86,31.573292,74.292403,11/08/2026 10:36 AM,11/08/2026 11:00 AM,Reporting,Moving,0.0,True,UC-59,DGBT,Zone-29,Loader Rickshaw,DGBT,True,2026-08-11
-,D-28,D28,Lahore,"Tehsil Office, Data Gunj Baksh Town",LWMC-DaGB,-,-,moving,on,143.075,459.96,31.572237,74.284319,11/08/2026 10:15 AM,11/08/2026 10:30 AM,Reporting,Moving,12.96,False,,,,Dumper,DGBT,False,2026-08-11
19035,LR-0237,LR0237,Lahore,"Tehsil Office, Data Gunj Baksh Town",LWMC-DaGB,Loader Rickshaw,Bulk Waste Collection,moving,on,16.438,84.33,31.577742,74.302694,11/08/2026 09:55 AM,11/08/2026 11:00 AM,Reporting,Moving,12.2,False,UC-57,DGBT,Zone-27,Loader Rickshaw,DGBT,True,2026-08-11
-,LR-1420,LR1420,Lahore,"Tehsil Office, Data Gunj Baksh Town",LWMC-DaGB,-,-,moving,on,19.173,152.41,31.573125,74.292675,11/08/2026 10:34 AM,11/08/2026 11:00 AM,Reporting,Idle,0.0,True,UC-57,DGBT,Zone-27,Loader Rickshaw,DGBT,True,2026-08-11
-,LR-2560,LR2560,Lahore,"Tehsil Office, Data Gunj Baksh Town",LWMC-DaGB,-,-,still,off,15.551,645.36,31.537406,74.330798,11/08/2026 10:46 AM,11/08/2026 11:00 AM,Reporting,Excess Idling,10.98,False,UC-199,DGBT,Zone-26,Loader Rickshaw,DGBT,True,2026-08-11
-,LR-1418,LR1418,Lahore,"Tehsil Office, Data Gunj Baksh Town",LWMC-DaGB,-,-,moving,on,17.477,356.11,31.592977,74.259218,11/08/2026 10:17 AM,11/08/2026 11:00 AM,Reporting,Moving,0.0,True,UC-5,Ravi Town,Zone-1,Loader Rickshaw,DGBT,False,2026-08-11
19056,LR-0023,LR0023,Lahore,"Tehsil Office, Data Gunj Baksh Town",LWMC-DaGB,Loader Rickshaw,Bulk Waste Collection,still,off,19.302,93.0,31.542701,74.330774,11/08/2026 09:42 AM,11/08/2026 11:00 AM,Reporting,Moving,14.8,False,UC-81,DGBT,Zone-26,Loader Rickshaw,DGBT,True,2026-08-11
19576,MW-10,MW10,Lahore,"Tehsil Office, Data Gunj Baksh Town",LWMC-DaGB,Mechanical Washer,Washing,still,off,65.225,337.36,31.452133,74.389752,11/08/2026 10:40 AM,11/08/2026 11:00 AM,Reporting,Moving,0.0,True,UC-249,Nishter Town,Zone-45,Mechanical Washer,Night Operations,False,2026-08-11
-,CA-159,CA159,Lahore,"Tehsil Office, Data Gunj Baksh Town",LWMC-DaGB,-,-,moving,on,103.943,375.25,31.575223,74.271133,11/08/2026 09:57 AM,11/08/2026 10:30 AM,Reporting,Excess Idling,27.86,False,UC-71,Samnabad Town,Zone-31,Chain Arm Roll,DGBT,False,2026-08-11
-,LR-1587,LR1587,Lahore,"Tehsil Office, Data Gunj Baksh Town",LWMC-DaGB,-,-,moving,on,13.042,70.03,31.568268,74.296731,11/08/2026 09:59 AM,11/08/2026 11:00 AM,Reporting,Idle,13.07,False,UC-58,DGBT,Zone-27,Loader Rickshaw,DGBT,True,2026-08-11
19583,MW-12,MW12,Lahore,"Tehsil Office, Data Gunj Baksh Town",LWMC-DaGB,Mechanical Washer,Washing,still,off,75.291,357.66,31.587187,74.404997,11/08/2026 10:37 AM,11/08/2026 11:00 AM,Reporting,Parked,0.0,True,UC-138,Wagha Town,Zone-12,Mechanical Washer,Night Operations,False,2026-08-11
-,LR-2504,LR2504,Lahore,"Tehsil Office, Data Gunj Baksh Town",LWMC-DaGB,-,-,moving,on,16.307,81.58,31.547026,74.330826,11/08/2026 10:31 AM,11/08/2026 11:00 AM,Reporting,Idle,11.23,False,UC-81,DGBT,Zone-26,Loader Rickshaw,DGBT,True,2026-08-11
-,LR-1475,LR1475,Lahore,"Tehsil Office, Data Gunj Baksh Town",LWMC-DaGB,-,-,moving,on,9.399,249.4,31.575053,74.294692,11/08/2026 10:33 AM,11/08/2026 11:00 AM,Reporting,Parked,11.49,False,UC-57,DGBT,Zone-27,Loader Rickshaw,DGBT,True,2026-08-11
30808,LR-0754,LR0754,Lahore,"Tehsil Office, Data Gunj Baksh Town",LWMC-DaGB,Loader Rickshaw,Door To Door Collection,moving,on,21.711,137.44,31.566308,74.310484,11/08/2026 10:43 AM,11/08/2026 11:00 AM,Reporting,Moving,11.28,False,UC-61,DGBT,Zone-25,Loader Rickshaw,DGBT,True,2026-08-11
19582,MW-11,MW11,Lahore,"Tehsil Office, Data Gunj Baksh Town",LWMC-DaGB,Mechanical Washer,Washing,still,off,62.006,275.0,31.587192,74.404598,11/08/2026 10:32 AM,11/08/2026 11:00 AM,Reporting,Parked,0.0,True,UC-138,Wagha Town,Zone-12,Mechanical Washer,Night Operations,False,2026-08-11
19774,S-272,S272,Lahore,"Tehsil Office, Data Gunj Baksh Town",LWMC-DaGB,Mini Dumper,Bulk Waste Collection,moving,on,60.011,268.26,31.578401,74.288249,11/08/2026 10:41 AM,11/08/2026 11:00 AM,Reporting,Parked,12.05,False,UC-56,DGBT,Zone-29,Mini Dumper,DGBT,True,2026-08-11
-,LR-3081,LR3081,Lahore,"Tehsil Office, Data Gunj Baksh Town",LWMC-DaGB,-,-,moving,on,18.803,583.23,31.585394,74.297717,11/08/2026 09:44 AM,11/08/2026 11:00 AM,Reporting,Moving,12.76,False,UC-51,DGBT,Zone-28,,DGBT,True,2026-08-11
-,LR-3089,LR3089,Lahore,"Tehsil Office, Data Gunj Baksh Town",LWMC-DaGB,-,-,moving,on,11.935,622.7,31.561798,74.285946,11/08/2026 10:23 AM,11/08/2026 11:00 AM,Reporting,Idle,12.49,False,UC-74,DGBT,Zone-30,,DGBT,True,2026-08-11
19736,S-42,S42,Lahore,"Tehsil Office, Data Gunj Baksh Town",LWMC-DaGB,Mini Dumper,Bulk Waste Collection,still,off,30.482,146.48,31.578612,74.264469,11/08/2026 10:26 AM,11/08/2026 11:00 AM,Reporting,Parked,14.6,False,UC-1,Ravi Town,Zone-1,Mini Dumper,DGBT,False,2026-08-11
-,LR-1347,LR1347,Lahore,"Tehsil Office, Data Gunj Baksh Town",LWMC-DaGB,-,-,still,off,11.972,460.68,31.57362,74.318475,11/08/2026 10:44 AM,11/08/2026 11:00 AM,Reporting,Moving,0.0,True,UC-62,DGBT,Zone-25,Loader Rickshaw,DGBT,True,2026-08-11
-,LR-2541,LR2541,Lahore,"Tehsil Office, Data Gunj Baksh Town",LWMC-DaGB,-,-,still,off,0.503,6.75,31.592848,74.259503,11/08/2026 10:47 AM,11/08/2026 11:00 AM,Reporting,No Activity Since Yesterday,11.79,False,UC-5,Ravi Town,Zone-1,Loader Rickshaw,DGBT,False,2026-08-11
19069,LD-09,LD09,Lahore,"Tehsil Office, Data Gunj Baksh Town",LWMC-DaGB,Loader Rickshaw,Bulk Waste Collection,still,off,13.116,645.95,31.576902,74.28691,11/08/2026 10:46 AM,11/08/2026 11:00 AM,Reporting,Excess Idling,12.4,False,UC-50,DGBT,Zone-28,Loader,DGBT,True,2026-08-11
-,LR-0340,LR0340,Lahore,"Tehsil Office, Data Gunj Baksh Town",LWMC-DaGB,-,-,still,off,25.087,606.45,31.563287,74.297912,11/08/2026 10:30 AM,11/08/2026 11:00 AM,Reporting,Moving,0.0,True,UC-65,DGBT,Zone-29,Loader Rickshaw,DGBT,True,2026-08-11
-,WR-0037,WR0037,Lahore,"Tehsil Office, Data Gunj Baksh Town",LWMC-DaGB,-,-,still,off,0.145,1.36,31.593088,74.259298,11/08/2026 10:16 AM,11/08/2026 10:30 AM,Reporting,No Activity Since Yesterday,27.91,False,UC-5,Ravi Town,Zone-1,Washer Rickshaw,DGBT,False,2026-08-11
-,VS-18,VS18,Lahore,"Tehsil Office, Data Gunj Baksh Town",LWMC-DaGB,-,-,still,off,37.956,262.48,31.573175,74.286585,11/08/2026 10:38 AM,11/08/2026 11:00 AM,Reporting,Parked,0.0,True,UC-56,DGBT,Zone-29,Vaccume Sweeper,Night Operations,False,2026-08-11
19776,M-48,M48,Lahore,"Tehsil Office, Data Gunj Baksh Town",LWMC-DaGB,Mini Dumper,Bulk Waste Collection,still,off,28.986,187.41,31.581989,74.306393,11/08/2026 10:45 AM,11/08/2026 11:00 AM,Reporting,Moving,12.91,False,UC-54,DGBT,Zone-27,Foton-Mini Dumper,DGBT,True,2026-08-11
19050,LR-0245,LR0245,Lahore,"Tehsil Office, Data Gunj Baksh Town",LWMC-DaGB,Loader Rickshaw,Bulk Waste Collection,still,off,2.777,395.81,31.59317,74.259062,11/08/2026 10:47 AM,11/08/2026 11:00 AM,Reporting,Idle,0.0,True,UC-5,Ravi Town,Zone-1,Loader Rickshaw,DGBT,False,2026-08-11
-,CH-8S403128,CH8S403128,Lahore,"Tehsil Office, Data Gunj Baksh Town",LWMC-DaGB,-,-,moving,on,21.356,110.95,31.528414,74.328638,11/08/2026 09:34 AM,11/08/2026 11:00 AM,Reporting,Excess Idling,14.6,False,UC-199,DGBT,Zone-26,,DGBT,True,2026-08-11
18547,C13-70,C1370,Lahore,"Tehsil Office, Data Gunj Baksh Town",LWMC-DaGB,Compactor (13CM),Container-Based Collection,still,off,118.748,499.85,31.39194,74.357218,11/08/2026 10:06 AM,11/08/2026 11:00 AM,Reporting,Parked,0.0,True,UC-244,Nishter Town,Zone-48,Compactor,DGBT,False,2026-08-11
-,VS-30,VS30,Lahore,"Tehsil Office, Data Gunj Baksh Town",LWMC-DaGB,-,-,still,off,54.839,331.35,31.573085,74.286558,11/08/2026 10:34 AM,11/08/2026 11:00 AM,Reporting,Parked,0.0,True,UC-56,DGBT,Zone-29,Vaccume Sweeper,Night Operations,False,2026-08-11
18542,C13-72,C1372,Lahore,"Tehsil Office, Data Gunj Baksh Town",LWMC-DaGB,Compactor (13CM),Container-Based Collection,moving,on,66.343,394.58,31.540603,74.333788,11/08/2026 10:33 AM,11/08/2026 11:00 AM,Reporting,Moving,27.7,False,UC-198,DGBT,Zone-26,Compactor,DGBT,True,2026-08-11
30223,MW-08,MW08,Lahore,"Tehsil Office, Data Gunj Baksh Town",LWMC-DaGB,Compactor (25CM),Bulk Waste Collection,moving,on,63.713,298.73,31.578183,74.30628,11/08/2026 10:13 AM,11/08/2026 11:00 AM,Reporting,Parked,0.0,True,UC-54,DGBT,Zone-27,Mechanical Washer,Night Operations,False,2026-08-11
29956,VS-34,VS34,Lahore,"Tehsil Office, Data Gunj Baksh Town",LWMC-DaGB,Compactor (25CM),Bulk Waste Collection,still,off,64.526,313.69,31.464225,74.225508,11/08/2026 10:35 AM,11/08/2026 11:00 AM,Reporting,Parked,0.0,True,UC-117,Allama Iqbal Town,Zone-41,Vaccume Sweeper,Night Operations,False,2026-08-11
-,MFL-77,MFL77,Lahore,"Tehsil Office, Data Gunj Baksh Town",LWMC-DaGB,-,-,moving,on,9.785,261.89,31.556335,74.275974,11/08/2026 10:33 AM,11/08/2026 11:00 AM,Reporting,Moving,14.39,False,UC-72,DGBT,Zone-30,Loader,DGBT,True,2026-08-11
-,MFL-104,MFL104,Lahore,"Tehsil Office, Data Gunj Baksh Town",LWMC-DaGB,-,-,moving,on,8.093,266.73,31.573232,74.291726,11/08/2026 10:23 AM,11/08/2026 10:30 AM,Reporting,Moving,11.28,False,UC-59,DGBT,Zone-29,Loader,DGBT,True,2026-08-11
19725,M-113,M113,Lahore,"Tehsil Office, Data Gunj Baksh Town",LWMC-DaGB,Mini Dumper,Bulk Waste Collection,moving,on,86.345,426.63,31.538878,74.328833,11/08/2026 10:38 AM,11/08/2026 11:00 AM,Reporting,Moving,13.42,False,UC-198,DGBT,Zone-26,Foton-Mini Dumper,DGBT,True,2026-08-11
-,LR-3087,LR3087,Lahore,"Tehsil Office, Data Gunj Baksh Town",LWMC-DaGB,-,-,still,off,18.172,388.01,31.555548,74.286211,11/08/2026 10:01 AM,11/08/2026 11:00 AM,Reporting,Idle,11.64,False,UC-72,DGBT,Zone-30,,DGBT,True,2026-08-11
-,LR-2556,LR2556,Lahore,"Tehsil Office, Data Gunj Baksh Town",LWMC-DaGB,-,-,moving,on,20.248,90.53,31.550947,74.311493,11/08/2026 10:27 AM,11/08/2026 11:00 AM,Reporting,Moving,11.54,False,UC-82,Samnabad Town,Zone-33,Loader Rickshaw,DGBT,False,2026-08-11
-,VS-32,VS32,Lahore,"Tehsil Office, Data Gunj Baksh Town",LWMC-DaGB,-,-,still,off,46.389,272.23,31.573112,74.28659,11/08/2026 10:36 AM,11/08/2026 11:00 AM,Reporting,Parked,0.0,True,UC-56,DGBT,Zone-29,Vaccume Sweeper,Night Operations,False,2026-08-11
-,VS-39,VS39,Lahore,"Tehsil Office, Data Gunj Baksh Town",LWMC-DaGB,-,-,still,off,47.432,316.38,31.57315,74.286463,11/08/2026 10:37 AM,11/08/2026 11:00 AM,Reporting,Parked,0.0,True,UC-56,DGBT,Zone-29,Vaccume Sweeper,Night Operations,False,2026-08-11
-,VS-31,VS31,Lahore,"Tehsil Office, Data Gunj Baksh Town",LWMC-DaGB,-,-,still,off,65.711,312.88,31.573222,74.286563,11/08/2026 10:34 AM,11/08/2026 11:00 AM,Reporting,Parked,0.0,True,UC-56,DGBT,Zone-29,Vaccume Sweeper,Night Operations,False,2026-08-11
30810,LR-0752,LR0752,Lahore,"Tehsil Office, Data Gunj Baksh Town",LWMC-DaGB,Loader Rickshaw,Door To Door Collection,still,off,26.003,644.91,31.565918,74.311907,11/08/2026 10:45 AM,11/08/2026 11:00 AM,Reporting,Idle,0.0,True,UC-61,DGBT,Zone-25,Loader Rickshaw,DGBT,True,2026-08-11
-,LR-0705,LR0705,Lahore,"Tehsil Office, Data Gunj Baksh Town",LWMC-DaGB,-,-,moving,on,25.494,211.65,31.58412,74.289897,11/08/2026 10:04 AM,11/08/2026 11:00 AM,Reporting,Excess Idling,0.0,True,UC-50,DGBT,Zone-28,Loader Rickshaw,DGBT,True,2026-08-11
18455,CA-87,CA87,Lahore,"Tehsil Office, Data Gunj Baksh Town",LWMC-DaGB,Chain Arm Roll,Container-Based Collection,moving,on,109.762,400.55,31.566791,74.327658,11/08/2026 10:15 AM,11/08/2026 11:00 AM,Reporting,Moving,11.74,False,UC-171,DGBT,Zone-25,Chain Arm Roll,DGBT,True,2026-08-11
-,LR-1972,LR1972,Lahore,"Tehsil Office, Data Gunj Baksh Town",LWMC-DaGB,-,-,moving,on,45.149,517.43,31.570083,74.329265,11/08/2026 09:55 AM,11/08/2026 11:00 AM,Reporting,Moving,0.0,True,UC-170,DGBT,Zone-24,Loader Rickshaw,DGBT,True,2026-08-11
19585,MW-02,MW02,Lahore,"Tehsil Office, Data Gunj Baksh Town",LWMC-DaGB,Mechanical Washer,Washing,moving,on,50.304,318.05,31.542253,74.317837,11/08/2026 10:39 AM,11/08/2026 11:00 AM,Reporting,Moving,0.0,True,UC-198,DGBT,Zone-26,Mechanical Washer,Night Operations,False,2026-08-11
-,LR-1351,LR1351,Lahore,"Tehsil Office, Data Gunj Baksh Town",LWMC-DaGB,-,-,still,off,27.68,112.56,31.564123,74.319808,11/08/2026 10:39 AM,11/08/2026 11:00 AM,Reporting,Parked,0.0,True,UC-62,DGBT,Zone-25,Loader Rickshaw,DGBT,True,2026-08-11
-,LR-1430,LR1430,Lahore,"Tehsil Office, Data Gunj Baksh Town",LWMC-DaGB,-,-,moving,on,13.7,64.08,31.590058,74.300507,11/08/2026 10:44 AM,11/08/2026 11:00 AM,Reporting,Parked,12.61,False,UC-51,DGBT,Zone-28,Loader Rickshaw,DGBT,True,2026-08-11
19057,LR-0022,LR0022,Lahore,"Tehsil Office, Data Gunj Baksh Town",LWMC-DaGB,Loader Rickshaw,Bulk Waste Collection,still,off,21.099,227.73,31.551893,74.336025,11/08/2026 10:27 AM,11/08/2026 11:00 AM,Reporting,Parked,0.0,True,UC-81,DGBT,Zone-26,Loader Rickshaw,DGBT,True,2026-08-11
30811,LR-0703,LR0703,Lahore,"Tehsil Office, Data Gunj Baksh Town",LWMC-DaGB,Loader Rickshaw,Door To Door Collection,still,off,14.545,211.86,31.587053,74.300212,11/08/2026 10:40 AM,11/08/2026 11:00 AM,Reporting,Moving,0.0,True,UC-53,DGBT,Zone-28,Loader Rickshaw,DGBT,True,2026-08-11
-,LR-1417,LR1417,Lahore,"Tehsil Office, Data Gunj Baksh Town",LWMC-DaGB,-,-,still,off,,,31.592588,74.25896,11/08/2026 10:32 AM,11/08/2026 11:00 AM,Reporting,No Activity Since Yesterday,0.0,True,UC-5,Ravi Town,Zone-1,Loader Rickshaw,DGBT,False,2026-08-11
-,LR-1494,LR1494,Lahore,"Tehsil Office, Data Gunj Baksh Town",LWMC-DaGB,-,-,moving,on,14.516,66.9,31.570277,74.289407,11/08/2026 10:16 AM,11/08/2026 11:00 AM,Reporting,Parked,12.41,False,UC-59,DGBT,Zone-29,Loader Rickshaw,DGBT,True,2026-08-11
-,LR-1493,LR1493,Lahore,"Tehsil Office, Data Gunj Baksh Town",LWMC-DaGB,-,-,still,off,12.042,60.43,31.569445,74.288628,11/08/2026 10:05 AM,11/08/2026 10:30 AM,Reporting,Moving,13.78,False,UC-59,DGBT,Zone-29,Loader Rickshaw,DGBT,True,2026-08-11
-,LR-1495,LR1495,Lahore,"Tehsil Office, Data Gunj Baksh Town",LWMC-DaGB,-,-,moving,on,11.943,56.48,31.566185,74.286524,11/08/2026 10:44 AM,11/08/2026 11:00 AM,Reporting,Moving,12.66,False,UC-60,DGBT,Zone-29,Loader Rickshaw,DGBT,True,2026-08-11
-,LR-0239,LR0239,Lahore,"Tehsil Office, Data Gunj Baksh Town",LWMC-DaGB,-,-,still,off,18.64,205.23,31.583002,74.301335,11/08/2026 10:20 AM,11/08/2026 11:00 AM,Reporting,Excess Idling,0.0,True,UC-54,DGBT,Zone-27,Loader Rickshaw,DGBT,True,2026-08-11
-,LR-0706,LR0706,Lahore,"Tehsil Office, Data Gunj Baksh Town",LWMC-DaGB,-,-,still,off,22.236,232.51,31.558273,74.297723,11/08/2026 10:40 AM,11/08/2026 11:00 AM,Reporting,Excess Idling,0.0,True,UC-64,DGBT,Zone-30,Loader Rickshaw,DGBT,True,2026-08-11
-,LR-1470,LR1470,Lahore,"Tehsil Office, Data Gunj Baksh Town",LWMC-DaGB,-,-,moving,on,21.705,82.61,31.586868,74.295616,11/08/2026 10:19 AM,11/08/2026 11:00 AM,Reporting,Moving,13.78,False,UC-51,DGBT,Zone-28,Loader Rickshaw,DGBT,True,2026-08-11
-,LR-1474,LR1474,Lahore,"Tehsil Office, Data Gunj Baksh Town",LWMC-DaGB,-,-,still,off,8.874,45.48,31.572183,74.297602,11/08/2026 10:45 AM,11/08/2026 11:00 AM,Reporting,Idle,12.76,False,UC-59,DGBT,Zone-29,Loader Rickshaw,DGBT,True,2026-08-11
18385,HA-32,HA32,Lahore,"Tehsil Office, Data Gunj Baksh Town",LWMC-DaGB,Arm Roll Truck,Container-Based Collection,still,off,0.784,165.86,31.573047,74.292077,11/08/2026 10:43 AM,11/08/2026 11:00 AM,Reporting,No Activity Since Yesterday,0.0,True,UC-59,DGBT,Zone-29,Arm Roll,DGBT,True,2026-08-11
-,LR-1482,LR1482,Lahore,"Tehsil Office, Data Gunj Baksh Town",LWMC-DaGB,-,-,moving,on,14.745,83.43,31.573233,74.292108,11/08/2026 10:18 AM,11/08/2026 11:00 AM,Reporting,Excess Idling,13.83,False,UC-59,DGBT,Zone-29,Loader Rickshaw,DGBT,True,2026-08-11
-,MS-11,MS11,Lahore,"Tehsil Office, Data Gunj Baksh Town",LWMC-DaGB,-,-,moving,on,16.401,152.23,31.593565,74.25529,11/08/2026 10:46 AM,11/08/2026 11:00 AM,Reporting,Moving,0.0,True,UC-1,Ravi Town,Zone-1,Mechanical Sweeper,Night Operations,False,2026-08-11
-,WR-0024,WR0024,Lahore,"Tehsil Office, Data Gunj Baksh Town",LWMC-DaGB,-,-,still,off,11.087,67.36,31.569224,74.306667,11/08/2026 10:32 AM,11/08/2026 11:00 AM,Reporting,Moving,12.45,False,UC-58,DGBT,Zone-27,Washer Rickshaw,DGBT,True,2026-08-11
-,LR-1424,LR1424,Lahore,"Tehsil Office, Data Gunj Baksh Town",LWMC-DaGB,-,-,still,off,14.88,71.41,31.578067,74.289549,11/08/2026 10:26 AM,11/08/2026 11:00 AM,Reporting,Moving,12.25,False,UC-56,DGBT,Zone-29,Loader Rickshaw,DGBT,True,2026-08-11
19034,LR-0238,LR0238,Lahore,"Tehsil Office, Data Gunj Baksh Town",LWMC-DaGB,Loader Rickshaw,Bulk Waste Collection,still,off,18.469,119.71,31.581522,74.305438,11/08/2026 10:34 AM,11/08/2026 11:00 AM,Reporting,Moving,0.0,True,UC-54,DGBT,Zone-27,Loader Rickshaw,DGBT,True,2026-08-11
-,LR-1497,LR1497,Lahore,"Tehsil Office, Data Gunj Baksh Town",LWMC-DaGB,-,-,moving,on,20.217,79.56,31.573283,74.291825,11/08/2026 10:29 AM,11/08/2026 11:00 AM,Reporting,Excess Idling,11.94,False,UC-59,DGBT,Zone-29,Loader Rickshaw,DGBT,True,2026-08-11
22729,LR-347,LR347,Lahore,"Tehsil Office, Data Gunj Baksh Town",LWMC-DaGB,Loader Rickshaw,Door To Door Collection,still,off,,,31.59268,74.259498,11/08/2026 10:39 AM,11/08/2026 11:00 AM,Reporting,No Activity Since Yesterday,0.0,True,UC-5,Ravi Town,Zone-1,Loader Rickshaw,DGBT,False,2026-08-11
19066,LR-0013,LR0013,Lahore,"Tehsil Office, Data Gunj Baksh Town",LWMC-DaGB,Loader Rickshaw,Bulk Waste Collection,still,off,,,31.590702,74.25637,11/08/2026 10:14 AM,11/08/2026 10:30 AM,Reporting,No Activity Since Yesterday,0.0,True,UC-1,Ravi Town,Zone-1,Loader Rickshaw,DGBT,False,2026-08-11
-,LR-1974,LR1974,Lahore,"Tehsil Office, Data Gunj Baksh Town",LWMC-DaGB,-,-,moving,on,35.609,250.93,31.571913,74.318158,11/08/2026 10:23 AM,11/08/2026 11:00 AM,Reporting,Moving,0.0,True,UC-169,DGBT,Zone-24,Loader Rickshaw,DGBT,True,2026-08-11
-,WR-2990,WR2990,Lahore,"Tehsil Office, Data Gunj Baksh Town",LWMC-DaGB,-,-,still,off,9.5,56.83,31.568864,74.306389,11/08/2026 09:45 AM,11/08/2026 10:00 AM,Reporting,Moving,13.22,False,UC-58,DGBT,Zone-27,Washer Rickshaw,DGBT,True,2026-08-11
-,LR-1467,LR1467,Lahore,"Tehsil Office, Data Gunj Baksh Town",LWMC-DaGB,-,-,moving,on,18.211,71.2,31.583221,74.29589,11/08/2026 10:33 AM,11/08/2026 11:00 AM,Reporting,Moving,13.53,False,UC-52,DGBT,Zone-28,Loader Rickshaw,DGBT,True,2026-08-11
-,VS-19,VS19,Lahore,"Tehsil Office, Data Gunj Baksh Town",LWMC-DaGB,-,-,still,off,,,31.573133,74.286467,11/08/2026 10:36 AM,11/08/2026 11:00 AM,Reporting,No Activity Since Yesterday,0.0,True,UC-56,DGBT,Zone-29,Vaccume Sweeper,Night Operations,False,2026-08-11
19052,LR-0027,LR0027,Lahore,"Tehsil Office, Data Gunj Baksh Town",LWMC-DaGB,Loader Rickshaw,Bulk Waste Collection,still,off,24.486,267.28,31.538832,74.328085,11/08/2026 10:28 AM,11/08/2026 11:00 AM,Reporting,Moving,0.0,True,UC-198,DGBT,Zone-26,Loader Rickshaw,DGBT,True,2026-08-11
-,LR-1473,LR1473,Lahore,"Tehsil Office, Data Gunj Baksh Town",LWMC-DaGB,-,-,moving,on,16.547,87.86,31.57851,74.296986,11/08/2026 09:35 AM,11/08/2026 11:00 AM,Reporting,Moving,12.2,False,UC-55,DGBT,Zone-29,Loader Rickshaw,DGBT,True,2026-08-11
-,LR-0338,LR0338,Lahore,"Tehsil Office, Data Gunj Baksh Town",LWMC-DaGB,-,-,still,off,27.671,164.78,31.592527,74.255855,11/08/2026 10:15 AM,11/08/2026 11:00 AM,Reporting,Parked,0.0,True,UC-1,Ravi Town,Zone-1,Loader Rickshaw,DGBT,False,2026-08-11
-,LR-1419,LR1419,Lahore,"Tehsil Office, Data Gunj Baksh Town",LWMC-DaGB,-,-,still,off,,,31.587827,74.257355,11/08/2026 10:37 AM,11/08/2026 11:00 AM,Reporting,No Activity Since Yesterday,0.0,True,UC-1,Ravi Town,Zone-1,Loader Rickshaw,DGBT,False,2026-08-11
-,LR-1976,LR1976,Lahore,"Tehsil Office, Data Gunj Baksh Town",LWMC-DaGB,-,-,still,off,35.813,305.21,31.572685,74.320187,11/08/2026 10:28 AM,11/08/2026 11:00 AM,Reporting,Moving,0.0,True,UC-168,DGBT,Zone-24,Loader Rickshaw,DGBT,True,2026-08-11
-,LR-3088,LR3088,Lahore,"Tehsil Office, Data Gunj Baksh Town",LWMC-DaGB,-,-,moving,on,9.519,59.56,31.558937,74.282227,11/08/2026 10:14 AM,11/08/2026 11:00 AM,Reporting,Moving,12.1,False,UC-74,DGBT,Zone-30,,DGBT,True,2026-08-11
-,LR-1978,LR1978,Lahore,"Tehsil Office, Data Gunj Baksh Town",LWMC-DaGB,-,-,still,off,34.377,262.78,31.567693,74.32275,11/08/2026 10:38 AM,11/08/2026 11:00 AM,Reporting,Moving,0.0,True,UC-169,DGBT,Zone-24,Loader Rickshaw,DGBT,True,2026-08-11
-,VS-15,VS15,Lahore,"Tehsil Office, Data Gunj Baksh Town",LWMC-DaGB,-,-,still,off,,,31.57317,74.286582,11/08/2026 10:38 AM,11/08/2026 11:00 AM,Reporting,No Activity Since Yesterday,0.0,True,UC-56,DGBT,Zone-29,Vaccume Sweeper,Night Operations,False,2026-08-11
-,LR-2509,LR2509,Lahore,"Tehsil Office, Data Gunj Baksh Town",LWMC-DaGB,-,-,still,off,25.951,72.83,31.56402,74.320192,11/08/2026 10:28 AM,11/08/2026 11:00 AM,Reporting,Excess Idling,12.3,False,UC-62,DGBT,Zone-25,Loader Rickshaw,DGBT,True,2026-08-11
-,LR-2529,LR2529,Lahore,"Tehsil Office, Data Gunj Baksh Town",LWMC-DaGB,-,-,still,off,13.853,72.86,31.567266,74.286532,11/08/2026 10:46 AM,11/08/2026 11:00 AM,Reporting,Idle,12.91,False,UC-60,DGBT,Zone-29,Loader Rickshaw,DGBT,True,2026-08-11
22741,LR-704,LR704,Lahore,"Tehsil Office, Data Gunj Baksh Town",LWMC-DaGB,Loader Rickshaw,Door To Door Collection,still,off,12.865,54.11,31.581698,74.287261,11/08/2026 10:21 AM,11/08/2026 11:00 AM,Reporting,Excess Idling,12.3,False,UC-50,DGBT,Zone-28,Loader Rickshaw,DGBT,True,2026-08-11
19067,LR-0025,LR0025,Lahore,"Tehsil Office, Data Gunj Baksh Town",LWMC-DaGB,Loader Rickshaw,Bulk Waste Collection,still,off,33.259,267.8,31.557203,74.32289,11/08/2026 10:40 AM,11/08/2026 11:00 AM,Reporting,Moving,0.0,True,UC-81,DGBT,Zone-26,Loader Rickshaw,DGBT,True,2026-08-11
-,LR-0236,LR0236,Lahore,"Tehsil Office, Data Gunj Baksh Town",LWMC-DaGB,-,-,still,off,18.957,296.11,31.583085,74.30131,11/08/2026 10:46 AM,11/08/2026 11:00 AM,Reporting,Excess Idling,0.0,True,UC-54,DGBT,Zone-27,Loader Rickshaw,DGBT,True,2026-08-11
-,LR-2516,LR2516,Lahore,"Tehsil Office, Data Gunj Baksh Town",LWMC-DaGB,-,-,still,off,18.615,94.76,31.593317,74.257315,11/08/2026 10:32 AM,11/08/2026 11:00 AM,Reporting,Moving,12.76,False,UC-5,Ravi Town,Zone-1,Loader Rickshaw,DGBT,False,2026-08-11
-,LR-2515,LR2515,Lahore,"Tehsil Office, Data Gunj Baksh Town",LWMC-DaGB,-,-,still,off,14.862,88.38,31.580335,74.294141,11/08/2026 10:21 AM,11/08/2026 11:00 AM,Reporting,Idle,12.15,False,UC-55,DGBT,Zone-29,Loader Rickshaw,DGBT,True,2026-08-11
-,LR-1491,LR1491,Lahore,"Tehsil Office, Data Gunj Baksh Town",LWMC-DaGB,-,-,still,off,6.641,18.86,31.592586,74.259114,11/08/2026 10:46 AM,11/08/2026 11:00 AM,Reporting,Excess Idling,11.59,False,UC-5,Ravi Town,Zone-1,Loader Rickshaw,DGBT,False,2026-08-11
-,LR-142,LR142,Lahore,"Tehsil Office, Data Gunj Baksh Town",LWMC-DaGB,-,-,moving,on,16.391,279.68,31.575398,74.311113,11/08/2026 10:37 AM,11/08/2026 11:00 AM,Reporting,Moving,0.0,True,UC-63,DGBT,Zone-27,Loader Rickshaw,DGBT,True,2026-08-11
-,LR-1586,LR1586,Lahore,"Tehsil Office, Data Gunj Baksh Town",LWMC-DaGB,-,-,moving,on,12.274,67.58,31.576035,74.300823,11/08/2026 10:17 AM,11/08/2026 11:00 AM,Reporting,Idle,12.15,False,UC-57,DGBT,Zone-27,Loader Rickshaw,DGBT,True,2026-08-11
-,LR-0344,LR0344,Lahore,"Tehsil Office, Data Gunj Baksh Town",LWMC-DaGB,-,-,still,off,16.753,127.79,31.564793,74.292707,11/08/2026 10:44 AM,11/08/2026 11:00 AM,Reporting,Parked,0.0,True,UC-65,DGBT,Zone-29,Loader Rickshaw,DGBT,True,2026-08-11
39149,D-61,D61,Lahore,"Tehsil Office, Samnabad Town",LWMC-SaTo,Dumper (10CM),Bulk Waste Collection,moving,on,75.747,217.8,31.463847,74.225487,11/08/2026 10:45 AM,11/08/2026 11:00 AM,Reporting,Idle,0.0,True,UC-117,Allama Iqbal Town,Zone-41,Dumper,Samnabad Town,False,2026-08-11
-,LD-12,LD12,Lahore,"Tehsil Office, Samnabad Town",LWMC-SaTo,-,-,still,off,17.79,406.55,31.522238,74.296075,11/08/2026 10:38 AM,11/08/2026 11:00 AM,Reporting,Parked,0.0,True,UC-218,Samnabad Town,Zone-35,Loader,Samnabad Town,True,2026-08-11
39189,S-264,S264,Lahore,"Tehsil Office, Samnabad Town",LWMC-SaTo,Mini Dumper,Bulk Waste Collection,still,off,76.325,252.4,31.470657,74.241408,11/08/2026 10:43 AM,11/08/2026 11:00 AM,Reporting,Parked,0.0,True,UC-110,Allama Iqbal Town,Zone-41,Mini Dumper,Samnabad Town,False,2026-08-11
-,VS-24,VS24,Lahore,"Tehsil Office, Samnabad Town",LWMC-SaTo,-,-,still,off,41.454,187.44,31.46412,74.225618,11/08/2026 09:09 AM,11/08/2026 10:30 AM,Reporting,Parked,24.4,False,UC-117,Allama Iqbal Town,Zone-41,Vaccume Sweeper,Night Operations,False,2026-08-11
40319,LR-1046,LR1046,Lahore,"Tehsil Office, Samnabad Town",LWMC-SaTo,Loader Rickshaw,Door To Door Collection,still,off,5.375,646.36,31.46368,74.22478,11/08/2026 10:46 AM,11/08/2026 11:00 AM,Reporting,Idle,0.0,True,UC-117,Allama Iqbal Town,Zone-41,Loader Rickshaw,Samnabad Town,False,2026-08-11
-,MFL-32,MFL32,Lahore,"Tehsil Office, Samnabad Town",LWMC-SaTo,-,-,still,off,0.332,27.08,31.46385,74.225488,11/08/2026 10:35 AM,11/08/2026 11:00 AM,Reporting,No Activity Since Yesterday,0.0,True,UC-117,Allama Iqbal Town,Zone-41,Loader,Samnabad Town,False,2026-08-11
-,MFL-111,MFL111,Lahore,"Tehsil Office, Samnabad Town",LWMC-SaTo,-,-,still,off,5.886,88.16,31.472132,74.239717,11/08/2026 10:23 AM,11/08/2026 11:00 AM,Reporting,Parked,0.0,True,UC-110,Allama Iqbal Town,Zone-41,Loader,Samnabad Town,False,2026-08-11
39122,C-737,C737,Lahore,"Tehsil Office, Samnabad Town",LWMC-SaTo,Compactor (7CM),Container-Based Collection,moving,on,46.8,176.83,31.478392,74.343992,11/08/2026 10:15 AM,11/08/2026 11:00 AM,Reporting,Moving,0.0,True,UC-206,Gulberg Town,Zone-22,Compactor,Samnabad Town,False,2026-08-11
-,SD-13,SD13,Lahore,"Tehsil Office, Samnabad Town",LWMC-SaTo,-,-,moving,on,130.231,427.0,31.574418,74.274374,11/08/2026 10:06 AM,11/08/2026 10:30 AM,Reporting,Moving,12.67,False,UC-71,Samnabad Town,Zone-31,Dumper,Samnabad Town,True,2026-08-11
-,LR-2670,LR2670,Lahore,"Tehsil Office, Samnabad Town",LWMC-SaTo,-,-,still,off,21.498,483.23,31.524509,74.290236,11/08/2026 10:45 AM,11/08/2026 11:00 AM,Reporting,Moving,12.05,False,UC-218,Samnabad Town,Zone-35,Loader Rickshaw,Samnabad Town,True,2026-08-11
39158,M-96,M96,Lahore,"Tehsil Office, Samnabad Town",LWMC-SaTo,Mini Dumper,Bulk Waste Collection,moving,on,56.693,268.19,31.572465,74.287078,11/08/2026 10:45 AM,11/08/2026 11:00 AM,Reporting,Moving,0.0,True,UC-59,DGBT,Zone-29,Foton-Mini Dumper,Samnabad Town,False,2026-08-11
40322,LR-1049,LR1049,Lahore,"Tehsil Office, Samnabad Town",LWMC-SaTo,Loader Rickshaw,Door To Door Collection,moving,on,38.668,286.66,31.524483,74.287368,11/08/2026 09:48 AM,11/08/2026 11:00 AM,Reporting,Excess Idling,0.0,True,UC-212,Samnabad Town,Zone-36,Loader Rickshaw,Samnabad Town,True,2026-08-11
39205,S-322,S322,Lahore,"Tehsil Office, Samnabad Town",LWMC-SaTo,Mini Dumper,Bulk Waste Collection,still,off,42.382,180.36,31.480943,74.282271,11/08/2026 10:46 AM,11/08/2026 11:00 AM,Reporting,Parked,13.17,False,UC-114,Allama Iqbal Town,Zone-40,Mini Dumper,Samnabad Town,False,2026-08-11
39140,CA-46,CA46,Lahore,"Tehsil Office, Samnabad Town",LWMC-SaTo,Chain Arm Roll,Container-Based Collection,moving,on,166.364,562.0,31.473907,74.227673,11/08/2026 10:41 AM,11/08/2026 11:00 AM,Reporting,Moving,0.0,True,UC-110,Allama Iqbal Town,Zone-41,Chain Arm Roll,Samnabad Town,False,2026-08-11
-,VS-50,VS50,Lahore,"Tehsil Office, Samnabad Town",LWMC-SaTo,-,-,moving,on,50.49,337.69,31.464289,74.225494,11/08/2026 10:24 AM,11/08/2026 10:30 AM,Reporting,Parked,11.69,False,UC-117,Allama Iqbal Town,Zone-41,Vaccume Sweeper,Night Operations,False,2026-08-11
41243,LR-1252,LR1252,Lahore,"Tehsil Office, Samnabad Town",LWMC-SaTo,Loader Rickshaw,Door To Door Collection,moving,on,27.925,441.41,31.54356,74.302313,11/08/2026 10:44 AM,11/08/2026 11:00 AM,Reporting,Idle,0.0,True,UC-82,Samnabad Town,Zone-33,Loader Rickshaw,Samnabad Town,True,2026-08-11
39154,HA-47,HA47,Lahore,"Tehsil Office, Samnabad Town",LWMC-SaTo,Arm Roll Truck,Bulk Waste Collection,still,off,59.668,180.48,31.575277,74.271225,11/08/2026 10:21 AM,11/08/2026 11:00 AM,Reporting,Idle,0.0,True,UC-71,Samnabad Town,Zone-31,Arm Roll,Samnabad Town,True,2026-08-11
39120,C-725,C725,Lahore,"Tehsil Office, Samnabad Town",LWMC-SaTo,Compactor (7CM),Container-Based Collection,still,off,90.045,383.55,31.539372,74.31891,11/08/2026 10:38 AM,11/08/2026 11:00 AM,Reporting,Idle,0.0,True,UC-84,Samnabad Town,Zone-34,Compactor,Samnabad Town,True,2026-08-11
-,LR-0382,LR0382,Lahore,"Tehsil Office, Samnabad Town",LWMC-SaTo,-,-,still,off,11.12,34.16,31.506255,74.292888,11/08/2026 10:44 AM,11/08/2026 11:00 AM,Reporting,Excess Idling,0.0,True,UC-214,Samnabad Town,Zone-36,Loader Rickshaw,Samnabad Town,True,2026-08-11
-,LR-0038,LR0038,Lahore,"Tehsil Office, Samnabad Town",LWMC-SaTo,-,-,moving,on,22.538,156.65,31.542377,74.295473,11/08/2026 10:16 AM,11/08/2026 11:00 AM,Reporting,Idle,0.0,True,UC-89,Samnabad Town,Zone-33,Loader Rickshaw,Samnabad Town,True,2026-08-11
41294,LR-1896,LR1896,Lahore,"Tehsil Office, Samnabad Town",LWMC-SaTo,Loader Rickshaw,Door To Door Collection,still,off,34.762,610.71,31.538437,74.286876,11/08/2026 10:12 AM,11/08/2026 11:00 AM,Reporting,Excess Idling,12.1,False,UC-94,Samnabad Town,Zone-32,Loader Rickshaw,Samnabad Town,True,2026-08-11
-,LR-0816,LR0816,Lahore,"Tehsil Office, Samnabad Town",LWMC-SaTo,-,-,still,off,16.851,616.41,31.535267,74.317464,11/08/2026 10:46 AM,11/08/2026 11:00 AM,Reporting,Excess Idling,11.84,False,UC-84,Samnabad Town,Zone-34,Loader Rickshaw,Samnabad Town,True,2026-08-11
41371,LR-2272,LR2272,Lahore,"Tehsil Office, Samnabad Town",LWMC-SaTo,Loader Rickshaw,Door To Door Collection,still,off,,609.81,31.463424,74.224994,11/08/2026 10:46 AM,11/08/2026 11:00 AM,Reporting,No Activity Since Yesterday,11.23,False,UC-117,Allama Iqbal Town,Zone-41,Loader Rickshaw,Samnabad Town,False,2026-08-11
41329,LR-2179,LR2179,Lahore,"Tehsil Office, Samnabad Town",LWMC-SaTo,Loader Rickshaw,Door To Door Collection,moving,on,33.354,460.21,31.574384,74.274058,11/08/2026 10:25 AM,11/08/2026 11:00 AM,Reporting,Moving,14.14,False,UC-71,Samnabad Town,Zone-31,Loader Rickshaw,Samnabad Town,True,2026-08-11
-,LR-0960,LR0960,Lahore,"Tehsil Office, Samnabad Town",LWMC-SaTo,-,-,moving,on,16.235,488.56,31.534437,74.31831,11/08/2026 10:27 AM,11/08/2026 11:00 AM,Reporting,Moving,12.2,False,UC-84,Samnabad Town,Zone-34,Loader Rickshaw,Samnabad Town,True,2026-08-11
41263,LR-1272,LR1272,Lahore,"Tehsil Office, Samnabad Town",LWMC-SaTo,Loader Rickshaw,Door To Door Collection,moving,on,30.222,607.04,31.574688,74.272437,11/08/2026 10:07 AM,11/08/2026 11:00 AM,Reporting,Moving,13.42,False,UC-71,Samnabad Town,Zone-31,Loader Rickshaw,Samnabad Town,True,2026-08-11
-,LEG-7161,LEG7161,Lahore,"Tehsil Office, Samnabad Town",LWMC-SaTo,-,-,still,off,,640.6,31.464495,74.224985,11/08/2026 10:41 AM,11/08/2026 11:00 AM,Reporting,No Activity Since Yesterday,12.96,False,UC-117,Allama Iqbal Town,Zone-41,Loader,Samnabad Town,False,2026-08-11
-,LR-2655,LR2655,Lahore,"Tehsil Office, Samnabad Town",LWMC-SaTo,-,-,still,off,31.888,482.53,31.533312,74.302619,11/08/2026 10:29 AM,11/08/2026 11:00 AM,Reporting,Moving,12.2,False,UC-91,Samnabad Town,Zone-33,Loader Rickshaw,Samnabad Town,True,2026-08-11
41293,LR-1895,LR1895,Lahore,"Tehsil Office, Samnabad Town",LWMC-SaTo,Loader Rickshaw,Door To Door Collection,still,off,22.64,563.68,31.546079,74.288752,11/08/2026 09:24 AM,11/08/2026 11:00 AM,Reporting,Excess Idling,12.71,False,UC-78,Samnabad Town,Zone-31,Loader Rickshaw,Samnabad Town,True,2026-08-11
41314,LR-1866,LR1866,Lahore,"Tehsil Office, Samnabad Town",LWMC-SaTo,Loader Rickshaw,Door To Door Collection,still,off,24.978,644.98,31.576733,74.271946,11/08/2026 10:45 AM,11/08/2026 11:00 AM,Reporting,Moving,12.3,False,,,,Loader Rickshaw,Samnabad Town,False,2026-08-11
41277,LR-1462,LR1462,Lahore,"Tehsil Office, Samnabad Town",LWMC-SaTo,Loader Rickshaw,Door To Door Collection,moving,on,23.515,514.73,31.518923,74.303976,11/08/2026 10:16 AM,11/08/2026 10:30 AM,Reporting,Parked,14.14,False,UC-218,Samnabad Town,Zone-35,Loader Rickshaw,Samnabad Town,True,2026-08-11
41313,LR-1865,LR1865,Lahore,"Tehsil Office, Samnabad Town",LWMC-SaTo,Loader Rickshaw,Door To Door Collection,still,off,23.236,535.95,31.548291,74.293214,11/08/2026 10:20 AM,11/08/2026 11:00 AM,Reporting,Moving,11.28,False,UC-75,Samnabad Town,Zone-31,Loader Rickshaw,Samnabad Town,True,2026-08-11
41326,LR-2176,LR2176,Lahore,"Tehsil Office, Samnabad Town",LWMC-SaTo,Loader Rickshaw,Door To Door Collection,moving,on,27.13,631.14,31.557969,74.276643,11/08/2026 10:31 AM,11/08/2026 11:00 AM,Reporting,Moving,14.04,False,UC-74,DGBT,Zone-30,Loader Rickshaw,Samnabad Town,False,2026-08-11
41259,LR-1268,LR1268,Lahore,"Tehsil Office, Samnabad Town",LWMC-SaTo,Loader Rickshaw,Door To Door Collection,still,off,,,31.46367,74.22476,11/08/2026 10:42 AM,11/08/2026 11:00 AM,Reporting,No Activity Since Yesterday,0.0,True,UC-117,Allama Iqbal Town,Zone-41,Loader Rickshaw,Samnabad Town,False,2026-08-11
39172,S-208,S208,Lahore,"Tehsil Office, Samnabad Town",LWMC-SaTo,Mini Dumper,Bulk Waste Collection,moving,on,42.796,171.41,31.542053,74.26612,11/08/2026 10:38 AM,11/08/2026 11:00 AM,Reporting,Parked,0.0,True,UC-100,Samnabad Town,Zone-32,Mini Dumper,Samnabad Town,True,2026-08-11
-,LR-0380,LR0380,Lahore,"Tehsil Office, Samnabad Town",LWMC-SaTo,-,-,moving,on,19.533,90.78,31.50792,74.285165,11/08/2026 10:38 AM,11/08/2026 11:00 AM,Reporting,Parked,0.0,True,UC-214,Samnabad Town,Zone-36,Loader Rickshaw,Samnabad Town,True,2026-08-11
-,LR-0927,LR0927,Lahore,"Tehsil Office, Samnabad Town",LWMC-SaTo,-,-,still,off,23.422,115.95,31.504058,74.272313,11/08/2026 10:44 AM,11/08/2026 11:00 AM,Reporting,Parked,0.0,True,UC-215,Samnabad Town,Zone-36,Loader Rickshaw,Samnabad Town,True,2026-08-11
39128,C-1346,C1346,Lahore,"Tehsil Office, Samnabad Town",LWMC-SaTo,Compactor (13CM),Container-Based Collection,still,off,43.079,297.91,31.575785,74.271448,11/08/2026 10:43 AM,11/08/2026 11:00 AM,Reporting,Moving,0.0,True,UC-71,Samnabad Town,Zone-31,Compactor,Samnabad Town,True,2026-08-11
39126,C-1325,C1325,Lahore,"Tehsil Office, Samnabad Town",LWMC-SaTo,Compactor (13CM),Container-Based Collection,still,off,46.473,217.81,31.575243,74.271127,11/08/2026 10:36 AM,11/08/2026 11:00 AM,Reporting,Moving,0.0,True,UC-71,Samnabad Town,Zone-31,Compactor,Samnabad Town,True,2026-08-11
-,LR-0386,LR0386,Lahore,"Tehsil Office, Samnabad Town",LWMC-SaTo,-,-,moving,on,10.899,103.54,31.506248,74.289835,11/08/2026 10:40 AM,11/08/2026 11:00 AM,Reporting,Moving,0.0,True,UC-214,Samnabad Town,Zone-36,Loader Rickshaw,Samnabad Town,True,2026-08-11
39131,C-1348,C1348,Lahore,"Tehsil Office, Samnabad Town",LWMC-SaTo,Compactor (13CM),Container-Based Collection,moving,on,45.238,267.86,31.57353,74.277162,11/08/2026 10:40 AM,11/08/2026 11:00 AM,Reporting,Parked,0.0,True,,,,Compactor,Samnabad Town,False,2026-08-11
39156,M-62,M62,Lahore,"Tehsil Office, Samnabad Town",LWMC-SaTo,Mini Dumper,Bulk Waste Collection,moving,on,21.648,242.53,31.509253,74.27214,11/08/2026 10:42 AM,11/08/2026 11:00 AM,Reporting,Idle,0.0,True,UC-212,Samnabad Town,Zone-36,Foton-Mini Dumper,Samnabad Town,True,2026-08-11
-,LR-0036,LR0036,Lahore,"Tehsil Office, Samnabad Town",LWMC-SaTo,-,-,still,off,26.39,387.91,31.533437,74.302772,11/08/2026 10:42 AM,11/08/2026 11:00 AM,Reporting,Idle,0.0,True,UC-91,Samnabad Town,Zone-33,Loader Rickshaw,Nishter Town,False,2026-08-11
39203,S-318,S318,Lahore,"Tehsil Office, Samnabad Town",LWMC-SaTo,Mini Dumper,Bulk Waste Collection,still,off,37.142,119.26,31.532145,74.26857,11/08/2026 10:38 AM,11/08/2026 11:00 AM,Reporting,Moving,0.0,True,UC-101,Allama Iqbal Town,Zone-37,Mini Dumper,Samnabad Town,False,2026-08-11
39176,S-215,S215,Lahore,"Tehsil Office, Samnabad Town",LWMC-SaTo,Mini Dumper,Bulk Waste Collection,still,off,32.236,123.29,31.522023,74.293137,11/08/2026 09:50 AM,11/08/2026 11:00 AM,Reporting,Parked,0.0,True,UC-218,Samnabad Town,Zone-35,Mini Dumper,Samnabad Town,True,2026-08-11
39123,C-1301,C1301,Lahore,"Tehsil Office, Samnabad Town",LWMC-SaTo,Compactor (13CM),Container-Based Collection,still,off,46.057,281.91,31.523745,74.322158,11/08/2026 10:42 AM,11/08/2026 11:00 AM,Reporting,Idle,0.0,True,UC-85,Samnabad Town,Zone-34,Compactor,Samnabad Town,True,2026-08-11
39134,C-1364,C1364,Lahore,"Tehsil Office, Samnabad Town",LWMC-SaTo,Compactor (13CM),Container-Based Collection,still,off,52.639,310.91,31.575808,74.271453,11/08/2026 10:36 AM,11/08/2026 11:00 AM,Reporting,Parked,0.0,True,UC-71,Samnabad Town,Zone-31,Compactor,Samnabad Town,True,2026-08-11
41260,LR-1269,LR1269,Lahore,"Tehsil Office, Samnabad Town",LWMC-SaTo,Loader Rickshaw,Door To Door Collection,moving,on,24.949,144.9,31.575315,74.271227,11/08/2026 10:35 AM,11/08/2026 11:00 AM,Reporting,Moving,0.0,True,UC-71,Samnabad Town,Zone-31,Loader Rickshaw,Samnabad Town,True,2026-08-11
-,LR-0980,LR0980,Lahore,"Tehsil Office, Samnabad Town",LWMC-SaTo,-,-,still,off,35.535,177.5,31.525597,74.284463,11/08/2026 10:36 AM,11/08/2026 11:00 AM,Reporting,Parked,0.0,True,UC-107,Samnabad Town,Zone-35,Loader Rickshaw,Samnabad Town,True,2026-08-11
39181,S-231,S231,Lahore,"Tehsil Office, Samnabad Town",LWMC-SaTo,Mini Dumper,Bulk Waste Collection,still,off,29.62,127.31,31.572157,74.280762,11/08/2026 10:38 AM,11/08/2026 11:00 AM,Reporting,Moving,0.0,True,UC-71,Samnabad Town,Zone-31,Mini Dumper,Samnabad Town,True,2026-08-11
-,S-0385,S0385,Lahore,"Tehsil Office, Samnabad Town",LWMC-SaTo,-,-,still,off,48.235,142.0,31.251328,74.191247,11/08/2026 10:43 AM,11/08/2026 11:00 AM,Reporting,Parked,0.0,True,UC-273,Allama Iqbal Town,Zone-43,,Samnabad Town,False,2026-08-11
39208,S-382,S382,Lahore,"Tehsil Office, Samnabad Town",LWMC-SaTo,Mini Dumper,Bulk Waste Collection,still,off,26.179,66.41,31.49751,74.306007,11/08/2026 10:36 AM,11/08/2026 11:00 AM,Reporting,Parked,0.0,True,UC-211,Gulberg Town,Zone-23,Mini Dumper,Samnabad Town,False,2026-08-11
41252,LR-1261,LR1261,Lahore,"Tehsil Office, Samnabad Town",LWMC-SaTo,Loader Rickshaw,Door To Door Collection,still,off,,,31.464423,74.225112,11/08/2026 10:37 AM,11/08/2026 11:00 AM,Reporting,No Activity Since Yesterday,0.0,True,UC-117,Allama Iqbal Town,Zone-41,Loader Rickshaw,Samnabad Town,False,2026-08-11
39143,CA-158,CA158,Lahore,"Tehsil Office, Samnabad Town",LWMC-SaTo,Chain Arm Roll,Container-Based Collection,still,off,,,31.463973,74.225558,11/08/2026 10:37 AM,11/08/2026 11:00 AM,Reporting,No Activity Since Yesterday,0.0,True,UC-117,Allama Iqbal Town,Zone-41,Chain Arm Roll,Samnabad Town,False,2026-08-11
39178,S-224,S224,Lahore,"Tehsil Office, Samnabad Town",LWMC-SaTo,Mini Dumper,Bulk Waste Collection,still,off,28.786,112.54,31.539097,74.302787,11/08/2026 10:42 AM,11/08/2026 11:00 AM,Reporting,Moving,0.0,True,UC-91,Samnabad Town,Zone-33,Mini Dumper,Samnabad Town,True,2026-08-11
41287,LR-1679,LR1679,Lahore,"Tehsil Office, Samnabad Town",LWMC-SaTo,Loader Rickshaw,Door To Door Collection,still,off,15.991,112.78,31.532075,74.294688,11/08/2026 10:42 AM,11/08/2026 11:00 AM,Reporting,Parked,0.0,True,UC-90,Samnabad Town,Zone-33,Loader Rickshaw,Samnabad Town,True,2026-08-11
39148,D-57,D57,Lahore,"Tehsil Office, Samnabad Town",LWMC-SaTo,Dumper (10CM),Bulk Waste Collection,moving,on,64.698,216.21,31.575193,74.271132,11/08/2026 10:35 AM,11/08/2026 11:00 AM,Reporting,Moving,0.0,True,UC-71,Samnabad Town,Zone-31,Dumper,Samnabad Town,True,2026-08-11
-,C-1315L,C1315L,Lahore,"Tehsil Office, Samnabad Town",LWMC-SaTo,-,-,still,off,43.612,325.3,31.52168,74.283948,11/08/2026 10:47 AM,11/08/2026 11:00 AM,Reporting,Moving,0.0,True,UC-212,Samnabad Town,Zone-36,Compactor,Samnabad Town,True,2026-08-11
39150,D-23,D23,Lahore,"Tehsil Office, Samnabad Town",LWMC-SaTo,Compactor (25CM),Bulk Waste Collection,still,off,48.808,219.93,31.524807,74.322617,11/08/2026 10:45 AM,11/08/2026 11:00 AM,Reporting,Parked,0.0,True,UC-85,Samnabad Town,Zone-34,Dumper,Samnabad Town,True,2026-08-11
39190,S-265,S265,Lahore,"Tehsil Office, Samnabad Town",LWMC-SaTo,Mini Dumper,Bulk Waste Collection,still,off,14.491,74.83,31.521732,74.284128,11/08/2026 10:45 AM,11/08/2026 11:00 AM,Reporting,Parked,0.0,True,UC-212,Samnabad Town,Zone-36,Mini Dumper,Samnabad Town,True,2026-08-11
41216,LR-776,LR776,Lahore,"Tehsil Office, Samnabad Town",LWMC-SaTo,Loader Rickshaw,Door To Door Collection,still,off,24.537,101.88,31.541437,74.262036,11/08/2026 10:22 AM,11/08/2026 11:00 AM,Reporting,Moving,11.94,False,UC-93,Samnabad Town,Zone-31,Loader Rickshaw,Samnabad Town,True,2026-08-11
39207,S-363,S363,Lahore,"Tehsil Office, Samnabad Town",LWMC-SaTo,Mini Dumper,Bulk Waste Collection,moving,on,43.324,155.19,31.575227,74.271193,11/08/2026 10:40 AM,11/08/2026 11:00 AM,Reporting,Moving,0.0,True,UC-71,Samnabad Town,Zone-31,Mini Dumper,Samnabad Town,True,2026-08-11
39200,S-308,S308,Lahore,"Tehsil Office, Samnabad Town",LWMC-SaTo,Mini Dumper,Bulk Waste Collection,still,off,47.942,159.0,31.533232,74.30256,11/08/2026 10:39 AM,11/08/2026 11:00 AM,Reporting,Parked,0.0,True,UC-91,Samnabad Town,Zone-33,Mini Dumper,Samnabad Town,True,2026-08-11
-,LR-0035,LR0035,Lahore,"Tehsil Office, Samnabad Town",LWMC-SaTo,-,-,moving,on,23.575,179.34,31.542377,74.29542,11/08/2026 10:44 AM,11/08/2026 11:00 AM,Reporting,Parked,0.0,True,UC-89,Samnabad Town,Zone-33,Loader Rickshaw,Samnabad Town,True,2026-08-11
-,LR-0653,LR0653,Lahore,"Tehsil Office, Samnabad Town",LWMC-SaTo,-,-,still,off,24.178,88.45,31.565748,74.279162,11/08/2026 10:46 AM,11/08/2026 11:00 AM,Reporting,Parked,0.0,True,UC-71,Samnabad Town,Zone-31,Loader Rickshaw,Samnabad Town,True,2026-08-11
39157,M-77,M77,Lahore,"Tehsil Office, Samnabad Town",LWMC-SaTo,Mini Dumper,Bulk Waste Collection,still,off,0.088,1.8,31.463958,74.225203,11/08/2026 10:34 AM,11/08/2026 11:00 AM,Reporting,No Activity Since Yesterday,0.0,True,UC-117,Allama Iqbal Town,Zone-41,Foton-Mini Dumper,Samnabad Town,False,2026-08-11
41274,LR-1459,LR1459,Lahore,"Tehsil Office, Samnabad Town",LWMC-SaTo,Loader Rickshaw,Door To Door Collection,still,off,,,31.486722,74.25977,11/08/2026 10:35 AM,11/08/2026 11:00 AM,Reporting,No Activity Since Yesterday,0.0,True,,,,Loader Rickshaw,Samnabad Town,False,2026-08-11
39188,S-261,S261,Lahore,"Tehsil Office, Samnabad Town",LWMC-SaTo,Mini Dumper,Bulk Waste Collection,still,off,21.181,125.66,31.546918,74.284378,11/08/2026 10:26 AM,11/08/2026 11:00 AM,Reporting,Excess Idling,0.0,True,UC-78,Samnabad Town,Zone-31,Mini Dumper,Samnabad Town,True,2026-08-11
41375,LR-2276,LR2276,Lahore,"Tehsil Office, Samnabad Town",LWMC-SaTo,Loader Rickshaw,Door To Door Collection,moving,on,32.478,313.35,31.530153,74.302463,11/08/2026 10:18 AM,11/08/2026 11:00 AM,Reporting,Excess Idling,13.42,False,UC-92,Samnabad Town,Zone-35,Loader Rickshaw,Samnabad Town,True,2026-08-11
39161,M-105,M105,Lahore,"Tehsil Office, Samnabad Town",LWMC-SaTo,Mini Dumper,Bulk Waste Collection,moving,on,56.854,240.94,31.573618,74.290963,11/08/2026 10:44 AM,11/08/2026 11:00 AM,Reporting,Moving,0.0,True,UC-56,DGBT,Zone-29,Foton-Mini Dumper,Samnabad Town,False,2026-08-11
39196,S-297,S297,Lahore,"Tehsil Office, Samnabad Town",LWMC-SaTo,Mini Dumper,Bulk Waste Collection,moving,on,29.188,94.83,31.558113,74.276643,11/08/2026 10:40 AM,11/08/2026 11:00 AM,Reporting,Moving,0.0,True,UC-74,DGBT,Zone-30,Mini Dumper,Samnabad Town,False,2026-08-11
-,LR-0361,LR0361,Lahore,"Tehsil Office, Samnabad Town",LWMC-SaTo,-,-,still,off,25.411,106.16,31.509252,74.282402,11/08/2026 10:45 AM,11/08/2026 11:00 AM,Reporting,Parked,0.0,True,UC-214,Samnabad Town,Zone-36,Loader Rickshaw,Samnabad Town,True,2026-08-11
40323,LR-1050,LR1050,Lahore,"Tehsil Office, Samnabad Town",LWMC-SaTo,Loader Rickshaw,Door To Door Collection,still,off,8.265,18.21,31.515624,74.279408,11/08/2026 10:46 AM,11/08/2026 11:00 AM,Reporting,Excess Idling,11.64,False,UC-212,Samnabad Town,Zone-36,Loader Rickshaw,Samnabad Town,True,2026-08-11
-,LR-0040,LR0040,Lahore,"Tehsil Office, Samnabad Town",LWMC-SaTo,-,-,still,off,27.553,260.53,31.533367,74.302717,11/08/2026 10:37 AM,11/08/2026 11:00 AM,Reporting,Idle,0.0,True,UC-91,Samnabad Town,Zone-33,Loader Rickshaw,Samnabad Town,True,2026-08-11
39132,C-1349,C1349,Lahore,"Tehsil Office, Samnabad Town",LWMC-SaTo,Compactor (13CM),Container-Based Collection,moving,on,35.76,365.78,31.536348,74.302597,11/08/2026 10:44 AM,11/08/2026 11:00 AM,Reporting,Moving,0.0,True,UC-91,Samnabad Town,Zone-33,Compactor,Samnabad Town,True,2026-08-11
-,LR-2664,LR2664,Lahore,"Tehsil Office, Samnabad Town",LWMC-SaTo,-,-,moving,on,59.239,150.5,31.519478,74.291003,11/08/2026 10:13 AM,11/08/2026 11:00 AM,Reporting,Moving,12.45,False,UC-213,Samnabad Town,Zone-36,Loader Rickshaw,Samnabad Town,True,2026-08-11
41253,LR-1262,LR1262,Lahore,"Tehsil Office, Samnabad Town",LWMC-SaTo,Loader Rickshaw,Door To Door Collection,still,off,31.661,127.86,31.533517,74.302812,11/08/2026 10:36 AM,11/08/2026 11:00 AM,Reporting,Moving,0.0,True,UC-91,Samnabad Town,Zone-33,Loader Rickshaw,Samnabad Town,True,2026-08-11
39198,S-300,S300,Lahore,"Tehsil Office, Samnabad Town",LWMC-SaTo,Mini Dumper,Bulk Waste Collection,still,off,37.1,143.78,31.53523,74.317518,11/08/2026 10:41 AM,11/08/2026 11:00 AM,Reporting,Moving,0.0,True,UC-84,Samnabad Town,Zone-34,Mini Dumper,Samnabad Town,True,2026-08-11
39167,S-59,S59,Lahore,"Tehsil Office, Samnabad Town",LWMC-SaTo,Mini Dumper,Bulk Waste Collection,moving,on,28.016,84.56,31.545617,74.296882,11/08/2026 10:44 AM,11/08/2026 11:00 AM,Reporting,Moving,0.0,True,UC-89,Samnabad Town,Zone-33,Mini Dumper,Samnabad Town,True,2026-08-11
41330,LR-2180,LR2180,Lahore,"Tehsil Office, Samnabad Town",LWMC-SaTo,Loader Rickshaw,Door To Door Collection,still,off,34.085,87.03,31.576118,74.271634,11/08/2026 10:44 AM,11/08/2026 11:00 AM,Reporting,Moving,8.99,False,UC-71,Samnabad Town,Zone-31,Loader Rickshaw,Samnabad Town,True,2026-08-11
39138,C-1387,C1387,Lahore,"Tehsil Office, Samnabad Town",LWMC-SaTo,Compactor (13CM),Container-Based Collection,still,off,43.254,294.76,31.575208,74.27111,11/08/2026 10:36 AM,11/08/2026 11:00 AM,Reporting,Moving,0.0,True,UC-71,Samnabad Town,Zone-31,Compactor,Samnabad Town,True,2026-08-11
39182,S-235,S235,Lahore,"Tehsil Office, Samnabad Town",LWMC-SaTo,Mini Dumper,Bulk Waste Collection,moving,on,46.834,167.61,31.532843,74.285217,11/08/2026 10:44 AM,11/08/2026 11:00 AM,Reporting,Moving,0.0,True,UC-94,Samnabad Town,Zone-32,Mini Dumper,Samnabad Town,True,2026-08-11
-,LR-2821,LR2821,Lahore,"Tehsil Office, Samnabad Town",LWMC-SaTo,-,-,still,off,32.466,93.84,31.519108,74.324273,11/08/2026 10:29 AM,11/08/2026 11:00 AM,Reporting,Idle,12.56,False,UC-216,Samnabad Town,Zone-35,Loader Rickshaw,Samnabad Town,True,2026-08-11
-,MFL-53,MFL53,Lahore,"Tehsil Office, Samnabad Town",LWMC-SaTo,-,-,still,off,27.811,130.5,31.331437,74.111723,11/08/2026 10:42 AM,11/08/2026 11:00 AM,Reporting,Parked,,False,UC-262,Allama Iqbal Town,Zone-42,Loader,Samnabad Town,False,2026-08-11
39135,C-1365,C1365,Lahore,"Tehsil Office, Samnabad Town",LWMC-SaTo,Compactor (13CM),Container-Based Collection,still,off,19.922,153.3,31.539653,74.305272,11/08/2026 10:36 AM,11/08/2026 11:00 AM,Reporting,Moving,0.0,True,UC-91,Samnabad Town,Zone-33,Compactor,Samnabad Town,True,2026-08-11
39153,ND-37,ND37,Lahore,"Tehsil Office, Samnabad Town",LWMC-SaTo,Dumper (22CM),Bulk Waste Collection,still,off,,325.43,31.464136,74.225279,11/08/2026 10:42 AM,11/08/2026 11:00 AM,Reporting,No Activity Since Yesterday,,False,UC-117,Allama Iqbal Town,Zone-41,Dumper,Samnabad Town,False,2026-08-11
41362,LR-2263,LR2263,Lahore,"Tehsil Office, Samnabad Town",LWMC-SaTo,Loader Rickshaw,Door To Door Collection,still,off,20.027,65.66,31.54623,74.289162,11/08/2026 10:45 AM,11/08/2026 11:00 AM,Reporting,Moving,13.22,False,UC-78,Samnabad Town,Zone-31,Loader Rickshaw,Samnabad Town,True,2026-08-11
39194,S-283,S283,Lahore,"Tehsil Office, Samnabad Town",LWMC-SaTo,Mini Dumper,Bulk Waste Collection,moving,on,30.549,110.06,31.54184,74.30168,11/08/2026 10:35 AM,11/08/2026 11:00 AM,Reporting,Parked,0.0,True,UC-91,Samnabad Town,Zone-33,Mini Dumper,Samnabad Town,True,2026-08-11
39175,S-214,S214,Lahore,"Tehsil Office, Samnabad Town",LWMC-SaTo,Mini Dumper,Bulk Waste Collection,still,off,67.102,192.31,31.52544,74.29849,11/08/2026 10:43 AM,11/08/2026 11:00 AM,Reporting,Moving,0.0,True,UC-92,Samnabad Town,Zone-35,Mini Dumper,Samnabad Town,True,2026-08-11
39130,C-1347,C1347,Lahore,"Tehsil Office, Samnabad Town",LWMC-SaTo,Compactor (13CM),Container-Based Collection,still,off,47.515,245.83,31.551048,74.281232,11/08/2026 10:34 AM,11/08/2026 11:00 AM,Reporting,Moving,0.0,True,UC-75,Samnabad Town,Zone-31,Compactor,Samnabad Town,True,2026-08-11
39124,C-1310,C1310,Lahore,"Tehsil Office, Samnabad Town",LWMC-SaTo,Compactor (13CM),Container-Based Collection,still,off,69.537,376.69,31.525317,74.298418,11/08/2026 10:45 AM,11/08/2026 11:00 AM,Reporting,Parked,0.0,True,UC-218,Samnabad Town,Zone-35,Compactor,Samnabad Town,True,2026-08-11
41271,LR-1456,LR1456,Lahore,"Tehsil Office, Samnabad Town",LWMC-SaTo,Loader Rickshaw,Door To Door Collection,moving,on,19.376,296.53,31.550048,74.278442,11/08/2026 10:37 AM,11/08/2026 11:00 AM,Reporting,Moving,0.0,True,,,,Loader Rickshaw,Samnabad Town,False,2026-08-11
41312,LR-1864,LR1864,Lahore,"Tehsil Office, Samnabad Town",LWMC-SaTo,Loader Rickshaw,Door To Door Collection,moving,on,23.57,136.09,31.552055,74.287634,11/08/2026 09:57 AM,11/08/2026 11:00 AM,Reporting,Moving,6.64,False,UC-75,Samnabad Town,Zone-31,Loader Rickshaw,Samnabad Town,True,2026-08-11
39179,S-228,S228,Lahore,"Tehsil Office, Samnabad Town",LWMC-SaTo,Mini Dumper,Bulk Waste Collection,moving,on,34.509,125.45,31.53563,74.284443,11/08/2026 10:38 AM,11/08/2026 11:00 AM,Reporting,Moving,0.0,True,UC-94,Samnabad Town,Zone-32,Mini Dumper,Samnabad Town,True,2026-08-11
39133,C-1350,C1350,Lahore,"Tehsil Office, Samnabad Town",LWMC-SaTo,Compactor (13CM),Container-Based Collection,moving,on,46.558,303.58,31.56432,74.30551,11/08/2026 10:30 AM,11/08/2026 11:00 AM,Reporting,Moving,0.0,True,UC-61,DGBT,Zone-25,Compactor,Samnabad Town,False,2026-08-11
41230,LR-1059,LR1059,Lahore,"Tehsil Office, Samnabad Town",LWMC-SaTo,Loader Rickshaw,Door To Door Collection,moving,on,20.949,318.93,31.55313,74.285148,11/08/2026 10:44 AM,11/08/2026 11:00 AM,Reporting,Moving,0.0,True,UC-75,Samnabad Town,Zone-31,Loader Rickshaw,Samnabad Town,True,2026-08-11
-,LR-0033,LR0033,Lahore,"Tehsil Office, Samnabad Town",LWMC-SaTo,-,-,moving,on,23.751,210.06,31.530925,74.308303,11/08/2026 10:30 AM,11/08/2026 11:00 AM,Reporting,Moving,0.0,True,UC-86,Samnabad Town,Zone-34,Loader Rickshaw,Samnabad Town,True,2026-08-11
39192,S-278,S278,Lahore,"Tehsil Office, Samnabad Town",LWMC-SaTo,Mini Dumper,Bulk Waste Collection,still,off,26.349,128.83,31.533325,74.302672,11/08/2026 10:36 AM,11/08/2026 11:00 AM,Reporting,Parked,0.0,True,UC-91,Samnabad Town,Zone-33,Mini Dumper,Samnabad Town,True,2026-08-11
39173,S-211,S211,Lahore,"Tehsil Office, Samnabad Town",LWMC-SaTo,Mini Dumper,Bulk Waste Collection,still,off,53.646,104.95,31.385202,74.144793,11/08/2026 10:46 AM,11/08/2026 11:00 AM,Reporting,Parked,0.0,True,UC-261,Allama Iqbal Town,Zone-41,Mini Dumper,Samnabad Town,False,2026-08-11
-,LR-0031,LR0031,Lahore,"Tehsil Office, Samnabad Town",LWMC-SaTo,-,-,still,off,,,31.554178,74.272673,11/08/2026 10:38 AM,11/08/2026 11:00 AM,Reporting,No Activity Since Yesterday,0.0,True,UC-71,Samnabad Town,Zone-31,Loader Rickshaw,Samnabad Town,True,2026-08-11
39164,M-134,M134,Lahore,"Tehsil Office, Samnabad Town",LWMC-SaTo,Mini Dumper,Bulk Waste Collection,moving,on,42.624,274.78,31.47878,74.216945,11/08/2026 10:41 AM,11/08/2026 11:00 AM,Reporting,Idle,0.0,True,UC-117,Allama Iqbal Town,Zone-41,Foton-Mini Dumper,Samnabad Town,False,2026-08-11
39180,S-226,S226,Lahore,"Tehsil Office, Samnabad Town",LWMC-SaTo,Mini Dumper,Bulk Waste Collection,moving,on,36.214,140.01,31.547333,74.290618,11/08/2026 10:41 AM,11/08/2026 11:00 AM,Reporting,Moving,0.0,True,UC-78,Samnabad Town,Zone-31,Mini Dumper,Samnabad Town,True,2026-08-11
39127,C-1327,C1327,Lahore,"Tehsil Office, Samnabad Town",LWMC-SaTo,Compactor (13CM),Container-Based Collection,moving,on,49.098,318.18,31.563112,74.307903,11/08/2026 10:45 AM,11/08/2026 11:00 AM,Reporting,Parked,0.0,True,UC-61,DGBT,Zone-25,Compactor,Samnabad Town,False,2026-08-11
-,LR-2668,LR2668,Lahore,"Tehsil Office, Samnabad Town",LWMC-SaTo,-,-,moving,on,28.516,130.06,31.477999,74.219469,11/08/2026 10:01 AM,11/08/2026 11:00 AM,Reporting,Moving,13.78,False,UC-117,Allama Iqbal Town,Zone-41,Loader Rickshaw,Allama Iqbal Town,True,2026-08-11
39139,C-1386,C1386,Lahore,"Tehsil Office, Samnabad Town",LWMC-SaTo,Compactor (13CM),Container-Based Collection,moving,on,61.312,334.36,31.532987,74.302348,11/08/2026 10:43 AM,11/08/2026 11:00 AM,Reporting,Excess Idling,0.0,True,UC-91,Samnabad Town,Zone-33,Compactor,Samnabad Town,True,2026-08-11
-,LR-2814,LR2814,Lahore,"Tehsil Office, Samnabad Town",LWMC-SaTo,-,-,moving,on,31.862,104.93,31.574408,74.27436,11/08/2026 10:32 AM,11/08/2026 11:00 AM,Reporting,Moving,11.79,False,UC-71,Samnabad Town,Zone-31,Loader Rickshaw,Samnabad Town,True,2026-08-11
-,LR-0489,LR0489,Lahore,"Tehsil Office, Samnabad Town",LWMC-SaTo,-,-,moving,on,31.657,145.84,31.508024,74.314518,11/08/2026 10:39 AM,11/08/2026 11:00 AM,Reporting,Parked,12.45,False,UC-216,Samnabad Town,Zone-35,Loader Rickshaw,Samnabad Town,True,2026-08-11
39201,S-315,S315,Lahore,"Tehsil Office, Samnabad Town",LWMC-SaTo,Mini Dumper,Bulk Waste Collection,moving,on,28.954,100.93,31.57379,74.276125,11/08/2026 10:39 AM,11/08/2026 11:00 AM,Reporting,Moving,0.0,True,UC-71,Samnabad Town,Zone-31,Mini Dumper,Samnabad Town,True,2026-08-11
41257,LR-1266,LR1266,Lahore,"Tehsil Office, Samnabad Town",LWMC-SaTo,Loader Rickshaw,Door To Door Collection,still,off,22.794,102.81,31.542668,74.26606,11/08/2026 10:38 AM,11/08/2026 11:00 AM,Reporting,Parked,0.0,True,UC-93,Samnabad Town,Zone-31,Loader Rickshaw,Samnabad Town,True,2026-08-11
39204,S-321,S321,Lahore,"Tehsil Office, Samnabad Town",LWMC-SaTo,Mini Dumper,Bulk Waste Collection,still,off,0.024,15.9,31.464143,74.225352,11/08/2026 10:35 AM,11/08/2026 11:00 AM,Reporting,No Activity Since Yesterday,0.0,True,UC-117,Allama Iqbal Town,Zone-41,Mini Dumper,Samnabad Town,False,2026-08-11
39185,S-240,S240,Lahore,"Tehsil Office, Samnabad Town",LWMC-SaTo,Mini Dumper,Bulk Waste Collection,moving,on,34.556,241.55,31.551648,74.293133,11/08/2026 10:35 AM,11/08/2026 11:00 AM,Reporting,Parked,0.0,True,UC-76,Samnabad Town,Zone-31,Mini Dumper,Samnabad Town,True,2026-08-11
-,LR-0926,LR0926,Lahore,"Tehsil Office, Samnabad Town",LWMC-SaTo,-,-,moving,on,24.71,177.83,31.506017,74.27885,11/08/2026 10:36 AM,11/08/2026 11:00 AM,Reporting,Moving,0.0,True,UC-215,Samnabad Town,Zone-36,Loader Rickshaw,Samnabad Town,True,2026-08-11
-,LR-2827,LR2827,Lahore,"Tehsil Office, Samnabad Town",LWMC-SaTo,-,-,still,off,19.31,73.56,31.576719,74.271947,11/08/2026 10:08 AM,11/08/2026 10:30 AM,Reporting,Moving,13.68,False,,,,Loader Rickshaw,Samnabad Town,False,2026-08-11
39184,S-238,S238,Lahore,"Tehsil Office, Samnabad Town",LWMC-SaTo,Mini Dumper,Bulk Waste Collection,still,off,0.001,0.03,31.464343,74.224888,11/08/2026 10:36 AM,11/08/2026 11:00 AM,Reporting,No Activity Since Yesterday,0.0,True,UC-117,Allama Iqbal Town,Zone-41,Mini Dumper,Samnabad Town,False,2026-08-11
39118,C-715,C715,Lahore,"Tehsil Office, Samnabad Town",LWMC-SaTo,Compactor (7CM),Container-Based Collection,still,off,75.572,284.93,31.525312,74.298273,11/08/2026 10:38 AM,11/08/2026 11:00 AM,Reporting,Moving,0.0,True,UC-218,Samnabad Town,Zone-35,Compactor,Samnabad Town,True,2026-08-11
41328,LR-2178,LR2178,Lahore,"Tehsil Office, Samnabad Town",LWMC-SaTo,Loader Rickshaw,Door To Door Collection,moving,on,17.223,65.76,31.559537,74.276252,11/08/2026 10:37 AM,11/08/2026 11:00 AM,Reporting,Moving,12.86,False,UC-71,Samnabad Town,Zone-31,Loader Rickshaw,Samnabad Town,True,2026-08-11
-,LR-0385,LR0385,Lahore,"Tehsil Office, Samnabad Town",LWMC-SaTo,-,-,still,off,19.717,103.54,31.505398,74.285638,11/08/2026 10:41 AM,11/08/2026 11:00 AM,Reporting,Parked,0.0,True,UC-214,Samnabad Town,Zone-36,Loader Rickshaw,Samnabad Town,True,2026-08-11
39141,CA-49,CA49,Lahore,"Tehsil Office, Samnabad Town",LWMC-SaTo,Chain Arm Roll,Container-Based Collection,still,off,21.314,93.7,31.57503,74.27136,11/08/2026 10:42 AM,11/08/2026 11:00 AM,Reporting,Moving,0.0,True,UC-71,Samnabad Town,Zone-31,Chain Arm Roll,Samnabad Town,True,2026-08-11
-,LR-0388,LR0388,Lahore,"Tehsil Office, Samnabad Town",LWMC-SaTo,-,-,moving,on,28.388,142.06,31.50289,74.282368,11/08/2026 10:38 AM,11/08/2026 11:00 AM,Reporting,Parked,0.0,True,UC-214,Samnabad Town,Zone-36,Loader Rickshaw,Samnabad Town,True,2026-08-11
39177,S-223,S223,Lahore,"Tehsil Office, Samnabad Town",LWMC-SaTo,Mini Dumper,Bulk Waste Collection,still,off,26.049,161.63,31.521903,74.29588,11/08/2026 10:37 AM,11/08/2026 11:00 AM,Reporting,Idle,0.0,True,UC-219,Samnabad Town,Zone-36,Mini Dumper,Samnabad Town,True,2026-08-11
