vehicle_id,vehicle,vkey,district,office,tehsil_code,vehicle_type,used_for,status,engine,distance_km,working_min,lat,lon,timestamp,last_received,reporting_status,status_text,battery_volt,tracker_offline,uc,uc_town,uc_zone,registry_category,assigned_town,in_assigned_area,snapshot
60625,LD-06,LD06,Lahore,"Tehsil Office, Wahgha Town",LWMC-WaTo,Front End Loader,Sweeping,still,off,0.021,1.01,31.623389,74.421557,19/08/2026 10:50 AM,19/08/2026 11:03 AM,Reporting,No Activity Since Yesterday,12.66,False,UC-108,Wagha Town,Zone-13,Loader,Wagha Town,True,2026-08-19
60379,D-68,D68,Lahore,"Tehsil Office, Data Gunj Baksh Town",LWMC-DaGB,Dumper (7CM),Bulk Waste Collection,moving,on,0.322,1.51,31.572967,74.291941,19/08/2026 10:44 AM,19/08/2026 11:03 AM,Reporting,No Activity Since Yesterday,25.1,False,UC-59,DGBT,Zone-29,Dumper,DGBT,True,2026-08-19
59916,LR-2631,LR2631,Lahore,"Tehsil Office, Allama Iqbal Town",LWMC-AlIT,Loader Rickshaw,Door To Door Collection,moving,on,23.772,109.56,31.493539,74.260053,19/08/2026 10:55 AM,19/08/2026 11:03 AM,Reporting,Parked,13.98,False,UC-109,Allama Iqbal Town,Zone-38,Loader Rickshaw,Allama Iqbal Town,True,2026-08-19
60249,LR-0223,LR0223,Lahore,"Tehsil Office, Allama Iqbal Town",LWMC-AlIT,Loader Rickshaw,Door To Door Collection,still,off,0.136,0.06,31.276063,74.252773,19/08/2026 10:56 AM,19/08/2026 11:03 AM,Reporting,Parked,0.0,True,UC-268,Allama Iqbal Town,Zone-43,Loader Rickshaw,Allama Iqbal Town,True,2026-08-19
41297,LR-1899,LR1899,Lahore,"Tehsil Office, Samnabad Town",LWMC-SaTo,Loader Rickshaw,Door To Door Collection,moving,on,9.538,35.35,31.544356,74.266984,19/08/2026 10:49 AM,19/08/2026 11:03 AM,Reporting,Moving,14.65,False,UC-77,Samnabad Town,Zone-31,Loader Rickshaw,Samnabad Town,True,2026-08-19
61741,LR-1938,LR1938,Lahore,"Tehsil Office, Nishter Town",LWMC-NiTo,Loader Rickshaw,Door To Door Collection,moving,on,,,31.45506,74.335497,19/08/2026 09:00 AM,19/08/2026 11:03 AM,Reporting,No Activity Since Yesterday,14.09,False,UC-233,Allama Iqbal Town,Zone-39,,Nishter Town,False,2026-08-19
60146,LR-2975,LR2975,Lahore,"Tehsil Office, Allama Iqbal Town",LWMC-AlIT,Loader Rickshaw,Door To Door Collection,still,off,0.124,2.01,31.465088,74.225862,19/08/2026 10:57 AM,19/08/2026 11:03 AM,Reporting,No Activity Since Yesterday,10.01,False,UC-117,Allama Iqbal Town,Zone-41,,Allama Iqbal Town,True,2026-08-19
59445,LR-1683,LR1683,Lahore,"Tehsil Office, Samnabad Town",LWMC-SaTo,Loader Rickshaw,Door To Door Collection,still,off,16.195,58.31,31.569408,74.278856,19/08/2026 10:58 AM,19/08/2026 11:03 AM,Reporting,Moving,12.35,False,UC-71,Samnabad Town,Zone-31,Loader Rickshaw,Samnabad Town,True,2026-08-19
60755,LR-3075,LR3075,Lahore,"Tehsil Office, Wahgha Town",LWMC-WaTo,Loader Rickshaw,Door To Door Collection,moving,on,7.346,45.1,31.594497,74.420938,19/08/2026 09:37 AM,19/08/2026 11:03 AM,Reporting,Parked,0.0,True,UC-138,Wagha Town,Zone-12,,Wagha Town,True,2026-08-19
60731,MFL-32,MFL32,Lahore,"Tehsil Office, Samnabad Town",LWMC-SaTo,Loader,Bulk Waste Collection,still,off,0.103,134.21,31.464062,74.225475,19/08/2026 10:57 AM,19/08/2026 11:03 AM,Reporting,No Activity Since Yesterday,0.0,True,UC-117,Allama Iqbal Town,Zone-41,Loader,Samnabad Town,False,2026-08-19
25343,LR-0459,LR0459,Lahore,"Tehsil Office, Wahgha Town",LWMC-WaTo,Loader Rickshaw,Door To Door Collection,moving,on,9.02,40.96,31.599095,74.413768,19/08/2026 10:26 AM,19/08/2026 10:30 AM,Reporting,Parked,5.47,False,UC-138,Wagha Town,Zone-12,Loader Rickshaw,Wagha Town,True,2026-08-19
61892,LR-2947,LR2947,Lahore,"Tehsil Office, Wahgha Town",LWMC-WaTo,Loader Rickshaw,Door To Door Collection,moving,on,8.349,70.91,31.597213,74.401789,19/08/2026 10:59 AM,19/08/2026 11:00 AM,Reporting,Parked,0.0,True,UC-135,Wagha Town,Zone-11,,Wagha Town,True,2026-08-19
-,CH-SW250514CL3,CHSW250514CL3,Lahore,"Tehsil Office, Nishter Town",LWMC-NiTo,-,-,moving,on,21.158,135.96,31.449218,74.311134,19/08/2026 11:00 AM,19/08/2026 11:00 AM,Reporting,Moving,0.0,True,UC-234,Allama Iqbal Town,Zone-39,,Nishter Town,False,2026-08-19
59728,LR-1448,LR1448,Lahore,"Tehsil Office, Allama Iqbal Town",LWMC-AlIT,Loader Rickshaw,Door To Door Collection,still,off,1.365,5.4,31.470685,74.22438,19/08/2026 09:50 AM,19/08/2026 10:00 AM,Reporting,Parked,0.0,True,UC-117,Allama Iqbal Town,Zone-41,Loader Rickshaw,Allama Iqbal Town,True,2026-08-19
61552,LR-2089,LR2089,Lahore,"Tehsil Office, Shalimar Town",LWMC-ShTo,Loader Rickshaw,Door To Door Collection,moving,on,3.839,19.11,31.605762,74.358163,19/08/2026 10:12 AM,19/08/2026 11:00 AM,Reporting,Parked,0.0,True,UC-161,Shalimar Town,Zone-9,Loader Rickshaw,Shalimar Town,True,2026-08-19
60916,R-22,R22,Lahore,"Tehsil Office, Data Gunj Baksh Town",LWMC-DaGB,Rickshaw Shower,Bulk Waste Collection,moving,on,11.039,45.28,31.558283,74.313399,19/08/2026 10:57 AM,19/08/2026 11:00 AM,Reporting,Parked,11.59,False,UC-68,DGBT,Zone-26,Rickshaw,Nishter Town,False,2026-08-19
41268,LR-1453,LR1453,Lahore,"Tehsil Office, Samnabad Town",LWMC-SaTo,Loader Rickshaw,Door To Door Collection,moving,on,0.292,5.76,31.463886,74.224929,19/08/2026 08:31 AM,19/08/2026 09:00 AM,Reporting,No Activity Since Yesterday,13.58,False,UC-117,Allama Iqbal Town,Zone-41,Loader Rickshaw,Samnabad Town,False,2026-08-19
-,LR-453,LR453,Lahore,"Tehsil Office, Samnabad Town",LWMC-SaTo,-,-,still,off,10.949,3.78,31.463658,74.224962,19/08/2026 08:44 AM,19/08/2026 09:00 AM,Reporting,Excess Idling,0.0,True,UC-117,Allama Iqbal Town,Zone-41,Loader Rickshaw,Samnabad Town,False,2026-08-19
61638,T-68,T68,Lahore,"Tehsil Office, Ravi Town",LWMC-RaTo,Tractor Trolley,Bulk Waste Collection,moving,on,13.317,88.56,31.583415,74.290958,19/08/2026 10:57 AM,19/08/2026 11:00 AM,Reporting,Parked,0.0,True,UC-52,DGBT,Zone-28,Tractor Trolley,Ravi Town,False,2026-08-19
61699,LR-2050,LR2050,Lahore,"Tehsil Office, Ravi Town",LWMC-RaTo,Loader Rickshaw,Door To Door Collection,moving,on,14.365,63.73,31.639392,74.306747,19/08/2026 10:58 AM,19/08/2026 11:00 AM,,,,,UC-11,Ravi Town,Zone-2,Loader Rickshaw,Ravi Town,True,2026-08-19
23599,LR-0892,LR0892,Lahore,"Tehsil Office, Wahgha Town",LWMC-WaTo,Loader Rickshaw,Door To Door Collection,still,off,4.076,33.64,31.598107,74.401432,19/08/2026 09:18 AM,19/08/2026 09:30 AM,Reporting,Parked,0.0,True,UC-135,Wagha Town,Zone-11,Loader Rickshaw,Wagha Town,True,2026-08-19
60708,LR-0945,LR0945,Lahore,"Tehsil Office, Wahgha Town",LWMC-WaTo,Loader Rickshaw,Door To Door Collection,still,off,12.343,132.26,31.498254,74.48372,19/08/2026 10:35 AM,19/08/2026 11:00 AM,Reporting,Parked,14.29,False,UC-193,Wagha Town,Zone-14,Loader Rickshaw,Wagha Town,True,2026-08-19
60715,LR-1911,LR1911,Lahore,"Tehsil Office, Aziz Bhatti Town",LWMC-AzBT,Loader Rickshaw,Door To Door Collection,moving,on,19.044,263.61,31.610831,74.382538,19/08/2026 10:58 AM,19/08/2026 11:00 AM,Reporting,Excess Idling,11.89,False,UC-108,Wagha Town,Zone-13,Loader Rickshaw,Aziz Bhatti Town,False,2026-08-19
61733,LR-0183,LR0183,Lahore,"Tehsil Office, Nishter Town",LWMC-NiTo,Loader Rickshaw,Door To Door Collection,moving,on,16.849,176.18,31.444323,74.375909,19/08/2026 10:58 AM,19/08/2026 11:00 AM,Reporting,Moving,11.69,False,UC-231,Nishter Town,Zone-45,Loader Rickshaw,Nishter Town,True,2026-08-19
60150,LR-2978,LR2978,Lahore,"Tehsil Office, Allama Iqbal Town",LWMC-AlIT,Loader Rickshaw,Door To Door Collection,moving,on,18.366,154.59,31.477302,74.221717,19/08/2026 10:36 AM,19/08/2026 11:00 AM,Reporting,Excess Idling,13.22,False,UC-117,Allama Iqbal Town,Zone-41,,Allama Iqbal Town,True,2026-08-19
60056,LR-1374,LR1374,Lahore,"Tehsil Office, Allama Iqbal Town",LWMC-AlIT,Loader Rickshaw,Door To Door Collection,moving,on,28.121,121.81,31.432078,74.174025,19/08/2026 10:45 AM,19/08/2026 11:00 AM,Reporting,Parked,12.56,False,UC-258,Allama Iqbal Town,Zone-41,Loader Rickshaw,Allama Iqbal Town,True,2026-08-19
60357,LR-0213,LR0213,Lahore,"Tehsil Office, Allama Iqbal Town",LWMC-AlIT,Loader Rickshaw,Door To Door Collection,moving,on,16.951,70.31,31.414457,74.222216,19/08/2026 10:50 AM,19/08/2026 11:00 AM,Reporting,Parked,11.38,False,UC-269,Nishter Town,Zone-47,Loader Rickshaw,Allama Iqbal Town,False,2026-08-19
60295,LR-1028,LR1028,Lahore,"Tehsil Office, Allama Iqbal Town",LWMC-AlIT,Loader Rickshaw,Door To Door Collection,moving,on,15.706,127.75,31.329243,74.255977,19/08/2026 09:43 AM,19/08/2026 10:00 AM,Reporting,Parked,14.24,False,UC-270,Nishter Town,Zone-47,Loader Rickshaw,Allama Iqbal Town,False,2026-08-19
41286,LR-1678,LR1678,Lahore,"Tehsil Office, Samnabad Town",LWMC-SaTo,Loader Rickshaw,Door To Door Collection,still,off,13.581,57.76,31.463812,74.224923,19/08/2026 10:20 AM,19/08/2026 10:30 AM,Reporting,Parked,11.28,False,UC-117,Allama Iqbal Town,Zone-41,Loader Rickshaw,Samnabad Town,False,2026-08-19
62083,LR-2128,LR2128,Lahore,"Tehsil Office, Ravi Town",LWMC-RaTo,Loader Rickshaw,Door To Door Collection,still,off,13.47,54.33,31.63571,74.285491,19/08/2026 10:56 AM,19/08/2026 11:00 AM,Reporting,Parked,14.6,False,UC-8,Ravi Town,Zone-2,Loader Rickshaw,Ravi Town,True,2026-08-19
61146,LR-2129,LR2129,Lahore,"Tehsil Office, Ravi Town",LWMC-RaTo,Loader Rickshaw,Door To Door Collection,moving,on,14.172,52.64,31.624339,74.28506,19/08/2026 10:44 AM,19/08/2026 11:00 AM,Reporting,Excess Idling,13.58,False,UC-7,Ravi Town,Zone-1,Loader Rickshaw,Ravi Town,True,2026-08-19
59220,LR-1837,LR1837,Lahore,"Tehsil Office, Wahgha Town",LWMC-WaTo,Loader Rickshaw,Door To Door Collection,moving,on,28.436,111.7,31.492921,74.534093,19/08/2026 10:56 AM,19/08/2026 11:00 AM,Reporting,Parked,0.0,True,UC-189,Wagha Town,Zone-14,Loader Rickshaw,Wagha Town,True,2026-08-19
60066,LR-0714,LR0714,Lahore,"Tehsil Office, Aziz Bhatti Town",LWMC-AzBT,Loader Rickshaw,Door To Door Collection,moving,on,19.824,119.26,31.610892,74.382457,19/08/2026 10:55 AM,19/08/2026 11:00 AM,Reporting,Moving,8.02,False,UC-108,Wagha Town,Zone-13,Loader Rickshaw,Aziz Bhatti Town,False,2026-08-19
59527,LR-1400,LR1400,Lahore,"Tehsil Office, Aziz Bhatti Town",LWMC-AzBT,Loader Rickshaw,Door To Door Collection,moving,on,31.338,169.58,31.562329,74.387489,19/08/2026 10:42 AM,19/08/2026 11:00 AM,Reporting,Excess Idling,13.22,False,UC-184,Aziz Bhatti Town,Zone-18,Loader Rickshaw,Aziz Bhatti Town,True,2026-08-19
60555,LR-3044,LR3044,Lahore,"Tehsil Office, Nishter Town",LWMC-NiTo,Loader Rickshaw,Door To Door Collection,still,off,14.036,185.43,31.435119,74.358711,19/08/2026 10:57 AM,19/08/2026 11:00 AM,Reporting,Parked,0.0,True,UC-242,Nishter Town,Zone-45,Loader Rickshaw,Nishter Town,True,2026-08-19
18396,HA-49,HA49,Lahore,"Tehsil Office, Nishter Town",LWMC-NiTo,Arm Roll Truck,Container-Based Collection,moving,on,60.156,168.59,31.386997,74.330344,19/08/2026 10:59 AM,19/08/2026 11:00 AM,Reporting,Parked,20.87,False,UC-251,Nishter Town,Zone-47,Arm Roll,Nishter Town,True,2026-08-19
61511,LR-1764,LR1764,Lahore,"Tehsil Office, Nishter Town",LWMC-NiTo,Loader Rickshaw,Door To Door Collection,moving,on,18.567,158.36,31.455332,74.335682,19/08/2026 10:59 AM,19/08/2026 11:00 AM,Reporting,Parked,0.0,True,,,,Loader Rickshaw,Nishter Town,False,2026-08-19
22944,LR-0875,LR0875,Lahore,"Tehsil Office, Allama Iqbal Town",LWMC-AlIT,Loader Rickshaw,Door To Door Collection,moving,on,14.931,215.03,31.469952,74.243979,19/08/2026 10:57 AM,19/08/2026 11:00 AM,Reporting,Idle,0.0,True,UC-113,Allama Iqbal Town,Zone-40,Loader Rickshaw,Allama Iqbal Town,True,2026-08-19
22832,LR-0271,LR0271,Lahore,"Tehsil Office, Allama Iqbal Town",LWMC-AlIT,Loader Rickshaw,Door To Door Collection,moving,on,10.037,229.48,31.47672,74.223267,19/08/2026 10:59 AM,19/08/2026 11:00 AM,Reporting,Excess Idling,8.53,False,UC-117,Allama Iqbal Town,Zone-41,Loader Rickshaw,Allama Iqbal Town,True,2026-08-19
59752,LR-1543,LR1543,Lahore,"Tehsil Office, Allama Iqbal Town",LWMC-AlIT,Loader Rickshaw,Door To Door Collection,moving,on,11.714,61.88,31.533331,74.268064,19/08/2026 10:48 AM,19/08/2026 11:00 AM,Reporting,Parked,14.75,False,UC-101,Allama Iqbal Town,Zone-37,Loader Rickshaw,Allama Iqbal Town,True,2026-08-19
-,WR-0030,WR0030,Lahore,"Tehsil Office, Shalimar Town",LWMC-ShTo,-,-,still,off,5.911,66.38,31.598245,74.363846,19/08/2026 10:12 AM,19/08/2026 11:00 AM,Reporting,Parked,11.64,False,UC-161,Shalimar Town,Zone-9,Washer Rickshaw,Shalimar Town,True,2026-08-19
60962,LR-2065,LR2065,Lahore,"Tehsil Office, Shalimar Town",LWMC-ShTo,Loader Rickshaw,Door To Door Collection,still,off,13.294,131.15,31.587572,74.345135,19/08/2026 10:46 AM,19/08/2026 11:00 AM,Reporting,Parked,0.0,True,UC-46,Shalimar Town,Zone-7,Loader Rickshaw,Shalimar Town,True,2026-08-19
19832,S-160,S160,Lahore,"Tehsil Office, Gulberg Town",LWMC-GuTo,Mini Dumper,Bulk Waste Collection,moving,on,38.349,146.76,31.584803,74.386041,19/08/2026 11:00 AM,19/08/2026 11:00 AM,Reporting,Parked,12.2,False,UC-154,Shalimar Town,Zone-10,Mini Dumper,Gulberg Town,False,2026-08-19
60754,LR-2573,LR2573,Lahore,"Tehsil Office, Gulberg Town",LWMC-GuTo,Loader Rickshaw,Door To Door Collection,moving,on,3.553,15.38,31.514498,74.339321,19/08/2026 08:48 AM,19/08/2026 10:30 AM,Reporting,Parked,12.0,False,UC-203,Gulberg Town,Zone-21,Loader Rickshaw,Gulberg Town,True,2026-08-19
22517,LR-0799,LR0799,Lahore,"Tehsil Office, Gulberg Town",LWMC-GuTo,Loader Rickshaw,Door To Door Collection,moving,on,15.27,79.86,31.572635,74.374628,19/08/2026 10:59 AM,19/08/2026 11:00 AM,Reporting,Parked,0.0,True,UC-120,Gulberg Town,Zone-19,Loader Rickshaw,Gulberg Town,True,2026-08-19
61412,LR-2566,LR2566,Lahore,"Tehsil Office, Gulberg Town",LWMC-GuTo,Loader Rickshaw,Door To Door Collection,still,off,8.649,172.56,31.560456,74.349404,19/08/2026 10:57 AM,19/08/2026 11:00 AM,Reporting,Moving,10.77,False,UC-173,Gulberg Town,Zone-20,Loader Rickshaw,Gulberg Town,True,2026-08-19
-,LR-1315,LR1315,Lahore,"Tehsil Office, Data Gunj Baksh Town",LWMC-DaGB,-,-,moving,on,12.012,221.8,31.558201,74.285711,19/08/2026 10:00 AM,19/08/2026 10:30 AM,Reporting,Moving,13.27,False,UC-72,DGBT,Zone-30,Loader Rickshaw,DGBT,True,2026-08-19
19079,R-45,R45,Lahore,"Tehsil Office, Data Gunj Baksh Town",LWMC-DaGB,Rickshaw Shower,Bulk Waste Collection,moving,on,17.787,227.9,31.537488,74.33072,19/08/2026 10:54 AM,19/08/2026 11:00 AM,Reporting,Parked,14.95,False,UC-199,DGBT,Zone-26,Rickshaw,DGBT,True,2026-08-19
41256,LR-1265,LR1265,Lahore,"Tehsil Office, Samnabad Town",LWMC-SaTo,Loader Rickshaw,Door To Door Collection,moving,on,17.948,203.94,31.518086,74.284176,19/08/2026 10:38 AM,19/08/2026 11:00 AM,Reporting,Excess Idling,10.62,False,UC-212,Samnabad Town,Zone-36,Loader Rickshaw,Samnabad Town,True,2026-08-19
41336,LR-2242,LR2242,Lahore,"Tehsil Office, Samnabad Town",LWMC-SaTo,Loader Rickshaw,Door To Door Collection,moving,on,26.024,90.71,31.541379,74.274617,19/08/2026 10:50 AM,19/08/2026 11:00 AM,Reporting,Moving,11.74,False,UC-99,Samnabad Town,Zone-32,Loader Rickshaw,Samnabad Town,True,2026-08-19
60001,LR-2828,LR2828,Lahore,"Tehsil Office, Samnabad Town",LWMC-SaTo,Loader Rickshaw,Door To Door Collection,still,off,21.636,176.25,31.558428,74.273377,19/08/2026 10:57 AM,19/08/2026 11:00 AM,Reporting,Excess Idling,11.43,False,UC-71,Samnabad Town,Zone-31,Loader Rickshaw,Samnabad Town,True,2026-08-19
61814,LR-1670,LR1670,Lahore,"Tehsil Office, Ravi Town",LWMC-RaTo,Loader Rickshaw,Door To Door Collection,moving,on,1.859,,31.62575,74.303332,19/08/2026 06:50 AM,19/08/2026 09:00 AM,Reporting,Moving,11.33,False,UC-14,Ravi Town,Zone-2,Loader Rickshaw,Ravi Town,True,2026-08-19
61562,LR-2119,LR2119,Lahore,"Tehsil Office, Ravi Town",LWMC-RaTo,Loader Rickshaw,Door To Door Collection,still,off,10.961,36.25,31.635914,74.282568,19/08/2026 10:21 AM,19/08/2026 11:00 AM,Reporting,Excess Idling,12.76,False,UC-8,Ravi Town,Zone-2,Loader Rickshaw,Ravi Town,True,2026-08-19
61797,LR-1174,LR1174,Lahore,"Tehsil Office, Ravi Town",LWMC-RaTo,Loader Rickshaw,Door To Door Collection,moving,on,22.849,124.81,31.638747,74.305046,19/08/2026 10:34 AM,19/08/2026 11:00 AM,Reporting,Parked,16.59,False,UC-11,Ravi Town,Zone-2,Loader Rickshaw,Ravi Town,True,2026-08-19
-,LR-2051,LR2051,Lahore,"Tehsil Office, Ravi Town",LWMC-RaTo,-,-,moving,on,15.035,236.05,31.630558,74.292976,19/08/2026 10:29 AM,19/08/2026 11:00 AM,Reporting,Moving,14.09,False,UC-11,Ravi Town,Zone-2,Loader Rickshaw,Ravi Town,True,2026-08-19
59309,LR-0301,LR0301,Lahore,"Tehsil Office, Aziz Bhatti Town",LWMC-AzBT,Loader Rickshaw,Door To Door Collection,moving,on,32.618,242.15,31.563136,74.383726,19/08/2026 11:00 AM,19/08/2026 11:00 AM,Reporting,Parked,14.14,False,UC-157,Aziz Bhatti Town,Zone-18,Loader Rickshaw,Aziz Bhatti Town,True,2026-08-19
59499,LR-1404,LR1404,Lahore,"Tehsil Office, Aziz Bhatti Town",LWMC-AzBT,Loader Rickshaw,Door To Door Collection,moving,on,23.134,154.48,31.610728,74.383207,19/08/2026 10:58 AM,19/08/2026 11:00 AM,Reporting,Moving,14.04,False,UC-108,Wagha Town,Zone-13,Loader Rickshaw,Aziz Bhatti Town,False,2026-08-19
60052,LR-1117,LR1117,Lahore,"Tehsil Office, Aziz Bhatti Town",LWMC-AzBT,Loader Rickshaw,Door To Door Collection,moving,on,35.701,204.61,31.60959,74.381779,19/08/2026 10:59 AM,19/08/2026 11:00 AM,Reporting,Parked,0.0,True,UC-108,Wagha Town,Zone-13,Loader Rickshaw,Aziz Bhatti Town,False,2026-08-19
61389,LR-0882,LR0882,Lahore,"Tehsil Office, Nishter Town",LWMC-NiTo,Loader Rickshaw,Door To Door Collection,moving,on,24.144,237.25,31.332379,74.383441,19/08/2026 11:00 AM,19/08/2026 11:00 AM,Reporting,Excess Idling,12.96,False,UC-252,Nishter Town,Zone-49,Loader Rickshaw,Nishter Town,True,2026-08-19
60350,MFL-103,MFL103,Lahore,"Tehsil Office, Nishter Town",LWMC-NiTo,Tractor Loader,Bulk Waste Collection,still,off,0.094,0.46,31.354229,74.380662,19/08/2026 08:39 AM,19/08/2026 09:30 AM,Reporting,No Activity Since Yesterday,0.0,True,UC-248,Nishter Town,Zone-49,Loader,Nishter Town,True,2026-08-19
60369,LR-1514,LR1514,Lahore,"Tehsil Office, Allama Iqbal Town",LWMC-AlIT,Loader Rickshaw,Door To Door Collection,moving,on,19.843,84.58,31.272362,74.189483,19/08/2026 10:59 AM,19/08/2026 11:00 AM,Reporting,Parked,0.0,True,UC-273,Allama Iqbal Town,Zone-43,Loader Rickshaw,Allama Iqbal Town,True,2026-08-19
59829,LR-1983,LR1983,Lahore,"Tehsil Office, Allama Iqbal Town",LWMC-AlIT,Loader Rickshaw,Door To Door Collection,still,off,20.254,116.04,31.491987,74.250745,19/08/2026 10:51 AM,19/08/2026 11:00 AM,Reporting,Parked,0.0,True,UC-111,Allama Iqbal Town,Zone-38,Loader Rickshaw,Allama Iqbal Town,True,2026-08-19
19646,M-63,M63,Lahore,"Tehsil Office, Allama Iqbal Town",LWMC-AlIT,Mini Dumper,Bulk Waste Collection,moving,on,15.917,97.28,31.529735,74.264758,19/08/2026 10:59 AM,19/08/2026 11:00 AM,Reporting,Excess Idling,0.0,True,UC-101,Allama Iqbal Town,Zone-37,Foton-Mini Dumper,Allama Iqbal Town,True,2026-08-19
60145,LR-2971,LR2971,Lahore,"Tehsil Office, Allama Iqbal Town",LWMC-AlIT,Loader Rickshaw,Door To Door Collection,moving,on,17.894,162.86,31.475018,74.229931,19/08/2026 11:00 AM,19/08/2026 11:00 AM,Reporting,Excess Idling,13.02,False,UC-110,Allama Iqbal Town,Zone-41,,Allama Iqbal Town,True,2026-08-19
18519,C-1308,C1308,Lahore,"Tehsil Office, Allama Iqbal Town",LWMC-AlIT,Compactor (13CM),Container-Based Collection,moving,on,0.272,5.43,31.46518,74.225086,19/08/2026 06:48 AM,19/08/2026 09:00 AM,Reporting,Moving,27.3,False,UC-117,Allama Iqbal Town,Zone-41,Compactor,Allama Iqbal Town,True,2026-08-19
25272,LR-0479,LR0479,Lahore,"Tehsil Office, Shalimar Town",LWMC-ShTo,Loader Rickshaw,Door To Door Collection,moving,on,9.808,238.53,31.600681,74.358741,19/08/2026 10:52 AM,19/08/2026 11:00 AM,Reporting,Excess Idling,13.17,False,UC-161,Shalimar Town,Zone-9,Loader Rickshaw,Shalimar Town,True,2026-08-19
25289,LR-0569,LR0569,Lahore,"Tehsil Office, Shalimar Town",LWMC-ShTo,Loader Rickshaw,Door To Door Collection,moving,on,16.993,238.01,31.593711,74.335152,19/08/2026 10:55 AM,19/08/2026 11:00 AM,Reporting,Parked,14.04,False,UC-45,Shalimar Town,Zone-6,Loader Rickshaw,Shalimar Town,True,2026-08-19
19768,S-152,S152,Lahore,"Tehsil Office, Data Gunj Baksh Town",LWMC-DaGB,Mini Dumper,Bulk Waste Collection,moving,on,25.344,206.91,31.580152,74.265246,19/08/2026 10:57 AM,19/08/2026 11:00 AM,Reporting,Parked,11.38,False,UC-1,Ravi Town,Zone-1,Mini Dumper,DGBT,False,2026-08-19
39211,WB-07,WB07,Lahore,"Tehsil Office, Samnabad Town",LWMC-SaTo,Water Bowzer,Washing,moving,on,62.85,128.59,31.545955,74.260202,19/08/2026 10:22 AM,19/08/2026 10:30 AM,Reporting,Parked,14.34,False,UC-93,Samnabad Town,Zone-31,Water Bowser,Samnabad Town,True,2026-08-19
61134,LR-2824,LR2824,Lahore,"Tehsil Office, Samnabad Town",LWMC-SaTo,Loader Rickshaw,Door To Door Collection,moving,on,24.207,246.31,31.565608,74.275537,19/08/2026 10:46 AM,19/08/2026 11:00 AM,Reporting,Excess Idling,12.35,False,UC-71,Samnabad Town,Zone-31,Loader Rickshaw,Samnabad Town,True,2026-08-19
19295,LR-0254,LR0254,Lahore,"Tehsil Office, Ravi Town",LWMC-RaTo,Loader Rickshaw,Bulk Waste Collection,moving,on,10.741,242.25,31.588078,74.328622,19/08/2026 10:58 AM,19/08/2026 11:00 AM,Reporting,Parked,0.0,True,UC-30,Ravi Town,Zone-4,Loader Rickshaw,Ravi Town,True,2026-08-19
61830,LR-1684,LR1684,Lahore,"Tehsil Office, Ravi Town",LWMC-RaTo,Loader Rickshaw,Door To Door Collection,moving,on,15.689,128.08,31.619706,74.30565,19/08/2026 10:59 AM,19/08/2026 11:00 AM,Reporting,Parked,11.18,False,UC-13,Ravi Town,Zone-2,Loader Rickshaw,Ravi Town,True,2026-08-19
61208,LR-1945,LR1945,Lahore,"Tehsil Office, Ravi Town",LWMC-RaTo,Loader Rickshaw,Door To Door Collection,moving,on,9.804,50.14,31.618504,74.269263,19/08/2026 11:00 AM,19/08/2026 11:00 AM,Reporting,Excess Idling,12.86,False,UC-2,Ravi Town,Zone-1,Loader Rickshaw,Ravi Town,True,2026-08-19
23558,LR-0281,LR0281,Lahore,"Tehsil Office, Wahgha Town",LWMC-WaTo,Loader Rickshaw,Door To Door Collection,still,off,6.383,291.71,31.604841,74.488834,19/08/2026 10:58 AM,19/08/2026 11:00 AM,Reporting,Parked,0.0,True,UC-177,Wagha Town,Zone-13,Loader Rickshaw,Wagha Town,True,2026-08-19
59217,LR-2904,LR2904,Lahore,"Tehsil Office, Wahgha Town",LWMC-WaTo,Loader Rickshaw,Door To Door Collection,moving,on,16.421,104.01,31.475112,74.564615,19/08/2026 10:33 AM,19/08/2026 11:00 AM,Reporting,Parked,12.71,False,UC-189,Wagha Town,Zone-14,Loader Rickshaw,Wagha Town,True,2026-08-19
23634,LR-1066,LR1066,Lahore,"Tehsil Office, Wahgha Town",LWMC-WaTo,Loader Rickshaw,Door To Door Collection,moving,on,12.512,297.63,31.590443,74.438078,19/08/2026 11:00 AM,19/08/2026 11:00 AM,Reporting,Parked,11.74,False,UC-175,Wagha Town,Zone-12,Loader Rickshaw,Wagha Town,True,2026-08-19
60734,LR-0096,LR0096,Lahore,"Tehsil Office, Wahgha Town",LWMC-WaTo,Loader Rickshaw,Door To Door Collection,moving,on,18.778,241.56,31.606863,74.412324,19/08/2026 10:57 AM,19/08/2026 11:00 AM,Reporting,Excess Idling,13.07,False,UC-174,Wagha Town,Zone-12,Loader Rickshaw,Wagha Town,True,2026-08-19
23494,LR-0389,LR0389,Lahore,"Tehsil Office, Wahgha Town",LWMC-WaTo,Loader Rickshaw,Door To Door Collection,moving,on,18.009,190.59,31.603491,74.383367,19/08/2026 10:42 AM,19/08/2026 11:00 AM,Reporting,Parked,15.57,False,UC-132,Wagha Town,Zone-11,Loader Rickshaw,Wagha Town,True,2026-08-19
-,C-13-1061,C131061,Lahore,"Tehsil Office, Wahgha Town",LWMC-WaTo,-,-,still,off,23.824,109.15,31.568229,74.435562,19/08/2026 08:33 AM,19/08/2026 09:30 AM,Reporting,Parked,29.08,False,UC-192,Wagha Town,Zone-14,Compactor,Aziz Bhatti Town,False,2026-08-19
61900,LR-0154,LR0154,Lahore,"Tehsil Office, Wahgha Town",LWMC-WaTo,Loader Rickshaw,Door To Door Collection,moving,on,29.408,94.65,31.593974,74.453251,19/08/2026 10:58 AM,19/08/2026 11:00 AM,Reporting,Excess Idling,11.28,False,UC-178,Wagha Town,Zone-12,Loader Rickshaw,Wagha Town,True,2026-08-19
23601,LR-0891,LR0891,Lahore,"Tehsil Office, Wahgha Town",LWMC-WaTo,Loader Rickshaw,Door To Door Collection,moving,on,9.264,31.11,31.591592,74.400941,19/08/2026 08:01 AM,19/08/2026 08:30 AM,Reporting,Excess Idling,12.66,False,UC-136,Wagha Town,Zone-11,Loader Rickshaw,Wagha Town,True,2026-08-19
25345,LR-0461,LR0461,Lahore,"Tehsil Office, Wahgha Town",LWMC-WaTo,Loader Rickshaw,Door To Door Collection,moving,on,19.641,137.26,31.596587,74.403357,19/08/2026 10:49 AM,19/08/2026 11:00 AM,Reporting,Moving,14.6,False,UC-138,Wagha Town,Zone-12,Loader Rickshaw,Wagha Town,True,2026-08-19
60722,LR-2588,LR2588,Lahore,"Tehsil Office, Aziz Bhatti Town",LWMC-AzBT,Loader Rickshaw,Door To Door Collection,moving,on,15.877,59.48,31.568277,74.435163,19/08/2026 10:58 AM,19/08/2026 11:00 AM,Reporting,Excess Idling,13.78,False,UC-192,Wagha Town,Zone-14,Loader Rickshaw,Aziz Bhatti Town,False,2026-08-19
59590,LR-1397,LR1397,Lahore,"Tehsil Office, Aziz Bhatti Town",LWMC-AzBT,Loader Rickshaw,Door To Door Collection,moving,on,13.657,298.41,31.574567,74.368339,19/08/2026 10:59 AM,19/08/2026 11:00 AM,Reporting,Moving,12.81,False,UC-119,Gulberg Town,Zone-19,Loader Rickshaw,Aziz Bhatti Town,False,2026-08-19
59311,LR-1965,LR1965,Lahore,"Tehsil Office, Aziz Bhatti Town",LWMC-AzBT,Loader Rickshaw,Door To Door Collection,moving,on,22.128,328.19,31.573948,74.390649,19/08/2026 10:51 AM,19/08/2026 11:00 AM,Reporting,Excess Idling,10.92,False,UC-155,Aziz Bhatti Town,Zone-15,Loader Rickshaw,Aziz Bhatti Town,True,2026-08-19
59350,LR-1402,LR1402,Lahore,"Tehsil Office, Aziz Bhatti Town",LWMC-AzBT,Loader Rickshaw,Door To Door Collection,moving,on,26.224,103.34,31.578443,74.368325,19/08/2026 11:00 AM,19/08/2026 11:00 AM,Reporting,Moving,12.15,False,UC-121,Shalimar Town,Zone-10,Loader Rickshaw,Aziz Bhatti Town,False,2026-08-19
60204,LR-1091,LR1091,Lahore,"Tehsil Office, Aziz Bhatti Town",LWMC-AzBT,Loader Rickshaw,Door To Door Collection,moving,on,6.544,1.63,31.556644,74.411034,19/08/2026 06:49 AM,19/08/2026 08:30 AM,Reporting,Parked,0.0,True,UC-147,Aziz Bhatti Town,Zone-16,Loader Rickshaw,Aziz Bhatti Town,True,2026-08-19
59465,LR-0726,LR0726,Lahore,"Tehsil Office, Aziz Bhatti Town",LWMC-AzBT,Loader Rickshaw,Door To Door Collection,moving,on,33.139,290.06,31.585395,74.422669,19/08/2026 10:52 AM,19/08/2026 11:00 AM,Reporting,Excess Idling,11.89,False,UC-144,Wagha Town,Zone-12,Loader Rickshaw,Aziz Bhatti Town,False,2026-08-19
59495,LR-1391,LR1391,Lahore,"Tehsil Office, Aziz Bhatti Town",LWMC-AzBT,Loader Rickshaw,Door To Door Collection,moving,on,25.262,119.93,31.608551,74.384853,19/08/2026 10:59 AM,19/08/2026 11:00 AM,Reporting,Excess Idling,12.0,False,UC-108,Wagha Town,Zone-13,Loader Rickshaw,Aziz Bhatti Town,False,2026-08-19
60033,LR-0722,LR0722,Lahore,"Tehsil Office, Aziz Bhatti Town",LWMC-AzBT,Loader Rickshaw,Door To Door Collection,moving,on,3.554,26.89,31.565661,74.387716,19/08/2026 08:00 AM,19/08/2026 08:30 AM,Reporting,Parked,11.28,False,UC-157,Aziz Bhatti Town,Zone-18,Loader Rickshaw,Aziz Bhatti Town,True,2026-08-19
19855,M-26,M26,Lahore,"Tehsil Office, Nishter Town",LWMC-NiTo,Mini Dumper,Bulk Waste Collection,still,off,0.485,33.7,31.478652,74.343668,19/08/2026 10:13 AM,19/08/2026 10:30 AM,Reporting,No Activity Since Yesterday,13.88,False,UC-206,Gulberg Town,Zone-22,Foton-Mini Dumper,Nishter Town,False,2026-08-19
60600,LR-3016,LR3016,Lahore,"Tehsil Office, Nishter Town",LWMC-NiTo,Loader Rickshaw,Door To Door Collection,moving,on,15.046,203.38,31.444856,74.375902,19/08/2026 11:00 AM,19/08/2026 11:00 AM,Reporting,Parked,0.0,True,UC-231,Nishter Town,Zone-45,Loader Rickshaw,Nishter Town,True,2026-08-19
-,LR-03,LR03,Lahore,"Tehsil Office, Nishter Town",LWMC-NiTo,-,-,still,off,37.783,183.69,31.452959,74.410366,19/08/2026 10:54 AM,19/08/2026 11:00 AM,Reporting,Parked,14.19,False,,,,,Nishter Town,False,2026-08-19
61740,LR-2279,LR2279,Lahore,"Tehsil Office, Nishter Town",LWMC-NiTo,Loader Rickshaw,Door To Door Collection,moving,on,22.015,287.6,31.447314,74.384952,19/08/2026 10:59 AM,19/08/2026 11:00 AM,Reporting,Moving,13.17,False,UC-249,Nishter Town,Zone-45,Loader Rickshaw,Nishter Town,True,2026-08-19
60412,LR-1020,LR1020,Lahore,"Tehsil Office, Allama Iqbal Town",LWMC-AlIT,Loader Rickshaw,Door To Door Collection,still,off,0.006,109.04,31.431988,74.177052,19/08/2026 07:56 AM,19/08/2026 08:30 AM,Reporting,No Activity Since Yesterday,10.01,False,UC-258,Allama Iqbal Town,Zone-41,Loader Rickshaw,Allama Iqbal Town,True,2026-08-19
60157,LR-2171,LR2171,Lahore,"Tehsil Office, Allama Iqbal Town",LWMC-AlIT,Loader Rickshaw,Door To Door Collection,moving,on,11.266,58.45,31.384762,74.150971,19/08/2026 10:43 AM,19/08/2026 11:00 AM,Reporting,Excess Idling,12.91,False,UC-260,Allama Iqbal Town,Zone-41,Loader Rickshaw,Allama Iqbal Town,True,2026-08-19
60374,LR-0467,LR0467,Lahore,"Tehsil Office, Allama Iqbal Town",LWMC-AlIT,Loader Rickshaw,Door To Door Collection,still,off,20.485,253.69,31.243082,74.207481,19/08/2026 10:57 AM,19/08/2026 11:00 AM,Reporting,Parked,11.35,False,UC-273,Allama Iqbal Town,Zone-43,Loader Rickshaw,Allama Iqbal Town,True,2026-08-19
60335,LR-1746,LR1746,Lahore,"Tehsil Office, Allama Iqbal Town",LWMC-AlIT,Loader Rickshaw,Door To Door Collection,moving,on,20.626,209.53,31.34692,74.206688,19/08/2026 10:54 AM,19/08/2026 11:00 AM,Reporting,Excess Idling,14.36,False,UC-270,Nishter Town,Zone-47,Loader Rickshaw,Allama Iqbal Town,False,2026-08-19
22913,LR-0602,LR0602,Lahore,"Tehsil Office, Allama Iqbal Town",LWMC-AlIT,Loader Rickshaw,Door To Door Collection,still,off,22.493,110.36,31.462534,74.256709,19/08/2026 10:57 AM,19/08/2026 11:00 AM,Reporting,Excess Idling,10.77,False,UC-115,Allama Iqbal Town,Zone-40,Loader Rickshaw,Allama Iqbal Town,True,2026-08-19
22918,LR-0607,LR0607,Lahore,"Tehsil Office, Allama Iqbal Town",LWMC-AlIT,Loader Rickshaw,Door To Door Collection,moving,on,15.298,122.06,31.482199,74.254605,19/08/2026 10:54 AM,19/08/2026 11:00 AM,Reporting,Parked,12.76,False,UC-113,Allama Iqbal Town,Zone-40,Loader Rickshaw,Allama Iqbal Town,True,2026-08-19
60032,LR-2764,LR2764,Lahore,"Tehsil Office, Allama Iqbal Town",LWMC-AlIT,Loader Rickshaw,Door To Door Collection,still,off,24.088,188.15,31.433835,74.234025,19/08/2026 10:57 AM,19/08/2026 11:00 AM,Reporting,Parked,0.0,True,UC-256,Allama Iqbal Town,Zone-40,Loader Rickshaw,Allama Iqbal Town,True,2026-08-19
-,LR-2977,LR2977,Lahore,"Tehsil Office, Allama Iqbal Town",LWMC-AlIT,-,-,moving,on,26.7,143.41,31.435306,74.380076,19/08/2026 10:54 AM,19/08/2026 11:00 AM,Reporting,Parked,12.45,False,UC-249,Nishter Town,Zone-45,,Allama Iqbal Town,False,2026-08-19
60305,LR-2372,LR2372,Lahore,"Tehsil Office, Allama Iqbal Town",LWMC-AlIT,Loader Rickshaw,Door To Door Collection,moving,on,34.937,229.68,31.253324,74.223381,19/08/2026 10:49 AM,19/08/2026 11:00 AM,Reporting,Moving,14.64,False,UC-272,Allama Iqbal Town,Zone-43,Loader Rickshaw,Allama Iqbal Town,True,2026-08-19
22925,LR-0625,LR0625,Lahore,"Tehsil Office, Allama Iqbal Town",LWMC-AlIT,Loader Rickshaw,Door To Door Collection,moving,on,12.802,57.91,31.465233,74.225222,19/08/2026 07:14 AM,19/08/2026 07:30 AM,Reporting,Excess Idling,7.51,False,UC-117,Allama Iqbal Town,Zone-41,Loader Rickshaw,Allama Iqbal Town,True,2026-08-19
22885,LR-0528,LR0528,Lahore,"Tehsil Office, Allama Iqbal Town",LWMC-AlIT,Loader Rickshaw,Door To Door Collection,still,off,0.203,2.38,31.465138,74.225278,19/08/2026 10:58 AM,19/08/2026 11:00 AM,Reporting,No Activity Since Yesterday,0.0,True,UC-117,Allama Iqbal Town,Zone-41,Loader Rickshaw,Allama Iqbal Town,True,2026-08-19
22940,LR-0845,LR0845,Lahore,"Tehsil Office, Allama Iqbal Town",LWMC-AlIT,Loader Rickshaw,Door To Door Collection,moving,on,30.27,178.36,31.480021,74.289165,19/08/2026 10:58 AM,19/08/2026 11:00 AM,Reporting,Parked,15.16,False,UC-220,Allama Iqbal Town,Zone-39,Loader Rickshaw,Allama Iqbal Town,True,2026-08-19
59884,LR-2613,LR2613,Lahore,"Tehsil Office, Allama Iqbal Town",LWMC-AlIT,Loader Rickshaw,Door To Door Collection,moving,on,21.733,138.06,31.528164,74.28277,19/08/2026 10:55 AM,19/08/2026 11:00 AM,Reporting,Parked,0.0,True,UC-95,Allama Iqbal Town,Zone-37,Loader Rickshaw,Allama Iqbal Town,True,2026-08-19
19028,MFL-18,MFL18,Lahore,"Tehsil Office, Allama Iqbal Town",LWMC-AlIT,Tractor Trolley,Bulk Waste Collection,moving,on,9.267,153.19,31.476138,74.227287,19/08/2026 10:38 AM,19/08/2026 11:00 AM,Reporting,Parked,14.34,False,UC-117,Allama Iqbal Town,Zone-41,Loader,Allama Iqbal Town,True,2026-08-19
61994,LR-2337,LR2337,Lahore,"Tehsil Office, Shalimar Town",LWMC-ShTo,Loader Rickshaw,Door To Door Collection,still,off,,,31.590392,74.355301,19/08/2026 10:33 AM,19/08/2026 11:00 AM,Reporting,No Activity Since Yesterday,12.45,False,UC-166,Shalimar Town,Zone-8,Loader Rickshaw,Shalimar Town,True,2026-08-19
61251,LR-2336,LR2336,Lahore,"Tehsil Office, Shalimar Town",LWMC-ShTo,Loader Rickshaw,Door To Door Collection,moving,on,15.41,153.0,31.589788,74.353546,19/08/2026 10:58 AM,19/08/2026 11:00 AM,Reporting,Excess Idling,10.62,False,UC-166,Shalimar Town,Zone-8,Loader Rickshaw,Shalimar Town,True,2026-08-19
61590,LR-2776,LR2776,Lahore,"Tehsil Office, Shalimar Town",LWMC-ShTo,Loader Rickshaw,Door To Door Collection,moving,on,18.052,92.04,31.615609,74.347458,19/08/2026 10:54 AM,19/08/2026 11:00 AM,Reporting,Parked,11.74,False,UC-25,Shalimar Town,Zone-6,Loader Rickshaw,Shalimar Town,True,2026-08-19
61618,LR-1798,LR1798,Lahore,"Tehsil Office, Shalimar Town",LWMC-ShTo,Loader Rickshaw,Door To Door Collection,moving,on,12.378,278.78,31.60788,74.337029,19/08/2026 10:41 AM,19/08/2026 11:00 AM,Reporting,Parked,13.68,False,UC-27,Shalimar Town,Zone-6,Loader Rickshaw,Shalimar Town,True,2026-08-19
61585,S-01,S01,Lahore,"Tehsil Office, Shalimar Town",LWMC-ShTo,Mini Dumper,Door To Door Collection,moving,on,28.007,178.09,31.608329,74.363966,19/08/2026 10:58 AM,19/08/2026 11:00 AM,Reporting,Parked,13.98,False,UC-161,Shalimar Town,Zone-9,Mini Dumper,Shalimar Town,True,2026-08-19
60975,LR-2377,LR2377,Lahore,"Tehsil Office, Shalimar Town",LWMC-ShTo,Loader Rickshaw,Door To Door Collection,moving,on,6.544,142.21,31.585553,74.339415,19/08/2026 10:58 AM,19/08/2026 11:00 AM,Reporting,Parked,0.0,True,UC-46,Shalimar Town,Zone-7,Loader Rickshaw,Shalimar Town,True,2026-08-19
61331,LR-2067,LR2067,Lahore,"Tehsil Office, Shalimar Town",LWMC-ShTo,Loader Rickshaw,Door To Door Collection,moving,on,12.728,55.63,31.594696,74.355931,19/08/2026 10:36 AM,19/08/2026 11:00 AM,Reporting,Parked,0.0,True,UC-166,Shalimar Town,Zone-8,Loader Rickshaw,Shalimar Town,True,2026-08-19
19439,R-32,R32,Lahore,"Tehsil Office, Shalimar Town",LWMC-ShTo,Loader Rickshaw,Door To Door Collection,moving,on,8.044,36.39,31.582997,74.350158,19/08/2026 11:00 AM,19/08/2026 11:00 AM,Reporting,Excess Idling,12.45,False,UC-127,Shalimar Town,Zone-8,Rickshaw,Shalimar Town,True,2026-08-19
59851,D-18,D18,Lahore,"Tehsil Office, Gulberg Town",LWMC-GuTo,Dumper (10CM),Bulk Waste Collection,moving,on,53.532,153.15,31.484341,74.300194,19/08/2026 10:58 AM,19/08/2026 11:00 AM,Reporting,Parked,27.75,False,UC-211,Gulberg Town,Zone-23,Dumper,Gulberg Town,True,2026-08-19
61117,LR-1565,LR1565,Lahore,"Tehsil Office, Gulberg Town",LWMC-GuTo,Loader Rickshaw,Door To Door Collection,moving,on,30.978,151.83,31.57283,74.367719,19/08/2026 10:56 AM,19/08/2026 11:00 AM,Reporting,Parked,9.55,False,UC-120,Gulberg Town,Zone-19,Loader Rickshaw,Gulberg Town,True,2026-08-19
22539,LR-1032,LR1032,Lahore,"Tehsil Office, Gulberg Town",LWMC-GuTo,Loader Rickshaw,Door To Door Collection,moving,on,24.977,103.26,31.460254,74.339716,19/08/2026 10:59 AM,19/08/2026 11:00 AM,Reporting,Parked,15.21,False,UC-227,Nishter Town,Zone-44,Loader Rickshaw,Gulberg Town,False,2026-08-19
61794,LR-1336,LR1336,Lahore,"Tehsil Office, Data Gunj Baksh Town",LWMC-DaGB,Loader Rickshaw,Door To Door Collection,still,off,,,31.593044,74.259226,19/08/2026 06:14 AM,19/08/2026 07:00 AM,Reporting,No Activity Since Yesterday,10.16,False,UC-5,Ravi Town,Zone-1,Loader Rickshaw,DGBT,False,2026-08-19
30803,LR-0758,LR0758,Lahore,"Tehsil Office, Data Gunj Baksh Town",LWMC-DaGB,Loader Rickshaw,Door To Door Collection,moving,on,34.485,187.94,31.567127,74.324212,19/08/2026 10:58 AM,19/08/2026 11:00 AM,Reporting,Parked,0.0,True,UC-169,DGBT,Zone-24,Loader Rickshaw,DGBT,True,2026-08-19
62063,LR-0340,LR0340,Lahore,"Tehsil Office, Data Gunj Baksh Town",LWMC-DaGB,Loader Rickshaw,Door To Door Collection,still,off,16.886,290.6,31.564587,74.290968,19/08/2026 10:58 AM,19/08/2026 11:00 AM,Reporting,Moving,0.0,True,UC-65,DGBT,Zone-29,Loader Rickshaw,DGBT,True,2026-08-19
41354,LR-2255,LR2255,Lahore,"Tehsil Office, Samnabad Town",LWMC-SaTo,Loader Rickshaw,Door To Door Collection,moving,on,32.529,318.86,31.523754,74.293751,19/08/2026 10:58 AM,19/08/2026 11:00 AM,Reporting,Excess Idling,13.17,False,UC-218,Samnabad Town,Zone-35,Loader Rickshaw,Samnabad Town,True,2026-08-19
41225,LR-1054,LR1054,Lahore,"Tehsil Office, Samnabad Town",LWMC-SaTo,Loader Rickshaw,Door To Door Collection,moving,on,23.878,249.43,31.574728,74.27441,19/08/2026 10:41 AM,19/08/2026 11:00 AM,Reporting,Excess Idling,14.19,False,UC-71,Samnabad Town,Zone-31,Loader Rickshaw,Samnabad Town,True,2026-08-19
59821,LR-0494,LR0494,Lahore,"Tehsil Office, Samnabad Town",LWMC-SaTo,Loader Rickshaw,Door To Door Collection,moving,on,41.505,200.08,31.517141,74.32163,19/08/2026 10:50 AM,19/08/2026 11:00 AM,Reporting,Parked,11.84,False,UC-216,Samnabad Town,Zone-35,Loader Rickshaw,Samnabad Town,True,2026-08-19
41327,LR-2177,LR2177,Lahore,"Tehsil Office, Samnabad Town",LWMC-SaTo,Loader Rickshaw,Door To Door Collection,moving,on,22.418,92.36,31.569167,74.278175,19/08/2026 10:19 AM,19/08/2026 10:30 AM,Reporting,Excess Idling,13.47,False,UC-71,Samnabad Town,Zone-31,Loader Rickshaw,Samnabad Town,True,2026-08-19
61803,LR-1177,LR1177,Lahore,"Tehsil Office, Ravi Town",LWMC-RaTo,Loader Rickshaw,Door To Door Collection,moving,on,18.177,82.75,31.627973,74.301164,19/08/2026 10:27 AM,19/08/2026 10:30 AM,Reporting,Excess Idling,12.81,False,UC-11,Ravi Town,Zone-2,Loader Rickshaw,Ravi Town,True,2026-08-19
60180,LR-1595,LR1595,Lahore,"Tehsil Office, Ravi Town",LWMC-RaTo,Loader Rickshaw,Door To Door Collection,moving,on,13.202,292.66,31.604349,74.317093,19/08/2026 10:58 AM,19/08/2026 11:00 AM,Reporting,Parked,13.98,False,UC-19,Ravi Town,Zone-3,Loader Rickshaw,Ravi Town,True,2026-08-19
-,LR-0898,LR0898,Lahore,"Tehsil Office, Ravi Town",LWMC-RaTo,-,-,still,off,13.992,157.94,31.599935,74.324278,19/08/2026 10:59 AM,19/08/2026 11:00 AM,Reporting,Parked,0.0,True,UC-22,Ravi Town,Zone-4,Loader Rickshaw,Ravi Town,True,2026-08-19
18481,CA-77,CA77,Lahore,"Tehsil Office, Ravi Town",LWMC-RaTo,Chain Arm Roll,Container-Based Collection,moving,on,92.825,238.21,31.634253,74.312763,19/08/2026 10:58 AM,19/08/2026 11:00 AM,Reporting,Moving,28.52,False,,,,Chain Arm Roll,Ravi Town,False,2026-08-19
-,LR-1284,LR1284,Lahore,"Tehsil Office, Ravi Town",LWMC-RaTo,-,-,moving,on,17.598,275.08,31.588994,74.397934,19/08/2026 10:39 AM,19/08/2026 11:00 AM,Reporting,Parked,6.13,False,UC-131,Wagha Town,Zone-11,Loader Rickshaw,Wagha Town,True,2026-08-19
61452,LR-1240,LR1240,Lahore,"Tehsil Office, Ravi Town",LWMC-RaTo,Loader Rickshaw,Door To Door Collection,moving,on,17.414,161.01,31.606345,74.32424,19/08/2026 10:59 AM,19/08/2026 11:00 AM,Reporting,Parked,0.0,True,UC-21,Ravi Town,Zone-3,Loader Rickshaw,Ravi Town,True,2026-08-19
61184,LR-2037,LR2037,Lahore,"Tehsil Office, Ravi Town",LWMC-RaTo,Loader Rickshaw,Door To Door Collection,moving,on,14.6,147.78,31.586155,74.325415,19/08/2026 10:58 AM,19/08/2026 11:00 AM,Reporting,Parked,0.0,True,UC-33,Ravi Town,Zone-5,Loader Rickshaw,Ravi Town,True,2026-08-19
60942,D-60,D60,Lahore,"Tehsil Office, Ravi Town",LWMC-RaTo,Dumper (5CM),Bulk Waste Collection,moving,on,55.257,167.46,31.610537,74.275862,19/08/2026 10:43 AM,19/08/2026 11:00 AM,Reporting,Parked,24.9,False,UC-4,Ravi Town,Zone-1,Dumper,Ravi Town,True,2026-08-19
60474,LR-1665,LR1665,Lahore,"Tehsil Office, Ravi Town",LWMC-RaTo,Loader Rickshaw,Door To Door Collection,moving,on,14.805,216.46,31.619915,74.270967,19/08/2026 10:58 AM,19/08/2026 11:00 AM,Reporting,Excess Idling,12.2,False,UC-2,Ravi Town,Zone-1,Loader Rickshaw,Ravi Town,True,2026-08-19
61088,LR-1821,LR1821,Lahore,"Tehsil Office, Ravi Town",LWMC-RaTo,Loader Rickshaw,Door To Door Collection,still,off,9.342,98.0,31.580128,74.317663,19/08/2026 08:51 AM,19/08/2026 09:30 AM,Reporting,Parked,0.0,True,UC-35,Ravi Town,Zone-5,Loader Rickshaw,Ravi Town,True,2026-08-19
60102,LR-0068,LR0068,Lahore,"Tehsil Office, Ravi Town",LWMC-RaTo,Loader Rickshaw,Door To Door Collection,still,off,10.702,64.06,31.604648,74.311247,19/08/2026 10:57 AM,19/08/2026 11:00 AM,Reporting,Parked,12.4,False,UC-18,Ravi Town,Zone-3,Loader Rickshaw,Ravi Town,True,2026-08-19
61455,LR-0069,LR0069,Lahore,"Tehsil Office, Ravi Town",LWMC-RaTo,Loader Rickshaw,Door To Door Collection,moving,on,14.736,91.36,31.59983,74.313492,19/08/2026 10:58 AM,19/08/2026 11:00 AM,Reporting,Parked,0.0,True,UC-19,Ravi Town,Zone-3,Loader Rickshaw,Ravi Town,True,2026-08-19
23572,LR-0373,LR0373,Lahore,"Tehsil Office, Wahgha Town",LWMC-WaTo,Loader Rickshaw,Door To Door Collection,still,off,22.364,75.45,31.594992,74.394333,19/08/2026 10:57 AM,19/08/2026 11:00 AM,Reporting,Excess Idling,13.37,False,UC-134,Wagha Town,Zone-11,Loader Rickshaw,Wagha Town,True,2026-08-19
61442,LR-2869,LR2869,Lahore,"Tehsil Office, Wahgha Town",LWMC-WaTo,Loader Rickshaw,Door To Door Collection,moving,on,13.152,147.8,31.599096,74.39204,19/08/2026 10:57 AM,19/08/2026 11:00 AM,Reporting,Parked,11.13,False,UC-134,Wagha Town,Zone-11,Loader Rickshaw,Wagha Town,True,2026-08-19
61930,LR-2900,LR2900,Lahore,"Tehsil Office, Wahgha Town",LWMC-WaTo,Loader Rickshaw,Door To Door Collection,moving,on,7.694,329.89,31.622537,74.364131,19/08/2026 10:59 AM,19/08/2026 11:00 AM,Reporting,Excess Idling,13.37,False,UC-108,Wagha Town,Zone-13,Loader Rickshaw,Wagha Town,True,2026-08-19
61891,LR-2873,LR2873,Lahore,"Tehsil Office, Wahgha Town",LWMC-WaTo,Loader Rickshaw,Door To Door Collection,still,off,24.431,109.96,31.602227,74.416083,19/08/2026 10:58 AM,19/08/2026 11:00 AM,Reporting,Excess Idling,0.0,True,UC-174,Wagha Town,Zone-12,Loader Rickshaw,Wagha Town,True,2026-08-19
60650,LR-2956,LR2956,Lahore,"Tehsil Office, Wahgha Town",LWMC-WaTo,Loader Rickshaw,Door To Door Collection,moving,on,5.656,95.33,31.606484,74.512852,19/08/2026 07:12 AM,19/08/2026 09:00 AM,Reporting,Parked,13.58,False,UC-179,Wagha Town,Zone-13,,Wagha Town,True,2026-08-19
61927,LR-2449,LR2449,Lahore,"Tehsil Office, Wahgha Town",LWMC-WaTo,Loader Rickshaw,Door To Door Collection,moving,on,46.243,132.48,31.609376,74.380587,19/08/2026 10:59 AM,19/08/2026 11:00 AM,Reporting,Parked,5.77,False,UC-108,Wagha Town,Zone-13,Loader Rickshaw,Wagha Town,True,2026-08-19
61444,LR-0930,LR0930,Lahore,"Tehsil Office, Wahgha Town",LWMC-WaTo,Loader Rickshaw,Door To Door Collection,moving,on,15.147,68.63,31.589774,74.38914,19/08/2026 09:12 AM,19/08/2026 09:30 AM,Reporting,Parked,0.0,True,UC-133,Wagha Town,Zone-11,Loader Rickshaw,Wagha Town,True,2026-08-19
23602,LR-0889,LR0889,Lahore,"Tehsil Office, Wahgha Town",LWMC-WaTo,Loader Rickshaw,Door To Door Collection,moving,on,20.477,95.88,31.594122,74.402101,19/08/2026 10:59 AM,19/08/2026 11:00 AM,Reporting,Parked,14.55,False,UC-136,Wagha Town,Zone-11,Loader Rickshaw,Wagha Town,True,2026-08-19
23635,LR-1067,LR1067,Lahore,"Tehsil Office, Wahgha Town",LWMC-WaTo,Loader Rickshaw,Door To Door Collection,moving,on,12.422,317.44,31.606231,74.396564,19/08/2026 10:48 AM,19/08/2026 11:00 AM,Reporting,Parked,10.62,False,UC-135,Wagha Town,Zone-11,Loader Rickshaw,Wagha Town,True,2026-08-19
23608,LR-0890,LR0890,Lahore,"Tehsil Office, Wahgha Town",LWMC-WaTo,Loader Rickshaw,Door To Door Collection,moving,on,22.097,291.51,31.651854,74.365208,19/08/2026 10:46 AM,19/08/2026 11:00 AM,Reporting,Parked,12.45,False,UC-108,Wagha Town,Zone-13,Loader Rickshaw,Wagha Town,True,2026-08-19
23606,LR-0888,LR0888,Lahore,"Tehsil Office, Wahgha Town",LWMC-WaTo,Loader Rickshaw,Door To Door Collection,moving,on,10.811,118.63,31.582562,74.56254,19/08/2026 08:47 AM,19/08/2026 09:00 AM,Reporting,Parked,11.43,False,UC-181,Wagha Town,Zone-13,Loader Rickshaw,Wagha Town,True,2026-08-19
61924,LR-2456,LR2456,Lahore,"Tehsil Office, Wahgha Town",LWMC-WaTo,Loader Rickshaw,Door To Door Collection,moving,on,61.609,279.1,31.589549,74.476468,19/08/2026 10:57 AM,19/08/2026 11:00 AM,Reporting,Parked,0.0,True,UC-178,Wagha Town,Zone-12,Loader Rickshaw,Wagha Town,True,2026-08-19
23596,LR-0825,LR0825,Lahore,"Tehsil Office, Wahgha Town",LWMC-WaTo,Loader Rickshaw,Door To Door Collection,still,off,19.463,112.96,31.602171,74.410701,19/08/2026 10:42 AM,19/08/2026 11:00 AM,Reporting,Moving,14.95,False,UC-137,Wagha Town,Zone-12,Loader Rickshaw,Wagha Town,True,2026-08-19
61909,LR-1077,LR1077,Lahore,"Tehsil Office, Wahgha Town",LWMC-WaTo,Loader Rickshaw,Door To Door Collection,still,off,36.648,160.61,31.592304,74.466119,19/08/2026 10:56 AM,19/08/2026 11:00 AM,Reporting,Parked,12.56,False,UC-178,Wagha Town,Zone-12,Loader Rickshaw,Wagha Town,True,2026-08-19
25337,LR-0376,LR0376,Lahore,"Tehsil Office, Wahgha Town",LWMC-WaTo,Loader Rickshaw,Door To Door Collection,moving,on,23.039,306.06,31.593347,74.421733,19/08/2026 10:48 AM,19/08/2026 11:00 AM,Reporting,Moving,13.78,False,UC-138,Wagha Town,Zone-12,Loader Rickshaw,Wagha Town,True,2026-08-19
61894,LR-2948,LR2948,Lahore,"Tehsil Office, Wahgha Town",LWMC-WaTo,Loader Rickshaw,Door To Door Collection,moving,on,17.283,228.84,31.610852,74.382723,19/08/2026 10:58 AM,19/08/2026 11:00 AM,Reporting,Parked,7.86,False,UC-108,Wagha Town,Zone-13,,Wagha Town,True,2026-08-19
59343,LR-1534,LR1534,Lahore,"Tehsil Office, Wahgha Town",LWMC-WaTo,Loader Rickshaw,Door To Door Collection,moving,on,26.8,270.89,31.566167,74.46594,19/08/2026 10:51 AM,19/08/2026 11:00 AM,Reporting,Parked,12.96,False,UC-192,Wagha Town,Zone-14,Loader Rickshaw,Wagha Town,True,2026-08-19
60765,LR-0097,LR0097,Lahore,"Tehsil Office, Wahgha Town",LWMC-WaTo,Loader Rickshaw,Door To Door Collection,moving,on,22.869,83.58,31.613906,74.412783,19/08/2026 11:00 AM,19/08/2026 11:00 AM,Reporting,Excess Idling,12.56,False,UC-174,Wagha Town,Zone-12,Loader Rickshaw,Wagha Town,True,2026-08-19
61721,LR-1282,LR1282,Lahore,"Tehsil Office, Wahgha Town",LWMC-WaTo,Loader Rickshaw,Door To Door Collection,moving,on,24.214,83.06,31.589214,74.400512,19/08/2026 10:49 AM,19/08/2026 11:00 AM,Reporting,Parked,11.79,False,UC-136,Wagha Town,Zone-11,Loader Rickshaw,Wagha Town,True,2026-08-19
61875,LR-3074,LR3074,Lahore,"Tehsil Office, Wahgha Town",LWMC-WaTo,Loader Rickshaw,Door To Door Collection,still,off,23.155,282.44,31.593853,74.419645,19/08/2026 10:58 AM,19/08/2026 11:00 AM,Reporting,Parked,9.19,False,UC-138,Wagha Town,Zone-12,,Wagha Town,True,2026-08-19
25340,LR-0456,LR0456,Lahore,"Tehsil Office, Wahgha Town",LWMC-WaTo,Loader Rickshaw,Door To Door Collection,moving,on,16.892,112.23,31.609971,74.381745,19/08/2026 10:24 AM,19/08/2026 10:30 AM,Reporting,Parked,10.36,False,UC-108,Wagha Town,Zone-13,Loader Rickshaw,Wagha Town,True,2026-08-19
60905,LR-1912,LR1912,Lahore,"Tehsil Office, Aziz Bhatti Town",LWMC-AzBT,Loader Rickshaw,Door To Door Collection,moving,on,29.222,219.0,31.563604,74.397933,19/08/2026 10:37 AM,19/08/2026 11:00 AM,Reporting,Moving,12.1,False,UC-146,Aziz Bhatti Town,Zone-16,Loader Rickshaw,Aziz Bhatti Town,True,2026-08-19
59491,LR-2889,LR2889,Lahore,"Tehsil Office, Aziz Bhatti Town",LWMC-AzBT,Loader Rickshaw,Door To Door Collection,still,off,18.222,257.46,31.580856,74.406667,19/08/2026 10:13 AM,19/08/2026 11:00 AM,Reporting,Moving,13.88,False,UC-140,Aziz Bhatti Town,Zone-15,Loader Rickshaw,Aziz Bhatti Town,True,2026-08-19
59454,LR-2890,LR2890,Lahore,"Tehsil Office, Aziz Bhatti Town",LWMC-AzBT,Loader Rickshaw,Door To Door Collection,moving,on,32.128,298.98,31.609337,74.380544,19/08/2026 10:59 AM,19/08/2026 11:00 AM,Reporting,Excess Idling,9.34,False,UC-108,Wagha Town,Zone-13,Loader Rickshaw,Aziz Bhatti Town,False,2026-08-19
60035,LR-0713,LR0713,Lahore,"Tehsil Office, Aziz Bhatti Town",LWMC-AzBT,Loader Rickshaw,Door To Door Collection,still,off,21.378,111.61,31.575134,74.370531,19/08/2026 09:17 AM,19/08/2026 10:30 AM,Reporting,Parked,0.0,True,UC-120,Gulberg Town,Zone-19,Loader Rickshaw,Aziz Bhatti Town,False,2026-08-19
60225,LR-2383,LR2383,Lahore,"Tehsil Office, Aziz Bhatti Town",LWMC-AzBT,Loader Rickshaw,Door To Door Collection,moving,on,27.656,107.41,31.608446,74.39081,19/08/2026 10:56 AM,19/08/2026 11:00 AM,Reporting,Excess Idling,13.53,False,UC-108,Wagha Town,Zone-13,Loader Rickshaw,Aziz Bhatti Town,False,2026-08-19
60906,LR-1096,LR1096,Lahore,"Tehsil Office, Aziz Bhatti Town",LWMC-AzBT,Loader Rickshaw,Door To Door Collection,moving,on,16.262,67.31,31.552354,74.413709,19/08/2026 10:07 AM,19/08/2026 11:00 AM,Reporting,Moving,9.5,False,UC-150,Aziz Bhatti Town,Zone-17,Loader Rickshaw,Aziz Bhatti Town,True,2026-08-19
59405,LR-0736,LR0736,Lahore,"Tehsil Office, Aziz Bhatti Town",LWMC-AzBT,Loader Rickshaw,Door To Door Collection,moving,on,13.029,263.68,31.582249,74.395605,19/08/2026 09:58 AM,19/08/2026 10:00 AM,Reporting,Excess Idling,13.42,False,UC-141,Aziz Bhatti Town,Zone-15,Loader Rickshaw,Aziz Bhatti Town,True,2026-08-19
60101,LR-1949,LR1949,Lahore,"Tehsil Office, Aziz Bhatti Town",LWMC-AzBT,Loader Rickshaw,Door To Door Collection,moving,on,28.393,114.84,31.585754,74.408351,19/08/2026 10:48 AM,19/08/2026 11:00 AM,Reporting,Excess Idling,13.93,False,UC-139,Aziz Bhatti Town,Zone-15,Loader Rickshaw,Aziz Bhatti Town,True,2026-08-19
59485,LR-1904,LR1904,Lahore,"Tehsil Office, Aziz Bhatti Town",LWMC-AzBT,Loader Rickshaw,Door To Door Collection,moving,on,20.151,113.65,31.564201,74.421698,19/08/2026 10:59 AM,19/08/2026 11:00 AM,Reporting,Excess Idling,12.1,False,UC-147,Aziz Bhatti Town,Zone-16,Loader Rickshaw,Aziz Bhatti Town,True,2026-08-19
59487,LR-1385,LR1385,Lahore,"Tehsil Office, Aziz Bhatti Town",LWMC-AzBT,Loader Rickshaw,Door To Door Collection,moving,on,37.497,175.26,31.572391,74.401716,19/08/2026 10:56 AM,19/08/2026 11:00 AM,Reporting,Excess Idling,13.53,False,UC-141,Aziz Bhatti Town,Zone-15,Loader Rickshaw,Aziz Bhatti Town,True,2026-08-19
59494,LR-1393,LR1393,Lahore,"Tehsil Office, Aziz Bhatti Town",LWMC-AzBT,Loader Rickshaw,Door To Door Collection,still,off,38.175,295.18,31.547458,74.41836,19/08/2026 10:57 AM,19/08/2026 11:00 AM,Reporting,Excess Idling,10.62,False,UC-150,Aziz Bhatti Town,Zone-17,Loader Rickshaw,Aziz Bhatti Town,True,2026-08-19
59344,LR-1962,LR1962,Lahore,"Tehsil Office, Aziz Bhatti Town",LWMC-AzBT,Loader Rickshaw,Door To Door Collection,moving,on,20.337,74.46,31.575267,74.394385,19/08/2026 10:31 AM,19/08/2026 11:00 AM,Reporting,Excess Idling,13.42,False,UC-155,Aziz Bhatti Town,Zone-15,Loader Rickshaw,Aziz Bhatti Town,True,2026-08-19
59392,LR-0330,LR0330,Lahore,"Tehsil Office, Aziz Bhatti Town",LWMC-AzBT,Loader Rickshaw,Door To Door Collection,moving,on,8.082,26.48,31.558409,74.418649,19/08/2026 06:00 AM,19/08/2026 07:00 AM,Reporting,Moving,11.03,False,UC-147,Aziz Bhatti Town,Zone-16,Loader Rickshaw,Aziz Bhatti Town,True,2026-08-19
60306,LR-1643,LR1643,Lahore,"Tehsil Office, Aziz Bhatti Town",LWMC-AzBT,Loader Rickshaw,Door To Door Collection,moving,on,15.42,84.43,31.548973,74.401639,19/08/2026 11:00 AM,19/08/2026 11:00 AM,Reporting,Parked,14.09,False,UC-149,Aziz Bhatti Town,Zone-17,Loader Rickshaw,Aziz Bhatti Town,True,2026-08-19
60188,LR-0728,LR0728,Lahore,"Tehsil Office, Aziz Bhatti Town",LWMC-AzBT,Loader Rickshaw,Door To Door Collection,moving,on,34.336,132.06,31.576166,74.391809,19/08/2026 10:44 AM,19/08/2026 11:00 AM,Reporting,Parked,0.0,True,UC-155,Aziz Bhatti Town,Zone-15,Loader Rickshaw,Aziz Bhatti Town,True,2026-08-19
59630,LR-1957,LR1957,Lahore,"Tehsil Office, Aziz Bhatti Town",LWMC-AzBT,Loader Rickshaw,Door To Door Collection,moving,on,21.085,115.65,31.575682,74.368749,19/08/2026 10:53 AM,19/08/2026 11:00 AM,Reporting,Moving,9.85,False,UC-119,Gulberg Town,Zone-19,Loader Rickshaw,Aziz Bhatti Town,False,2026-08-19
59319,LR-1921,LR1921,Lahore,"Tehsil Office, Aziz Bhatti Town",LWMC-AzBT,Loader Rickshaw,Door To Door Collection,still,off,34.089,124.63,31.568693,74.392057,19/08/2026 10:57 AM,19/08/2026 11:00 AM,Reporting,Parked,5.42,False,UC-142,Aziz Bhatti Town,Zone-15,Loader Rickshaw,Aziz Bhatti Town,True,2026-08-19
60193,LR-0735,LR0735,Lahore,"Tehsil Office, Aziz Bhatti Town",LWMC-AzBT,Loader Rickshaw,Door To Door Collection,moving,on,20.513,251.66,31.577239,74.394847,19/08/2026 10:40 AM,19/08/2026 11:00 AM,Reporting,Excess Idling,9.5,False,UC-155,Aziz Bhatti Town,Zone-15,Loader Rickshaw,Aziz Bhatti Town,True,2026-08-19
59367,LR-1121,LR1121,Lahore,"Tehsil Office, Aziz Bhatti Town",LWMC-AzBT,Loader Rickshaw,Door To Door Collection,moving,on,38.924,124.73,31.60866,74.380248,19/08/2026 11:00 AM,19/08/2026 11:00 AM,Reporting,Excess Idling,13.32,False,UC-108,Wagha Town,Zone-13,Loader Rickshaw,Aziz Bhatti Town,False,2026-08-19
19867,M-95,M95,Lahore,"Tehsil Office, Nishter Town",LWMC-NiTo,Mini Dumper,Bulk Waste Collection,moving,on,35.419,147.19,31.319257,74.436049,19/08/2026 10:58 AM,19/08/2026 11:00 AM,Reporting,Parked,0.0,True,UC-253,Nishter Town,Zone-49,Foton-Mini Dumper,Nishter Town,True,2026-08-19
60668,LR-2711,LR2711,Lahore,"Tehsil Office, Nishter Town",LWMC-NiTo,Loader Rickshaw,Door To Door Collection,moving,on,18.488,58.45,31.456644,74.337788,19/08/2026 11:00 AM,19/08/2026 11:00 AM,Reporting,Parked,14.04,False,UC-228,Nishter Town,Zone-44,Loader Rickshaw,Nishter Town,True,2026-08-19
60713,LR-1874,LR1874,Lahore,"Tehsil Office, Nishter Town",LWMC-NiTo,Loader Rickshaw,Door To Door Collection,still,off,13.622,72.18,31.45115,74.34474,19/08/2026 10:58 AM,19/08/2026 11:00 AM,Reporting,Parked,0.0,True,UC-229,Nishter Town,Zone-44,Loader Rickshaw,Nishter Town,True,2026-08-19
60450,LR-2846,LR2846,Lahore,"Tehsil Office, Nishter Town",LWMC-NiTo,Loader Rickshaw,Door To Door Collection,moving,on,13.75,154.98,31.414679,74.364702,19/08/2026 09:53 AM,19/08/2026 11:00 AM,Reporting,Parked,14.19,False,UC-246,Nishter Town,Zone-48,Loader Rickshaw,Nishter Town,True,2026-08-19
-,LR-0719,LR0719,Lahore,"Tehsil Office, Nishter Town",LWMC-NiTo,-,-,still,off,24.987,111.53,31.565199,74.381978,19/08/2026 10:52 AM,19/08/2026 11:00 AM,Reporting,Excess Idling,10.87,False,UC-157,Aziz Bhatti Town,Zone-18,Loader Rickshaw,Aziz Bhatti Town,True,2026-08-19
60570,LR-3047,LR3047,Lahore,"Tehsil Office, Nishter Town",LWMC-NiTo,Loader Rickshaw,Door To Door Collection,still,off,19.436,279.6,31.448912,74.368339,19/08/2026 10:57 AM,19/08/2026 11:00 AM,Reporting,Parked,9.09,False,UC-231,Nishter Town,Zone-45,Loader Rickshaw,Nishter Town,True,2026-08-19
-,LR-2214,LR2214,Lahore,"Tehsil Office, Nishter Town",LWMC-NiTo,-,-,still,off,3.709,144.71,31.449036,74.311298,19/08/2026 08:02 AM,19/08/2026 08:30 AM,Reporting,Idle,14.44,False,UC-234,Allama Iqbal Town,Zone-39,Loader Rickshaw,Nishter Town,False,2026-08-19
61034,LR-0176,LR0176,Lahore,"Tehsil Office, Nishter Town",LWMC-NiTo,Loader Rickshaw,Door To Door Collection,moving,on,9.823,66.25,31.366036,74.375045,19/08/2026 10:53 AM,19/08/2026 11:00 AM,Reporting,Parked,14.24,False,UC-247,Nishter Town,Zone-48,Loader Rickshaw,Nishter Town,True,2026-08-19
60846,LR-2215,LR2215,Lahore,"Tehsil Office, Nishter Town",LWMC-NiTo,Loader Rickshaw,Door To Door Collection,moving,on,19.809,239.88,31.442003,74.347612,19/08/2026 10:57 AM,19/08/2026 11:00 AM,Reporting,Excess Idling,15.11,False,UC-229,Nishter Town,Zone-44,Loader Rickshaw,Nishter Town,True,2026-08-19
19875,M-107,M107,Lahore,"Tehsil Office, Nishter Town",LWMC-NiTo,Mini Dumper,Bulk Waste Collection,still,off,23.47,106.76,31.450399,74.347284,19/08/2026 10:57 AM,19/08/2026 11:00 AM,Reporting,Parked,0.0,True,UC-228,Nishter Town,Zone-44,Foton-Mini Dumper,Nishter Town,True,2026-08-19
18394,A-59-LEG-3704,A59LEG3704,Lahore,"Tehsil Office, Nishter Town",LWMC-NiTo,Arm Roll Truck,Container-Based Collection,still,off,60.5,219.43,31.447852,74.438404,19/08/2026 09:46 AM,19/08/2026 10:30 AM,Reporting,Parked,24.95,False,UC-194,Wagha Town,Zone-14,Arm Roll,Nishter Town,False,2026-08-19
-,LR-101,LR101,Lahore,"Tehsil Office, Nishter Town",LWMC-NiTo,-,-,moving,on,8.573,158.31,31.414661,74.369495,19/08/2026 08:28 AM,19/08/2026 08:30 AM,Reporting,Moving,13.93,False,UC-245,Nishter Town,Zone-48,Loader Rickshaw,Nishter Town,True,2026-08-19
61760,LR-0104,LR0104,Lahore,"Tehsil Office, Nishter Town",LWMC-NiTo,Loader Rickshaw,Door To Door Collection,still,off,16.457,248.4,31.445454,74.374276,19/08/2026 10:58 AM,19/08/2026 11:00 AM,Reporting,Parked,14.24,False,UC-231,Nishter Town,Zone-45,Loader Rickshaw,Nishter Town,True,2026-08-19
60063,LR-2916,LR2916,Lahore,"Tehsil Office, Allama Iqbal Town",LWMC-AlIT,Loader Rickshaw,Door To Door Collection,still,off,12.797,243.61,31.473953,74.241241,19/08/2026 10:56 AM,19/08/2026 11:00 AM,Reporting,Moving,13.88,False,UC-110,Allama Iqbal Town,Zone-41,,Allama Iqbal Town,True,2026-08-19
22810,LR-0232,LR0232,Lahore,"Tehsil Office, Allama Iqbal Town",LWMC-AlIT,Loader Rickshaw,Door To Door Collection,moving,on,5.988,24.05,31.493405,74.257603,19/08/2026 09:21 AM,19/08/2026 09:30 AM,Reporting,Parked,0.0,True,UC-111,Allama Iqbal Town,Zone-38,Loader Rickshaw,Allama Iqbal Town,True,2026-08-19
59927,LR-2637,LR2637,Lahore,"Tehsil Office, Allama Iqbal Town",LWMC-AlIT,Loader Rickshaw,Door To Door Collection,moving,on,20.159,207.4,31.482672,74.285954,19/08/2026 10:58 AM,19/08/2026 11:00 AM,Reporting,Parked,0.0,True,UC-220,Allama Iqbal Town,Zone-39,Loader Rickshaw,Allama Iqbal Town,True,2026-08-19
22912,LR-0601,LR0601,Lahore,"Tehsil Office, Allama Iqbal Town",LWMC-AlIT,Loader Rickshaw,Door To Door Collection,moving,on,30.767,126.95,31.447087,74.275509,19/08/2026 10:50 AM,19/08/2026 11:00 AM,Reporting,Idle,11.84,False,UC-115,Allama Iqbal Town,Zone-40,Loader Rickshaw,Allama Iqbal Town,True,2026-08-19
22824,LR-0204,LR0204,Lahore,"Tehsil Office, Allama Iqbal Town",LWMC-AlIT,Loader Rickshaw,Door To Door Collection,moving,on,30.977,129.48,31.461478,74.285403,19/08/2026 10:59 AM,19/08/2026 11:00 AM,Reporting,Excess Idling,11.89,False,UC-222,Allama Iqbal Town,Zone-39,Loader Rickshaw,Allama Iqbal Town,True,2026-08-19
22811,LR-0233,LR0233,Lahore,"Tehsil Office, Allama Iqbal Town",LWMC-AlIT,Loader Rickshaw,Door To Door Collection,moving,on,26.192,166.88,31.48696,74.257638,19/08/2026 10:45 AM,19/08/2026 11:00 AM,Reporting,Parked,14.8,False,UC-111,Allama Iqbal Town,Zone-38,Loader Rickshaw,Allama Iqbal Town,True,2026-08-19
-,LR-2969,LR2969,Lahore,"Tehsil Office, Allama Iqbal Town",LWMC-AlIT,-,-,moving,on,16.472,104.78,31.365359,74.367106,19/08/2026 10:59 AM,19/08/2026 11:00 AM,Reporting,Parked,0.0,True,UC-247,Nishter Town,Zone-48,,Allama Iqbal Town,False,2026-08-19
59898,LR-2622,LR2622,Lahore,"Tehsil Office, Allama Iqbal Town",LWMC-AlIT,Loader Rickshaw,Door To Door Collection,moving,on,16.044,74.75,31.528779,74.271298,19/08/2026 09:18 AM,19/08/2026 10:00 AM,Reporting,Excess Idling,12.1,False,UC-102,Allama Iqbal Town,Zone-37,Loader Rickshaw,Allama Iqbal Town,True,2026-08-19
59907,LR-2626,LR2626,Lahore,"Tehsil Office, Allama Iqbal Town",LWMC-AlIT,Loader Rickshaw,Door To Door Collection,moving,on,31.52,244.58,31.47933,74.247299,19/08/2026 10:59 AM,19/08/2026 11:00 AM,Reporting,Parked,12.05,False,UC-110,Allama Iqbal Town,Zone-41,Loader Rickshaw,Allama Iqbal Town,True,2026-08-19
22833,LR-0272,LR0272,Lahore,"Tehsil Office, Allama Iqbal Town",LWMC-AlIT,Loader Rickshaw,Door To Door Collection,moving,on,20.169,306.51,31.472003,74.240943,19/08/2026 11:00 AM,19/08/2026 11:00 AM,Reporting,Parked,0.0,True,UC-110,Allama Iqbal Town,Zone-41,Loader Rickshaw,Allama Iqbal Town,True,2026-08-19
59961,LR-2729,LR2729,Lahore,"Tehsil Office, Allama Iqbal Town",LWMC-AlIT,Loader Rickshaw,Door To Door Collection,moving,on,14.054,244.78,31.429927,74.274704,19/08/2026 10:45 AM,19/08/2026 11:00 AM,Reporting,Moving,13.83,False,UC-257,Allama Iqbal Town,Zone-40,,Allama Iqbal Town,True,2026-08-19
22812,LR-0234,LR0234,Lahore,"Tehsil Office, Allama Iqbal Town",LWMC-AlIT,Loader Rickshaw,Door To Door Collection,still,off,32.601,151.86,31.490425,74.250975,19/08/2026 10:58 AM,19/08/2026 11:00 AM,Reporting,Moving,0.0,True,UC-111,Allama Iqbal Town,Zone-38,Loader Rickshaw,Allama Iqbal Town,True,2026-08-19
22941,LR-0846,LR0846,Lahore,"Tehsil Office, Allama Iqbal Town",LWMC-AlIT,Loader Rickshaw,Door To Door Collection,still,off,16.322,217.91,31.477235,74.298853,19/08/2026 10:53 AM,19/08/2026 11:00 AM,Reporting,Parked,0.0,True,UC-220,Allama Iqbal Town,Zone-39,Loader Rickshaw,Allama Iqbal Town,True,2026-08-19
59930,LR-2640,LR2640,Lahore,"Tehsil Office, Allama Iqbal Town",LWMC-AlIT,Loader Rickshaw,Door To Door Collection,moving,on,36.669,254.94,31.464734,74.224952,19/08/2026 10:46 AM,19/08/2026 11:00 AM,Reporting,Parked,0.0,True,UC-117,Allama Iqbal Town,Zone-41,Loader Rickshaw,Allama Iqbal Town,True,2026-08-19
22783,LR-0046,LR0046,Lahore,"Tehsil Office, Allama Iqbal Town",LWMC-AlIT,Loader Rickshaw,Door To Door Collection,still,off,19.064,498.83,31.528976,74.275938,19/08/2026 10:44 AM,19/08/2026 11:00 AM,Reporting,Parked,13.63,False,UC-96,Allama Iqbal Town,Zone-37,Loader Rickshaw,Allama Iqbal Town,True,2026-08-19
59718,LR-1443,LR1443,Lahore,"Tehsil Office, Allama Iqbal Town",LWMC-AlIT,Loader Rickshaw,Door To Door Collection,moving,on,27.738,220.06,31.468858,74.253987,19/08/2026 10:49 AM,19/08/2026 11:00 AM,Reporting,Parked,15.57,False,UC-114,Allama Iqbal Town,Zone-40,Loader Rickshaw,Allama Iqbal Town,True,2026-08-19
59747,LR-1542,LR1542,Lahore,"Tehsil Office, Allama Iqbal Town",LWMC-AlIT,Loader Rickshaw,Door To Door Collection,moving,on,18.107,63.85,31.535148,74.263844,19/08/2026 10:38 AM,19/08/2026 11:00 AM,Reporting,Moving,14.14,False,UC-101,Allama Iqbal Town,Zone-37,Loader Rickshaw,Allama Iqbal Town,True,2026-08-19
22895,LR-0538,LR0538,Lahore,"Tehsil Office, Allama Iqbal Town",LWMC-AlIT,Loader Rickshaw,Door To Door Collection,moving,on,21.635,87.5,31.472522,74.282544,19/08/2026 11:00 AM,19/08/2026 11:00 AM,Reporting,Excess Idling,11.38,False,UC-221,Allama Iqbal Town,Zone-39,Loader Rickshaw,Allama Iqbal Town,True,2026-08-19
22778,LR-0041,LR0041,Lahore,"Tehsil Office, Allama Iqbal Town",LWMC-AlIT,Loader Rickshaw,Door To Door Collection,still,off,20.838,241.76,31.525289,74.265613,19/08/2026 10:36 AM,19/08/2026 11:00 AM,Reporting,Excess Idling,14.34,False,UC-103,Allama Iqbal Town,Zone-38,Loader Rickshaw,Allama Iqbal Town,True,2026-08-19
60245,LR-1030,LR1030,Lahore,"Tehsil Office, Allama Iqbal Town",LWMC-AlIT,Loader Rickshaw,Door To Door Collection,moving,on,35.693,313.16,31.326523,74.294914,19/08/2026 10:51 AM,19/08/2026 11:00 AM,Reporting,Parked,11.59,False,UC-271,Nishter Town,Zone-47,Loader Rickshaw,Allama Iqbal Town,False,2026-08-19
60418,LR-1512,LR1512,Lahore,"Tehsil Office, Allama Iqbal Town",LWMC-AlIT,Loader Rickshaw,Door To Door Collection,still,off,43.526,138.65,31.33476,74.172645,19/08/2026 10:50 AM,19/08/2026 11:00 AM,Reporting,Parked,0.0,True,UC-267,Allama Iqbal Town,Zone-43,Loader Rickshaw,Allama Iqbal Town,True,2026-08-19
61323,LR-0049,LR0049,Lahore,"Tehsil Office, Allama Iqbal Town",LWMC-AlIT,Loader Rickshaw,Door To Door Collection,moving,on,25.014,98.79,31.512924,74.265262,19/08/2026 10:43 AM,19/08/2026 11:00 AM,Reporting,Parked,13.88,False,UC-103,Allama Iqbal Town,Zone-38,Loader Rickshaw,Allama Iqbal Town,True,2026-08-19
22826,LR-0206,LR0206,Lahore,"Tehsil Office, Allama Iqbal Town",LWMC-AlIT,Loader Rickshaw,Door To Door Collection,moving,on,28.634,130.88,31.457398,74.291745,19/08/2026 10:42 AM,19/08/2026 11:00 AM,Reporting,Moving,13.88,False,UC-222,Allama Iqbal Town,Zone-39,Loader Rickshaw,Allama Iqbal Town,True,2026-08-19
22991,LR-1110,LR1110,Lahore,"Tehsil Office, Allama Iqbal Town",LWMC-AlIT,Loader Rickshaw,Door To Door Collection,still,off,6.268,277.36,31.258335,74.217542,19/08/2026 09:29 AM,19/08/2026 11:00 AM,Reporting,Excess Idling,0.0,True,UC-272,Allama Iqbal Town,Zone-43,Loader Rickshaw,Allama Iqbal Town,True,2026-08-19
59794,LR-1721,LR1721,Lahore,"Tehsil Office, Allama Iqbal Town",LWMC-AlIT,Loader Rickshaw,Door To Door Collection,still,off,38.678,311.11,31.478808,74.216597,19/08/2026 10:58 AM,19/08/2026 11:00 AM,Reporting,Parked,0.0,True,UC-117,Allama Iqbal Town,Zone-41,Loader Rickshaw,Allama Iqbal Town,True,2026-08-19
19655,M-34,M34,Lahore,"Tehsil Office, Allama Iqbal Town",LWMC-AlIT,Mini Dumper,Bulk Waste Collection,moving,on,40.13,220.68,31.442262,74.275656,19/08/2026 10:58 AM,19/08/2026 11:00 AM,Reporting,Parked,12.66,False,UC-255,Allama Iqbal Town,Zone-40,Foton-Mini Dumper,Allama Iqbal Town,True,2026-08-19
59949,LR-2650,LR2650,Lahore,"Tehsil Office, Allama Iqbal Town",LWMC-AlIT,Loader Rickshaw,Door To Door Collection,still,off,15.372,207.86,31.401695,74.265728,19/08/2026 10:56 AM,19/08/2026 11:00 AM,Reporting,Idle,0.0,True,UC-257,Allama Iqbal Town,Zone-40,Loader Rickshaw,Allama Iqbal Town,True,2026-08-19
22896,LR-0539,LR0539,Lahore,"Tehsil Office, Allama Iqbal Town",LWMC-AlIT,Loader Rickshaw,Door To Door Collection,moving,on,16.785,76.54,31.473896,74.284599,19/08/2026 10:57 AM,19/08/2026 11:00 AM,Reporting,Parked,8.88,False,UC-221,Allama Iqbal Town,Zone-39,Loader Rickshaw,Allama Iqbal Town,True,2026-08-19
60023,LR-2758,LR2758,Lahore,"Tehsil Office, Allama Iqbal Town",LWMC-AlIT,Loader Rickshaw,Door To Door Collection,moving,on,20.483,160.4,31.48442,74.237193,19/08/2026 10:24 AM,19/08/2026 10:30 AM,Reporting,Parked,0.0,True,UC-110,Allama Iqbal Town,Zone-41,Loader Rickshaw,Allama Iqbal Town,True,2026-08-19
61522,LR-2942,LR2942,Lahore,"Tehsil Office, Shalimar Town",LWMC-ShTo,Loader Rickshaw,Door To Door Collection,still,off,15.028,141.23,31.58713,74.365837,19/08/2026 10:57 AM,19/08/2026 11:00 AM,Reporting,Parked,10.36,False,UC-162,Shalimar Town,Zone-9,Loader Rickshaw,Shalimar Town,True,2026-08-19
19440,R-41,R41,Lahore,"Tehsil Office, Shalimar Town",LWMC-ShTo,Loader Rickshaw,Door To Door Collection,moving,on,17.135,99.41,31.573425,74.287517,19/08/2026 10:48 AM,19/08/2026 11:00 AM,Reporting,Parked,12.51,False,UC-56,DGBT,Zone-29,Rickshaw,Shalimar Town,False,2026-08-19
61631,LR-2791,LR2791,Lahore,"Tehsil Office, Shalimar Town",LWMC-ShTo,Loader Rickshaw,Door To Door Collection,still,off,12.73,277.64,31.602303,74.34163,19/08/2026 10:58 AM,19/08/2026 11:00 AM,Reporting,Parked,11.79,False,UC-27,Shalimar Town,Zone-6,Loader Rickshaw,Shalimar Town,True,2026-08-19
-,LR-2085,LR2085,Lahore,"Tehsil Office, Shalimar Town",LWMC-ShTo,-,-,still,off,20.66,299.6,31.60969,74.381497,19/08/2026 10:57 AM,19/08/2026 11:00 AM,Reporting,Excess Idling,0.0,True,UC-108,Wagha Town,Zone-13,Loader Rickshaw,Shalimar Town,False,2026-08-19
23343,LR-1203,LR1203,Lahore,"Tehsil Office, Shalimar Town",LWMC-ShTo,Loader Rickshaw,Door To Door Collection,still,off,10.024,146.61,31.593005,74.355983,19/08/2026 09:49 AM,19/08/2026 10:00 AM,Reporting,Parked,0.0,True,UC-166,Shalimar Town,Zone-8,Loader Rickshaw,Shalimar Town,True,2026-08-19
59636,LR-2946,LR2946,Lahore,"Tehsil Office, Shalimar Town",LWMC-ShTo,Loader Rickshaw,Door To Door Collection,still,off,11.011,157.53,31.591453,74.365299,19/08/2026 10:31 AM,19/08/2026 11:00 AM,Reporting,Parked,12.25,False,UC-162,Shalimar Town,Zone-9,Loader Rickshaw,Shalimar Town,True,2026-08-19
23351,LR-1211,LR1211,Lahore,"Tehsil Office, Shalimar Town",LWMC-ShTo,Loader Rickshaw,Door To Door Collection,moving,on,20.1,365.13,31.579613,74.395408,19/08/2026 10:51 AM,19/08/2026 11:00 AM,Reporting,Excess Idling,11.23,False,UC-154,Shalimar Town,Zone-10,Loader Rickshaw,Shalimar Town,True,2026-08-19
23344,LR-1204,LR1204,Lahore,"Tehsil Office, Shalimar Town",LWMC-ShTo,Loader Rickshaw,Door To Door Collection,still,off,15.221,142.68,31.592543,74.35716,19/08/2026 10:57 AM,19/08/2026 11:00 AM,Reporting,Parked,0.0,True,UC-166,Shalimar Town,Zone-8,Loader Rickshaw,Shalimar Town,True,2026-08-19
60832,S-325,S325,Lahore,"Tehsil Office, Shalimar Town",LWMC-ShTo,Mini Dumper,Door To Door Collection,still,off,17.706,123.03,31.600822,74.357963,19/08/2026 10:59 AM,19/08/2026 11:00 AM,Reporting,Idle,0.0,True,UC-161,Shalimar Town,Zone-9,Mini Dumper,Shalimar Town,True,2026-08-19
25300,LR-0673,LR0673,Lahore,"Tehsil Office, Shalimar Town",LWMC-ShTo,Loader Rickshaw,Door To Door Collection,moving,on,7.732,36.53,31.582908,74.378034,19/08/2026 06:31 AM,19/08/2026 07:00 AM,Reporting,Moving,22.96,False,UC-125,Shalimar Town,Zone-10,Loader Rickshaw,Shalimar Town,True,2026-08-19
22520,LR-1143,LR1143,Lahore,"Tehsil Office, Gulberg Town",LWMC-GuTo,Loader Rickshaw,Door To Door Collection,moving,on,28.108,239.53,31.56642,74.338673,19/08/2026 10:59 AM,19/08/2026 11:00 AM,Reporting,Moving,0.0,True,UC-172,Gulberg Town,Zone-20,Loader Rickshaw,Gulberg Town,True,2026-08-19
-,LR-3113,LR3113,Lahore,"Tehsil Office, Gulberg Town",LWMC-GuTo,-,-,still,off,8.822,103.18,31.365121,74.372564,19/08/2026 10:57 AM,19/08/2026 11:00 AM,Reporting,Parked,11.03,False,UC-247,Nishter Town,Zone-48,,Gulberg Town,False,2026-08-19
22531,LR-0984,LR0984,Lahore,"Tehsil Office, Gulberg Town",LWMC-GuTo,Loader Rickshaw,Door To Door Collection,still,off,9.906,321.93,31.524161,74.344222,19/08/2026 10:56 AM,19/08/2026 11:00 AM,Reporting,Parked,11.84,False,UC-200,Gulberg Town,Zone-20,Loader Rickshaw,Gulberg Town,True,2026-08-19
61278,LR-3060,LR3060,Lahore,"Tehsil Office, Gulberg Town",LWMC-GuTo,Loader Rickshaw,Door To Door Collection,still,off,18.757,152.31,31.46368,74.337796,19/08/2026 10:58 AM,19/08/2026 11:00 AM,Reporting,Moving,12.61,False,UC-226,Gulberg Town,Zone-22,,Gulberg Town,True,2026-08-19
-,LR-3098,LR3098,Lahore,"Tehsil Office, Gulberg Town",LWMC-GuTo,-,-,moving,on,19.186,189.84,31.451762,74.371593,19/08/2026 10:50 AM,19/08/2026 11:00 AM,Reporting,Parked,0.0,True,UC-249,Nishter Town,Zone-45,,Gulberg Town,False,2026-08-19
22576,LR-0633,LR0633,Lahore,"Tehsil Office, Gulberg Town",LWMC-GuTo,Loader Rickshaw,Door To Door Collection,moving,on,27.908,187.76,31.458982,74.339097,19/08/2026 10:59 AM,19/08/2026 11:00 AM,Reporting,Parked,0.0,True,UC-228,Nishter Town,Zone-44,Loader Rickshaw,Gulberg Town,False,2026-08-19
61144,LR-1573,LR1573,Lahore,"Tehsil Office, Gulberg Town",LWMC-GuTo,Loader Rickshaw,Door To Door Collection,still,off,16.176,163.0,31.51193,74.343676,19/08/2026 10:07 AM,19/08/2026 11:00 AM,Reporting,Parked,12.35,False,UC-202,Gulberg Town,Zone-21,Loader Rickshaw,Gulberg Town,True,2026-08-19
22528,LR-0981,LR0981,Lahore,"Tehsil Office, Gulberg Town",LWMC-GuTo,Loader Rickshaw,Door To Door Collection,moving,on,9.471,48.06,31.525654,74.342403,19/08/2026 10:32 AM,19/08/2026 11:00 AM,Reporting,Excess Idling,14.34,False,UC-200,Gulberg Town,Zone-20,Loader Rickshaw,Gulberg Town,True,2026-08-19
61156,LR-1707,LR1707,Lahore,"Tehsil Office, Gulberg Town",LWMC-GuTo,Loader Rickshaw,Door To Door Collection,moving,on,8.009,252.98,31.527248,74.357662,19/08/2026 10:48 AM,19/08/2026 11:00 AM,Reporting,Parked,12.56,False,UC-201,Gulberg Town,Zone-21,Loader Rickshaw,Gulberg Town,True,2026-08-19
61142,LR-2568,LR2568,Lahore,"Tehsil Office, Gulberg Town",LWMC-GuTo,Loader Rickshaw,Door To Door Collection,moving,on,11.235,96.18,31.530627,74.340451,19/08/2026 10:50 AM,19/08/2026 11:00 AM,Reporting,Parked,12.51,False,UC-200,Gulberg Town,Zone-20,Loader Rickshaw,Gulberg Town,True,2026-08-19
22575,LR-0619,LR0619,Lahore,"Tehsil Office, Gulberg Town",LWMC-GuTo,Loader Rickshaw,Door To Door Collection,moving,on,19.155,92.34,31.456728,74.337792,19/08/2026 10:50 AM,19/08/2026 11:00 AM,Reporting,Parked,9.65,False,UC-228,Nishter Town,Zone-44,Loader Rickshaw,Gulberg Town,False,2026-08-19
22523,LR-1137,LR1137,Lahore,"Tehsil Office, Gulberg Town",LWMC-GuTo,Loader Rickshaw,Door To Door Collection,moving,on,11.825,302.89,31.504015,74.331983,19/08/2026 10:59 AM,19/08/2026 11:00 AM,Reporting,Parked,0.0,True,UC-203,Gulberg Town,Zone-21,Loader Rickshaw,Gulberg Town,True,2026-08-19
61223,LR-1942,LR1942,Lahore,"Tehsil Office, Gulberg Town",LWMC-GuTo,Loader Rickshaw,Door To Door Collection,moving,on,22.207,289.23,31.454307,74.335647,19/08/2026 10:26 AM,19/08/2026 10:30 AM,Reporting,Moving,14.39,False,UC-229,Nishter Town,Zone-44,Loader Rickshaw,Gulberg Town,False,2026-08-19
-,LR-1312,LR1312,Lahore,"Tehsil Office, Data Gunj Baksh Town",LWMC-DaGB,-,-,moving,on,15.001,310.75,31.573159,74.291764,19/08/2026 10:54 AM,19/08/2026 11:00 AM,Reporting,Excess Idling,11.54,False,UC-59,DGBT,Zone-29,Loader Rickshaw,DGBT,True,2026-08-19
61212,LR-1430,LR1430,Lahore,"Tehsil Office, Data Gunj Baksh Town",LWMC-DaGB,Loader Rickshaw,Door To Door Collection,still,off,12.748,299.31,31.591161,74.301259,19/08/2026 10:57 AM,19/08/2026 11:00 AM,Reporting,Excess Idling,12.56,False,UC-51,DGBT,Zone-28,Loader Rickshaw,DGBT,True,2026-08-19
19749,S-40,S40,Lahore,"Tehsil Office, Data Gunj Baksh Town",LWMC-DaGB,Mini Dumper,Bulk Waste Collection,still,off,18.155,96.88,31.55082,74.314373,19/08/2026 10:50 AM,19/08/2026 11:00 AM,Reporting,Parked,13.98,False,UC-69,DGBT,Zone-26,Mini Dumper,DGBT,True,2026-08-19
62122,LR-1424,LR1424,Lahore,"Tehsil Office, Data Gunj Baksh Town",LWMC-DaGB,Loader Rickshaw,Door To Door Collection,moving,on,15.03,99.26,31.578111,74.289519,19/08/2026 11:00 AM,19/08/2026 11:00 AM,Reporting,Moving,13.22,False,UC-56,DGBT,Zone-29,Loader Rickshaw,DGBT,True,2026-08-19
-,LR-2802,LR2802,Lahore,"Tehsil Office, Data Gunj Baksh Town",LWMC-DaGB,-,-,moving,on,10.728,34.43,31.555099,74.286232,19/08/2026 10:56 AM,19/08/2026 11:00 AM,Reporting,Moving,12.91,False,UC-72,DGBT,Zone-30,Loader Rickshaw,DGBT,True,2026-08-19
60873,MFL-78,MFL78,Lahore,"Tehsil Office, Data Gunj Baksh Town",LWMC-DaGB,Tractor Loader,Bulk Waste Collection,moving,on,14.703,111.59,31.551459,74.327191,19/08/2026 10:32 AM,19/08/2026 11:00 AM,Reporting,Parked,12.61,False,UC-81,DGBT,Zone-26,Loader,DGBT,True,2026-08-19
-,LR-3091,LR3091,Lahore,"Tehsil Office, Data Gunj Baksh Town",LWMC-DaGB,-,-,moving,on,11.261,60.79,31.562742,74.28799,19/08/2026 10:56 AM,19/08/2026 11:00 AM,Reporting,Excess Idling,13.12,False,UC-65,DGBT,Zone-29,Loader Rickshaw,Ravi Town,False,2026-08-19
19081,R-39,R39,Lahore,"Tehsil Office, Data Gunj Baksh Town",LWMC-DaGB,Rickshaw Shower,Bulk Waste Collection,moving,on,14.597,86.11,31.53764,74.329993,19/08/2026 11:00 AM,19/08/2026 11:00 AM,Reporting,Parked,12.66,False,UC-199,DGBT,Zone-26,Rickshaw,DGBT,True,2026-08-19
62076,LR-1477,LR1477,Lahore,"Tehsil Office, Data Gunj Baksh Town",LWMC-DaGB,Loader Rickshaw,Door To Door Collection,moving,on,8.759,225.21,31.571516,74.295406,19/08/2026 10:56 AM,19/08/2026 11:00 AM,Reporting,Parked,0.0,True,UC-59,DGBT,Zone-29,Loader Rickshaw,DGBT,True,2026-08-19
59755,C-724,C724,Lahore,"Tehsil Office, Samnabad Town",LWMC-SaTo,Compactor (7CM),Container-Based Collection,moving,on,76.782,246.26,31.543715,74.294227,19/08/2026 10:59 AM,19/08/2026 11:00 AM,Reporting,Parked,0.0,True,UC-79,Samnabad Town,Zone-32,Compactor,Samnabad Town,True,2026-08-19
41321,LR-1873,LR1873,Lahore,"Tehsil Office, Samnabad Town",LWMC-SaTo,Loader Rickshaw,Door To Door Collection,moving,on,23.187,317.91,31.55428,74.268574,19/08/2026 10:49 AM,19/08/2026 11:00 AM,Reporting,Excess Idling,14.14,False,UC-93,Samnabad Town,Zone-31,Loader Rickshaw,Samnabad Town,True,2026-08-19
40351,LR-0959,LR0959,Lahore,"Tehsil Office, Samnabad Town",LWMC-SaTo,Loader Rickshaw,Door To Door Collection,still,off,24.152,232.51,31.525809,74.319389,19/08/2026 10:51 AM,19/08/2026 11:00 AM,Reporting,Parked,14.65,False,UC-85,Samnabad Town,Zone-34,Loader Rickshaw,Samnabad Town,True,2026-08-19
60820,LR-0817,LR0817,Lahore,"Tehsil Office, Samnabad Town",LWMC-SaTo,Loader Rickshaw,Door To Door Collection,still,off,38.97,319.64,31.540542,74.272957,19/08/2026 10:55 AM,19/08/2026 11:00 AM,Reporting,Moving,14.29,False,UC-100,Samnabad Town,Zone-32,Loader Rickshaw,Samnabad Town,True,2026-08-19
40350,LR-0958,LR0958,Lahore,"Tehsil Office, Samnabad Town",LWMC-SaTo,Loader Rickshaw,Door To Door Collection,moving,on,25.566,187.91,31.520581,74.317304,19/08/2026 10:58 AM,19/08/2026 11:00 AM,Reporting,Excess Idling,14.34,False,UC-85,Samnabad Town,Zone-34,Loader Rickshaw,Samnabad Town,True,2026-08-19
60408,S-278,S278,Lahore,"Tehsil Office, Samnabad Town",LWMC-SaTo,Mini Dumper,Bulk Waste Collection,still,off,43.62,164.31,31.53338,74.302637,19/08/2026 10:46 AM,19/08/2026 11:00 AM,Reporting,Moving,0.0,True,UC-91,Samnabad Town,Zone-33,Mini Dumper,Samnabad Town,True,2026-08-19
40328,LR-0975,LR0975,Lahore,"Tehsil Office, Samnabad Town",LWMC-SaTo,Loader Rickshaw,Door To Door Collection,moving,on,20.167,142.41,31.519757,74.288634,19/08/2026 10:11 AM,19/08/2026 10:30 AM,Reporting,Parked,15.11,False,UC-213,Samnabad Town,Zone-36,Loader Rickshaw,Samnabad Town,True,2026-08-19
41331,LR-2181,LR2181,Lahore,"Tehsil Office, Samnabad Town",LWMC-SaTo,Loader Rickshaw,Door To Door Collection,moving,on,40.615,142.81,31.541281,74.286281,19/08/2026 10:55 AM,19/08/2026 11:00 AM,Reporting,Excess Idling,13.58,False,UC-80,Samnabad Town,Zone-32,Loader Rickshaw,Samnabad Town,True,2026-08-19
19918,M-46,M46,Lahore,"Tehsil Office, Ravi Town",LWMC-RaTo,Mini Dumper,Bulk Waste Collection,moving,on,44.746,149.91,31.65616,74.282416,19/08/2026 10:57 AM,19/08/2026 11:00 AM,Reporting,Parked,0.0,True,,,,Foton-Mini Dumper,Ravi Town,False,2026-08-19
61939,LR-2131,LR2131,Lahore,"Tehsil Office, Ravi Town",LWMC-RaTo,Loader Rickshaw,Door To Door Collection,moving,on,25.237,98.4,31.592562,74.258023,19/08/2026 11:00 AM,19/08/2026 11:00 AM,Reporting,Excess Idling,12.91,False,UC-5,Ravi Town,Zone-1,Loader Rickshaw,Ravi Town,True,2026-08-19
61941,LR-2125,LR2125,Lahore,"Tehsil Office, Ravi Town",LWMC-RaTo,Loader Rickshaw,Door To Door Collection,moving,on,17.078,90.18,31.627044,74.289419,19/08/2026 10:58 AM,19/08/2026 11:00 AM,Reporting,Parked,13.68,False,UC-12,Ravi Town,Zone-2,Loader Rickshaw,Ravi Town,True,2026-08-19
19261,LEG-1685,LEG1685,Lahore,"Tehsil Office, Ravi Town",LWMC-RaTo,Loader Rickshaw,Bulk Waste Collection,still,off,11.851,132.98,31.602478,74.309008,19/08/2026 07:26 AM,19/08/2026 11:00 AM,Reporting,Parked,12.15,False,UC-16,Ravi Town,Zone-4,Loader,Ravi Town,True,2026-08-19
19343,FTL-26,FTL26,Lahore,"Tehsil Office, Ravi Town",LWMC-RaTo,Loader Rickshaw,Bulk Waste Collection,moving,on,14.577,79.13,31.601422,74.308682,19/08/2026 10:58 AM,19/08/2026 11:00 AM,Reporting,Parked,13.98,False,UC-16,Ravi Town,Zone-4,Loader,Ravi Town,True,2026-08-19
61642,T-74,T74,Lahore,"Tehsil Office, Ravi Town",LWMC-RaTo,Tractor Trolley,Bulk Waste Collection,moving,on,14.266,171.09,31.582592,74.290541,19/08/2026 10:57 AM,19/08/2026 11:00 AM,Reporting,Excess Idling,12.35,False,UC-52,DGBT,Zone-28,Tractor Trolley,Ravi Town,False,2026-08-19
-,LR-0441,LR0441,Lahore,"Tehsil Office, Ravi Town",LWMC-RaTo,-,-,still,off,20.819,80.7,31.403889,74.266978,19/08/2026 10:55 AM,19/08/2026 11:00 AM,Reporting,Parked,15.26,False,UC-257,Allama Iqbal Town,Zone-40,Loader Rickshaw,Allama Iqbal Town,True,2026-08-19
61373,LR-0061,LR0061,Lahore,"Tehsil Office, Ravi Town",LWMC-RaTo,Loader Rickshaw,Door To Door Collection,still,off,13.153,201.19,31.600499,74.329808,19/08/2026 10:37 AM,19/08/2026 11:00 AM,Reporting,Parked,12.91,False,UC-23,Ravi Town,Zone-3,Loader Rickshaw,Ravi Town,True,2026-08-19
23456,LR-0559,LR0559,Lahore,"Tehsil Office, Ravi Town",LWMC-RaTo,Loader Rickshaw,Door To Door Collection,moving,on,20.23,244.86,31.617212,74.28817,19/08/2026 10:30 AM,19/08/2026 11:00 AM,Reporting,Parked,13.53,False,UC-4,Ravi Town,Zone-1,Loader Rickshaw,Ravi Town,True,2026-08-19
61637,T-65,T65,Lahore,"Tehsil Office, Ravi Town",LWMC-RaTo,Tractor Trolley,Bulk Waste Collection,moving,on,14.877,175.53,31.582095,74.290272,19/08/2026 10:58 AM,19/08/2026 11:00 AM,Reporting,Parked,14.65,False,UC-52,DGBT,Zone-28,Tractor Trolley,Ravi Town,False,2026-08-19
23443,LR-0095,LR0095,Lahore,"Tehsil Office, Ravi Town",LWMC-RaTo,Loader Rickshaw,Door To Door Collection,moving,on,29.965,163.69,31.582907,74.267067,19/08/2026 10:45 AM,19/08/2026 11:00 AM,Reporting,Parked,0.0,True,UC-5,Ravi Town,Zone-1,Loader Rickshaw,Ravi Town,True,2026-08-19
61346,LR-1605,LR1605,Lahore,"Tehsil Office, Ravi Town",LWMC-RaTo,Loader Rickshaw,Door To Door Collection,moving,on,9.09,156.84,31.598613,74.325321,19/08/2026 09:14 AM,19/08/2026 09:30 AM,Reporting,Parked,13.32,False,UC-22,Ravi Town,Zone-4,Loader Rickshaw,Ravi Town,True,2026-08-19
61579,LR-2476,LR2476,Lahore,"Tehsil Office, Ravi Town",LWMC-RaTo,Loader Rickshaw,Door To Door Collection,still,off,16.57,206.25,31.619017,74.277714,19/08/2026 10:51 AM,19/08/2026 11:00 AM,Reporting,Parked,13.98,False,UC-3,Ravi Town,Zone-1,Loader Rickshaw,Ravi Town,True,2026-08-19
18479,CA-167,CA167,Lahore,"Tehsil Office, Ravi Town",LWMC-RaTo,Chain Arm Roll,Container-Based Collection,moving,on,106.237,286.5,31.63748,74.310273,19/08/2026 10:59 AM,19/08/2026 11:00 AM,Reporting,Parked,26.28,False,,,,Chain Arm Roll,Ravi Town,False,2026-08-19
61636,T-61,T61,Lahore,"Tehsil Office, Ravi Town",LWMC-RaTo,Tractor Trolley,Bulk Waste Collection,moving,on,2.566,18.89,31.575951,74.319666,19/08/2026 05:57 AM,19/08/2026 07:00 AM,Reporting,Parked,0.0,True,UC-32,Ravi Town,Zone-5,Tractor Trolley,Ravi Town,True,2026-08-19
61383,LR-1234,LR1234,Lahore,"Tehsil Office, Ravi Town",LWMC-RaTo,Loader Rickshaw,Door To Door Collection,moving,on,15.207,188.66,31.59163,74.31964,19/08/2026 11:00 AM,19/08/2026 11:00 AM,Reporting,Parked,0.0,True,UC-17,Ravi Town,Zone-4,Loader Rickshaw,Ravi Town,True,2026-08-19
61734,LR-1829,LR1829,Lahore,"Tehsil Office, Ravi Town",LWMC-RaTo,Loader Rickshaw,Door To Door Collection,moving,on,7.077,125.36,31.616318,74.298153,19/08/2026 09:54 AM,19/08/2026 10:00 AM,Reporting,Excess Idling,13.02,False,UC-13,Ravi Town,Zone-2,Loader Rickshaw,Ravi Town,True,2026-08-19
61401,LR-1804,LR1804,Lahore,"Tehsil Office, Ravi Town",LWMC-RaTo,Loader Rickshaw,Door To Door Collection,moving,on,4.978,77.08,31.60892,74.307533,19/08/2026 07:11 AM,19/08/2026 07:30 AM,Reporting,Parked,0.0,True,UC-18,Ravi Town,Zone-3,Loader Rickshaw,Ravi Town,True,2026-08-19
59556,LR-1834,LR1834,Lahore,"Tehsil Office, Wahgha Town",LWMC-WaTo,Loader Rickshaw,Door To Door Collection,still,off,24.005,298.05,31.476667,74.512089,19/08/2026 10:58 AM,19/08/2026 11:00 AM,Reporting,Parked,12.66,False,UC-189,Wagha Town,Zone-14,Loader Rickshaw,Wagha Town,True,2026-08-19
25326,LR-0398,LR0398,Lahore,"Tehsil Office, Wahgha Town",LWMC-WaTo,Loader Rickshaw,Door To Door Collection,moving,on,16.07,101.11,31.59715,74.387782,19/08/2026 10:57 AM,19/08/2026 11:00 AM,Reporting,Parked,11.23,False,UC-134,Wagha Town,Zone-11,Loader Rickshaw,Wagha Town,True,2026-08-19
60047,HA-44,HA44,Lahore,"Tehsil Office, Wahgha Town",LWMC-WaTo,Arm Roll Truck,Container-Based Collection,moving,on,53.388,341.55,31.62077,74.420379,19/08/2026 10:58 AM,19/08/2026 11:00 AM,Reporting,Parked,28.42,False,UC-108,Wagha Town,Zone-13,Arm Roll,Wagha Town,True,2026-08-19
59674,LR-2149,LR2149,Lahore,"Tehsil Office, Wahgha Town",LWMC-WaTo,Loader Rickshaw,Door To Door Collection,moving,on,28.299,281.86,31.565204,74.446414,19/08/2026 10:58 AM,19/08/2026 11:00 AM,Reporting,Excess Idling,9.09,False,UC-192,Wagha Town,Zone-14,Loader Rickshaw,Wagha Town,True,2026-08-19
61914,LR-2998,LR2998,Lahore,"Tehsil Office, Wahgha Town",LWMC-WaTo,Loader Rickshaw,Door To Door Collection,moving,on,61.66,270.76,31.595822,74.478693,19/08/2026 10:58 AM,19/08/2026 11:00 AM,Reporting,Parked,11.49,False,UC-177,Wagha Town,Zone-13,Loader Rickshaw,Shalimar Town,False,2026-08-19
23575,LR-0378,LR0378,Lahore,"Tehsil Office, Wahgha Town",LWMC-WaTo,Loader Rickshaw,Door To Door Collection,moving,on,10.292,50.95,31.638957,74.501331,19/08/2026 10:53 AM,19/08/2026 11:00 AM,Reporting,Excess Idling,12.51,False,UC-179,Wagha Town,Zone-13,Loader Rickshaw,Wagha Town,True,2026-08-19
60885,S-266,S266,Lahore,"Tehsil Office, Wahgha Town",LWMC-WaTo,Mini Dumper,Commercial,moving,on,35.992,193.98,31.609387,74.380189,19/08/2026 11:00 AM,19/08/2026 11:00 AM,Reporting,Parked,11.23,False,UC-108,Wagha Town,Zone-13,Mini Dumper,Wagha Town,True,2026-08-19
25363,LR-0264,LR0264,Lahore,"Tehsil Office, Wahgha Town",LWMC-WaTo,Loader Rickshaw,Door To Door Collection,moving,on,25.18,227.41,31.613838,74.426609,19/08/2026 10:55 AM,19/08/2026 11:00 AM,Reporting,Excess Idling,13.73,False,UC-174,Wagha Town,Zone-12,Loader Rickshaw,Wagha Town,True,2026-08-19
59704,LR-0943,LR0943,Lahore,"Tehsil Office, Wahgha Town",LWMC-WaTo,Loader Rickshaw,Door To Door Collection,moving,on,10.201,189.18,31.585365,74.509538,19/08/2026 10:50 AM,19/08/2026 11:00 AM,Reporting,Parked,13.02,False,UC-182,Wagha Town,Zone-13,Loader Rickshaw,Wagha Town,True,2026-08-19
59240,C-710,C710,Lahore,"Tehsil Office, Wahgha Town",LWMC-WaTo,Compactor (7CM),Container-Based Collection,moving,on,104.499,299.81,31.591417,74.433336,19/08/2026 10:37 AM,19/08/2026 11:00 AM,Reporting,Parked,25.05,False,UC-175,Wagha Town,Zone-12,Compactor,Wagha Town,True,2026-08-19
59576,LR-0942,LR0942,Lahore,"Tehsil Office, Wahgha Town",LWMC-WaTo,Loader Rickshaw,Door To Door Collection,moving,on,4.128,209.01,31.600828,74.495834,19/08/2026 10:50 AM,19/08/2026 11:00 AM,Reporting,Parked,11.54,False,UC-182,Wagha Town,Zone-13,Loader Rickshaw,Wagha Town,True,2026-08-19
59210,LR-2303,LR2303,Lahore,"Tehsil Office, Wahgha Town",LWMC-WaTo,Loader Rickshaw,Door To Door Collection,moving,on,40.407,163.48,31.443727,74.564409,19/08/2026 10:56 AM,19/08/2026 11:00 AM,Reporting,Parked,13.47,False,UC-190,Wagha Town,Zone-14,Loader Rickshaw,Wagha Town,True,2026-08-19
-,MFL-52,MFL52,Lahore,"Tehsil Office, Wahgha Town",LWMC-WaTo,-,-,moving,on,31.889,168.03,31.591306,74.443648,19/08/2026 11:00 AM,19/08/2026 11:00 AM,Reporting,Parked,13.53,False,UC-178,Wagha Town,Zone-12,Loader,Wagha Town,True,2026-08-19
59232,C13-1047,C131047,Lahore,"Tehsil Office, Wahgha Town",LWMC-WaTo,Compactor (13CM),Container-Based Collection,moving,on,36.314,211.75,31.565783,74.543443,19/08/2026 10:59 AM,19/08/2026 11:00 AM,Reporting,Moving,27.65,False,UC-181,Wagha Town,Zone-13,Compactor,Wagha Town,True,2026-08-19
60242,S-198,S198,Lahore,"Tehsil Office, Wahgha Town",LWMC-WaTo,Mini Dumper,Commercial,moving,on,34.374,172.16,31.610805,74.383146,19/08/2026 11:00 AM,19/08/2026 11:00 AM,Reporting,Parked,14.44,False,UC-108,Wagha Town,Zone-13,Mini Dumper,Wagha Town,True,2026-08-19
23594,LR-0830,LR0830,Lahore,"Tehsil Office, Wahgha Town",LWMC-WaTo,Loader Rickshaw,Door To Door Collection,moving,on,13.021,86.16,31.598001,74.403117,19/08/2026 10:51 AM,19/08/2026 11:00 AM,Reporting,Parked,10.92,False,UC-137,Wagha Town,Zone-12,Loader Rickshaw,Wagha Town,True,2026-08-19
23593,LR-0824,LR0824,Lahore,"Tehsil Office, Wahgha Town",LWMC-WaTo,Loader Rickshaw,Door To Door Collection,moving,on,21.656,153.96,31.586852,74.393801,19/08/2026 10:59 AM,19/08/2026 11:00 AM,Reporting,Parked,12.2,False,UC-131,Wagha Town,Zone-11,Loader Rickshaw,Wagha Town,True,2026-08-19
60893,LR-1097,LR1097,Lahore,"Tehsil Office, Aziz Bhatti Town",LWMC-AzBT,Loader Rickshaw,Door To Door Collection,still,off,29.652,598.53,31.571135,74.430793,19/08/2026 10:27 AM,19/08/2026 10:30 AM,Reporting,Moving,11.18,False,UC-146,Aziz Bhatti Town,Zone-16,Loader Rickshaw,Aziz Bhatti Town,True,2026-08-19
59691,LR-0299,LR0299,Lahore,"Tehsil Office, Aziz Bhatti Town",LWMC-AzBT,Loader Rickshaw,Door To Door Collection,moving,on,55.181,208.98,31.556447,74.402642,19/08/2026 10:59 AM,19/08/2026 11:00 AM,Reporting,Excess Idling,13.07,False,UC-148,Aziz Bhatti Town,Zone-17,Loader Rickshaw,Aziz Bhatti Town,True,2026-08-19
59238,LR-0721,LR0721,Lahore,"Tehsil Office, Aziz Bhatti Town",LWMC-AzBT,Loader Rickshaw,Door To Door Collection,moving,on,46.466,348.03,31.609576,74.368274,19/08/2026 11:00 AM,19/08/2026 11:00 AM,Reporting,Moving,10.82,False,UC-108,Wagha Town,Zone-13,Loader Rickshaw,Aziz Bhatti Town,False,2026-08-19
59466,LR-0292,LR0292,Lahore,"Tehsil Office, Aziz Bhatti Town",LWMC-AzBT,Loader Rickshaw,Door To Door Collection,moving,on,13.592,71.45,31.571994,74.403646,19/08/2026 10:39 AM,19/08/2026 11:00 AM,Reporting,Parked,11.54,False,UC-140,Aziz Bhatti Town,Zone-15,Loader Rickshaw,Aziz Bhatti Town,True,2026-08-19
60016,LR-0725,LR0725,Lahore,"Tehsil Office, Aziz Bhatti Town",LWMC-AzBT,Loader Rickshaw,Door To Door Collection,moving,on,36.533,114.83,31.585247,74.422451,19/08/2026 10:59 AM,19/08/2026 11:00 AM,Reporting,Moving,11.89,False,UC-144,Wagha Town,Zone-12,Loader Rickshaw,Aziz Bhatti Town,False,2026-08-19
18374,A-75,A75,Lahore,"Tehsil Office, Aziz Bhatti Town",LWMC-AzBT,Arm Roll Truck,Container-Based Collection,moving,on,102.427,286.61,31.571909,74.434303,19/08/2026 10:59 AM,19/08/2026 11:00 AM,Reporting,Excess Idling,26.07,False,UC-152,Aziz Bhatti Town,Zone-16,Arm Roll,Aziz Bhatti Town,True,2026-08-19
59849,S-306,S306,Lahore,"Tehsil Office, Aziz Bhatti Town",LWMC-AzBT,Mini Dumper,Bulk Waste Collection,moving,on,12.782,111.4,31.571262,74.404409,19/08/2026 10:27 AM,19/08/2026 10:30 AM,Reporting,Parked,14.19,False,UC-140,Aziz Bhatti Town,Zone-15,Mini Dumper,Aziz Bhatti Town,True,2026-08-19
59517,LR-1005,LR1005,Lahore,"Tehsil Office, Aziz Bhatti Town",LWMC-AzBT,Loader Rickshaw,Door To Door Collection,moving,on,21.157,178.84,31.584754,74.385286,19/08/2026 11:00 AM,19/08/2026 11:00 AM,Reporting,Parked,13.12,False,UC-130,Shalimar Town,Zone-10,Loader Rickshaw,Aziz Bhatti Town,False,2026-08-19
60162,LR-0199,LR0199,Lahore,"Tehsil Office, Aziz Bhatti Town",LWMC-AzBT,Loader Rickshaw,Door To Door Collection,still,off,7.631,138.8,31.575724,74.39648,19/08/2026 10:32 AM,19/08/2026 11:00 AM,Reporting,Parked,14.04,False,UC-141,Aziz Bhatti Town,Zone-15,Loader Rickshaw,Aziz Bhatti Town,True,2026-08-19
60048,LR-1382,LR1382,Lahore,"Tehsil Office, Aziz Bhatti Town",LWMC-AzBT,Loader Rickshaw,Door To Door Collection,moving,on,35.005,276.91,31.555549,74.400339,19/08/2026 10:51 AM,19/08/2026 11:00 AM,Reporting,Parked,14.65,False,UC-148,Aziz Bhatti Town,Zone-17,Loader Rickshaw,Aziz Bhatti Town,True,2026-08-19
60241,LR-1663,LR1663,Lahore,"Tehsil Office, Aziz Bhatti Town",LWMC-AzBT,Loader Rickshaw,Door To Door Collection,still,off,13.223,49.29,31.559315,74.372378,19/08/2026 10:57 AM,19/08/2026 11:00 AM,Reporting,Excess Idling,14.75,False,UC-187,Aziz Bhatti Town,Zone-18,Loader Rickshaw,Aziz Bhatti Town,True,2026-08-19
60185,LR-0197,LR0197,Lahore,"Tehsil Office, Aziz Bhatti Town",LWMC-AzBT,Loader Rickshaw,Door To Door Collection,moving,on,9.657,318.63,31.576336,74.397848,19/08/2026 10:59 AM,19/08/2026 11:00 AM,Reporting,Parked,13.47,False,UC-141,Aziz Bhatti Town,Zone-15,Loader Rickshaw,Aziz Bhatti Town,True,2026-08-19
60707,LR-0303,LR0303,Lahore,"Tehsil Office, Aziz Bhatti Town",LWMC-AzBT,Loader Rickshaw,Door To Door Collection,moving,on,46.968,348.89,31.596896,74.401862,19/08/2026 11:00 AM,19/08/2026 11:00 AM,Reporting,Parked,12.45,False,UC-135,Wagha Town,Zone-11,Loader Rickshaw,Aziz Bhatti Town,False,2026-08-19
59507,LR-0715,LR0715,Lahore,"Tehsil Office, Aziz Bhatti Town",LWMC-AzBT,Loader Rickshaw,Door To Door Collection,moving,on,28.748,336.91,31.568148,74.380808,19/08/2026 10:59 AM,19/08/2026 11:00 AM,Reporting,Parked,12.15,False,UC-122,Gulberg Town,Zone-19,Loader Rickshaw,Aziz Bhatti Town,False,2026-08-19
60299,LR-1639,LR1639,Lahore,"Tehsil Office, Aziz Bhatti Town",LWMC-AzBT,Loader Rickshaw,Door To Door Collection,moving,on,15.27,163.19,31.548798,74.405305,19/08/2026 10:57 AM,19/08/2026 11:00 AM,Reporting,Excess Idling,13.83,False,UC-149,Aziz Bhatti Town,Zone-17,Loader Rickshaw,Aziz Bhatti Town,True,2026-08-19
59433,LR-2887,LR2887,Lahore,"Tehsil Office, Aziz Bhatti Town",LWMC-AzBT,Loader Rickshaw,Door To Door Collection,moving,on,16.839,60.28,31.581091,74.405757,19/08/2026 10:37 AM,19/08/2026 11:00 AM,Reporting,Parked,0.0,True,UC-140,Aziz Bhatti Town,Zone-15,Loader Rickshaw,Aziz Bhatti Town,True,2026-08-19
60487,LR-1907,LR1907,Lahore,"Tehsil Office, Aziz Bhatti Town",LWMC-AzBT,Loader Rickshaw,Door To Door Collection,moving,on,14.953,318.76,31.552233,74.414142,19/08/2026 10:40 AM,19/08/2026 11:00 AM,Reporting,Moving,14.19,False,UC-150,Aziz Bhatti Town,Zone-17,Loader Rickshaw,Aziz Bhatti Town,True,2026-08-19
60143,LR-0717,LR0717,Lahore,"Tehsil Office, Aziz Bhatti Town",LWMC-AzBT,Loader Rickshaw,Door To Door Collection,still,off,29.125,136.28,31.565125,74.387224,19/08/2026 10:54 AM,19/08/2026 11:00 AM,Reporting,Parked,11.89,False,UC-157,Aziz Bhatti Town,Zone-18,Loader Rickshaw,Aziz Bhatti Town,True,2026-08-19
60183,LR-1641,LR1641,Lahore,"Tehsil Office, Aziz Bhatti Town",LWMC-AzBT,Loader Rickshaw,Door To Door Collection,moving,on,17.72,64.63,31.562169,74.392548,19/08/2026 10:59 AM,19/08/2026 11:00 AM,Reporting,Moving,12.05,False,UC-184,Aziz Bhatti Town,Zone-18,Loader Rickshaw,Aziz Bhatti Town,True,2026-08-19
59574,M-91,M91,Lahore,"Tehsil Office, Aziz Bhatti Town",LWMC-AzBT,Mini Tipper Diesel,Bulk Waste Collection,moving,on,40.999,159.4,31.574055,74.436652,19/08/2026 10:51 AM,19/08/2026 11:00 AM,Reporting,Moving,0.0,True,UC-145,Aziz Bhatti Town,Zone-16,Foton-Mini Dumper,Aziz Bhatti Town,True,2026-08-19
59452,LR-2463,LR2463,Lahore,"Tehsil Office, Aziz Bhatti Town",LWMC-AzBT,Loader Rickshaw,Door To Door Collection,moving,on,40.308,164.06,31.569782,74.406044,19/08/2026 10:59 AM,19/08/2026 11:00 AM,Reporting,Parked,13.22,False,UC-143,Aziz Bhatti Town,Zone-16,Loader Rickshaw,Aziz Bhatti Town,True,2026-08-19
59743,S-171,S171,Lahore,"Tehsil Office, Aziz Bhatti Town",LWMC-AzBT,Mini Dumper,Bulk Waste Collection,moving,on,40.25,216.06,31.609202,74.39651,19/08/2026 10:58 AM,19/08/2026 11:00 AM,Reporting,Parked,0.0,True,UC-108,Wagha Town,Zone-13,Mini Dumper,Aziz Bhatti Town,False,2026-08-19
60036,LR-1916,LR1916,Lahore,"Tehsil Office, Aziz Bhatti Town",LWMC-AzBT,Loader Rickshaw,Door To Door Collection,moving,on,14.97,125.71,31.574924,74.405034,19/08/2026 10:41 AM,19/08/2026 11:00 AM,Reporting,Moving,13.32,False,UC-140,Aziz Bhatti Town,Zone-15,Loader Rickshaw,Aziz Bhatti Town,True,2026-08-19
59593,LR-1919,LR1919,Lahore,"Tehsil Office, Aziz Bhatti Town",LWMC-AzBT,Loader Rickshaw,Door To Door Collection,moving,on,25.971,133.26,31.587158,74.404207,19/08/2026 10:57 AM,19/08/2026 11:00 AM,Reporting,Excess Idling,12.66,False,UC-136,Wagha Town,Zone-11,Loader Rickshaw,Aziz Bhatti Town,False,2026-08-19
59403,LR-0579,LR0579,Lahore,"Tehsil Office, Aziz Bhatti Town",LWMC-AzBT,Loader Rickshaw,Door To Door Collection,moving,on,8.264,246.69,31.557078,74.369184,19/08/2026 10:56 AM,19/08/2026 11:00 AM,Reporting,Parked,12.66,False,UC-187,Aziz Bhatti Town,Zone-18,Loader Rickshaw,Aziz Bhatti Town,True,2026-08-19
60481,LR-0190,LR0190,Lahore,"Tehsil Office, Aziz Bhatti Town",LWMC-AzBT,Loader Rickshaw,Door To Door Collection,still,off,16.352,273.18,31.545658,74.408321,19/08/2026 10:57 AM,19/08/2026 11:00 AM,Reporting,Excess Idling,11.18,False,UC-150,Aziz Bhatti Town,Zone-17,Loader Rickshaw,Aziz Bhatti Town,True,2026-08-19
59441,LR-2783,LR2783,Lahore,"Tehsil Office, Aziz Bhatti Town",LWMC-AzBT,Loader Rickshaw,Door To Door Collection,moving,on,19.903,302.78,31.573462,74.400368,19/08/2026 10:52 AM,19/08/2026 11:00 AM,Reporting,Excess Idling,12.51,False,UC-141,Aziz Bhatti Town,Zone-15,Loader Rickshaw,Aziz Bhatti Town,True,2026-08-19
59449,LR-1635,LR1635,Lahore,"Tehsil Office, Aziz Bhatti Town",LWMC-AzBT,Loader Rickshaw,Door To Door Collection,still,off,14.446,257.96,31.516299,74.424479,19/08/2026 10:41 AM,19/08/2026 11:00 AM,Reporting,Parked,0.0,True,,,,Loader Rickshaw,Aziz Bhatti Town,False,2026-08-19
60724,LR-0331,LR0331,Lahore,"Tehsil Office, Aziz Bhatti Town",LWMC-AzBT,Loader Rickshaw,Door To Door Collection,moving,on,14.818,52.75,31.559917,74.432262,19/08/2026 10:35 AM,19/08/2026 11:00 AM,Reporting,Parked,14.14,False,UC-152,Aziz Bhatti Town,Zone-16,Loader Rickshaw,Aziz Bhatti Town,True,2026-08-19
59468,LR-1401,LR1401,Lahore,"Tehsil Office, Aziz Bhatti Town",LWMC-AzBT,Loader Rickshaw,Door To Door Collection,moving,on,33.182,204.68,31.553849,74.395383,19/08/2026 10:57 AM,19/08/2026 11:00 AM,Reporting,Parked,12.1,False,UC-160,Aziz Bhatti Town,Zone-17,Loader Rickshaw,Aziz Bhatti Town,True,2026-08-19
59410,LR-0724,LR0724,Lahore,"Tehsil Office, Aziz Bhatti Town",LWMC-AzBT,Loader Rickshaw,Door To Door Collection,still,off,0.005,0.08,31.575013,74.370673,19/08/2026 05:11 AM,19/08/2026 07:00 AM,Reporting,No Activity Since Yesterday,11.13,False,UC-120,Gulberg Town,Zone-19,Loader Rickshaw,Aziz Bhatti Town,False,2026-08-19
59482,LR-1099,LR1099,Lahore,"Tehsil Office, Aziz Bhatti Town",LWMC-AzBT,Loader Rickshaw,Door To Door Collection,moving,on,43.554,140.36,31.568028,74.411519,19/08/2026 10:08 AM,19/08/2026 11:00 AM,Reporting,Excess Idling,12.56,False,UC-146,Aziz Bhatti Town,Zone-16,Loader Rickshaw,Aziz Bhatti Town,True,2026-08-19
60908,LR-1905,LR1905,Lahore,"Tehsil Office, Aziz Bhatti Town",LWMC-AzBT,Loader Rickshaw,Door To Door Collection,moving,on,19.027,217.43,31.561987,74.409472,19/08/2026 10:53 AM,19/08/2026 11:00 AM,Reporting,Parked,12.96,False,UC-147,Aziz Bhatti Town,Zone-16,Loader Rickshaw,Aziz Bhatti Town,True,2026-08-19
60081,LR-1123,LR1123,Lahore,"Tehsil Office, Aziz Bhatti Town",LWMC-AzBT,Loader Rickshaw,Door To Door Collection,moving,on,31.928,148.91,31.577402,74.444933,19/08/2026 10:53 AM,19/08/2026 11:00 AM,Reporting,Moving,12.86,False,UC-145,Aziz Bhatti Town,Zone-16,Loader Rickshaw,Aziz Bhatti Town,True,2026-08-19
-,LR-0184,LR0184,Lahore,"Tehsil Office, Nishter Town",LWMC-NiTo,-,-,still,off,5.152,,31.455407,74.335652,19/08/2026 10:46 AM,19/08/2026 11:00 AM,Reporting,Parked,0.0,True,UC-233,Allama Iqbal Town,Zone-39,Loader Rickshaw,Nishter Town,False,2026-08-19
-,LR-1886,LR1886,Lahore,"Tehsil Office, Nishter Town",LWMC-NiTo,-,-,still,off,3.224,13.98,31.45317,74.306755,19/08/2026 10:50 AM,19/08/2026 11:00 AM,Reporting,Parked,0.0,True,UC-235,Nishter Town,Zone-46,Loader Rickshaw,Nishter Town,True,2026-08-19
61774,LR-2850,LR2850,Lahore,"Tehsil Office, Nishter Town",LWMC-NiTo,Loader Rickshaw,Door To Door Collection,still,off,11.156,40.81,31.388658,74.344925,19/08/2026 09:44 AM,19/08/2026 10:30 AM,Reporting,Parked,0.0,True,UC-244,Nishter Town,Zone-48,Loader Rickshaw,Nishter Town,True,2026-08-19
-,LR-1876,LR1876,Lahore,"Tehsil Office, Nishter Town",LWMC-NiTo,-,-,moving,on,14.08,90.95,31.464196,74.346208,19/08/2026 10:45 AM,19/08/2026 11:00 AM,Reporting,Excess Idling,13.58,False,UC-227,Nishter Town,Zone-44,Loader Rickshaw,Nishter Town,True,2026-08-19
60954,LR-2848,LR2848,Lahore,"Tehsil Office, Nishter Town",LWMC-NiTo,Loader Rickshaw,Door To Door Collection,moving,on,27.843,219.18,31.388642,74.283948,19/08/2026 10:40 AM,19/08/2026 11:00 AM,Reporting,Parked,13.02,False,UC-257,Allama Iqbal Town,Zone-40,Loader Rickshaw,Nishter Town,False,2026-08-19
60194,LR-0911,LR0911,Lahore,"Tehsil Office, Nishter Town",LWMC-NiTo,Loader Rickshaw,Door To Door Collection,still,off,11.167,108.7,31.400185,74.409101,19/08/2026 10:18 AM,19/08/2026 11:00 AM,Reporting,Parked,13.07,False,UC-197,Nishter Town,Zone-45,Loader Rickshaw,Nishter Town,True,2026-08-19
-,LR-0112,LR0112,Lahore,"Tehsil Office, Nishter Town",LWMC-NiTo,-,-,moving,on,24.287,374.68,31.444436,74.376431,19/08/2026 11:00 AM,19/08/2026 11:00 AM,Reporting,Moving,11.89,False,UC-231,Nishter Town,Zone-45,Loader Rickshaw,Nishter Town,True,2026-08-19
-,LR-2194,LR2194,Lahore,"Tehsil Office, Nishter Town",LWMC-NiTo,-,-,still,off,25.289,221.09,31.434326,74.303335,19/08/2026 10:57 AM,19/08/2026 11:00 AM,Reporting,Parked,14.29,False,UC-238,Nishter Town,Zone-46,Loader Rickshaw,Nishter Town,True,2026-08-19
61671,LR-3041,LR3041,Lahore,"Tehsil Office, Nishter Town",LWMC-NiTo,Loader Rickshaw,Door To Door Collection,moving,on,13.593,61.1,31.325486,74.389036,19/08/2026 10:57 AM,19/08/2026 11:00 AM,Reporting,Parked,13.98,False,UC-253,Nishter Town,Zone-49,Loader Rickshaw,Nishter Town,True,2026-08-19
-,LR-1880,LR1880,Lahore,"Tehsil Office, Nishter Town",LWMC-NiTo,-,-,moving,on,12.057,61.53,31.452619,74.34322,19/08/2026 10:51 AM,19/08/2026 11:00 AM,Reporting,Excess Idling,13.37,False,UC-228,Nishter Town,Zone-44,Loader Rickshaw,Nishter Town,True,2026-08-19
-,LR-0077,LR0077,Lahore,"Tehsil Office, Nishter Town",LWMC-NiTo,-,-,moving,on,27.369,99.66,31.416168,74.359276,19/08/2026 10:21 AM,19/08/2026 10:30 AM,Reporting,Moving,15.0,False,UC-246,Nishter Town,Zone-48,Loader Rickshaw,Nishter Town,True,2026-08-19
60901,LR-1524,LR1524,Lahore,"Tehsil Office, Nishter Town",LWMC-NiTo,Loader Rickshaw,Door To Door Collection,still,off,25.768,262.61,31.388581,74.345018,19/08/2026 10:56 AM,19/08/2026 11:00 AM,Reporting,Excess Idling,11.89,False,UC-244,Nishter Town,Zone-48,Loader Rickshaw,Nishter Town,True,2026-08-19
60895,D37,D37,Lahore,"Tehsil Office, Nishter Town",LWMC-NiTo,Dumper (10CM),Bulk Waste Collection,moving,on,101.637,299.08,31.448773,74.311227,19/08/2026 10:52 AM,19/08/2026 11:00 AM,Reporting,Parked,,False,UC-239,Nishter Town,Zone-46,Dumper,Nishter Town,True,2026-08-19
59695,LR-1751,LR1751,Lahore,"Tehsil Office, Nishter Town",LWMC-NiTo,Loader Rickshaw,Door To Door Collection,moving,on,21.482,247.93,31.367241,74.367391,19/08/2026 10:47 AM,19/08/2026 11:00 AM,Reporting,Parked,8.73,False,UC-247,Nishter Town,Zone-48,Loader Rickshaw,Nishter Town,True,2026-08-19
60746,LR-3029,LR3029,Lahore,"Tehsil Office, Nishter Town",LWMC-NiTo,Loader Rickshaw,Door To Door Collection,moving,on,34.957,120.63,31.390266,74.264227,19/08/2026 10:57 AM,19/08/2026 11:00 AM,Reporting,Idle,0.0,True,UC-257,Allama Iqbal Town,Zone-40,Loader Rickshaw,Nishter Town,False,2026-08-19
-,LR-0322,LR0322,Lahore,"Tehsil Office, Nishter Town",LWMC-NiTo,-,-,moving,on,35.043,267.5,31.428818,74.295394,19/08/2026 10:49 AM,19/08/2026 11:00 AM,Reporting,Moving,13.98,False,UC-240,Nishter Town,Zone-46,Loader Rickshaw,Nishter Town,True,2026-08-19
60744,LR-0078,LR0078,Lahore,"Tehsil Office, Nishter Town",LWMC-NiTo,Loader Rickshaw,Door To Door Collection,moving,on,15.313,63.38,31.394408,74.36034,19/08/2026 10:27 AM,19/08/2026 10:30 AM,Reporting,Parked,0.0,True,UC-244,Nishter Town,Zone-48,Loader Rickshaw,Nishter Town,True,2026-08-19
-,LR-2284,LR2284,Lahore,"Tehsil Office, Nishter Town",LWMC-NiTo,-,-,moving,on,20.235,340.83,31.440663,74.316683,19/08/2026 10:59 AM,19/08/2026 11:00 AM,Reporting,Excess Idling,0.0,True,UC-239,Nishter Town,Zone-46,Loader Rickshaw,Nishter Town,True,2026-08-19
59654,LR-2196,LR2196,Lahore,"Tehsil Office, Nishter Town",LWMC-NiTo,Loader Rickshaw,Door To Door Collection,moving,on,6.322,28.73,31.433545,74.309135,19/08/2026 10:58 AM,19/08/2026 11:00 AM,Reporting,Idle,0.0,True,UC-237,Nishter Town,Zone-46,Loader Rickshaw,Nishter Town,True,2026-08-19
61007,LR-0076,LR0076,Lahore,"Tehsil Office, Nishter Town",LWMC-NiTo,Loader Rickshaw,Door To Door Collection,moving,on,19.974,127.25,31.413809,74.37157,19/08/2026 10:51 AM,19/08/2026 11:00 AM,Reporting,Moving,12.0,False,UC-245,Nishter Town,Zone-48,Loader Rickshaw,Nishter Town,True,2026-08-19
19660,M-07,M07,Lahore,"Tehsil Office, Allama Iqbal Town",LWMC-AlIT,Mini Dumper,Bulk Waste Collection,moving,on,45.913,336.33,31.277356,74.191738,19/08/2026 10:59 AM,19/08/2026 11:00 AM,Reporting,Excess Idling,14.34,False,UC-267,Allama Iqbal Town,Zone-43,Foton-Mini Dumper,Allama Iqbal Town,True,2026-08-19
22821,LR-0201,LR0201,Lahore,"Tehsil Office, Allama Iqbal Town",LWMC-AlIT,Loader Rickshaw,Door To Door Collection,still,off,,,31.464859,74.224941,19/08/2026 05:24 AM,19/08/2026 07:00 AM,,,,,UC-117,Allama Iqbal Town,Zone-41,Loader Rickshaw,Allama Iqbal Town,True,2026-08-19
60007,LR-2145,LR2145,Lahore,"Tehsil Office, Allama Iqbal Town",LWMC-AlIT,Loader Rickshaw,Door To Door Collection,still,off,22.916,260.91,31.408158,74.145868,19/08/2026 10:58 AM,19/08/2026 11:00 AM,Reporting,Parked,13.93,False,UC-261,Allama Iqbal Town,Zone-41,Loader Rickshaw,Allama Iqbal Town,True,2026-08-19
22952,LR-0920,LR0920,Lahore,"Tehsil Office, Allama Iqbal Town",LWMC-AlIT,Loader Rickshaw,Door To Door Collection,moving,on,20.372,127.65,31.398534,74.15585,19/08/2026 10:40 AM,19/08/2026 11:00 AM,Reporting,Parked,14.7,False,UC-260,Allama Iqbal Town,Zone-41,Loader Rickshaw,Allama Iqbal Town,True,2026-08-19
22931,LR-0836,LR0836,Lahore,"Tehsil Office, Allama Iqbal Town",LWMC-AlIT,Loader Rickshaw,Door To Door Collection,moving,on,31.495,324.01,31.460178,74.309949,19/08/2026 10:58 AM,19/08/2026 11:00 AM,Reporting,Parked,11.69,False,UC-232,Allama Iqbal Town,Zone-39,Loader Rickshaw,Allama Iqbal Town,True,2026-08-19
22827,LR-0207,LR0207,Lahore,"Tehsil Office, Allama Iqbal Town",LWMC-AlIT,Loader Rickshaw,Door To Door Collection,still,off,34.323,120.56,31.460444,74.298642,19/08/2026 10:57 AM,19/08/2026 11:00 AM,Reporting,Excess Idling,13.37,False,UC-222,Allama Iqbal Town,Zone-39,Loader Rickshaw,Allama Iqbal Town,True,2026-08-19
59883,LR-2612,LR2612,Lahore,"Tehsil Office, Allama Iqbal Town",LWMC-AlIT,Loader Rickshaw,Door To Door Collection,moving,on,42.253,250.16,31.463757,74.225042,19/08/2026 10:58 AM,19/08/2026 11:00 AM,Reporting,Parked,0.0,True,UC-117,Allama Iqbal Town,Zone-41,Loader Rickshaw,Allama Iqbal Town,True,2026-08-19
22818,LR-0211,LR0211,Lahore,"Tehsil Office, Allama Iqbal Town",LWMC-AlIT,Loader Rickshaw,Door To Door Collection,moving,on,27.074,351.05,31.388741,74.229997,19/08/2026 10:58 AM,19/08/2026 11:00 AM,Reporting,Excess Idling,13.17,False,UC-269,Nishter Town,Zone-47,Loader Rickshaw,Allama Iqbal Town,False,2026-08-19
22914,LR-0603,LR0603,Lahore,"Tehsil Office, Allama Iqbal Town",LWMC-AlIT,Loader Rickshaw,Door To Door Collection,moving,on,36.662,114.5,31.466793,74.259614,19/08/2026 10:58 AM,19/08/2026 11:00 AM,Reporting,Excess Idling,12.45,False,UC-114,Allama Iqbal Town,Zone-40,Loader Rickshaw,Allama Iqbal Town,True,2026-08-19
60021,LR-2757,LR2757,Lahore,"Tehsil Office, Allama Iqbal Town",LWMC-AlIT,Loader Rickshaw,Door To Door Collection,moving,on,31.735,254.25,31.494613,74.241474,19/08/2026 10:57 AM,19/08/2026 11:00 AM,Reporting,Parked,14.29,False,UC-110,Allama Iqbal Town,Zone-41,Loader Rickshaw,Allama Iqbal Town,True,2026-08-19
59946,LR-2648,LR2648,Lahore,"Tehsil Office, Allama Iqbal Town",LWMC-AlIT,Loader Rickshaw,Door To Door Collection,moving,on,35.582,203.56,31.471977,74.298153,19/08/2026 10:58 AM,19/08/2026 11:00 AM,Reporting,Parked,0.0,True,UC-221,Allama Iqbal Town,Zone-39,Loader Rickshaw,Allama Iqbal Town,True,2026-08-19
59895,LR-2619,LR2619,Lahore,"Tehsil Office, Allama Iqbal Town",LWMC-AlIT,Loader Rickshaw,Door To Door Collection,moving,on,32.477,297.35,31.474972,74.229771,19/08/2026 10:57 AM,19/08/2026 11:00 AM,Reporting,Parked,14.6,False,UC-110,Allama Iqbal Town,Zone-41,Loader Rickshaw,Allama Iqbal Town,True,2026-08-19
22898,LR-0541,LR0541,Lahore,"Tehsil Office, Allama Iqbal Town",LWMC-AlIT,Loader Rickshaw,Door To Door Collection,moving,on,12.666,129.05,31.477848,74.289151,19/08/2026 07:16 AM,19/08/2026 07:30 AM,Reporting,Parked,14.04,False,UC-220,Allama Iqbal Town,Zone-39,Loader Rickshaw,Allama Iqbal Town,True,2026-08-19
59774,LR-1695,LR1695,Lahore,"Tehsil Office, Allama Iqbal Town",LWMC-AlIT,Loader Rickshaw,Door To Door Collection,still,off,33.045,242.46,31.490825,74.267357,19/08/2026 10:55 AM,19/08/2026 11:00 AM,Reporting,Parked,0.0,True,UC-112,Allama Iqbal Town,Zone-38,Loader Rickshaw,Allama Iqbal Town,True,2026-08-19
59814,LR-1738,LR1738,Lahore,"Tehsil Office, Allama Iqbal Town",LWMC-AlIT,Loader Rickshaw,Door To Door Collection,still,off,36.32,214.28,31.506856,74.253571,19/08/2026 10:27 AM,19/08/2026 11:00 AM,Reporting,Parked,0.0,True,UC-106,Allama Iqbal Town,Zone-38,Loader Rickshaw,Allama Iqbal Town,True,2026-08-19
22849,LR-0442,LR0442,Lahore,"Tehsil Office, Allama Iqbal Town",LWMC-AlIT,Loader Rickshaw,Door To Door Collection,moving,on,34.295,436.6,31.44585,74.271251,19/08/2026 10:18 AM,19/08/2026 10:30 AM,Reporting,Parked,13.73,False,UC-115,Allama Iqbal Town,Zone-40,Loader Rickshaw,Allama Iqbal Town,True,2026-08-19
59793,LR-1720,LR1720,Lahore,"Tehsil Office, Allama Iqbal Town",LWMC-AlIT,Loader Rickshaw,Door To Door Collection,moving,on,26.76,228.03,31.456664,74.226304,19/08/2026 10:59 AM,19/08/2026 11:00 AM,Reporting,Parked,15.21,False,UC-116,Allama Iqbal Town,Zone-41,Loader Rickshaw,Allama Iqbal Town,True,2026-08-19
22845,LR-0312,LR0312,Lahore,"Tehsil Office, Allama Iqbal Town",LWMC-AlIT,Loader Rickshaw,Door To Door Collection,moving,on,30.186,308.39,31.491398,74.26219,19/08/2026 10:58 AM,19/08/2026 11:00 AM,Reporting,Parked,0.0,True,UC-112,Allama Iqbal Town,Zone-38,Loader Rickshaw,Allama Iqbal Town,True,2026-08-19
22795,LR-0175,LR0175,Lahore,"Tehsil Office, Allama Iqbal Town",LWMC-AlIT,Loader Rickshaw,Door To Door Collection,still,off,22.048,210.46,31.479389,74.235303,19/08/2026 10:50 AM,19/08/2026 11:00 AM,Reporting,Parked,0.0,True,UC-110,Allama Iqbal Town,Zone-41,Loader Rickshaw,Allama Iqbal Town,True,2026-08-19
22963,LR-1012,LR1012,Lahore,"Tehsil Office, Allama Iqbal Town",LWMC-AlIT,Loader Rickshaw,Door To Door Collection,still,off,21.919,262.44,31.534714,74.267297,19/08/2026 10:56 AM,19/08/2026 11:00 AM,Reporting,Parked,0.0,True,UC-101,Allama Iqbal Town,Zone-37,Loader Rickshaw,Allama Iqbal Town,True,2026-08-19
22916,LR-0605,LR0605,Lahore,"Tehsil Office, Allama Iqbal Town",LWMC-AlIT,Loader Rickshaw,Door To Door Collection,still,off,25.565,286.73,31.462764,74.26885,19/08/2026 10:56 AM,19/08/2026 11:00 AM,Reporting,Parked,0.0,True,UC-115,Allama Iqbal Town,Zone-40,Loader Rickshaw,Allama Iqbal Town,True,2026-08-19
22909,LR-0573,LR0573,Lahore,"Tehsil Office, Allama Iqbal Town",LWMC-AlIT,Loader Rickshaw,Door To Door Collection,moving,on,29.651,175.78,31.451311,74.245142,19/08/2026 10:54 AM,19/08/2026 11:00 AM,Reporting,Parked,0.0,True,UC-256,Allama Iqbal Town,Zone-40,Loader Rickshaw,Allama Iqbal Town,True,2026-08-19
60108,LR-2144,LR2144,Lahore,"Tehsil Office, Allama Iqbal Town",LWMC-AlIT,Loader Rickshaw,Door To Door Collection,moving,on,26.601,351.05,31.383648,74.143268,19/08/2026 10:58 AM,19/08/2026 11:00 AM,Reporting,Excess Idling,12.1,False,UC-261,Allama Iqbal Town,Zone-41,Loader Rickshaw,Allama Iqbal Town,True,2026-08-19
18656,C-703,C703,Lahore,"Tehsil Office, Allama Iqbal Town",LWMC-AlIT,Compactor (7CM),Container-Based Collection,still,off,87.121,259.51,31.465342,74.22528,19/08/2026 10:52 AM,19/08/2026 11:00 AM,Reporting,Parked,0.0,True,UC-117,Allama Iqbal Town,Zone-41,Compactor,Allama Iqbal Town,True,2026-08-19
22903,LR-0546,LR0546,Lahore,"Tehsil Office, Allama Iqbal Town",LWMC-AlIT,Loader Rickshaw,Door To Door Collection,still,off,42.25,216.43,31.475403,74.228081,19/08/2026 10:58 AM,19/08/2026 11:00 AM,Reporting,Parked,15.36,False,UC-110,Allama Iqbal Town,Zone-41,Loader Rickshaw,Allama Iqbal Town,True,2026-08-19
22854,LR-0447,LR0447,Lahore,"Tehsil Office, Allama Iqbal Town",LWMC-AlIT,Loader Rickshaw,Door To Door Collection,still,off,38.096,229.44,31.449171,74.251217,19/08/2026 10:42 AM,19/08/2026 11:00 AM,Reporting,Parked,11.69,False,UC-256,Allama Iqbal Town,Zone-40,Loader Rickshaw,Allama Iqbal Town,True,2026-08-19
59838,LR-1988,LR1988,Lahore,"Tehsil Office, Allama Iqbal Town",LWMC-AlIT,Loader Rickshaw,Door To Door Collection,moving,on,30.737,159.21,31.469957,74.298695,19/08/2026 10:59 AM,19/08/2026 11:00 AM,Reporting,Parked,0.0,True,UC-221,Allama Iqbal Town,Zone-39,Loader Rickshaw,Allama Iqbal Town,True,2026-08-19
22884,LR-0527,LR0527,Lahore,"Tehsil Office, Allama Iqbal Town",LWMC-AlIT,Loader Rickshaw,Door To Door Collection,moving,on,28.744,302.21,31.467428,74.306929,19/08/2026 10:58 AM,19/08/2026 11:00 AM,Reporting,Parked,10.92,False,UC-222,Allama Iqbal Town,Zone-39,Loader Rickshaw,Allama Iqbal Town,True,2026-08-19
22888,LR-0531,LR0531,Lahore,"Tehsil Office, Allama Iqbal Town",LWMC-AlIT,Loader Rickshaw,Door To Door Collection,moving,on,38.052,349.85,31.457622,74.306619,19/08/2026 10:58 AM,19/08/2026 11:00 AM,Reporting,Excess Idling,6.18,False,UC-232,Allama Iqbal Town,Zone-39,Loader Rickshaw,Allama Iqbal Town,True,2026-08-19
22840,LR-0305,LR0305,Lahore,"Tehsil Office, Allama Iqbal Town",LWMC-AlIT,Loader Rickshaw,Door To Door Collection,moving,on,20.994,358.61,31.530992,74.274252,19/08/2026 11:00 AM,19/08/2026 11:00 AM,Reporting,Excess Idling,13.83,False,UC-102,Allama Iqbal Town,Zone-37,Loader Rickshaw,Allama Iqbal Town,True,2026-08-19
-,LR-2973,LR2973,Lahore,"Tehsil Office, Allama Iqbal Town",LWMC-AlIT,-,-,moving,on,17.362,163.96,31.386572,74.332797,19/08/2026 10:44 AM,19/08/2026 11:00 AM,Reporting,Idle,11.94,False,UC-251,Nishter Town,Zone-47,,Allama Iqbal Town,False,2026-08-19
59913,LR-2629,LR2629,Lahore,"Tehsil Office, Allama Iqbal Town",LWMC-AlIT,Loader Rickshaw,Door To Door Collection,still,off,27.662,263.38,31.502479,74.266681,19/08/2026 10:59 AM,19/08/2026 11:00 AM,Reporting,Excess Idling,7.61,False,UC-105,Allama Iqbal Town,Zone-38,Loader Rickshaw,Allama Iqbal Town,True,2026-08-19
22825,LR-0205,LR0205,Lahore,"Tehsil Office, Allama Iqbal Town",LWMC-AlIT,Loader Rickshaw,Door To Door Collection,moving,on,29.264,161.59,31.468212,74.303038,19/08/2026 10:55 AM,19/08/2026 11:00 AM,Reporting,Parked,0.0,True,UC-222,Allama Iqbal Town,Zone-39,Loader Rickshaw,Allama Iqbal Town,True,2026-08-19
22943,LR-0874,LR0874,Lahore,"Tehsil Office, Allama Iqbal Town",LWMC-AlIT,Loader Rickshaw,Door To Door Collection,moving,on,19.717,132.46,31.484069,74.262481,19/08/2026 10:58 AM,19/08/2026 11:00 AM,Reporting,Parked,13.98,False,UC-113,Allama Iqbal Town,Zone-40,Loader Rickshaw,Allama Iqbal Town,True,2026-08-19
59901,LR-2623,LR2623,Lahore,"Tehsil Office, Allama Iqbal Town",LWMC-AlIT,Loader Rickshaw,Door To Door Collection,moving,on,16.889,179.66,31.53088,74.274331,19/08/2026 10:25 AM,19/08/2026 10:30 AM,Reporting,Parked,0.0,True,UC-102,Allama Iqbal Town,Zone-37,Loader Rickshaw,Allama Iqbal Town,True,2026-08-19
22829,LR-0209,LR0209,Lahore,"Tehsil Office, Allama Iqbal Town",LWMC-AlIT,Loader Rickshaw,Door To Door Collection,moving,on,23.772,203.65,31.461716,74.294626,19/08/2026 10:51 AM,19/08/2026 11:00 AM,Reporting,Parked,14.55,False,UC-222,Allama Iqbal Town,Zone-39,Loader Rickshaw,Allama Iqbal Town,True,2026-08-19
22882,LR-0525,LR0525,Lahore,"Tehsil Office, Allama Iqbal Town",LWMC-AlIT,Loader Rickshaw,Door To Door Collection,moving,on,36.006,333.39,31.460487,74.308464,19/08/2026 10:48 AM,19/08/2026 11:00 AM,Reporting,Excess Idling,13.42,False,UC-232,Allama Iqbal Town,Zone-39,Loader Rickshaw,Allama Iqbal Town,True,2026-08-19
59873,LR-2013,LR2013,Lahore,"Tehsil Office, Allama Iqbal Town",LWMC-AlIT,Loader Rickshaw,Door To Door Collection,still,off,18.642,115.15,31.333015,74.108715,19/08/2026 10:41 AM,19/08/2026 11:00 AM,Reporting,Parked,0.0,True,UC-262,Allama Iqbal Town,Zone-42,Loader Rickshaw,Allama Iqbal Town,True,2026-08-19
60352,LR-0216,LR0216,Lahore,"Tehsil Office, Allama Iqbal Town",LWMC-AlIT,Loader Rickshaw,Door To Door Collection,moving,on,20.129,188.16,31.40212,74.228682,19/08/2026 11:00 AM,19/08/2026 11:00 AM,Reporting,Moving,0.0,True,UC-269,Nishter Town,Zone-47,Loader Rickshaw,Allama Iqbal Town,False,2026-08-19
22964,LR-1013,LR1013,Lahore,"Tehsil Office, Allama Iqbal Town",LWMC-AlIT,Loader Rickshaw,Door To Door Collection,moving,on,16.039,53.41,31.476608,74.224133,19/08/2026 10:57 AM,19/08/2026 11:00 AM,Reporting,Moving,12.66,False,UC-117,Allama Iqbal Town,Zone-41,Loader Rickshaw,Allama Iqbal Town,True,2026-08-19
59856,LR-2056,LR2056,Lahore,"Tehsil Office, Allama Iqbal Town",LWMC-AlIT,Loader Rickshaw,Door To Door Collection,moving,on,23.261,146.44,31.534131,74.279933,19/08/2026 10:57 AM,19/08/2026 11:00 AM,Reporting,Parked,0.0,True,UC-95,Allama Iqbal Town,Zone-37,Loader Rickshaw,Allama Iqbal Town,True,2026-08-19
22948,LR-0916,LR0916,Lahore,"Tehsil Office, Allama Iqbal Town",LWMC-AlIT,Loader Rickshaw,Door To Door Collection,moving,on,16.213,67.95,31.37719,74.170232,19/08/2026 10:46 AM,19/08/2026 11:00 AM,Reporting,Parked,13.98,False,UC-260,Allama Iqbal Town,Zone-41,Loader Rickshaw,Allama Iqbal Town,True,2026-08-19
59929,LR-2639,LR2639,Lahore,"Tehsil Office, Allama Iqbal Town",LWMC-AlIT,Loader Rickshaw,Door To Door Collection,still,off,16.234,175.8,31.480119,74.289028,19/08/2026 10:49 AM,19/08/2026 11:00 AM,Reporting,Parked,14.14,False,UC-220,Allama Iqbal Town,Zone-39,Loader Rickshaw,Allama Iqbal Town,True,2026-08-19
23012,LR-1161,LR1161,Lahore,"Tehsil Office, Allama Iqbal Town",LWMC-AlIT,Loader Rickshaw,Door To Door Collection,still,off,19.371,157.53,31.328943,74.106875,19/08/2026 10:31 AM,19/08/2026 11:00 AM,Reporting,Parked,0.0,True,UC-262,Allama Iqbal Town,Zone-42,Loader Rickshaw,Allama Iqbal Town,True,2026-08-19
22837,LR-0314,LR0314,Lahore,"Tehsil Office, Allama Iqbal Town",LWMC-AlIT,Loader Rickshaw,Door To Door Collection,moving,on,23.825,81.11,31.455859,74.209779,19/08/2026 10:32 AM,19/08/2026 11:00 AM,Reporting,Moving,11.84,False,UC-117,Allama Iqbal Town,Zone-41,Loader Rickshaw,Allama Iqbal Town,True,2026-08-19
-,LR-2982,LR2982,Lahore,"Tehsil Office, Allama Iqbal Town",LWMC-AlIT,-,-,moving,on,10.521,188.21,31.400846,74.361358,19/08/2026 09:38 AM,19/08/2026 10:00 AM,Reporting,Parked,12.86,False,UC-246,Nishter Town,Zone-48,,Allama Iqbal Town,False,2026-08-19
59719,LR-1444,LR1444,Lahore,"Tehsil Office, Allama Iqbal Town",LWMC-AlIT,Loader Rickshaw,Door To Door Collection,moving,on,24.782,89.51,31.469892,74.258969,19/08/2026 10:55 AM,19/08/2026 11:00 AM,Reporting,Excess Idling,9.65,False,UC-114,Allama Iqbal Town,Zone-40,Loader Rickshaw,Allama Iqbal Town,True,2026-08-19
-,S-185,S185,Lahore,"Tehsil Office, Allama Iqbal Town",LWMC-AlIT,-,-,moving,on,25.008,323.44,31.499522,74.265787,19/08/2026 11:00 AM,19/08/2026 11:00 AM,Reporting,Parked,13.47,False,,,,Mini Dumper,Allama Iqbal Town,False,2026-08-19
59760,LR-1689,LR1689,Lahore,"Tehsil Office, Allama Iqbal Town",LWMC-AlIT,Loader Rickshaw,Door To Door Collection,moving,on,27.49,312.25,31.528258,74.265013,19/08/2026 10:51 AM,19/08/2026 11:00 AM,Reporting,Excess Idling,13.07,False,UC-103,Allama Iqbal Town,Zone-38,Loader Rickshaw,Allama Iqbal Town,True,2026-08-19
59765,LR-1692,LR1692,Lahore,"Tehsil Office, Allama Iqbal Town",LWMC-AlIT,Loader Rickshaw,Door To Door Collection,moving,on,21.035,324.43,31.535097,74.271741,19/08/2026 10:53 AM,19/08/2026 11:00 AM,Reporting,Parked,13.68,False,UC-101,Allama Iqbal Town,Zone-37,Loader Rickshaw,Allama Iqbal Town,True,2026-08-19
60411,LR-1372,LR1372,Lahore,"Tehsil Office, Allama Iqbal Town",LWMC-AlIT,Loader Rickshaw,Door To Door Collection,moving,on,34.759,112.83,31.428237,74.173493,19/08/2026 10:57 AM,19/08/2026 11:00 AM,Reporting,Moving,17.71,False,UC-259,Allama Iqbal Town,Zone-41,Loader Rickshaw,Allama Iqbal Town,True,2026-08-19
60425,LR-1017,LR1017,Lahore,"Tehsil Office, Allama Iqbal Town",LWMC-AlIT,Loader Rickshaw,Door To Door Collection,moving,on,6.796,50.2,31.438008,74.172431,19/08/2026 11:00 AM,19/08/2026 11:00 AM,Reporting,Parked,14.85,False,UC-258,Allama Iqbal Town,Zone-41,Loader Rickshaw,Allama Iqbal Town,True,2026-08-19
19678,S-279,S279,Lahore,"Tehsil Office, Allama Iqbal Town",LWMC-AlIT,Mini Dumper,Bulk Waste Collection,still,off,58.85,157.55,31.367369,74.067506,19/08/2026 10:56 AM,19/08/2026 11:00 AM,Reporting,Excess Idling,14.19,False,UC-262,Allama Iqbal Town,Zone-42,Mini Dumper,Allama Iqbal Town,True,2026-08-19
60013,LR-2755,LR2755,Lahore,"Tehsil Office, Allama Iqbal Town",LWMC-AlIT,Loader Rickshaw,Door To Door Collection,moving,on,38.278,209.09,31.463783,74.225006,19/08/2026 10:55 AM,19/08/2026 11:00 AM,Reporting,Parked,12.05,False,UC-117,Allama Iqbal Town,Zone-41,Loader Rickshaw,Allama Iqbal Town,True,2026-08-19
60363,LR-0060,LR0060,Lahore,"Tehsil Office, Allama Iqbal Town",LWMC-AlIT,Loader Rickshaw,Door To Door Collection,still,off,31.533,343.38,31.258007,74.169967,19/08/2026 10:58 AM,19/08/2026 11:00 AM,Reporting,Moving,,False,UC-267,Allama Iqbal Town,Zone-43,Loader Rickshaw,Allama Iqbal Town,True,2026-08-19
22823,LR-0203,LR0203,Lahore,"Tehsil Office, Allama Iqbal Town",LWMC-AlIT,Loader Rickshaw,Door To Door Collection,still,off,34.175,155.58,31.456506,74.311532,19/08/2026 10:58 AM,19/08/2026 11:00 AM,Reporting,Parked,0.0,True,UC-234,Allama Iqbal Town,Zone-39,Loader Rickshaw,Allama Iqbal Town,True,2026-08-19
60117,LR-1373,LR1373,Lahore,"Tehsil Office, Allama Iqbal Town",LWMC-AlIT,Loader Rickshaw,Door To Door Collection,moving,on,19.537,239.9,31.426507,74.17619,19/08/2026 10:59 AM,19/08/2026 11:00 AM,Reporting,Idle,12.4,False,UC-259,Allama Iqbal Town,Zone-41,Loader Rickshaw,Allama Iqbal Town,True,2026-08-19
59878,LR-2061,LR2061,Lahore,"Tehsil Office, Allama Iqbal Town",LWMC-AlIT,Loader Rickshaw,Door To Door Collection,moving,on,20.168,232.8,31.519973,74.274199,19/08/2026 10:33 AM,19/08/2026 11:00 AM,Reporting,Parked,14.04,False,UC-97,Allama Iqbal Town,Zone-37,Loader Rickshaw,Allama Iqbal Town,True,2026-08-19
59853,LR-2054,LR2054,Lahore,"Tehsil Office, Allama Iqbal Town",LWMC-AlIT,Loader Rickshaw,Door To Door Collection,still,off,21.229,343.3,31.528216,74.283387,19/08/2026 10:58 AM,19/08/2026 11:00 AM,Reporting,Excess Idling,8.73,False,UC-95,Allama Iqbal Town,Zone-37,Loader Rickshaw,Allama Iqbal Town,True,2026-08-19
60078,LR-2928,LR2928,Lahore,"Tehsil Office, Allama Iqbal Town",LWMC-AlIT,Loader Rickshaw,Door To Door Collection,still,off,31.079,358.44,31.455515,74.217111,19/08/2026 10:59 AM,19/08/2026 11:00 AM,Reporting,Parked,0.0,True,UC-116,Allama Iqbal Town,Zone-41,,Allama Iqbal Town,True,2026-08-19
60174,LR-1376,LR1376,Lahore,"Tehsil Office, Allama Iqbal Town",LWMC-AlIT,Loader Rickshaw,Door To Door Collection,moving,on,14.088,60.89,31.402183,74.157452,19/08/2026 11:00 AM,19/08/2026 11:00 AM,Reporting,Excess Idling,14.09,False,UC-261,Allama Iqbal Town,Zone-41,Loader Rickshaw,Allama Iqbal Town,True,2026-08-19
59806,LR-1727,LR1727,Lahore,"Tehsil Office, Allama Iqbal Town",LWMC-AlIT,Loader Rickshaw,Door To Door Collection,still,off,36.566,189.91,31.506642,74.256445,19/08/2026 10:29 AM,19/08/2026 10:30 AM,Reporting,Parked,0.0,True,UC-106,Allama Iqbal Town,Zone-38,Loader Rickshaw,Allama Iqbal Town,True,2026-08-19
59891,LR-2617,LR2617,Lahore,"Tehsil Office, Allama Iqbal Town",LWMC-AlIT,Loader Rickshaw,Door To Door Collection,still,off,14.109,309.03,31.53482,74.27176,19/08/2026 10:57 AM,19/08/2026 11:00 AM,Reporting,Parked,11.69,False,UC-101,Allama Iqbal Town,Zone-37,Loader Rickshaw,Allama Iqbal Town,True,2026-08-19
19438,R-47,R47,Lahore,"Tehsil Office, Shalimar Town",LWMC-ShTo,Loader Rickshaw,Door To Door Collection,moving,on,14.435,98.58,31.581634,74.337378,19/08/2026 09:51 AM,19/08/2026 11:00 AM,Reporting,Parked,13.07,False,UC-31,Shalimar Town,Zone-7,Rickshaw,Shalimar Town,True,2026-08-19
61986,LR-2787,LR2787,Lahore,"Tehsil Office, Shalimar Town",LWMC-ShTo,Loader Rickshaw,Door To Door Collection,moving,on,13.781,155.78,31.597441,74.369072,19/08/2026 10:53 AM,19/08/2026 11:00 AM,Reporting,Parked,11.28,False,UC-163,Shalimar Town,Zone-9,Loader Rickshaw,Shalimar Town,True,2026-08-19
60936,LR-1799,LR1799,Lahore,"Tehsil Office, Shalimar Town",LWMC-ShTo,Loader Rickshaw,Door To Door Collection,moving,on,14.992,352.8,31.581513,74.337757,19/08/2026 10:58 AM,19/08/2026 11:00 AM,Reporting,Excess Idling,7.3,False,UC-31,Shalimar Town,Zone-7,Loader Rickshaw,Shalimar Town,True,2026-08-19
60623,LR-2321,LR2321,Lahore,"Tehsil Office, Shalimar Town",LWMC-ShTo,Loader Rickshaw,Door To Door Collection,still,off,14.325,96.53,31.593002,74.37598,19/08/2026 09:32 AM,19/08/2026 11:00 AM,Reporting,Parked,0.0,True,UC-130,Shalimar Town,Zone-10,Loader Rickshaw,Shalimar Town,True,2026-08-19
61594,LR-2778,LR2778,Lahore,"Tehsil Office, Shalimar Town",LWMC-ShTo,Loader Rickshaw,Door To Door Collection,moving,on,14.253,219.65,31.618448,74.343929,19/08/2026 10:41 AM,19/08/2026 11:00 AM,,,,,UC-25,Shalimar Town,Zone-6,Loader Rickshaw,Shalimar Town,True,2026-08-19
25299,LR-0672,LR0672,Lahore,"Tehsil Office, Shalimar Town",LWMC-ShTo,Loader Rickshaw,Door To Door Collection,moving,on,12.207,248.31,31.603151,74.366322,19/08/2026 10:51 AM,19/08/2026 11:00 AM,Reporting,Parked,13.83,False,UC-161,Shalimar Town,Zone-9,Loader Rickshaw,Shalimar Town,True,2026-08-19
25250,LR-0147,LR0147,Lahore,"Tehsil Office, Shalimar Town",LWMC-ShTo,Loader Rickshaw,Door To Door Collection,still,off,10.765,272.86,31.598664,74.354457,19/08/2026 10:56 AM,19/08/2026 11:00 AM,Reporting,Moving,13.58,False,UC-161,Shalimar Town,Zone-9,Loader Rickshaw,Shalimar Town,True,2026-08-19
61703,MFL-115,MFL115,Lahore,"Tehsil Office, Shalimar Town",LWMC-ShTo,Tractor Loader,Bulk Waste Collection,moving,on,11.632,93.68,31.609582,74.328445,19/08/2026 10:47 AM,19/08/2026 11:00 AM,Reporting,Parked,12.1,False,UC-23,Ravi Town,Zone-3,Loader,Shalimar Town,False,2026-08-19
61245,LR-2086,LR2086,Lahore,"Tehsil Office, Shalimar Town",LWMC-ShTo,Loader Rickshaw,Door To Door Collection,still,off,8.036,333.39,31.584804,74.362598,19/08/2026 10:57 AM,19/08/2026 11:00 AM,Reporting,Excess Idling,10.87,False,UC-165,Shalimar Town,Zone-9,Loader Rickshaw,Shalimar Town,True,2026-08-19
61330,LR-2418,LR2418,Lahore,"Tehsil Office, Shalimar Town",LWMC-ShTo,Loader Rickshaw,Door To Door Collection,moving,on,12.58,301.36,31.587862,74.357864,19/08/2026 10:59 AM,19/08/2026 11:00 AM,Reporting,Parked,0.0,True,UC-164,Shalimar Town,Zone-8,Loader Rickshaw,Shalimar Town,True,2026-08-19
25266,LR-0353,LR0353,Lahore,"Tehsil Office, Shalimar Town",LWMC-ShTo,Loader Rickshaw,Door To Door Collection,moving,on,15.215,140.34,31.582197,74.350311,19/08/2026 10:00 AM,19/08/2026 10:30 AM,Reporting,Parked,14.49,False,UC-127,Shalimar Town,Zone-8,Loader Rickshaw,Shalimar Town,True,2026-08-19
61574,LR-2334,LR2334,Lahore,"Tehsil Office, Shalimar Town",LWMC-ShTo,Loader Rickshaw,Door To Door Collection,still,off,14.817,127.79,31.591218,74.351305,19/08/2026 10:57 AM,19/08/2026 11:00 AM,Reporting,Parked,0.0,True,UC-166,Shalimar Town,Zone-8,Loader Rickshaw,Shalimar Town,True,2026-08-19
61177,S-364,S364,Lahore,"Tehsil Office, Shalimar Town",LWMC-ShTo,Mini Dumper,Door To Door Collection,moving,on,23.619,129.08,31.582041,74.33781,19/08/2026 10:56 AM,19/08/2026 11:00 AM,Reporting,Parked,12.61,False,UC-31,Shalimar Town,Zone-7,Mini Dumper,Shalimar Town,True,2026-08-19
60979,S-340,S340,Lahore,"Tehsil Office, Shalimar Town",LWMC-ShTo,Mini Dumper,Door To Door Collection,still,off,19.949,130.09,31.60035,74.346847,19/08/2026 11:00 AM,19/08/2026 11:00 AM,Reporting,Parked,0.0,True,UC-26,Shalimar Town,Zone-6,Mini Dumper,Shalimar Town,True,2026-08-19
25286,LR-0566,LR0566,Lahore,"Tehsil Office, Shalimar Town",LWMC-ShTo,Loader Rickshaw,Door To Door Collection,moving,on,19.236,153.15,31.607128,74.357908,19/08/2026 10:59 AM,19/08/2026 11:00 AM,Reporting,Parked,0.0,True,UC-161,Shalimar Town,Zone-9,Loader Rickshaw,Shalimar Town,True,2026-08-19
61612,LR-2779,LR2779,Lahore,"Tehsil Office, Shalimar Town",LWMC-ShTo,Loader Rickshaw,Door To Door Collection,moving,on,11.25,264.6,31.603659,74.363977,19/08/2026 11:00 AM,19/08/2026 11:00 AM,Reporting,Parked,13.98,False,UC-161,Shalimar Town,Zone-9,Loader Rickshaw,Shalimar Town,True,2026-08-19
61620,S-330,S330,Lahore,"Tehsil Office, Shalimar Town",LWMC-ShTo,Mini Dumper,Door To Door Collection,moving,on,36.319,222.53,31.604241,74.400415,19/08/2026 10:58 AM,19/08/2026 11:00 AM,Reporting,Parked,11.69,False,UC-137,Wagha Town,Zone-12,Mini Dumper,Shalimar Town,False,2026-08-19
25294,LR-0596,LR0596,Lahore,"Tehsil Office, Shalimar Town",LWMC-ShTo,Loader Rickshaw,Door To Door Collection,still,off,22.18,97.15,31.582602,74.370458,19/08/2026 10:00 AM,19/08/2026 10:30 AM,Reporting,Parked,0.0,True,UC-125,Shalimar Town,Zone-10,Loader Rickshaw,Shalimar Town,True,2026-08-19
25298,LR-0669,LR0669,Lahore,"Tehsil Office, Shalimar Town",LWMC-ShTo,Loader Rickshaw,Door To Door Collection,moving,on,17.295,231.65,31.602042,74.372435,19/08/2026 10:59 AM,19/08/2026 11:00 AM,Reporting,Excess Idling,0.0,True,UC-163,Shalimar Town,Zone-9,Loader Rickshaw,Shalimar Town,True,2026-08-19
60645,M-120,M120,Lahore,"Tehsil Office, Shalimar Town",LWMC-ShTo,Mini Dumper,Door To Door Collection,still,off,36.906,146.38,31.604887,74.343562,19/08/2026 10:56 AM,19/08/2026 11:00 AM,Reporting,Parked,13.32,False,UC-26,Shalimar Town,Zone-6,Foton-Mini Dumper,Shalimar Town,True,2026-08-19
-,LR-1718,LR1718,Lahore,"Tehsil Office, Gulberg Town",LWMC-GuTo,-,-,moving,on,0.072,,31.47971,74.213803,19/08/2026 10:58 AM,19/08/2026 11:00 AM,Reporting,No Activity Since Yesterday,14.7,False,,,,Loader Rickshaw,Allama Iqbal Town,False,2026-08-19
22543,LR-0638,LR0638,Lahore,"Tehsil Office, Gulberg Town",LWMC-GuTo,Loader Rickshaw,Door To Door Collection,moving,on,14.04,55.16,31.552007,74.356519,19/08/2026 10:39 AM,19/08/2026 11:00 AM,Reporting,Parked,15.97,False,UC-81,DGBT,Zone-26,Loader Rickshaw,Gulberg Town,False,2026-08-19
59827,D-50,D50,Lahore,"Tehsil Office, Gulberg Town",LWMC-GuTo,Dumper (7CM),Bulk Waste Collection,moving,on,43.136,133.19,31.45495,74.336153,19/08/2026 10:57 AM,19/08/2026 11:00 AM,Reporting,Parked,28.42,False,UC-228,Nishter Town,Zone-44,Dumper,Gulberg Town,False,2026-08-19
18554,C-1339,C1339,Lahore,"Tehsil Office, Gulberg Town",LWMC-GuTo,Compactor (13CM),Container-Based Collection,moving,on,66.972,308.06,31.470611,74.318434,19/08/2026 10:59 AM,19/08/2026 11:00 AM,Reporting,Moving,28.52,False,UC-207,Gulberg Town,Zone-23,Compactor,Gulberg Town,True,2026-08-19
61228,LR-1705,LR1705,Lahore,"Tehsil Office, Gulberg Town",LWMC-GuTo,Loader Rickshaw,Door To Door Collection,moving,on,32.698,235.34,31.500644,74.353488,19/08/2026 10:56 AM,19/08/2026 11:00 AM,Reporting,Moving,13.32,False,UC-204,Gulberg Town,Zone-21,Loader Rickshaw,Gulberg Town,True,2026-08-19
22562,LR-1128,LR1128,Lahore,"Tehsil Office, Gulberg Town",LWMC-GuTo,Loader Rickshaw,Door To Door Collection,moving,on,22.136,130.91,31.49027,74.311574,19/08/2026 10:31 AM,19/08/2026 11:00 AM,Reporting,Parked,12.35,False,UC-209,Gulberg Town,Zone-23,Loader Rickshaw,Gulberg Town,True,2026-08-19
60642,LR-1583,LR1583,Lahore,"Tehsil Office, Gulberg Town",LWMC-GuTo,Loader Rickshaw,Door To Door Collection,moving,on,8.812,324.03,31.576197,74.363576,19/08/2026 10:48 AM,19/08/2026 11:00 AM,Reporting,Excess Idling,13.63,False,UC-119,Gulberg Town,Zone-19,Loader Rickshaw,Gulberg Town,True,2026-08-19
60469,LR-1556,LR1556,Lahore,"Tehsil Office, Gulberg Town",LWMC-GuTo,Loader Rickshaw,Door To Door Collection,moving,on,14.898,57.54,31.560002,74.352672,19/08/2026 10:52 AM,19/08/2026 11:00 AM,Reporting,Parked,12.71,False,UC-124,Gulberg Town,Zone-19,Loader Rickshaw,Gulberg Town,True,2026-08-19
22574,LR-1045,LR1045,Lahore,"Tehsil Office, Gulberg Town",LWMC-GuTo,Loader Rickshaw,Door To Door Collection,still,off,21.801,139.75,31.47838,74.303538,19/08/2026 10:59 AM,19/08/2026 11:00 AM,Reporting,Parked,0.0,True,UC-211,Gulberg Town,Zone-23,Loader Rickshaw,Gulberg Town,True,2026-08-19
18456,CA-151,CA151,Lahore,"Tehsil Office, Gulberg Town",LWMC-GuTo,Chain Arm Roll,Container-Based Collection,moving,on,110.742,340.83,31.525784,74.332631,19/08/2026 11:00 AM,19/08/2026 11:00 AM,Reporting,Moving,30.05,False,UC-203,Gulberg Town,Zone-21,Chain Arm Roll,Gulberg Town,True,2026-08-19
-,LR-0995,LR0995,Lahore,"Tehsil Office, Gulberg Town",LWMC-GuTo,-,-,moving,on,16.742,216.58,31.473867,74.339417,19/08/2026 10:56 AM,19/08/2026 11:00 AM,Reporting,Parked,14.7,False,UC-226,Gulberg Town,Zone-22,Loader Rickshaw,Gulberg Town,True,2026-08-19
61789,LR-1495,LR1495,Lahore,"Tehsil Office, Data Gunj Baksh Town",LWMC-DaGB,Loader Rickshaw,Door To Door Collection,moving,on,8.55,283.73,31.565481,74.285183,19/08/2026 10:06 AM,19/08/2026 11:00 AM,Reporting,Parked,14.44,False,UC-60,DGBT,Zone-29,Loader Rickshaw,DGBT,True,2026-08-19
19074,TL-106,TL106,Lahore,"Tehsil Office, Data Gunj Baksh Town",LWMC-DaGB,Tractor Loader,Bulk Waste Collection,moving,on,4.929,496.78,31.573824,74.278209,19/08/2026 10:47 AM,19/08/2026 11:00 AM,Reporting,Parked,13.93,False,UC-50,DGBT,Zone-28,Loader,DGBT,True,2026-08-19
-,LR-0346,LR0346,Lahore,"Tehsil Office, Data Gunj Baksh Town",LWMC-DaGB,-,-,still,off,1.253,16.44,31.584415,74.259438,19/08/2026 10:45 AM,19/08/2026 11:00 AM,Reporting,Parked,0.0,True,UC-1,Ravi Town,Zone-1,Loader Rickshaw,DGBT,False,2026-08-19
-,LR-1314,LR1314,Lahore,"Tehsil Office, Data Gunj Baksh Town",LWMC-DaGB,-,-,moving,on,11.428,97.78,31.560382,74.287071,19/08/2026 10:48 AM,19/08/2026 11:00 AM,Reporting,Parked,12.3,False,UC-67,DGBT,Zone-30,Loader Rickshaw,DGBT,True,2026-08-19
-,LR-0374,LR0374,Lahore,"Tehsil Office, Data Gunj Baksh Town",LWMC-DaGB,-,-,moving,on,22.672,283.25,31.598474,74.397027,19/08/2026 10:57 AM,19/08/2026 11:00 AM,Reporting,Parked,0.0,True,UC-134,Wagha Town,Zone-11,Loader Rickshaw,Wagha Town,True,2026-08-19
19722,S-366,S366,Lahore,"Tehsil Office, Data Gunj Baksh Town",LWMC-DaGB,Mini Dumper,Bulk Waste Collection,moving,on,35.93,140.94,31.573318,74.292073,19/08/2026 10:54 AM,19/08/2026 11:03 AM,Reporting,Parked,12.2,False,UC-59,DGBT,Zone-29,Mini Dumper,DGBT,True,2026-08-19
60370,D-20,D20,Lahore,"Tehsil Office, Data Gunj Baksh Town",LWMC-DaGB,Dumper (10CM),Bulk Waste Collection,moving,on,85.449,257.44,31.557974,74.276652,19/08/2026 10:59 AM,19/08/2026 11:00 AM,Reporting,Parked,24.8,False,UC-74,DGBT,Zone-30,Dumper,DGBT,True,2026-08-19
19076,MFL-47,MFL47,Lahore,"Tehsil Office, Data Gunj Baksh Town",LWMC-DaGB,Tractor Loader,Bulk Waste Collection,still,off,6.029,121.18,31.566926,74.293096,19/08/2026 09:07 AM,19/08/2026 10:00 AM,Reporting,Parked,13.42,False,UC-58,DGBT,Zone-27,Loader,DGBT,True,2026-08-19
19738,S-115,S115,Lahore,"Tehsil Office, Data Gunj Baksh Town",LWMC-DaGB,Mini Dumper,Bulk Waste Collection,moving,on,37.454,150.0,31.573205,74.292535,19/08/2026 10:17 AM,19/08/2026 10:30 AM,Reporting,Parked,0.0,True,UC-59,DGBT,Zone-29,Mini Dumper,DGBT,True,2026-08-19
62131,LR-1496,LR1496,Lahore,"Tehsil Office, Data Gunj Baksh Town",LWMC-DaGB,Loader Rickshaw,Door To Door Collection,still,off,14.523,84.13,31.563369,74.281572,19/08/2026 09:46 AM,19/08/2026 10:00 AM,Reporting,Parked,12.35,False,UC-66,DGBT,Zone-29,Loader Rickshaw,DGBT,True,2026-08-19
62104,LR-1311,LR1311,Lahore,"Tehsil Office, Data Gunj Baksh Town",LWMC-DaGB,Loader Rickshaw,Door To Door Collection,moving,on,17.051,77.46,31.559381,74.287428,19/08/2026 11:00 AM,19/08/2026 11:00 AM,Reporting,Excess Idling,10.72,False,UC-67,DGBT,Zone-30,Loader Rickshaw,DGBT,True,2026-08-19
-,LR-1423,LR1423,Lahore,"Tehsil Office, Data Gunj Baksh Town",LWMC-DaGB,-,-,moving,on,13.828,57.0,31.594622,74.258731,19/08/2026 10:52 AM,19/08/2026 11:00 AM,Reporting,Moving,14.85,False,UC-5,Ravi Town,Zone-1,Loader Rickshaw,DGBT,False,2026-08-19
62123,LR-2805,LR2805,Lahore,"Tehsil Office, Data Gunj Baksh Town",LWMC-DaGB,Loader Rickshaw,Door To Door Collection,still,off,13.817,361.66,31.574065,74.275942,19/08/2026 10:57 AM,19/08/2026 11:00 AM,Reporting,Excess Idling,11.69,False,,,,Loader Rickshaw,DGBT,False,2026-08-19
-,ND-23,ND23,Lahore,"Tehsil Office, Data Gunj Baksh Town",LWMC-DaGB,-,-,still,off,81.099,337.71,31.623739,74.421415,19/08/2026 10:57 AM,19/08/2026 11:00 AM,Reporting,Parked,0.0,True,UC-108,Wagha Town,Zone-13,Dumper,DGBT,False,2026-08-19
-,LR-2514,LR2514,Lahore,"Tehsil Office, Data Gunj Baksh Town",LWMC-DaGB,-,-,moving,on,15.453,61.71,31.557202,74.291091,19/08/2026 10:06 AM,19/08/2026 10:30 AM,Reporting,Parked,14.34,False,UC-67,DGBT,Zone-30,Loader Rickshaw,DGBT,True,2026-08-19
62045,LR-0709,LR0709,Lahore,"Tehsil Office, Data Gunj Baksh Town",LWMC-DaGB,Loader Rickshaw,Door To Door Collection,moving,on,17.377,83.79,31.573624,74.291308,19/08/2026 11:00 AM,19/08/2026 11:00 AM,Reporting,Parked,15.26,False,UC-56,DGBT,Zone-29,Loader Rickshaw,DGBT,True,2026-08-19
19552,MS-15,MS15,Lahore,"Tehsil Office, Data Gunj Baksh Town",LWMC-DaGB,Mechanical Sweeper,Sweeping,moving,on,26.855,273.69,31.573717,74.290828,19/08/2026 10:59 AM,19/08/2026 11:00 AM,Reporting,Parked,13.22,False,UC-56,DGBT,Zone-29,Mechanical Sweeper,Night Operations,False,2026-08-19
61841,LR-3076,LR3076,Lahore,"Tehsil Office, Data Gunj Baksh Town",LWMC-DaGB,Loader Rickshaw,Door To Door Collection,moving,on,17.966,148.76,31.573322,74.292102,19/08/2026 10:56 AM,19/08/2026 11:00 AM,Reporting,Parked,15.36,False,UC-59,DGBT,Zone-29,,DGBT,True,2026-08-19
-,LR-3082,LR3082,Lahore,"Tehsil Office, Data Gunj Baksh Town",LWMC-DaGB,-,-,still,off,14.639,285.38,31.576012,74.293584,19/08/2026 10:37 AM,19/08/2026 11:00 AM,Reporting,Parked,5.62,False,UC-56,DGBT,Zone-29,,DGBT,True,2026-08-19
62080,LR-1481,LR1481,Lahore,"Tehsil Office, Data Gunj Baksh Town",LWMC-DaGB,Loader Rickshaw,Door To Door Collection,moving,on,12.979,68.45,31.571209,74.302087,19/08/2026 08:57 AM,19/08/2026 09:00 AM,Reporting,Excess Idling,13.68,False,UC-58,DGBT,Zone-27,Loader Rickshaw,DGBT,True,2026-08-19
61254,LR-1480,LR1480,Lahore,"Tehsil Office, Data Gunj Baksh Town",LWMC-DaGB,Loader Rickshaw,Door To Door Collection,moving,on,11.528,221.06,31.568865,74.296877,19/08/2026 09:25 AM,19/08/2026 10:00 AM,Reporting,Parked,13.02,False,UC-58,DGBT,Zone-27,Loader Rickshaw,DGBT,True,2026-08-19
62103,LR-1331,LR1331,Lahore,"Tehsil Office, Data Gunj Baksh Town",LWMC-DaGB,Loader Rickshaw,Door To Door Collection,still,off,30.338,279.11,31.59433,74.25842,19/08/2026 10:46 AM,19/08/2026 11:00 AM,Reporting,Parked,0.0,True,UC-5,Ravi Town,Zone-1,Loader Rickshaw,DGBT,False,2026-08-19
61641,LR-2510,LR2510,Lahore,"Tehsil Office, Data Gunj Baksh Town",LWMC-DaGB,Loader Rickshaw,Door To Door Collection,moving,on,25.335,106.54,31.537664,74.330166,19/08/2026 10:08 AM,19/08/2026 10:30 AM,Reporting,Parked,0.0,True,UC-199,DGBT,Zone-26,Loader Rickshaw,DGBT,True,2026-08-19
61128,LR-0708,LR0708,Lahore,"Tehsil Office, Data Gunj Baksh Town",LWMC-DaGB,Loader Rickshaw,Door To Door Collection,moving,on,23.606,91.04,31.592304,74.259089,19/08/2026 09:34 AM,19/08/2026 10:00 AM,Reporting,Excess Idling,13.58,False,UC-5,Ravi Town,Zone-1,Loader Rickshaw,DGBT,False,2026-08-19
62116,LR-2525,LR2525,Lahore,"Tehsil Office, Data Gunj Baksh Town",LWMC-DaGB,Loader Rickshaw,Door To Door Collection,moving,on,17.72,118.16,31.594473,74.258428,19/08/2026 10:43 AM,19/08/2026 11:00 AM,Reporting,Parked,0.0,True,UC-5,Ravi Town,Zone-1,Loader Rickshaw,DGBT,False,2026-08-19
-,LR-0642,LR0642,Lahore,"Tehsil Office, Data Gunj Baksh Town",LWMC-DaGB,-,-,moving,on,16.164,72.13,31.572825,74.278324,19/08/2026 10:58 AM,19/08/2026 11:00 AM,Reporting,Parked,14.49,False,UC-71,Samnabad Town,Zone-31,Loader Rickshaw,DGBT,False,2026-08-19
62102,LR-1471,LR1471,Lahore,"Tehsil Office, Data Gunj Baksh Town",LWMC-DaGB,Loader Rickshaw,Door To Door Collection,moving,on,32.359,147.23,31.592526,74.256918,19/08/2026 11:00 AM,19/08/2026 11:00 AM,Reporting,Parked,11.74,False,UC-5,Ravi Town,Zone-1,Loader Rickshaw,DGBT,False,2026-08-19
40366,LR-0692,LR0692,Lahore,"Tehsil Office, Samnabad Town",LWMC-SaTo,Loader Rickshaw,Door To Door Collection,moving,on,23.706,236.38,31.553504,74.269834,19/08/2026 10:26 AM,19/08/2026 11:00 AM,Reporting,Moving,11.84,False,UC-93,Samnabad Town,Zone-31,Loader Rickshaw,Samnabad Town,True,2026-08-19
60982,LR-1190,LR1190,Lahore,"Tehsil Office, Samnabad Town",LWMC-SaTo,Loader Rickshaw,Door To Door Collection,moving,on,18.622,162.36,31.574741,74.272366,19/08/2026 10:57 AM,19/08/2026 11:00 AM,Reporting,Parked,14.04,False,UC-71,Samnabad Town,Zone-31,Loader Rickshaw,Samnabad Town,True,2026-08-19
59843,LR-0360,LR0360,Lahore,"Tehsil Office, Samnabad Town",LWMC-SaTo,Loader Rickshaw,Door To Door Collection,moving,on,25.147,123.48,31.508496,74.285219,19/08/2026 10:52 AM,19/08/2026 11:00 AM,Reporting,Parked,15.26,False,UC-214,Samnabad Town,Zone-36,Loader Rickshaw,Samnabad Town,True,2026-08-19
60227,LR-2656,LR2656,Lahore,"Tehsil Office, Samnabad Town",LWMC-SaTo,Loader Rickshaw,Door To Door Collection,moving,on,33.736,214.36,31.506232,74.292751,19/08/2026 10:58 AM,19/08/2026 11:00 AM,Reporting,Parked,0.0,True,UC-214,Samnabad Town,Zone-36,Loader Rickshaw,Samnabad Town,True,2026-08-19
61474,LR-2810,LR2810,Lahore,"Tehsil Office, Samnabad Town",LWMC-SaTo,Loader Rickshaw,Door To Door Collection,still,off,23.925,153.83,31.551323,74.274677,19/08/2026 10:43 AM,19/08/2026 11:00 AM,Reporting,Moving,12.66,False,UC-75,Samnabad Town,Zone-31,Loader Rickshaw,Samnabad Town,True,2026-08-19
41280,LR-1465,LR1465,Lahore,"Tehsil Office, Samnabad Town",LWMC-SaTo,Loader Rickshaw,Door To Door Collection,moving,on,33.955,187.38,31.519364,74.295091,19/08/2026 10:57 AM,19/08/2026 11:00 AM,Reporting,Parked,12.91,False,UC-219,Samnabad Town,Zone-36,Loader Rickshaw,Samnabad Town,True,2026-08-19
41366,LR-2267,LR2267,Lahore,"Tehsil Office, Samnabad Town",LWMC-SaTo,Loader Rickshaw,Door To Door Collection,moving,on,25.188,241.08,31.570738,74.283121,19/08/2026 10:59 AM,19/08/2026 11:00 AM,Reporting,Parked,14.7,False,UC-71,Samnabad Town,Zone-31,Loader Rickshaw,Samnabad Town,True,2026-08-19
39121,C-733,C733,Lahore,"Tehsil Office, Samnabad Town",LWMC-SaTo,Compactor (7CM),Container-Based Collection,moving,on,45.501,224.55,31.552175,74.261378,19/08/2026 10:55 AM,19/08/2026 11:00 AM,Reporting,Excess Idling,0.0,True,UC-93,Samnabad Town,Zone-31,Compactor,Samnabad Town,True,2026-08-19
41218,LR-0778,LR0778,Lahore,"Tehsil Office, Samnabad Town",LWMC-SaTo,Loader Rickshaw,Door To Door Collection,moving,on,37.384,101.68,31.540454,74.263383,19/08/2026 11:00 AM,19/08/2026 11:00 AM,Reporting,Excess Idling,13.68,False,UC-93,Samnabad Town,Zone-31,Loader Rickshaw,Samnabad Town,True,2026-08-19
40312,LR-0497,LR0497,Lahore,"Tehsil Office, Samnabad Town",LWMC-SaTo,Loader Rickshaw,Door To Door Collection,moving,on,27.767,347.98,31.507073,74.295531,19/08/2026 10:52 AM,19/08/2026 11:00 AM,Reporting,Moving,12.45,False,UC-214,Samnabad Town,Zone-36,Loader Rickshaw,Samnabad Town,True,2026-08-19
41368,LR-2269,LR2269,Lahore,"Tehsil Office, Samnabad Town",LWMC-SaTo,Loader Rickshaw,Door To Door Collection,moving,on,35.184,307.58,31.536415,74.317858,19/08/2026 10:38 AM,19/08/2026 11:00 AM,Reporting,Moving,14.04,False,UC-84,Samnabad Town,Zone-34,Loader Rickshaw,Samnabad Town,True,2026-08-19
41207,LR-0767,LR0767,Lahore,"Tehsil Office, Samnabad Town",LWMC-SaTo,Loader Rickshaw,Door To Door Collection,moving,on,25.007,281.39,31.568363,74.275388,19/08/2026 10:42 AM,19/08/2026 11:00 AM,Reporting,Parked,15.97,False,UC-71,Samnabad Town,Zone-31,Loader Rickshaw,Samnabad Town,True,2026-08-19
41227,LR-1056,LR1056,Lahore,"Tehsil Office, Samnabad Town",LWMC-SaTo,Loader Rickshaw,Door To Door Collection,moving,on,29.083,513.71,31.574788,74.272164,19/08/2026 10:59 AM,19/08/2026 11:00 AM,Reporting,Idle,16.84,False,UC-71,Samnabad Town,Zone-31,Loader Rickshaw,Samnabad Town,True,2026-08-19
41224,LR-1053,LR1053,Lahore,"Tehsil Office, Samnabad Town",LWMC-SaTo,Loader Rickshaw,Door To Door Collection,moving,on,22.237,276.66,31.574687,74.274397,19/08/2026 10:41 AM,19/08/2026 11:00 AM,Reporting,Parked,13.78,False,UC-71,Samnabad Town,Zone-31,Loader Rickshaw,Samnabad Town,True,2026-08-19
41313,LR-1865,LR1865,Lahore,"Tehsil Office, Samnabad Town",LWMC-SaTo,Loader Rickshaw,Door To Door Collection,moving,on,32.007,236.23,31.574785,74.274647,19/08/2026 11:00 AM,19/08/2026 11:00 AM,Reporting,Moving,13.83,False,,,,Loader Rickshaw,Samnabad Town,False,2026-08-19
41269,LR-1454,LR1454,Lahore,"Tehsil Office, Samnabad Town",LWMC-SaTo,Loader Rickshaw,Door To Door Collection,still,off,18.381,126.36,31.522606,74.286499,19/08/2026 10:56 AM,19/08/2026 11:00 AM,Reporting,Parked,14.14,False,UC-212,Samnabad Town,Zone-36,Loader Rickshaw,Samnabad Town,True,2026-08-19
60516,LR-2834,LR2834,Lahore,"Tehsil Office, Samnabad Town",LWMC-SaTo,Loader Rickshaw,Door To Door Collection,still,off,26.175,312.64,31.517743,74.297657,19/08/2026 10:58 AM,19/08/2026 11:00 AM,Reporting,Parked,0.0,True,UC-219,Samnabad Town,Zone-36,Loader Rickshaw,Samnabad Town,True,2026-08-19
61715,LR-1832,LR1832,Lahore,"Tehsil Office, Ravi Town",LWMC-RaTo,Loader Rickshaw,Door To Door Collection,moving,on,18.292,169.03,31.634126,74.312769,19/08/2026 10:58 AM,19/08/2026 11:00 AM,Reporting,Parked,13.83,False,,,,Loader Rickshaw,Ravi Town,False,2026-08-19
61118,LR-1822,LR1822,Lahore,"Tehsil Office, Ravi Town",LWMC-RaTo,Loader Rickshaw,Door To Door Collection,moving,on,9.978,63.26,31.580141,74.314741,19/08/2026 09:30 AM,19/08/2026 10:00 AM,Reporting,Parked,13.73,False,UC-34,Ravi Town,Zone-5,Loader Rickshaw,Ravi Town,True,2026-08-19
19956,S-120,S120,Lahore,"Tehsil Office, Ravi Town",LWMC-RaTo,Mini Dumper,Bulk Waste Collection,moving,on,34.609,142.5,31.604633,74.298944,19/08/2026 11:00 AM,19/08/2026 11:00 AM,Reporting,Parked,14.14,False,,,,Mini Dumper,Ravi Town,False,2026-08-19
19347,LEG-1436,LEG1436,Lahore,"Tehsil Office, Ravi Town",LWMC-RaTo,Loader Rickshaw,Bulk Waste Collection,moving,on,17.509,165.43,31.602389,74.308999,19/08/2026 10:32 AM,19/08/2026 11:00 AM,Reporting,Parked,11.94,False,UC-16,Ravi Town,Zone-4,Loader,Ravi Town,True,2026-08-19
61424,MFT-02,MFT02,Lahore,"Tehsil Office, Ravi Town",LWMC-RaTo,Tractor Trolley,Bulk Waste Collection,moving,on,33.787,268.38,31.600351,74.312498,19/08/2026 11:00 AM,19/08/2026 11:00 AM,Reporting,Moving,14.04,False,UC-16,Ravi Town,Zone-4,Tractor Trolley,Ravi Town,True,2026-08-19
60488,LR-2121,LR2121,Lahore,"Tehsil Office, Ravi Town",LWMC-RaTo,Loader Rickshaw,Door To Door Collection,moving,on,15.605,81.68,31.637363,74.281066,19/08/2026 10:59 AM,19/08/2026 11:00 AM,Reporting,Excess Idling,13.63,False,UC-8,Ravi Town,Zone-2,Loader Rickshaw,Ravi Town,True,2026-08-19
19917,S-143,S143,Lahore,"Tehsil Office, Ravi Town",LWMC-RaTo,Mini Dumper,Bulk Waste Collection,moving,on,26.022,95.65,31.608045,74.309876,19/08/2026 11:00 AM,19/08/2026 11:00 AM,Reporting,Parked,12.81,False,UC-18,Ravi Town,Zone-3,Mini Dumper,Ravi Town,True,2026-08-19
62161,S-305,S305,Lahore,"Tehsil Office, Wahgha Town",LWMC-WaTo,Mini Dumper,Commercial,moving,on,48.008,157.55,31.586306,74.394697,19/08/2026 10:59 AM,19/08/2026 11:00 AM,Reporting,Parked,12.81,False,UC-131,Wagha Town,Zone-11,Mini Dumper,Wagha Town,True,2026-08-19
23551,LR-0268,LR0268,Lahore,"Tehsil Office, Wahgha Town",LWMC-WaTo,Loader Rickshaw,Door To Door Collection,still,off,36.722,283.38,31.581433,74.46025,19/08/2026 10:47 AM,19/08/2026 11:00 AM,Reporting,Parked,11.28,False,UC-175,Wagha Town,Zone-12,Loader Rickshaw,Wagha Town,True,2026-08-19
59260,ISA-268,ISA268,Lahore,"Tehsil Office, Wahgha Town",LWMC-WaTo,Arm Roll Truck,Container-Based Collection,still,off,84.911,302.14,31.476549,74.512227,19/08/2026 10:53 AM,19/08/2026 11:00 AM,Reporting,Parked,28.16,False,UC-189,Wagha Town,Zone-14,Arm Roll,Wagha Town,True,2026-08-19
59363,D-08,D08,Lahore,"Tehsil Office, Wahgha Town",LWMC-WaTo,Dumper (7CM),Bulk Waste Collection,moving,on,79.501,221.3,31.611156,74.383236,19/08/2026 10:58 AM,19/08/2026 11:00 AM,Reporting,Parked,29.18,False,UC-108,Wagha Town,Zone-13,Dumper,Wagha Town,True,2026-08-19
23630,LR-1062,LR1062,Lahore,"Tehsil Office, Wahgha Town",LWMC-WaTo,Loader Rickshaw,Door To Door Collection,still,off,5.928,341.68,31.599711,74.499617,19/08/2026 10:58 AM,19/08/2026 11:00 AM,Reporting,Parked,0.0,True,UC-182,Wagha Town,Zone-13,Loader Rickshaw,Wagha Town,True,2026-08-19
59357,ND-29,ND29,Lahore,"Tehsil Office, Wahgha Town",LWMC-WaTo,Dumper (5CM),Bulk Waste Collection,moving,on,98.471,340.73,31.609326,74.380498,19/08/2026 10:52 AM,19/08/2026 11:00 AM,Reporting,Parked,25.2,False,UC-108,Wagha Town,Zone-13,Dumper,Wagha Town,True,2026-08-19
23642,LR-1074,LR1074,Lahore,"Tehsil Office, Wahgha Town",LWMC-WaTo,Loader Rickshaw,Door To Door Collection,moving,on,6.761,33.89,31.602184,74.534019,19/08/2026 09:03 AM,19/08/2026 09:30 AM,Reporting,Parked,14.19,False,UC-181,Wagha Town,Zone-13,Loader Rickshaw,Wagha Town,True,2026-08-19
59682,S-153,S153,Lahore,"Tehsil Office, Wahgha Town",LWMC-WaTo,Mini Dumper,Commercial,still,off,22.191,137.25,31.597256,74.384457,19/08/2026 10:34 AM,19/08/2026 11:00 AM,Reporting,Parked,14.09,False,UC-132,Wagha Town,Zone-11,Mini Dumper,Wagha Town,True,2026-08-19
18370,HA-19,HA19,Lahore,"Tehsil Office, Aziz Bhatti Town",LWMC-AzBT,Arm Roll Truck,Container-Based Collection,moving,on,68.434,253.08,31.623731,74.421507,19/08/2026 10:23 AM,19/08/2026 10:30 AM,Reporting,Parked,25.1,False,UC-108,Wagha Town,Zone-13,Arm Roll,Aziz Bhatti Town,False,2026-08-19
59397,LR-1004,LR1004,Lahore,"Tehsil Office, Aziz Bhatti Town",LWMC-AzBT,Loader Rickshaw,Door To Door Collection,still,off,19.481,180.98,31.575078,74.370692,19/08/2026 10:45 AM,19/08/2026 11:00 AM,Reporting,Parked,11.49,False,UC-120,Gulberg Town,Zone-19,Loader Rickshaw,Aziz Bhatti Town,False,2026-08-19
59626,MFT-4,MFT4,Lahore,"Tehsil Office, Aziz Bhatti Town",LWMC-AzBT,Tractor Trolley,Bulk Waste Collection,still,off,46.257,223.91,31.579498,74.4412,19/08/2026 09:28 AM,19/08/2026 09:30 AM,Reporting,Parked,13.37,False,UC-175,Wagha Town,Zone-12,Tractor Trolley,Aziz Bhatti Town,False,2026-08-19
61261,LR-1656,LR1656,Lahore,"Tehsil Office, Aziz Bhatti Town",LWMC-AzBT,Loader Rickshaw,Door To Door Collection,still,off,13.117,240.36,31.559364,74.372558,19/08/2026 10:40 AM,19/08/2026 11:00 AM,Reporting,Excess Idling,10.98,False,UC-187,Aziz Bhatti Town,Zone-18,Loader Rickshaw,Aziz Bhatti Town,True,2026-08-19
60246,LR-1405,LR1405,Lahore,"Tehsil Office, Aziz Bhatti Town",LWMC-AzBT,Loader Rickshaw,Door To Door Collection,still,off,,,31.575053,74.370505,19/08/2026 07:10 AM,19/08/2026 07:30 AM,Reporting,No Activity Since Yesterday,10.62,False,UC-120,Gulberg Town,Zone-19,Loader Rickshaw,Aziz Bhatti Town,False,2026-08-19
-,LR-0178,LR0178,Lahore,"Tehsil Office, Nishter Town",LWMC-NiTo,-,-,still,off,21.422,16.28,31.277593,74.321257,19/08/2026 09:58 AM,19/08/2026 10:30 AM,Reporting,Parked,0.0,True,UC-271,Nishter Town,Zone-47,Loader Rickshaw,Nishter Town,True,2026-08-19
60062,D-62,D62,Lahore,"Tehsil Office, Nishter Town",LWMC-NiTo,Dumper (10CM),Bulk Waste Collection,moving,on,85.693,186.23,31.39034,74.354225,19/08/2026 10:55 AM,19/08/2026 11:00 AM,Reporting,Parked,0.0,True,UC-244,Nishter Town,Zone-48,Dumper,Nishter Town,True,2026-08-19
61668,LR-2281,LR2281,Lahore,"Tehsil Office, Nishter Town",LWMC-NiTo,Loader Rickshaw,Door To Door Collection,moving,on,20.651,132.26,31.444999,74.378841,19/08/2026 10:59 AM,19/08/2026 11:00 AM,Reporting,Excess Idling,0.0,True,UC-231,Nishter Town,Zone-45,Loader Rickshaw,Nishter Town,True,2026-08-19
60561,LR-1883,LR1883,Lahore,"Tehsil Office, Nishter Town",LWMC-NiTo,Loader Rickshaw,Door To Door Collection,moving,on,17.456,133.11,31.35297,74.408668,19/08/2026 10:57 AM,19/08/2026 11:00 AM,Reporting,Parked,13.73,False,UC-253,Nishter Town,Zone-49,Loader Rickshaw,Nishter Town,True,2026-08-19
-,LR-3019,LR3019,Lahore,"Tehsil Office, Nishter Town",LWMC-NiTo,-,-,moving,on,10.112,53.95,31.446594,74.310455,19/08/2026 10:25 AM,19/08/2026 11:00 AM,Reporting,Parked,11.84,False,UC-239,Nishter Town,Zone-46,Loader Rickshaw,Nishter Town,True,2026-08-19
60348,MFL-94,MFL94,Lahore,"Tehsil Office, Nishter Town",LWMC-NiTo,Tractor Loader,Bulk Waste Collection,still,off,15.462,363.23,31.386438,74.328989,19/08/2026 10:58 AM,19/08/2026 11:00 AM,Reporting,Excess Idling,14.19,False,UC-251,Nishter Town,Zone-47,Loader,Nishter Town,True,2026-08-19
-,CH-RP150K029606,CHRP150K029606,Lahore,"Tehsil Office, Nishter Town",LWMC-NiTo,-,-,still,off,24.043,108.33,31.446888,74.393026,19/08/2026 10:58 AM,19/08/2026 11:00 AM,Reporting,Parked,13.12,False,UC-249,Nishter Town,Zone-45,,Nishter Town,True,2026-08-19
-,LR-1893,LR1893,Lahore,"Tehsil Office, Nishter Town",LWMC-NiTo,-,-,moving,on,14.821,337.35,31.457267,74.347807,19/08/2026 10:11 AM,19/08/2026 10:30 AM,Reporting,Parked,11.84,False,UC-228,Nishter Town,Zone-44,Loader Rickshaw,Nishter Town,True,2026-08-19
60793,LR-2847,LR2847,Lahore,"Tehsil Office, Nishter Town",LWMC-NiTo,Loader Rickshaw,Door To Door Collection,moving,on,23.436,124.43,31.461063,74.341728,19/08/2026 10:59 AM,19/08/2026 11:00 AM,Reporting,Parked,12.1,False,UC-227,Nishter Town,Zone-44,Loader Rickshaw,Nishter Town,True,2026-08-19
60502,LR-2734,LR2734,Lahore,"Tehsil Office, Nishter Town",LWMC-NiTo,Loader Rickshaw,Door To Door Collection,moving,on,10.048,357.43,31.457986,74.440332,19/08/2026 10:41 AM,19/08/2026 11:00 AM,Reporting,Excess Idling,13.22,False,UC-194,Wagha Town,Zone-14,Loader Rickshaw,Nishter Town,False,2026-08-19
60816,LR-2201,LR2201,Lahore,"Tehsil Office, Nishter Town",LWMC-NiTo,Loader Rickshaw,Door To Door Collection,moving,on,14.596,247.0,31.442597,74.311223,19/08/2026 10:51 AM,19/08/2026 11:00 AM,Reporting,Parked,14.04,False,UC-239,Nishter Town,Zone-46,Loader Rickshaw,Nishter Town,True,2026-08-19
60849,LR-3021,LR3021,Lahore,"Tehsil Office, Nishter Town",LWMC-NiTo,Loader Rickshaw,Door To Door Collection,moving,on,18.465,380.83,31.388085,74.348929,19/08/2026 10:59 AM,19/08/2026 11:00 AM,Reporting,Parked,17.25,False,UC-244,Nishter Town,Zone-48,Loader Rickshaw,Nishter Town,True,2026-08-19
61362,LR-2713,LR2713,Lahore,"Tehsil Office, Nishter Town",LWMC-NiTo,Loader Rickshaw,Door To Door Collection,moving,on,17.541,126.7,31.444598,74.383391,19/08/2026 10:30 AM,19/08/2026 10:30 AM,Reporting,Parked,0.0,True,UC-231,Nishter Town,Zone-45,Loader Rickshaw,Nishter Town,True,2026-08-19
61256,LR-0075,LR0075,Lahore,"Tehsil Office, Nishter Town",LWMC-NiTo,Loader Rickshaw,Door To Door Collection,moving,on,14.817,364.05,31.445423,74.374775,19/08/2026 10:57 AM,19/08/2026 11:00 AM,Reporting,Moving,14.8,False,UC-231,Nishter Town,Zone-45,Loader Rickshaw,Nishter Town,True,2026-08-19
60741,LR-2857,LR2857,Lahore,"Tehsil Office, Nishter Town",LWMC-NiTo,Loader Rickshaw,Door To Door Collection,still,off,18.503,247.18,31.388648,74.344702,19/08/2026 10:07 AM,19/08/2026 10:30 AM,Reporting,Parked,11.74,False,UC-251,Nishter Town,Zone-47,Loader Rickshaw,Nishter Town,True,2026-08-19
61718,LR-1877,LR1877,Lahore,"Tehsil Office, Nishter Town",LWMC-NiTo,Loader Rickshaw,Door To Door Collection,moving,on,18.785,370.11,31.454397,74.336294,19/08/2026 10:59 AM,19/08/2026 11:00 AM,Reporting,Moving,11.23,False,UC-229,Nishter Town,Zone-44,Loader Rickshaw,Nishter Town,True,2026-08-19
22886,LR-0529,LR0529,Lahore,"Tehsil Office, Allama Iqbal Town",LWMC-AlIT,Loader Rickshaw,Door To Door Collection,still,off,23.578,133.46,31.459578,74.306453,19/08/2026 10:52 AM,19/08/2026 11:00 AM,Reporting,Excess Idling,0.0,True,UC-232,Allama Iqbal Town,Zone-39,Loader Rickshaw,Allama Iqbal Town,True,2026-08-19
59970,LR-2741,LR2741,Lahore,"Tehsil Office, Allama Iqbal Town",LWMC-AlIT,Loader Rickshaw,Door To Door Collection,moving,on,19.939,119.29,31.480104,74.234238,19/08/2026 10:57 AM,19/08/2026 11:00 AM,Reporting,Parked,6.03,False,UC-110,Allama Iqbal Town,Zone-41,Loader Rickshaw,Allama Iqbal Town,True,2026-08-19
60428,LR-2019,LR2019,Lahore,"Tehsil Office, Allama Iqbal Town",LWMC-AlIT,Loader Rickshaw,Door To Door Collection,moving,on,32.225,132.43,31.253848,74.181808,19/08/2026 10:59 AM,19/08/2026 11:00 AM,Reporting,Parked,12.25,False,UC-267,Allama Iqbal Town,Zone-43,Loader Rickshaw,Allama Iqbal Town,True,2026-08-19
60402,LR-2369,LR2369,Lahore,"Tehsil Office, Allama Iqbal Town",LWMC-AlIT,Loader Rickshaw,Door To Door Collection,moving,on,29.374,226.38,31.251083,74.212241,19/08/2026 10:58 AM,19/08/2026 11:00 AM,Reporting,Moving,,False,UC-273,Allama Iqbal Town,Zone-43,Loader Rickshaw,Allama Iqbal Town,True,2026-08-19
59888,LR-2615,LR2615,Lahore,"Tehsil Office, Allama Iqbal Town",LWMC-AlIT,Loader Rickshaw,Door To Door Collection,moving,on,26.833,231.55,31.518612,74.276858,19/08/2026 10:17 AM,19/08/2026 10:30 AM,Reporting,Parked,0.0,True,UC-97,Allama Iqbal Town,Zone-37,Loader Rickshaw,Allama Iqbal Town,True,2026-08-19
22815,LR-0218,LR0218,Lahore,"Tehsil Office, Allama Iqbal Town",LWMC-AlIT,Loader Rickshaw,Door To Door Collection,moving,on,30.394,132.0,31.407745,74.247522,19/08/2026 10:56 AM,19/08/2026 11:00 AM,Reporting,Parked,13.07,False,UC-269,Nishter Town,Zone-47,Loader Rickshaw,Allama Iqbal Town,False,2026-08-19
23011,LR-1160,LR1160,Lahore,"Tehsil Office, Allama Iqbal Town",LWMC-AlIT,Loader Rickshaw,Door To Door Collection,moving,on,31.041,234.38,31.313396,74.077169,19/08/2026 10:30 AM,19/08/2026 11:00 AM,Reporting,Excess Idling,10.87,False,UC-263,Allama Iqbal Town,Zone-42,Loader Rickshaw,Allama Iqbal Town,True,2026-08-19
59973,LR-2745,LR2745,Lahore,"Tehsil Office, Allama Iqbal Town",LWMC-AlIT,Loader Rickshaw,Door To Door Collection,moving,on,34.649,199.63,31.497932,74.25335,19/08/2026 10:59 AM,19/08/2026 11:00 AM,Reporting,Parked,0.0,True,UC-109,Allama Iqbal Town,Zone-38,Loader Rickshaw,Allama Iqbal Town,True,2026-08-19
60336,LR-2362,LR2362,Lahore,"Tehsil Office, Allama Iqbal Town",LWMC-AlIT,Loader Rickshaw,Door To Door Collection,moving,on,41.539,147.66,31.307448,74.267504,19/08/2026 10:55 AM,19/08/2026 11:00 AM,Reporting,Parked,11.33,False,UC-270,Nishter Town,Zone-47,Loader Rickshaw,Nishter Town,True,2026-08-19
22839,LR-0316,LR0316,Lahore,"Tehsil Office, Allama Iqbal Town",LWMC-AlIT,Loader Rickshaw,Door To Door Collection,moving,on,33.502,146.53,31.457152,74.207319,19/08/2026 10:56 AM,19/08/2026 11:00 AM,Reporting,Moving,14.49,False,UC-117,Allama Iqbal Town,Zone-41,Loader Rickshaw,Allama Iqbal Town,True,2026-08-19
60398,LR-0227,LR0227,Lahore,"Tehsil Office, Allama Iqbal Town",LWMC-AlIT,Loader Rickshaw,Door To Door Collection,moving,on,29.809,131.8,31.257761,74.226667,19/08/2026 10:59 AM,19/08/2026 11:00 AM,Reporting,Excess Idling,13.58,False,UC-272,Allama Iqbal Town,Zone-43,Loader Rickshaw,Allama Iqbal Town,True,2026-08-19
60337,LR-0222,LR0222,Lahore,"Tehsil Office, Allama Iqbal Town",LWMC-AlIT,Loader Rickshaw,Door To Door Collection,moving,on,32.151,121.95,31.304016,74.215448,19/08/2026 10:56 AM,19/08/2026 11:00 AM,Reporting,Moving,13.17,False,UC-268,Allama Iqbal Town,Zone-43,Loader Rickshaw,Allama Iqbal Town,True,2026-08-19
60501,S-373,S373,Lahore,"Tehsil Office, Allama Iqbal Town",LWMC-AlIT,Mini Dumper,Bulk Waste Collection,moving,on,65.049,321.8,31.401589,74.161954,19/08/2026 11:00 AM,19/08/2026 11:00 AM,Reporting,Idle,14.19,False,UC-260,Allama Iqbal Town,Zone-41,Mini Dumper,Nishter Town,False,2026-08-19
18446,CA-79,CA79,Lahore,"Tehsil Office, Allama Iqbal Town",LWMC-AlIT,Chain Arm Roll,Container-Based Collection,moving,on,123.087,356.51,31.443308,74.197352,19/08/2026 10:57 AM,19/08/2026 11:00 AM,Reporting,Moving,27.14,False,UC-258,Allama Iqbal Town,Zone-41,Chain Arm Roll,Allama Iqbal Town,True,2026-08-19
60356,LR-1019,LR1019,Lahore,"Tehsil Office, Allama Iqbal Town",LWMC-AlIT,Loader Rickshaw,Door To Door Collection,moving,on,14.328,312.16,31.435937,74.17353,19/08/2026 10:50 AM,19/08/2026 11:00 AM,Reporting,Parked,10.57,False,UC-258,Allama Iqbal Town,Zone-41,Loader Rickshaw,Allama Iqbal Town,True,2026-08-19
60120,LR-2965,LR2965,Lahore,"Tehsil Office, Allama Iqbal Town",LWMC-AlIT,Loader Rickshaw,Door To Door Collection,moving,on,42.652,228.69,31.475467,74.227826,19/08/2026 10:59 AM,19/08/2026 11:00 AM,Reporting,Parked,0.0,True,UC-110,Allama Iqbal Town,Zone-41,,Allama Iqbal Town,True,2026-08-19
19653,S-142,S142,Lahore,"Tehsil Office, Allama Iqbal Town",LWMC-AlIT,Mini Dumper,Bulk Waste Collection,moving,on,47.917,154.06,31.366366,74.231336,19/08/2026 10:59 AM,19/08/2026 11:00 AM,Reporting,Parked,13.53,False,UC-269,Nishter Town,Zone-47,Mini Dumper,Allama Iqbal Town,False,2026-08-19
-,LR-3114,LR3114,Lahore,"Tehsil Office, Allama Iqbal Town",LWMC-AlIT,-,-,moving,on,19.974,377.19,31.388619,74.345008,19/08/2026 09:59 AM,19/08/2026 10:30 AM,Reporting,Excess Idling,11.33,False,UC-244,Nishter Town,Zone-48,,Allama Iqbal Town,False,2026-08-19
-,LR-2972,LR2972,Lahore,"Tehsil Office, Allama Iqbal Town",LWMC-AlIT,-,-,moving,on,23.841,84.09,31.319206,74.436213,19/08/2026 10:58 AM,19/08/2026 11:00 AM,Reporting,Parked,0.0,True,UC-253,Nishter Town,Zone-49,,Allama Iqbal Town,False,2026-08-19
59889,LR-2616,LR2616,Lahore,"Tehsil Office, Allama Iqbal Town",LWMC-AlIT,Loader Rickshaw,Door To Door Collection,still,off,25.016,310.75,31.532664,74.257223,19/08/2026 10:59 AM,19/08/2026 11:00 AM,Reporting,Parked,0.0,True,,,,Loader Rickshaw,Allama Iqbal Town,False,2026-08-19
59939,LR-2644,LR2644,Lahore,"Tehsil Office, Allama Iqbal Town",LWMC-AlIT,Loader Rickshaw,Door To Door Collection,still,off,25.822,104.68,31.464044,74.297942,19/08/2026 10:44 AM,19/08/2026 11:00 AM,Reporting,Parked,12.15,False,UC-222,Allama Iqbal Town,Zone-39,Loader Rickshaw,Allama Iqbal Town,True,2026-08-19
59341,LR-2014,LR2014,Lahore,"Tehsil Office, Allama Iqbal Town",LWMC-AlIT,Loader Rickshaw,Door To Door Collection,moving,on,34.247,169.63,31.331703,74.110484,19/08/2026 10:58 AM,19/08/2026 11:00 AM,Reporting,Moving,0.0,True,UC-262,Allama Iqbal Town,Zone-42,Loader Rickshaw,Allama Iqbal Town,True,2026-08-19
22788,LR-0167,LR0167,Lahore,"Tehsil Office, Allama Iqbal Town",LWMC-AlIT,Loader Rickshaw,Door To Door Collection,moving,on,21.277,314.31,31.405476,74.222379,19/08/2026 10:50 AM,19/08/2026 11:00 AM,Reporting,Parked,11.64,False,UC-269,Nishter Town,Zone-47,Loader Rickshaw,Allama Iqbal Town,False,2026-08-19
18381,HA-20,HA20,Lahore,"Tehsil Office, Allama Iqbal Town",LWMC-AlIT,Arm Roll Truck,Container-Based Collection,moving,on,115.811,379.05,31.272768,74.187937,19/08/2026 11:00 AM,19/08/2026 11:00 AM,Reporting,Moving,28.93,False,UC-273,Allama Iqbal Town,Zone-43,Arm Roll,Allama Iqbal Town,True,2026-08-19
59968,LR-2740,LR2740,Lahore,"Tehsil Office, Allama Iqbal Town",LWMC-AlIT,Loader Rickshaw,Door To Door Collection,moving,on,19.563,250.16,31.393648,74.274432,19/08/2026 10:11 AM,19/08/2026 10:30 AM,Reporting,Parked,0.0,True,UC-257,Allama Iqbal Town,Zone-40,Loader Rickshaw,Allama Iqbal Town,True,2026-08-19
-,LR-2918,LR2918,Lahore,"Tehsil Office, Allama Iqbal Town",LWMC-AlIT,-,-,moving,on,26.309,283.93,31.388753,74.344341,19/08/2026 10:51 AM,19/08/2026 11:00 AM,Reporting,Moving,9.6,False,UC-251,Nishter Town,Zone-47,,Allama Iqbal Town,False,2026-08-19
60154,LR-2981,LR2981,Lahore,"Tehsil Office, Allama Iqbal Town",LWMC-AlIT,Loader Rickshaw,Door To Door Collection,moving,on,36.816,141.59,31.467918,74.259126,19/08/2026 10:55 AM,19/08/2026 11:00 AM,Reporting,Excess Idling,15.46,False,UC-114,Allama Iqbal Town,Zone-40,,Allama Iqbal Town,True,2026-08-19
60084,LR-2932,LR2932,Lahore,"Tehsil Office, Allama Iqbal Town",LWMC-AlIT,Loader Rickshaw,Door To Door Collection,moving,on,17.258,368.55,31.478434,74.218002,19/08/2026 10:57 AM,19/08/2026 11:00 AM,Reporting,Idle,12.76,False,UC-117,Allama Iqbal Town,Zone-41,,Allama Iqbal Town,True,2026-08-19
22835,LR-0274,LR0274,Lahore,"Tehsil Office, Allama Iqbal Town",LWMC-AlIT,Loader Rickshaw,Door To Door Collection,moving,on,28.927,233.73,31.459852,74.201721,19/08/2026 10:52 AM,19/08/2026 11:00 AM,Reporting,Parked,11.88,False,UC-117,Allama Iqbal Town,Zone-41,Loader Rickshaw,Allama Iqbal Town,True,2026-08-19
61353,LR-1300,LR1300,Lahore,"Tehsil Office, Shalimar Town",LWMC-ShTo,Loader Rickshaw,Door To Door Collection,still,off,4.106,1.85,31.608692,74.376022,19/08/2026 10:50 AM,19/08/2026 11:00 AM,Reporting,Parked,0.0,True,UC-108,Wagha Town,Zone-13,Loader Rickshaw,Shalimar Town,False,2026-08-19
61635,M-114,M114,Lahore,"Tehsil Office, Shalimar Town",LWMC-ShTo,Mini Dumper,Door To Door Collection,still,off,31.525,148.69,31.573866,74.28768,19/08/2026 09:26 AM,19/08/2026 10:00 AM,Reporting,Parked,13.58,False,UC-56,DGBT,Zone-29,Foton-Mini Dumper,Shalimar Town,False,2026-08-19
61523,LR-1305,LR1305,Lahore,"Tehsil Office, Shalimar Town",LWMC-ShTo,Loader Rickshaw,Door To Door Collection,still,off,12.4,96.79,31.58862,74.341138,19/08/2026 10:58 AM,19/08/2026 11:00 AM,Reporting,Parked,0.0,True,UC-46,Shalimar Town,Zone-7,Loader Rickshaw,Shalimar Town,True,2026-08-19
61496,S-230,S230,Lahore,"Tehsil Office, Shalimar Town",LWMC-ShTo,Mini Dumper,Door To Door Collection,moving,on,24.594,93.38,31.603397,74.369222,19/08/2026 10:59 AM,19/08/2026 11:00 AM,Reporting,Parked,12.2,False,UC-163,Shalimar Town,Zone-9,Mini Dumper,Shalimar Town,True,2026-08-19
25311,LR-0851,LR0851,Lahore,"Tehsil Office, Shalimar Town",LWMC-ShTo,Loader Rickshaw,Door To Door Collection,moving,on,13.19,54.16,31.581495,74.384879,19/08/2026 10:45 AM,19/08/2026 11:00 AM,Reporting,Parked,16.79,False,UC-153,Shalimar Town,Zone-10,Loader Rickshaw,Shalimar Town,True,2026-08-19
23330,LR-0965,LR0965,Lahore,"Tehsil Office, Shalimar Town",LWMC-ShTo,Loader Rickshaw,Door To Door Collection,still,off,22.501,158.68,31.586227,74.374042,19/08/2026 10:33 AM,19/08/2026 11:00 AM,Reporting,Parked,13.78,False,UC-128,Shalimar Town,Zone-10,Loader Rickshaw,Shalimar Town,True,2026-08-19
25317,LR-0859,LR0859,Lahore,"Tehsil Office, Shalimar Town",LWMC-ShTo,Loader Rickshaw,Door To Door Collection,moving,on,19.371,241.44,31.599319,74.357553,19/08/2026 10:57 AM,19/08/2026 11:00 AM,Reporting,Parked,14.09,False,UC-161,Shalimar Town,Zone-9,Loader Rickshaw,Shalimar Town,True,2026-08-19
61557,LR-0488,LR0488,Lahore,"Tehsil Office, Shalimar Town",LWMC-ShTo,Loader Rickshaw,Door To Door Collection,moving,on,26.448,140.26,31.60864,74.380086,19/08/2026 11:00 AM,19/08/2026 11:00 AM,Reporting,Moving,12.76,False,UC-108,Wagha Town,Zone-13,Loader Rickshaw,Shalimar Town,False,2026-08-19
62156,LR-2500,LR2500,Lahore,"Tehsil Office, Shalimar Town",LWMC-ShTo,Loader Rickshaw,Door To Door Collection,moving,on,30.926,238.73,31.581956,74.376581,19/08/2026 09:52 AM,19/08/2026 10:00 AM,Reporting,Parked,13.53,False,UC-121,Shalimar Town,Zone-10,Loader Rickshaw,Shalimar Town,True,2026-08-19
61582,S-387,S387,Lahore,"Tehsil Office, Shalimar Town",LWMC-ShTo,Mini Dumper,Door To Door Collection,moving,on,37.394,190.53,31.608567,74.367499,19/08/2026 11:00 AM,19/08/2026 11:00 AM,Reporting,Parked,12.3,False,UC-108,Wagha Town,Zone-13,Mini Dumper,Shalimar Town,False,2026-08-19
25282,LR-0562,LR0562,Lahore,"Tehsil Office, Shalimar Town",LWMC-ShTo,Loader Rickshaw,Door To Door Collection,moving,on,23.244,116.23,31.59481,74.336597,19/08/2026 10:58 AM,19/08/2026 11:00 AM,Reporting,Parked,0.0,True,UC-45,Shalimar Town,Zone-6,Loader Rickshaw,Shalimar Town,True,2026-08-19
25301,LR-0674,LR0674,Lahore,"Tehsil Office, Shalimar Town",LWMC-ShTo,Loader Rickshaw,Door To Door Collection,moving,on,24.576,335.14,31.586349,74.375657,19/08/2026 11:00 AM,19/08/2026 11:00 AM,Reporting,Parked,11.69,False,UC-128,Shalimar Town,Zone-10,Loader Rickshaw,Shalimar Town,True,2026-08-19
59867,MFT-06,MFT06,Lahore,"Tehsil Office, Gulberg Town",LWMC-GuTo,Tractor Trolley,Bulk Waste Collection,moving,on,35.903,132.4,31.518266,74.325998,19/08/2026 10:47 AM,19/08/2026 11:00 AM,Reporting,Moving,15.06,False,UC-208,Gulberg Town,Zone-23,Tractor Trolley,Gulberg Town,True,2026-08-19
-,LR-3104,LR3104,Lahore,"Tehsil Office, Gulberg Town",LWMC-GuTo,-,-,still,off,12.106,58.35,31.388498,74.344982,19/08/2026 10:39 AM,19/08/2026 11:00 AM,Reporting,Idle,0.0,True,UC-244,Nishter Town,Zone-48,,Gulberg Town,False,2026-08-19
61282,LR-1998,LR1998,Lahore,"Tehsil Office, Gulberg Town",LWMC-GuTo,Loader Rickshaw,Door To Door Collection,moving,on,23.268,278.98,31.460353,74.339879,19/08/2026 10:59 AM,19/08/2026 11:00 AM,Reporting,Excess Idling,12.4,False,UC-227,Nishter Town,Zone-44,Loader Rickshaw,Gulberg Town,False,2026-08-19
61840,LR-1416,LR1416,Lahore,"Tehsil Office, Data Gunj Baksh Town",LWMC-DaGB,Loader Rickshaw,Door To Door Collection,moving,on,28.418,118.28,31.592476,74.258956,19/08/2026 09:33 AM,19/08/2026 10:00 AM,Reporting,Parked,6.23,False,UC-5,Ravi Town,Zone-1,Loader Rickshaw,DGBT,False,2026-08-19
19754,S-164,S164,Lahore,"Tehsil Office, Data Gunj Baksh Town",LWMC-DaGB,Mini Dumper,Bulk Waste Collection,moving,on,37.384,160.31,31.57333,74.292092,19/08/2026 10:40 AM,19/08/2026 11:00 AM,Reporting,Parked,11.94,False,UC-59,DGBT,Zone-29,Mini Dumper,DGBT,True,2026-08-19
19741,S-70,S70,Lahore,"Tehsil Office, Data Gunj Baksh Town",LWMC-DaGB,Mini Dumper,Bulk Waste Collection,moving,on,16.771,114.36,31.573196,74.292273,19/08/2026 10:30 AM,19/08/2026 11:00 AM,Reporting,Parked,12.71,False,UC-59,DGBT,Zone-29,Mini Dumper,DGBT,True,2026-08-19
-,LR-0691,LR0691,Lahore,"Tehsil Office, Data Gunj Baksh Town",LWMC-DaGB,-,-,moving,on,0.404,1.63,31.593056,74.259399,19/08/2026 04:58 AM,19/08/2026 05:30 AM,Reporting,No Activity Since Yesterday,8.12,False,UC-5,Ravi Town,Zone-1,Loader Rickshaw,DGBT,False,2026-08-19
19780,S-72,S72,Lahore,"Tehsil Office, Data Gunj Baksh Town",LWMC-DaGB,Mini Dumper,Bulk Waste Collection,moving,on,25.219,130.84,31.553609,74.285306,19/08/2026 10:59 AM,19/08/2026 11:00 AM,Reporting,Parked,13.83,False,UC-72,DGBT,Zone-30,Mini Dumper,DGBT,True,2026-08-19
41283,LR-1675,LR1675,Lahore,"Tehsil Office, Samnabad Town",LWMC-SaTo,Loader Rickshaw,Door To Door Collection,moving,on,19.84,135.59,31.535239,74.317434,19/08/2026 10:38 AM,19/08/2026 11:00 AM,Reporting,Parked,11.33,False,UC-84,Samnabad Town,Zone-34,Loader Rickshaw,Samnabad Town,True,2026-08-19
41355,LR-2256,LR2256,Lahore,"Tehsil Office, Samnabad Town",LWMC-SaTo,Loader Rickshaw,Door To Door Collection,moving,on,39.876,373.86,31.525917,74.292776,19/08/2026 10:59 AM,19/08/2026 11:00 AM,Reporting,Moving,13.98,False,UC-107,Samnabad Town,Zone-35,Loader Rickshaw,Samnabad Town,True,2026-08-19
60432,MFL-54,MFL54,Lahore,"Tehsil Office, Samnabad Town",LWMC-SaTo,Loader,Bulk Waste Collection,still,off,18.969,300.81,31.57277,74.275283,19/08/2026 09:58 AM,19/08/2026 10:30 AM,Reporting,Excess Idling,9.75,False,UC-71,Samnabad Town,Zone-31,Loader,Samnabad Town,True,2026-08-19
41292,LR-1894,LR1894,Lahore,"Tehsil Office, Samnabad Town",LWMC-SaTo,Loader Rickshaw,Door To Door Collection,still,off,41.181,337.13,31.534318,74.288832,19/08/2026 10:59 AM,19/08/2026 11:00 AM,Reporting,Parked,11.84,False,UC-94,Samnabad Town,Zone-32,Loader Rickshaw,Samnabad Town,True,2026-08-19
41316,LR-1868,LR1868,Lahore,"Tehsil Office, Samnabad Town",LWMC-SaTo,Loader Rickshaw,Door To Door Collection,moving,on,24.869,355.26,31.552713,74.279329,19/08/2026 10:33 AM,19/08/2026 11:00 AM,Reporting,Moving,14.19,False,UC-75,Samnabad Town,Zone-31,Loader Rickshaw,Samnabad Town,True,2026-08-19
59899,LR-2807,LR2807,Lahore,"Tehsil Office, Samnabad Town",LWMC-SaTo,Loader Rickshaw,Door To Door Collection,still,off,24.825,288.58,31.506906,74.278011,19/08/2026 10:59 AM,19/08/2026 11:00 AM,Reporting,Excess Idling,0.0,True,UC-215,Samnabad Town,Zone-36,Loader Rickshaw,Samnabad Town,True,2026-08-19
59555,CA-148,CA148,Lahore,"Tehsil Office, Aziz Bhatti Town",LWMC-AzBT,Chain Arm Roll,Container-Based Collection,moving,on,122.723,350.85,31.595566,74.402286,19/08/2026 10:57 AM,19/08/2026 11:00 AM,Reporting,Parked,25.97,False,UC-138,Wagha Town,Zone-12,Chain Arm Roll,Aziz Bhatti Town,False,2026-08-19
60351,MFL-71,MFL71,Lahore,"Tehsil Office, Nishter Town",LWMC-NiTo,Tractor Loader,Bulk Waste Collection,moving,on,17.831,347.13,31.390338,74.315703,19/08/2026 10:10 AM,19/08/2026 11:00 AM,Reporting,Excess Idling,13.63,False,UC-251,Nishter Town,Zone-47,Loader,Nishter Town,True,2026-08-19
19885,M-55,M55,Lahore,"Tehsil Office, Nishter Town",LWMC-NiTo,Mini Dumper,Bulk Waste Collection,moving,on,55.01,173.76,31.429377,74.296721,19/08/2026 11:00 AM,19/08/2026 11:00 AM,Reporting,Parked,14.55,False,UC-240,Nishter Town,Zone-46,Foton-Mini Dumper,Nishter Town,True,2026-08-19
61717,LR-2347,LR2347,Lahore,"Tehsil Office, Nishter Town",LWMC-NiTo,Loader Rickshaw,Door To Door Collection,moving,on,30.78,120.68,31.422377,74.305523,19/08/2026 10:09 AM,19/08/2026 11:00 AM,Reporting,Excess Idling,11.89,False,UC-240,Nishter Town,Zone-46,Loader Rickshaw,Nishter Town,True,2026-08-19
60961,LR-0001,LR0001,Lahore,"Tehsil Office, Nishter Town",LWMC-NiTo,Loader Rickshaw,Door To Door Collection,moving,on,28.416,136.58,31.411194,74.366863,19/08/2026 10:59 AM,19/08/2026 11:00 AM,Reporting,Excess Idling,14.65,False,UC-245,Nishter Town,Zone-48,Loader Rickshaw,Nishter Town,True,2026-08-19
60454,LR-1354,LR1354,Lahore,"Tehsil Office, Nishter Town",LWMC-NiTo,Loader Rickshaw,Door To Door Collection,moving,on,34.053,379.69,31.408901,74.353066,19/08/2026 10:51 AM,19/08/2026 11:00 AM,Reporting,Excess Idling,12.25,False,UC-244,Nishter Town,Zone-48,Loader Rickshaw,Nishter Town,True,2026-08-19
60414,LR-1089,LR1089,Lahore,"Tehsil Office, Allama Iqbal Town",LWMC-AlIT,Loader Rickshaw,Door To Door Collection,still,off,28.83,101.71,31.311747,74.161722,19/08/2026 10:19 AM,19/08/2026 11:00 AM,Reporting,Moving,0.0,True,UC-264,Allama Iqbal Town,Zone-42,Loader Rickshaw,Allama Iqbal Town,True,2026-08-19
62001,LR-2341,LR2341,Lahore,"Tehsil Office, Shalimar Town",LWMC-ShTo,Loader Rickshaw,Door To Door Collection,moving,on,19.176,285.56,31.580315,74.39062,19/08/2026 10:58 AM,19/08/2026 11:00 AM,Reporting,Parked,0.0,True,UC-154,Shalimar Town,Zone-10,Loader Rickshaw,Shalimar Town,True,2026-08-19
-,LR-2094,LR2094,Lahore,"Tehsil Office, Shalimar Town",LWMC-ShTo,-,-,still,off,0.731,,31.608488,74.37447,19/08/2026 10:48 AM,19/08/2026 11:00 AM,Reporting,No Activity Since Yesterday,0.0,True,UC-108,Wagha Town,Zone-13,Loader Rickshaw,Shalimar Town,False,2026-08-19
61020,LR-1791,LR1791,Lahore,"Tehsil Office, Shalimar Town",LWMC-ShTo,Loader Rickshaw,Door To Door Collection,moving,on,18.767,270.18,31.585692,74.333048,19/08/2026 10:28 AM,19/08/2026 11:00 AM,Reporting,Excess Idling,0.0,True,UC-30,Ravi Town,Zone-4,Loader Rickshaw,Shalimar Town,False,2026-08-19
60446,LR-2884,LR2884,Lahore,"Tehsil Office, Shalimar Town",LWMC-ShTo,Loader Rickshaw,Door To Door Collection,still,off,23.543,317.73,31.590467,74.373628,19/08/2026 10:58 AM,19/08/2026 11:00 AM,Reporting,Parked,0.0,True,UC-129,Shalimar Town,Zone-9,Loader Rickshaw,Shalimar Town,True,2026-08-19
62169,LR-2105,LR2105,Lahore,"Tehsil Office, Shalimar Town",LWMC-ShTo,Loader Rickshaw,Door To Door Collection,still,off,19.559,206.78,31.579137,74.390912,19/08/2026 10:58 AM,19/08/2026 11:03 AM,Reporting,Parked,11.59,False,UC-154,Shalimar Town,Zone-10,Loader Rickshaw,Shalimar Town,True,2026-08-19
-,CH-SW250549CL3,CHSW250549CL3,Lahore,"Tehsil Office, Gulberg Town",LWMC-GuTo,-,-,moving,on,11.507,226.34,31.353729,74.395306,19/08/2026 10:34 AM,19/08/2026 11:00 AM,Reporting,Parked,11.08,False,UC-248,Nishter Town,Zone-49,,Gulberg Town,False,2026-08-19
60795,LR-0034,LR0034,Lahore,"Tehsil Office, Samnabad Town",LWMC-SaTo,Loader Rickshaw,Door To Door Collection,moving,on,31.881,365.61,31.523902,74.285296,19/08/2026 10:41 AM,19/08/2026 11:00 AM,Reporting,Excess Idling,10.36,False,UC-212,Samnabad Town,Zone-36,Loader Rickshaw,Samnabad Town,True,2026-08-19
60324,LR-1107,LR1107,Lahore,"Tehsil Office, Allama Iqbal Town",LWMC-AlIT,Loader Rickshaw,Door To Door Collection,moving,on,26.082,340.81,31.257552,74.219394,19/08/2026 10:44 AM,19/08/2026 11:00 AM,Reporting,Excess Idling,12.56,False,UC-272,Allama Iqbal Town,Zone-43,Loader Rickshaw,Allama Iqbal Town,True,2026-08-19
60395,LR-0055,LR0055,Lahore,"Tehsil Office, Allama Iqbal Town",LWMC-AlIT,Loader Rickshaw,Door To Door Collection,moving,on,39.279,624.39,31.272546,74.188023,19/08/2026 10:59 AM,19/08/2026 11:00 AM,Reporting,Excess Idling,12.0,False,UC-273,Allama Iqbal Town,Zone-43,Loader Rickshaw,Allama Iqbal Town,True,2026-08-19
61051,LR-2342,LR2342,Lahore,"Tehsil Office, Shalimar Town",LWMC-ShTo,Loader Rickshaw,Door To Door Collection,moving,on,10.897,142.09,31.589782,74.336868,19/08/2026 10:59 AM,19/08/2026 11:00 AM,Reporting,Parked,12.1,False,UC-47,Shalimar Town,Zone-7,Loader Rickshaw,Shalimar Town,True,2026-08-19
61158,LR-1616,LR1616,Lahore,"Tehsil Office, Ravi Town",LWMC-RaTo,Loader Rickshaw,Door To Door Collection,still,off,9.562,354.19,31.590999,74.320726,19/08/2026 10:57 AM,19/08/2026 11:00 AM,Reporting,Moving,12.0,False,UC-17,Ravi Town,Zone-4,Loader Rickshaw,Ravi Town,True,2026-08-19
23474,LR-419,LR419,Lahore,"Tehsil Office, Ravi Town",LWMC-RaTo,Loader Rickshaw,Door To Door Collection,moving,on,26.974,283.96,31.639482,74.308565,19/08/2026 10:59 AM,19/08/2026 11:00 AM,Reporting,Parked,0.0,True,,,,Loader Rickshaw,Ravi Town,False,2026-08-19
61619,LR-2843,LR2843,Lahore,"Tehsil Office, Nishter Town",LWMC-NiTo,Loader Rickshaw,Door To Door Collection,still,off,23.305,155.16,31.438543,74.351336,19/08/2026 10:50 AM,19/08/2026 11:00 AM,Reporting,Parked,11.13,False,UC-243,Nishter Town,Zone-44,Loader Rickshaw,Nishter Town,True,2026-08-19
19686,S-320,S320,Lahore,"Tehsil Office, Allama Iqbal Town",LWMC-AlIT,Mini Dumper,Bulk Waste Collection,moving,on,30.443,101.65,31.475631,74.289099,19/08/2026 10:58 AM,19/08/2026 11:00 AM,Reporting,Moving,11.28,False,UC-220,Allama Iqbal Town,Zone-39,Mini Dumper,Allama Iqbal Town,True,2026-08-19
-,LR-2118,LR2118,Lahore,"Tehsil Office, Ravi Town",LWMC-RaTo,-,-,moving,on,13.073,48.68,31.630649,74.28523,19/08/2026 10:41 AM,19/08/2026 11:00 AM,Reporting,Moving,11.18,False,,,,Loader Rickshaw,Ravi Town,False,2026-08-19
59589,LR-2163,LR2163,Lahore,"Tehsil Office, Wahgha Town",LWMC-WaTo,Loader Rickshaw,Door To Door Collection,moving,on,11.77,54.68,31.482592,74.505556,19/08/2026 11:00 AM,19/08/2026 11:00 AM,Reporting,Idle,11.59,False,UC-193,Wagha Town,Zone-14,Loader Rickshaw,Wagha Town,True,2026-08-19
59579,LR-2955,LR2955,Lahore,"Tehsil Office, Wahgha Town",LWMC-WaTo,Loader Rickshaw,Door To Door Collection,moving,on,24.057,315.91,31.589841,74.430555,19/08/2026 10:58 AM,19/08/2026 11:00 AM,Reporting,Parked,11.74,False,UC-175,Wagha Town,Zone-12,,Wagha Town,True,2026-08-19
59384,LR-2901,LR2901,Lahore,"Tehsil Office, Wahgha Town",LWMC-WaTo,Loader Rickshaw,Door To Door Collection,moving,on,22.328,207.83,31.488625,74.47537,19/08/2026 10:58 AM,19/08/2026 11:00 AM,Reporting,Parked,11.18,False,UC-194,Wagha Town,Zone-14,Loader Rickshaw,Wagha Town,True,2026-08-19
19858,M-60,M60,Lahore,"Tehsil Office, Nishter Town",LWMC-NiTo,Mini Dumper,Bulk Waste Collection,moving,on,71.823,196.09,31.449604,74.349236,19/08/2026 10:58 AM,19/08/2026 11:00 AM,Reporting,Parked,12.76,False,UC-228,Nishter Town,Zone-44,Foton-Mini Dumper,Nishter Town,True,2026-08-19
60074,D-63,D63,Lahore,"Tehsil Office, Nishter Town",LWMC-NiTo,Dumper (5CM),Bulk Waste Collection,moving,on,62.588,243.63,31.438916,74.359331,19/08/2026 10:57 AM,19/08/2026 11:00 AM,Reporting,Moving,28.16,False,UC-242,Nishter Town,Zone-45,Dumper,Nishter Town,True,2026-08-19
-,LR-2688,LR2688,Lahore,"Tehsil Office, Nishter Town",LWMC-NiTo,-,-,still,off,17.406,273.28,31.437296,74.308489,19/08/2026 10:57 AM,19/08/2026 11:00 AM,Reporting,Parked,12.05,False,UC-237,Nishter Town,Zone-46,Loader Rickshaw,Nishter Town,True,2026-08-19
62010,LR-1360,LR1360,Lahore,"Tehsil Office, Nishter Town",LWMC-NiTo,Loader Rickshaw,Door To Door Collection,still,off,31.752,84.15,31.423448,74.374468,19/08/2026 10:57 AM,19/08/2026 11:00 AM,Reporting,Parked,14.29,False,UC-254,Nishter Town,Zone-45,Loader Rickshaw,Nishter Town,True,2026-08-19
59315,D-41,D41,Lahore,"Tehsil Office, Allama Iqbal Town",LWMC-AlIT,Dumper (5CM),Bulk Waste Collection,moving,on,105.206,231.61,31.434019,74.178176,19/08/2026 10:59 AM,19/08/2026 11:00 AM,Reporting,Parked,25.15,False,UC-258,Allama Iqbal Town,Zone-41,Dumper,Allama Iqbal Town,True,2026-08-19
61975,LR-2081,LR2081,Lahore,"Tehsil Office, Shalimar Town",LWMC-ShTo,Loader Rickshaw,Door To Door Collection,moving,on,12.14,124.79,31.595777,74.356656,19/08/2026 10:59 AM,19/08/2026 11:00 AM,Reporting,Parked,10.57,False,UC-161,Shalimar Town,Zone-9,Loader Rickshaw,Shalimar Town,True,2026-08-19
-,LR-2546,LR2546,Lahore,"Tehsil Office, Data Gunj Baksh Town",LWMC-DaGB,-,-,moving,on,46.709,184.44,31.592508,74.255624,19/08/2026 10:58 AM,19/08/2026 11:00 AM,Reporting,Moving,11.79,False,UC-1,Ravi Town,Zone-1,Loader Rickshaw,DGBT,False,2026-08-19
60874,SD-14,SD14,Lahore,"Tehsil Office, Samnabad Town",LWMC-SaTo,Dumper (10CM),Bulk Waste Collection,moving,on,57.935,192.16,31.571113,74.284222,19/08/2026 10:58 AM,19/08/2026 11:00 AM,Reporting,Moving,28.26,False,UC-60,DGBT,Zone-29,Dumper,Samnabad Town,False,2026-08-19
61754,LR-1831,LR1831,Lahore,"Tehsil Office, Ravi Town",LWMC-RaTo,Loader Rickshaw,Door To Door Collection,still,off,15.031,87.4,31.620337,74.300655,19/08/2026 10:58 AM,19/08/2026 11:00 AM,Reporting,Parked,13.17,False,UC-13,Ravi Town,Zone-2,Loader Rickshaw,Ravi Town,True,2026-08-19
19294,LR-0246,LR0246,Lahore,"Tehsil Office, Ravi Town",LWMC-RaTo,Loader Rickshaw,Bulk Waste Collection,still,off,13.005,316.6,31.590872,74.317239,19/08/2026 10:58 AM,19/08/2026 11:00 AM,Reporting,Parked,11.49,False,UC-17,Ravi Town,Zone-4,Loader Rickshaw,Ravi Town,True,2026-08-19
61114,LR-1618,LR1618,Lahore,"Tehsil Office, Ravi Town",LWMC-RaTo,Loader Rickshaw,Door To Door Collection,still,off,8.431,233.34,31.591194,74.320401,19/08/2026 10:57 AM,19/08/2026 11:00 AM,Reporting,Parked,11.79,False,UC-17,Ravi Town,Zone-4,Loader Rickshaw,Ravi Town,True,2026-08-19
60172,LR-1233,LR1233,Lahore,"Tehsil Office, Ravi Town",LWMC-RaTo,Loader Rickshaw,Door To Door Collection,still,off,13.507,297.3,31.60252,74.317562,19/08/2026 10:59 AM,19/08/2026 11:00 AM,Reporting,Excess Idling,12.2,False,UC-19,Ravi Town,Zone-3,Loader Rickshaw,Ravi Town,True,2026-08-19
61467,LR-1228,LR1228,Lahore,"Tehsil Office, Ravi Town",LWMC-RaTo,Loader Rickshaw,Door To Door Collection,moving,on,3.806,249.33,31.588808,74.318902,19/08/2026 10:59 AM,19/08/2026 11:00 AM,Reporting,Parked,10.87,False,UC-17,Ravi Town,Zone-4,Loader Rickshaw,Ravi Town,True,2026-08-19
61393,LR-1608,LR1608,Lahore,"Tehsil Office, Ravi Town",LWMC-RaTo,Loader Rickshaw,Door To Door Collection,still,off,12.61,288.68,31.606867,74.327906,19/08/2026 10:58 AM,19/08/2026 11:00 AM,Reporting,Idle,11.33,False,UC-21,Ravi Town,Zone-3,Loader Rickshaw,Ravi Town,True,2026-08-19
19924,S-374,S374,Lahore,"Tehsil Office, Ravi Town",LWMC-RaTo,Mini Dumper,Bulk Waste Collection,moving,on,29.582,368.14,31.590986,74.320865,19/08/2026 11:00 AM,19/08/2026 11:00 AM,Reporting,Idle,12.66,False,UC-17,Ravi Town,Zone-4,Mini Dumper,Ravi Town,True,2026-08-19
18480,CA-157,CA157,Lahore,"Tehsil Office, Ravi Town",LWMC-RaTo,Chain Arm Roll,Container-Based Collection,still,off,104.617,330.83,31.635704,74.285577,19/08/2026 10:58 AM,19/08/2026 11:00 AM,Reporting,Excess Idling,25.26,False,UC-8,Ravi Town,Zone-2,Chain Arm Roll,Ravi Town,True,2026-08-19
19929,S-227,S227,Lahore,"Tehsil Office, Ravi Town",LWMC-RaTo,Mini Dumper,Bulk Waste Collection,moving,on,28.226,167.65,31.629089,74.312349,19/08/2026 10:57 AM,19/08/2026 11:00 AM,Reporting,Moving,14.29,False,UC-14,Ravi Town,Zone-2,Mini Dumper,Ravi Town,True,2026-08-19
61092,LR-1247,LR1247,Lahore,"Tehsil Office, Ravi Town",LWMC-RaTo,Loader Rickshaw,Door To Door Collection,still,off,0.112,0.34,31.590567,74.317941,19/08/2026 09:35 AM,19/08/2026 11:00 AM,Reporting,No Activity Since Yesterday,11.79,False,UC-17,Ravi Town,Zone-4,Loader Rickshaw,Ravi Town,True,2026-08-19
19906,S-54,S54,Lahore,"Tehsil Office, Ravi Town",LWMC-RaTo,Mini Dumper,Bulk Waste Collection,still,off,28.585,150.81,31.609203,74.326309,19/08/2026 10:57 AM,19/08/2026 11:00 AM,Reporting,Parked,11.79,False,UC-21,Ravi Town,Zone-3,Mini Dumper,Ravi Town,True,2026-08-19
59216,LR-1535,LR1535,Lahore,"Tehsil Office, Wahgha Town",LWMC-WaTo,Loader Rickshaw,Door To Door Collection,moving,on,21.771,329.85,31.529463,74.486797,19/08/2026 10:57 AM,19/08/2026 11:00 AM,Reporting,Parked,13.47,False,UC-193,Wagha Town,Zone-14,Loader Rickshaw,Wagha Town,True,2026-08-19
59211,LR-1777,LR1777,Lahore,"Tehsil Office, Wahgha Town",LWMC-WaTo,Loader Rickshaw,Door To Door Collection,still,off,22.263,168.65,31.391309,74.571464,19/08/2026 08:48 AM,19/08/2026 09:00 AM,Reporting,Parked,11.89,False,UC-191,Wagha Town,Zone-14,Loader Rickshaw,Wagha Town,True,2026-08-19
59625,LR-2150,LR2150,Lahore,"Tehsil Office, Wahgha Town",LWMC-WaTo,Loader Rickshaw,Door To Door Collection,still,off,22.548,80.75,31.439014,74.543312,19/08/2026 11:00 AM,19/08/2026 11:00 AM,Reporting,Parked,12.76,False,UC-191,Wagha Town,Zone-14,Loader Rickshaw,Wagha Town,True,2026-08-19
59577,LR-1836,LR1836,Lahore,"Tehsil Office, Wahgha Town",LWMC-WaTo,Loader Rickshaw,Door To Door Collection,still,off,28.648,279.86,31.517684,74.504129,19/08/2026 10:58 AM,19/08/2026 11:00 AM,Reporting,Parked,11.84,False,UC-180,Wagha Town,Zone-14,Loader Rickshaw,Wagha Town,True,2026-08-19
59209,LR-1784,LR1784,Lahore,"Tehsil Office, Wahgha Town",LWMC-WaTo,Loader Rickshaw,Door To Door Collection,still,off,27.266,149.09,31.516837,74.504188,19/08/2026 10:58 AM,19/08/2026 11:00 AM,Reporting,Parked,12.25,False,UC-180,Wagha Town,Zone-14,Loader Rickshaw,Wagha Town,True,2026-08-19
59532,LR-1779,LR1779,Lahore,"Tehsil Office, Wahgha Town",LWMC-WaTo,Loader Rickshaw,Door To Door Collection,moving,on,26.812,81.54,31.518604,74.504044,19/08/2026 10:58 AM,19/08/2026 11:00 AM,Reporting,Parked,13.73,False,UC-180,Wagha Town,Zone-14,Loader Rickshaw,Wagha Town,True,2026-08-19
59203,LR-2160,LR2160,Lahore,"Tehsil Office, Wahgha Town",LWMC-WaTo,Loader Rickshaw,Door To Door Collection,moving,on,14.047,217.06,31.527848,74.542271,19/08/2026 10:46 AM,19/08/2026 11:00 AM,Reporting,Parked,12.45,False,UC-180,Wagha Town,Zone-14,Loader Rickshaw,Wagha Town,True,2026-08-19
59716,LR-1928,LR1928,Lahore,"Tehsil Office, Wahgha Town",LWMC-WaTo,Loader Rickshaw,Door To Door Collection,still,off,13.252,229.96,31.606278,74.461485,19/08/2026 10:40 AM,19/08/2026 11:00 AM,Reporting,Parked,12.25,False,,,,Loader Rickshaw,Wagha Town,False,2026-08-19
61439,LR-2866,LR2866,Lahore,"Tehsil Office, Wahgha Town",LWMC-WaTo,Loader Rickshaw,Door To Door Collection,moving,on,24.189,265.63,31.599039,74.386881,19/08/2026 10:58 AM,19/08/2026 11:00 AM,Reporting,Parked,11.89,False,UC-132,Wagha Town,Zone-11,Loader Rickshaw,Wagha Town,True,2026-08-19
23592,LR-0828,LR0828,Lahore,"Tehsil Office, Wahgha Town",LWMC-WaTo,Loader Rickshaw,Door To Door Collection,still,off,22.592,108.09,31.589247,74.393474,19/08/2026 09:43 AM,19/08/2026 11:00 AM,Reporting,Parked,12.96,False,UC-131,Wagha Town,Zone-11,Loader Rickshaw,Wagha Town,True,2026-08-19
-,LR-2943,LR2943,Lahore,"Tehsil Office, Wahgha Town",LWMC-WaTo,-,-,moving,on,10.812,127.86,31.598567,74.361759,19/08/2026 10:51 AM,19/08/2026 11:00 AM,Reporting,Parked,11.38,False,UC-161,Shalimar Town,Zone-9,Loader Rickshaw,Shalimar Town,True,2026-08-19
59546,LR-1842,LR1842,Lahore,"Tehsil Office, Wahgha Town",LWMC-WaTo,Loader Rickshaw,Door To Door Collection,still,off,20.584,120.26,31.548298,74.523786,19/08/2026 10:58 AM,19/08/2026 11:00 AM,Reporting,Parked,12.96,False,UC-180,Wagha Town,Zone-14,Loader Rickshaw,Wagha Town,True,2026-08-19
25331,LR-0401,LR0401,Lahore,"Tehsil Office, Wahgha Town",LWMC-WaTo,Loader Rickshaw,Door To Door Collection,moving,on,26.299,341.0,31.603037,74.393678,19/08/2026 10:59 AM,19/08/2026 11:00 AM,Reporting,Excess Idling,11.79,False,UC-132,Wagha Town,Zone-11,Loader Rickshaw,Wagha Town,True,2026-08-19
59945,S-289,S289,Lahore,"Tehsil Office, Wahgha Town",LWMC-WaTo,Mini Dumper,Commercial,moving,on,59.523,215.81,31.599596,74.401373,19/08/2026 10:57 AM,19/08/2026 11:00 AM,Reporting,Parked,12.66,False,UC-135,Wagha Town,Zone-11,Mini Dumper,Wagha Town,True,2026-08-19
60687,S-347,S347,Lahore,"Tehsil Office, Wahgha Town",LWMC-WaTo,Mini Dumper,Commercial,moving,on,26.287,76.79,31.441609,74.45169,19/08/2026 10:59 AM,19/08/2026 11:00 AM,Reporting,Parked,12.86,False,UC-194,Wagha Town,Zone-14,Mini Dumper,Wagha Town,True,2026-08-19
23574,LR-0377,LR0377,Lahore,"Tehsil Office, Wahgha Town",LWMC-WaTo,Loader Rickshaw,Door To Door Collection,still,off,11.307,46.5,31.660893,74.502743,19/08/2026 10:56 AM,19/08/2026 11:00 AM,Reporting,Parked,11.94,False,UC-179,Wagha Town,Zone-13,Loader Rickshaw,Wagha Town,True,2026-08-19
60528,LR-1638,LR1638,Lahore,"Tehsil Office, Aziz Bhatti Town",LWMC-AzBT,Loader Rickshaw,Door To Door Collection,moving,on,20.982,283.58,31.552351,74.427512,19/08/2026 10:52 AM,19/08/2026 11:00 AM,Reporting,Parked,12.35,False,UC-151,Aziz Bhatti Town,Zone-17,Loader Rickshaw,Aziz Bhatti Town,True,2026-08-19
60884,LR-1125,LR1125,Lahore,"Tehsil Office, Aziz Bhatti Town",LWMC-AzBT,Loader Rickshaw,Door To Door Collection,still,off,46.552,265.01,31.578633,74.433982,19/08/2026 10:54 AM,19/08/2026 11:00 AM,Reporting,Parked,11.79,False,UC-145,Aziz Bhatti Town,Zone-16,Loader Rickshaw,Aziz Bhatti Town,True,2026-08-19
18504,C13-1088,C131088,Lahore,"Tehsil Office, Aziz Bhatti Town",LWMC-AzBT,Compactor (13CM),Container-Based Collection,moving,on,56.442,324.28,31.559441,74.373264,19/08/2026 11:00 AM,19/08/2026 11:00 AM,Reporting,Parked,25.05,False,UC-187,Aziz Bhatti Town,Zone-18,Compactor,Aziz Bhatti Town,True,2026-08-19
59584,LR-0729,LR0729,Lahore,"Tehsil Office, Aziz Bhatti Town",LWMC-AzBT,Loader Rickshaw,Door To Door Collection,moving,on,16.335,316.06,31.559427,74.372799,19/08/2026 10:57 AM,19/08/2026 11:00 AM,Reporting,Parked,12.3,False,UC-187,Aziz Bhatti Town,Zone-18,Loader Rickshaw,Aziz Bhatti Town,True,2026-08-19
60254,LR-1649,LR1649,Lahore,"Tehsil Office, Aziz Bhatti Town",LWMC-AzBT,Loader Rickshaw,Door To Door Collection,still,off,,,31.575211,74.370567,19/08/2026 10:06 AM,19/08/2026 11:00 AM,Reporting,No Activity Since Yesterday,11.64,False,UC-120,Gulberg Town,Zone-19,Loader Rickshaw,Aziz Bhatti Town,False,2026-08-19
59446,LR-2886,LR2886,Lahore,"Tehsil Office, Aziz Bhatti Town",LWMC-AzBT,Loader Rickshaw,Door To Door Collection,still,off,29.03,182.09,31.602356,74.400931,19/08/2026 11:00 AM,19/08/2026 11:00 AM,Reporting,Parked,11.89,False,UC-137,Wagha Town,Zone-12,Loader Rickshaw,Aziz Bhatti Town,False,2026-08-19
18503,C13-1089,C131089,Lahore,"Tehsil Office, Aziz Bhatti Town",LWMC-AzBT,Compactor (13CM),Container-Based Collection,still,off,45.822,173.59,31.550877,74.40996,19/08/2026 10:58 AM,19/08/2026 11:00 AM,Reporting,Parked,29.64,False,UC-149,Aziz Bhatti Town,Zone-17,Compactor,Aziz Bhatti Town,True,2026-08-19
59335,LR-0324,LR0324,Lahore,"Tehsil Office, Aziz Bhatti Town",LWMC-AzBT,Loader Rickshaw,Door To Door Collection,still,off,23.946,295.43,31.577539,74.458763,19/08/2026 10:58 AM,19/08/2026 11:00 AM,Reporting,Idle,12.45,False,UC-152,Aziz Bhatti Town,Zone-16,Loader Rickshaw,Aziz Bhatti Town,True,2026-08-19
-,LES-6145,LES6145,Lahore,"Tehsil Office, Aziz Bhatti Town",LWMC-AzBT,-,-,still,off,45.822,173.59,31.550877,74.40996,19/08/2026 10:58 AM,19/08/2026 11:00 AM,Reporting,Parked,29.28,False,UC-149,Aziz Bhatti Town,Zone-17,,Aziz Bhatti Town,True,2026-08-19
59504,LR-1961,LR1961,Lahore,"Tehsil Office, Aziz Bhatti Town",LWMC-AzBT,Loader Rickshaw,Door To Door Collection,moving,on,34.985,270.03,31.577717,74.390461,19/08/2026 10:56 AM,19/08/2026 11:00 AM,Reporting,Parked,11.94,False,UC-155,Aziz Bhatti Town,Zone-15,Loader Rickshaw,Aziz Bhatti Town,True,2026-08-19
60010,LR-0296,LR0296,Lahore,"Tehsil Office, Aziz Bhatti Town",LWMC-AzBT,Loader Rickshaw,Door To Door Collection,still,off,42.796,263.88,31.562133,74.402743,19/08/2026 10:58 AM,19/08/2026 11:00 AM,Reporting,Parked,11.74,False,UC-148,Aziz Bhatti Town,Zone-17,Loader Rickshaw,Aziz Bhatti Town,True,2026-08-19
60177,LR-0289,LR0289,Lahore,"Tehsil Office, Aziz Bhatti Town",LWMC-AzBT,Loader Rickshaw,Door To Door Collection,still,off,12.122,305.71,31.572725,74.394161,19/08/2026 10:58 AM,19/08/2026 11:00 AM,Reporting,Parked,12.35,False,UC-141,Aziz Bhatti Town,Zone-15,Loader Rickshaw,Aziz Bhatti Town,True,2026-08-19
60909,LR-2587,LR2587,Lahore,"Tehsil Office, Aziz Bhatti Town",LWMC-AzBT,Loader Rickshaw,Door To Door Collection,moving,on,24.618,321.23,31.556478,74.418833,19/08/2026 10:59 AM,19/08/2026 11:00 AM,Reporting,Moving,12.3,False,,,,Loader Rickshaw,Aziz Bhatti Town,False,2026-08-19
59663,LR-2384,LR2384,Lahore,"Tehsil Office, Aziz Bhatti Town",LWMC-AzBT,Loader Rickshaw,Door To Door Collection,still,off,27.255,270.41,31.609123,74.380249,19/08/2026 10:58 AM,19/08/2026 11:00 AM,Reporting,Parked,11.74,False,UC-108,Wagha Town,Zone-13,Loader Rickshaw,Aziz Bhatti Town,False,2026-08-19
60479,LR-2404,LR2404,Lahore,"Tehsil Office, Nishter Town",LWMC-NiTo,Loader Rickshaw,Door To Door Collection,still,off,,,31.427641,74.478671,19/08/2026 09:53 AM,19/08/2026 11:00 AM,Reporting,No Activity Since Yesterday,11.84,False,UC-195,Nishter Town,Zone-49,Loader Rickshaw,Nishter Town,True,2026-08-19
61159,LR-2849,LR2849,Lahore,"Tehsil Office, Nishter Town",LWMC-NiTo,Loader Rickshaw,Door To Door Collection,moving,on,22.775,178.11,31.434062,74.292673,19/08/2026 10:59 AM,19/08/2026 11:00 AM,Reporting,Moving,12.61,False,UC-236,Nishter Town,Zone-46,Loader Rickshaw,Nishter Town,True,2026-08-19
-,LR-1940,LR1940,Lahore,"Tehsil Office, Nishter Town",LWMC-NiTo,-,-,still,off,0.233,246.9,31.455049,74.335333,19/08/2026 09:49 AM,19/08/2026 11:00 AM,Reporting,No Activity Since Yesterday,10.92,False,UC-233,Allama Iqbal Town,Zone-39,Loader Rickshaw,Nishter Town,False,2026-08-19
61060,LR-2005,LR2005,Lahore,"Tehsil Office, Nishter Town",LWMC-NiTo,Loader Rickshaw,Door To Door Collection,still,off,23.163,300.71,31.362846,74.374071,19/08/2026 10:03 AM,19/08/2026 11:00 AM,Reporting,Parked,12.71,False,UC-248,Nishter Town,Zone-49,Loader Rickshaw,Nishter Town,True,2026-08-19
-,S-43,S43,Lahore,"Tehsil Office, Nishter Town",LWMC-NiTo,-,-,still,off,48.89,117.09,31.279131,74.318635,19/08/2026 09:36 AM,19/08/2026 11:00 AM,Reporting,Parked,13.47,False,UC-271,Nishter Town,Zone-47,Mini Dumper,Nishter Town,True,2026-08-19
19853,S-332,S332,Lahore,"Tehsil Office, Nishter Town",LWMC-NiTo,Mini Dumper,Bulk Waste Collection,still,off,,,31.449238,74.311175,19/08/2026 09:46 AM,19/08/2026 11:00 AM,Reporting,No Activity Since Yesterday,12.45,False,UC-234,Allama Iqbal Town,Zone-39,Mini Dumper,Nishter Town,False,2026-08-19
60353,MFL-61,MFL61,Lahore,"Tehsil Office, Nishter Town",LWMC-NiTo,Tractor Loader,Bulk Waste Collection,still,off,,,31.427845,74.478058,19/08/2026 09:44 AM,19/08/2026 11:00 AM,Reporting,Parked,12.91,False,UC-195,Nishter Town,Zone-49,Loader,Gulberg Town,False,2026-08-19
60557,LR-2361,LR2361,Lahore,"Tehsil Office, Nishter Town",LWMC-NiTo,Loader Rickshaw,Door To Door Collection,moving,on,18.482,154.69,31.445422,74.377258,19/08/2026 10:57 AM,19/08/2026 11:00 AM,Reporting,Parked,12.0,False,UC-231,Nishter Town,Zone-45,Loader Rickshaw,Nishter Town,True,2026-08-19
-,LR-907,LR907,Lahore,"Tehsil Office, Nishter Town",LWMC-NiTo,-,-,moving,on,8.534,35.88,31.437023,74.424532,19/08/2026 11:00 AM,19/08/2026 11:00 AM,Reporting,Parked,14.85,False,UC-197,Nishter Town,Zone-45,Loader Rickshaw,Nishter Town,True,2026-08-19
59638,LR-2491,LR2491,Lahore,"Tehsil Office, Allama Iqbal Town",LWMC-AlIT,Loader Rickshaw,Door To Door Collection,still,off,27.727,320.81,31.302134,74.072113,19/08/2026 10:58 AM,19/08/2026 11:00 AM,Reporting,Parked,12.86,False,UC-266,Allama Iqbal Town,Zone-42,Loader Rickshaw,Allama Iqbal Town,True,2026-08-19
59649,C-749,C749,Lahore,"Tehsil Office, Allama Iqbal Town",LWMC-AlIT,Compactor (7CM),Container-Based Collection,moving,on,72.447,222.58,31.299412,74.223932,19/08/2026 10:53 AM,19/08/2026 11:00 AM,Reporting,Parked,25.97,False,UC-268,Allama Iqbal Town,Zone-43,Compactor,Allama Iqbal Town,True,2026-08-19
18443,CA-146,CA146,Lahore,"Tehsil Office, Allama Iqbal Town",LWMC-AlIT,Chain Arm Roll,Container-Based Collection,still,off,113.493,332.96,31.255308,74.182609,19/08/2026 10:58 AM,19/08/2026 11:00 AM,Reporting,Parked,26.07,False,UC-273,Allama Iqbal Town,Zone-43,Chain Arm Roll,Allama Iqbal Town,True,2026-08-19
61503,D-32,D32,Lahore,"Tehsil Office, Allama Iqbal Town",LWMC-AlIT,Dumper (20CM),Bulk Waste Collection,moving,on,102.978,197.84,31.47089,74.227227,19/08/2026 10:59 AM,19/08/2026 11:00 AM,Reporting,Parked,26.17,False,UC-110,Allama Iqbal Town,Zone-41,Dumper,Allama Iqbal Town,True,2026-08-19
59860,LR-2024,LR2024,Lahore,"Tehsil Office, Allama Iqbal Town",LWMC-AlIT,Loader Rickshaw,Door To Door Collection,still,off,23.36,103.03,31.29892,74.076071,19/08/2026 10:14 AM,19/08/2026 11:00 AM,Reporting,Parked,13.17,False,UC-266,Allama Iqbal Town,Zone-42,Loader Rickshaw,Allama Iqbal Town,True,2026-08-19
59989,LR-2492,LR2492,Lahore,"Tehsil Office, Allama Iqbal Town",LWMC-AlIT,Loader Rickshaw,Door To Door Collection,still,off,21.178,339.23,31.329439,74.104985,19/08/2026 10:58 AM,19/08/2026 11:00 AM,Reporting,Parked,12.61,False,UC-262,Allama Iqbal Town,Zone-42,Loader Rickshaw,Allama Iqbal Town,True,2026-08-19
60410,LR-1103,LR1103,Lahore,"Tehsil Office, Allama Iqbal Town",LWMC-AlIT,Loader Rickshaw,Door To Door Collection,still,off,47.347,345.05,31.239238,74.220767,19/08/2026 10:58 AM,19/08/2026 11:00 AM,Reporting,Parked,11.84,False,UC-272,Allama Iqbal Town,Zone-43,Loader Rickshaw,Gulberg Town,False,2026-08-19
59964,LR-2738,LR2738,Lahore,"Tehsil Office, Allama Iqbal Town",LWMC-AlIT,Loader Rickshaw,Door To Door Collection,still,off,25.757,575.91,31.395815,74.274128,19/08/2026 10:58 AM,19/08/2026 11:00 AM,Reporting,Excess Idling,12.45,False,UC-257,Allama Iqbal Town,Zone-40,Loader Rickshaw,Allama Iqbal Town,True,2026-08-19
60248,LR-1106,LR1106,Lahore,"Tehsil Office, Allama Iqbal Town",LWMC-AlIT,Loader Rickshaw,Door To Door Collection,still,off,27.024,306.3,31.257172,74.218413,19/08/2026 10:58 AM,19/08/2026 11:00 AM,Reporting,Parked,12.3,False,UC-272,Allama Iqbal Town,Zone-43,Loader Rickshaw,Allama Iqbal Town,True,2026-08-19
60404,LR-2025,LR2025,Lahore,"Tehsil Office, Allama Iqbal Town",LWMC-AlIT,Loader Rickshaw,Door To Door Collection,still,off,,,31.275897,74.252938,19/08/2026 09:09 AM,19/08/2026 10:30 AM,Reporting,No Activity Since Yesterday,11.33,False,UC-268,Allama Iqbal Town,Zone-43,Loader Rickshaw,Allama Iqbal Town,True,2026-08-19
19657,S-379,S379,Lahore,"Tehsil Office, Allama Iqbal Town",LWMC-AlIT,Mini Dumper,Bulk Waste Collection,still,off,0.697,36.21,31.464175,74.225824,19/08/2026 10:56 AM,19/08/2026 11:00 AM,Reporting,No Activity Since Yesterday,11.79,False,UC-117,Allama Iqbal Town,Zone-41,Mini Dumper,Allama Iqbal Town,True,2026-08-19
60115,LR-1539,LR1539,Lahore,"Tehsil Office, Allama Iqbal Town",LWMC-AlIT,Loader Rickshaw,Door To Door Collection,still,off,37.612,372.81,31.336812,74.243018,19/08/2026 10:58 AM,19/08/2026 11:00 AM,Reporting,Parked,11.79,False,UC-270,Nishter Town,Zone-47,Loader Rickshaw,Allama Iqbal Town,False,2026-08-19
60255,LR-1101,LR1101,Lahore,"Tehsil Office, Allama Iqbal Town",LWMC-AlIT,Loader Rickshaw,Door To Door Collection,still,off,,,31.275982,74.253087,19/08/2026 09:50 AM,19/08/2026 10:30 AM,Reporting,No Activity Since Yesterday,10.16,False,UC-268,Allama Iqbal Town,Zone-43,Loader Rickshaw,Allama Iqbal Town,True,2026-08-19
19703,S-135,S135,Lahore,"Tehsil Office, Allama Iqbal Town",LWMC-AlIT,Mini Dumper,Bulk Waste Collection,still,off,52.028,379.23,31.253151,74.205219,19/08/2026 10:57 AM,19/08/2026 11:00 AM,Reporting,Parked,12.66,False,UC-273,Allama Iqbal Town,Zone-43,Mini Dumper,Allama Iqbal Town,True,2026-08-19
19648,S-125,S125,Lahore,"Tehsil Office, Allama Iqbal Town",LWMC-AlIT,Mini Dumper,Bulk Waste Collection,still,off,37.857,140.05,31.452496,74.314934,19/08/2026 10:12 AM,19/08/2026 11:00 AM,Reporting,Parked,12.86,False,UC-233,Allama Iqbal Town,Zone-39,Mini Dumper,Allama Iqbal Town,True,2026-08-19
59737,LR-1451,LR1451,Lahore,"Tehsil Office, Allama Iqbal Town",LWMC-AlIT,Loader Rickshaw,Door To Door Collection,still,off,4.749,62.46,31.465161,74.225998,19/08/2026 10:44 AM,19/08/2026 11:00 AM,Reporting,Parked,12.71,False,UC-117,Allama Iqbal Town,Zone-41,Loader Rickshaw,Allama Iqbal Town,True,2026-08-19
22889,LR-0532,LR0532,Lahore,"Tehsil Office, Allama Iqbal Town",LWMC-AlIT,Loader Rickshaw,Door To Door Collection,still,off,30.595,253.98,31.445563,74.279858,19/08/2026 10:46 AM,19/08/2026 11:00 AM,Reporting,Parked,11.54,False,UC-115,Allama Iqbal Town,Zone-40,Loader Rickshaw,Allama Iqbal Town,True,2026-08-19
60391,LR-0470,LR0470,Lahore,"Tehsil Office, Allama Iqbal Town",LWMC-AlIT,Loader Rickshaw,Door To Door Collection,moving,on,24.023,595.58,31.263835,74.219973,19/08/2026 10:39 AM,19/08/2026 11:00 AM,Reporting,Parked,10.77,False,UC-272,Allama Iqbal Town,Zone-43,Loader Rickshaw,Allama Iqbal Town,True,2026-08-19
61334,LR-2419,LR2419,Lahore,"Tehsil Office, Shalimar Town",LWMC-ShTo,Loader Rickshaw,Door To Door Collection,moving,on,19.086,109.38,31.586217,74.353314,19/08/2026 10:45 AM,19/08/2026 11:00 AM,Reporting,Parked,12.05,False,UC-167,Shalimar Town,Zone-8,Loader Rickshaw,Shalimar Town,True,2026-08-19
61850,LR-2297,LR2297,Lahore,"Tehsil Office, Shalimar Town",LWMC-ShTo,Loader Rickshaw,Door To Door Collection,still,off,17.456,266.46,31.590347,74.369469,19/08/2026 10:57 AM,19/08/2026 11:00 AM,Reporting,Parked,11.84,False,UC-129,Shalimar Town,Zone-9,Loader Rickshaw,Shalimar Town,True,2026-08-19
23331,LR-0966,LR0966,Lahore,"Tehsil Office, Shalimar Town",LWMC-ShTo,Loader Rickshaw,Door To Door Collection,moving,on,29.802,215.75,31.609643,74.381407,19/08/2026 10:35 AM,19/08/2026 11:00 AM,Reporting,Parked,11.23,False,UC-108,Wagha Town,Zone-13,Loader Rickshaw,Shalimar Town,False,2026-08-19
61577,LR-2936,LR2936,Lahore,"Tehsil Office, Shalimar Town",LWMC-ShTo,Loader Rickshaw,Door To Door Collection,moving,on,11.988,79.88,31.573148,74.385447,19/08/2026 10:00 AM,19/08/2026 11:00 AM,Reporting,Parked,11.84,False,UC-156,Shalimar Town,Zone-10,Loader Rickshaw,Shalimar Town,True,2026-08-19
61706,MFT-3,MFT3,Lahore,"Tehsil Office, Shalimar Town",LWMC-ShTo,Tractor Loader,Bulk Waste Collection,still,off,13.042,350.83,31.614329,74.344774,19/08/2026 10:58 AM,19/08/2026 11:00 AM,Reporting,Parked,12.61,False,UC-25,Shalimar Town,Zone-6,Tractor Trolley,Shalimar Town,True,2026-08-19
61698,MFL-92,MFL92,Lahore,"Tehsil Office, Shalimar Town",LWMC-ShTo,Tractor Front Blade,Bulk Waste Collection,still,off,7.72,368.14,31.581262,74.337399,19/08/2026 10:58 AM,19/08/2026 11:00 AM,Reporting,Idle,12.56,False,UC-31,Shalimar Town,Zone-7,Loader,Shalimar Town,True,2026-08-19
61985,LR-2603,LR2603,Lahore,"Tehsil Office, Shalimar Town",LWMC-ShTo,Loader Rickshaw,Door To Door Collection,still,off,18.365,349.26,31.602628,74.380886,19/08/2026 10:58 AM,19/08/2026 11:00 AM,Reporting,Parked,12.15,False,UC-163,Shalimar Town,Zone-9,Loader Rickshaw,Shalimar Town,True,2026-08-19
61801,LR-2202,LR2202,Lahore,"Tehsil Office, Shalimar Town",LWMC-ShTo,Loader Rickshaw,Door To Door Collection,still,off,26.338,238.19,31.610824,74.381532,19/08/2026 10:56 AM,19/08/2026 11:00 AM,Reporting,Parked,14.19,False,UC-108,Wagha Town,Zone-13,Loader Rickshaw,Shalimar Town,False,2026-08-19
60918,LR-2609,LR2609,Lahore,"Tehsil Office, Shalimar Town",LWMC-ShTo,Loader Rickshaw,Door To Door Collection,still,off,35.256,265.91,31.579084,74.385604,19/08/2026 10:26 AM,19/08/2026 11:00 AM,Reporting,Parked,12.3,False,UC-153,Shalimar Town,Zone-10,Loader Rickshaw,Shalimar Town,True,2026-08-19
61808,LR-2379,LR2379,Lahore,"Tehsil Office, Shalimar Town",LWMC-ShTo,Loader Rickshaw,Door To Door Collection,moving,on,13.662,269.39,31.58756,74.342211,19/08/2026 10:57 AM,19/08/2026 11:00 AM,Reporting,Parked,11.84,False,UC-46,Shalimar Town,Zone-7,Loader Rickshaw,Shalimar Town,True,2026-08-19
25314,LR-0854,LR0854,Lahore,"Tehsil Office, Shalimar Town",LWMC-ShTo,Loader Rickshaw,Door to Door Collection,still,off,17.588,124.81,31.581944,74.381838,19/08/2026 10:09 AM,19/08/2026 10:30 AM,Reporting,Parked,11.54,False,UC-153,Shalimar Town,Zone-10,Loader Rickshaw,Shalimar Town,True,2026-08-19
23355,LR-1215,LR1215,Lahore,"Tehsil Office, Shalimar Town",LWMC-ShTo,Loader Rickshaw,Door To Door Collection,moving,on,21.515,127.66,31.59467,74.356649,19/08/2026 10:57 AM,19/08/2026 11:00 AM,Reporting,Parked,11.69,False,UC-162,Shalimar Town,Zone-9,Loader Rickshaw,Shalimar Town,True,2026-08-19
61160,LR-2598,LR2598,Lahore,"Tehsil Office, Shalimar Town",LWMC-ShTo,Loader Rickshaw,Door To Door Collection,still,off,19.085,196.73,31.587125,74.363191,19/08/2026 10:57 AM,19/08/2026 11:00 AM,Reporting,Parked,11.94,False,UC-164,Shalimar Town,Zone-8,Loader Rickshaw,Shalimar Town,True,2026-08-19
62154,LR-2502,LR2502,Lahore,"Tehsil Office, Shalimar Town",LWMC-ShTo,Loader Rickshaw,Door To Door Collection,moving,on,24.54,328.03,31.593377,74.368434,19/08/2026 10:58 AM,19/08/2026 11:00 AM,Reporting,Parked,12.56,False,UC-129,Shalimar Town,Zone-9,Loader Rickshaw,Shalimar Town,True,2026-08-19
60843,LR-2494,LR2494,Lahore,"Tehsil Office, Shalimar Town",LWMC-ShTo,Loader Rickshaw,Door To Door Collection,moving,on,20.231,295.28,31.583953,74.36489,19/08/2026 10:58 AM,19/08/2026 11:00 AM,Reporting,Parked,12.05,False,UC-126,Shalimar Town,Zone-9,Loader Rickshaw,Shalimar Town,True,2026-08-19
61335,LR-2597,LR2597,Lahore,"Tehsil Office, Shalimar Town",LWMC-ShTo,Loader Rickshaw,Door To Door Collection,moving,on,17.157,241.33,31.587206,74.359002,19/08/2026 10:45 AM,19/08/2026 11:00 AM,Reporting,Parked,11.69,False,UC-165,Shalimar Town,Zone-9,Loader Rickshaw,Shalimar Town,True,2026-08-19
61987,LR-2794,LR2794,Lahore,"Tehsil Office, Shalimar Town",LWMC-ShTo,Loader Rickshaw,Door To Door Collection,still,off,6.019,236.53,31.604394,74.358962,19/08/2026 10:58 AM,19/08/2026 11:00 AM,Reporting,Parked,11.64,False,UC-161,Shalimar Town,Zone-9,Loader Rickshaw,Shalimar Town,True,2026-08-19
61530,LR-2070,LR2070,Lahore,"Tehsil Office, Shalimar Town",LWMC-ShTo,Loader Rickshaw,Door To Door Collection,still,off,0.062,198.65,31.610627,74.381546,19/08/2026 10:57 AM,19/08/2026 11:00 AM,Reporting,No Activity Since Yesterday,11.33,False,UC-108,Wagha Town,Zone-13,Loader Rickshaw,Shalimar Town,False,2026-08-19
61804,LR-2190,LR2190,Lahore,"Tehsil Office, Shalimar Town",LWMC-ShTo,Loader Rickshaw,Door To Door Collection,moving,on,15.914,108.46,31.581502,74.337982,19/08/2026 10:58 AM,19/08/2026 11:00 AM,Reporting,Parked,11.54,False,UC-46,Shalimar Town,Zone-7,Loader Rickshaw,Shalimar Town,True,2026-08-19
62184,LR-2602,LR2602,Lahore,"Tehsil Office, Shalimar Town",LWMC-ShTo,Loader Rickshaw,Door To Door Collection,moving,on,39.997,316.58,31.570086,74.38253,19/08/2026 10:59 AM,19/08/2026 11:03 AM,Reporting,Parked,12.45,False,UC-156,Shalimar Town,Zone-10,Loader Rickshaw,Shalimar Town,True,2026-08-19
61227,LR-1990,LR1990,Lahore,"Tehsil Office, Gulberg Town",LWMC-GuTo,Loader Rickshaw,Door To Door Collection,moving,on,19.155,138.56,31.469358,74.340899,19/08/2026 10:57 AM,19/08/2026 11:00 AM,Reporting,Parked,11.79,False,UC-226,Gulberg Town,Zone-22,Loader Rickshaw,Gulberg Town,True,2026-08-19
22585,LR-0986,LR0986,Lahore,"Tehsil Office, Gulberg Town",LWMC-GuTo,Loader Rickshaw,Door To Door Collection,moving,on,26.937,128.3,31.462107,74.322518,19/08/2026 11:00 AM,19/08/2026 11:00 AM,Reporting,Parked,12.1,False,UC-224,Gulberg Town,Zone-22,Loader Rickshaw,Gulberg Town,True,2026-08-19
22545,LR-1036,LR1036,Lahore,"Tehsil Office, Gulberg Town",LWMC-GuTo,Loader Rickshaw,Door To Door Collection,still,off,23.459,327.08,31.490497,74.344762,19/08/2026 10:59 AM,19/08/2026 11:00 AM,,,,,UC-206,Gulberg Town,Zone-22,Loader Rickshaw,Gulberg Town,True,2026-08-19
59942,P-61,P61,Lahore,"Tehsil Office, Gulberg Town",LWMC-GuTo,Pickup,Bulk Waste Collection,still,off,31.523,61.89,31.457557,74.33825,19/08/2026 10:51 AM,19/08/2026 11:00 AM,Reporting,Parked,12.56,False,UC-228,Nishter Town,Zone-44,Pickup,Gulberg Town,False,2026-08-19
19821,S-337,S337,Lahore,"Tehsil Office, Gulberg Town",LWMC-GuTo,Mini Dumper,Bulk Waste Collection,moving,on,30.836,163.26,31.566268,74.374789,19/08/2026 10:51 AM,19/08/2026 11:00 AM,Reporting,Parked,14.24,False,UC-122,Gulberg Town,Zone-19,Mini Dumper,Gulberg Town,True,2026-08-19
22554,LR-0647,LR0647,Lahore,"Tehsil Office, Gulberg Town",LWMC-GuTo,Loader Rickshaw,Door To Door Collection,moving,on,18.203,131.55,31.505929,74.325764,19/08/2026 10:59 AM,19/08/2026 11:00 AM,Reporting,Parked,12.71,False,UC-208,Gulberg Town,Zone-23,Loader Rickshaw,Gulberg Town,True,2026-08-19
22581,LR-0662,LR0662,Lahore,"Tehsil Office, Gulberg Town",LWMC-GuTo,Loader Rickshaw,Door To Door Collection,moving,on,21.923,155.58,31.468448,74.319298,19/08/2026 10:59 AM,19/08/2026 11:00 AM,Reporting,Parked,12.86,False,UC-223,Gulberg Town,Zone-22,Loader Rickshaw,Gulberg Town,True,2026-08-19
59680,LR-3061,LR3061,Lahore,"Tehsil Office, Gulberg Town",LWMC-GuTo,Loader Rickshaw,Door To Door Collection,moving,on,24.65,108.45,31.460056,74.328276,19/08/2026 10:57 AM,19/08/2026 11:00 AM,Reporting,Parked,12.15,False,UC-225,Gulberg Town,Zone-22,,Gulberg Town,True,2026-08-19
61396,LR-1570,LR1570,Lahore,"Tehsil Office, Gulberg Town",LWMC-GuTo,Loader Rickshaw,Door To Door Collection,moving,on,16.462,96.13,31.564933,74.351601,19/08/2026 10:57 AM,19/08/2026 11:00 AM,Reporting,Parked,14.7,False,UC-118,Gulberg Town,Zone-19,Loader Rickshaw,Gulberg Town,True,2026-08-19
18457,CA-121,CA121,Lahore,"Tehsil Office, Gulberg Town",LWMC-GuTo,Chain Arm Roll,Container-Based Collection,moving,on,90.646,361.61,31.544889,74.357401,19/08/2026 11:00 AM,19/08/2026 11:00 AM,Reporting,Parked,25.51,False,UC-185,Gulberg Town,Zone-20,Chain Arm Roll,Gulberg Town,True,2026-08-19
22556,LR-0650,LR0650,Lahore,"Tehsil Office, Gulberg Town",LWMC-GuTo,Loader Rickshaw,Door To Door Collection,still,off,14.784,97.86,31.501945,74.320085,19/08/2026 10:52 AM,19/08/2026 11:00 AM,Reporting,Parked,11.84,False,UC-208,Gulberg Town,Zone-23,Loader Rickshaw,Gulberg Town,True,2026-08-19
-,LR-3057,LR3057,Lahore,"Tehsil Office, Gulberg Town",LWMC-GuTo,-,-,moving,on,21.904,145.76,31.395127,74.361774,19/08/2026 10:59 AM,19/08/2026 11:00 AM,Reporting,Parked,12.05,False,UC-244,Nishter Town,Zone-48,,Gulberg Town,False,2026-08-19
19752,S-52,S52,Lahore,"Tehsil Office, Data Gunj Baksh Town",LWMC-DaGB,Mini Dumper,Bulk Waste Collection,still,off,,,31.573833,74.293346,19/08/2026 05:55 AM,19/08/2026 07:00 AM,Reporting,No Activity Since Yesterday,12.15,False,UC-57,DGBT,Zone-27,Mini Dumper,DGBT,True,2026-08-19
18667,C7-18,C718,Lahore,"Tehsil Office, Data Gunj Baksh Town",LWMC-DaGB,Compactor (7CM),Container-Based Collection,moving,on,62.136,339.11,31.573445,74.290863,19/08/2026 10:59 AM,19/08/2026 11:00 AM,Reporting,Parked,24.49,False,UC-59,DGBT,Zone-29,Compactor,DGBT,True,2026-08-19
19766,S-75,S75,Lahore,"Tehsil Office, Data Gunj Baksh Town",LWMC-DaGB,Mini Dumper,Bulk Waste Collection,moving,on,34.703,176.96,31.57314,74.292045,19/08/2026 10:53 AM,19/08/2026 11:00 AM,Reporting,Parked,12.3,False,UC-59,DGBT,Zone-29,Mini Dumper,DGBT,True,2026-08-19
19782,S-251,S251,Lahore,"Tehsil Office, Data Gunj Baksh Town",LWMC-DaGB,Mini Dumper,Bulk Waste Collection,still,off,43.123,159.34,31.562187,74.318851,19/08/2026 10:58 AM,19/08/2026 11:00 AM,Reporting,Excess Idling,11.74,False,UC-61,DGBT,Zone-25,Mini Dumper,DGBT,True,2026-08-19
30808,LR-0754,LR0754,Lahore,"Tehsil Office, Data Gunj Baksh Town",LWMC-DaGB,Loader Rickshaw,Door To Door Collection,still,off,25.509,141.0,31.565736,74.311544,19/08/2026 10:57 AM,19/08/2026 11:00 AM,Reporting,Parked,11.38,False,UC-61,DGBT,Zone-25,Loader Rickshaw,DGBT,True,2026-08-19
-,LR-2526,LR2526,Lahore,"Tehsil Office, Data Gunj Baksh Town",LWMC-DaGB,-,-,moving,on,8.833,44.91,31.569387,74.291283,19/08/2026 09:59 AM,19/08/2026 11:00 AM,Reporting,Parked,11.38,False,UC-59,DGBT,Zone-29,Loader Rickshaw,DGBT,True,2026-08-19
19726,S-06,S06,Lahore,"Tehsil Office, Data Gunj Baksh Town",LWMC-DaGB,Mini Dumper,Bulk Waste Collection,still,off,36.551,147.94,31.573056,74.292056,19/08/2026 10:26 AM,19/08/2026 11:00 AM,Reporting,Parked,12.05,False,UC-59,DGBT,Zone-29,Mini Dumper,DGBT,True,2026-08-19
19729,S-245,S245,Lahore,"Tehsil Office, Data Gunj Baksh Town",LWMC-DaGB,Mini Dumper,Bulk Waste Collection,moving,on,30.977,137.93,31.578489,74.264462,19/08/2026 10:58 AM,19/08/2026 11:00 AM,Reporting,Parked,12.0,False,UC-1,Ravi Town,Zone-1,Mini Dumper,DGBT,False,2026-08-19
19762,S-163,S163,Lahore,"Tehsil Office, Data Gunj Baksh Town",LWMC-DaGB,Mini Dumper,Bulk Waste Collection,moving,on,28.199,128.26,31.572268,74.285792,19/08/2026 10:57 AM,19/08/2026 11:00 AM,Reporting,Parked,12.81,False,,,,Mini Dumper,DGBT,False,2026-08-19
-,LR-2801,LR2801,Lahore,"Tehsil Office, Data Gunj Baksh Town",LWMC-DaGB,-,-,still,off,13.992,211.09,31.547467,74.311602,19/08/2026 10:52 AM,19/08/2026 11:00 AM,Reporting,Parked,12.4,False,UC-83,Samnabad Town,Zone-33,Loader Rickshaw,DGBT,False,2026-08-19
61224,LR-1479,LR1479,Lahore,"Tehsil Office, Data Gunj Baksh Town",LWMC-DaGB,Loader Rickshaw,Door To Door Collection,still,off,10.112,116.65,31.566812,74.292149,19/08/2026 10:56 AM,19/08/2026 11:00 AM,Reporting,Excess Idling,12.1,False,UC-58,DGBT,Zone-27,Loader Rickshaw,DGBT,True,2026-08-19
19770,S-104,S104,Lahore,"Tehsil Office, Data Gunj Baksh Town",LWMC-DaGB,Mini Dumper,Bulk Waste Collection,moving,on,97.687,286.08,31.459992,74.423447,19/08/2026 10:57 AM,19/08/2026 11:00 AM,Reporting,Parked,12.96,False,,,,Mini Dumper,DGBT,False,2026-08-19
19743,M-36,M36,Lahore,"Tehsil Office, Data Gunj Baksh Town",LWMC-DaGB,Mini Dumper,Bulk Waste Collection,moving,on,34.812,141.61,31.578306,74.263998,19/08/2026 10:59 AM,19/08/2026 11:00 AM,Reporting,Moving,14.04,False,UC-1,Ravi Town,Zone-1,Foton-Mini Dumper,DGBT,False,2026-08-19
40349,LR-0957,LR0957,Lahore,"Tehsil Office, Samnabad Town",LWMC-SaTo,Loader Rickshaw,Door To Door Collection,still,off,27.579,211.94,31.496798,74.305239,19/08/2026 10:44 AM,19/08/2026 11:00 AM,Reporting,Parked,11.89,False,UC-211,Gulberg Town,Zone-23,Loader Rickshaw,Samnabad Town,False,2026-08-19
39193,S-282,S282,Lahore,"Tehsil Office, Samnabad Town",LWMC-SaTo,Mini Dumper,Bulk Waste Collection,moving,on,38.497,143.98,31.54441,74.261187,19/08/2026 10:47 AM,19/08/2026 11:00 AM,Reporting,Moving,14.14,False,UC-93,Samnabad Town,Zone-31,Mini Dumper,Samnabad Town,True,2026-08-19
41282,LR-1674,LR1674,Lahore,"Tehsil Office, Samnabad Town",LWMC-SaTo,Loader Rickshaw,Door To Door Collection,moving,on,20.237,91.15,31.536748,74.317882,19/08/2026 10:50 AM,19/08/2026 11:00 AM,Reporting,Parked,11.49,False,UC-84,Samnabad Town,Zone-34,Loader Rickshaw,Samnabad Town,True,2026-08-19
41335,LR-2241,LR2241,Lahore,"Tehsil Office, Samnabad Town",LWMC-SaTo,Loader Rickshaw,Door To Door Collection,still,off,38.904,193.86,31.533294,74.302606,19/08/2026 10:45 AM,19/08/2026 11:00 AM,Reporting,Moving,13.07,False,UC-91,Samnabad Town,Zone-33,Loader Rickshaw,Samnabad Town,True,2026-08-19
61807,LR-1673,LR1673,Lahore,"Tehsil Office, Ravi Town",LWMC-RaTo,Loader Rickshaw,Door To Door Collection,still,off,13.882,433.51,31.633806,74.312889,19/08/2026 10:59 AM,19/08/2026 11:00 AM,Reporting,Parked,11.49,False,,,,Loader Rickshaw,Ravi Town,False,2026-08-19
-,LR-2113,LR2113,Lahore,"Tehsil Office, Ravi Town",LWMC-RaTo,-,-,moving,on,19.493,109.2,31.625669,74.280193,19/08/2026 10:45 AM,19/08/2026 11:00 AM,Reporting,Parked,11.94,False,UC-7,Ravi Town,Zone-1,Loader Rickshaw,Ravi Town,True,2026-08-19
-,LR-0901,LR0901,Lahore,"Tehsil Office, Ravi Town",LWMC-RaTo,-,-,still,off,11.217,73.58,31.602898,74.316974,19/08/2026 10:58 AM,19/08/2026 11:00 AM,Reporting,Parked,12.15,False,UC-19,Ravi Town,Zone-3,Loader Rickshaw,Ravi Town,True,2026-08-19
60467,LR-2141,LR2141,Lahore,"Tehsil Office, Ravi Town",LWMC-RaTo,Loader Rickshaw,Door To Door Collection,still,off,17.287,225.59,31.591147,74.317974,19/08/2026 10:30 AM,19/08/2026 11:00 AM,Reporting,Parked,11.89,False,UC-17,Ravi Town,Zone-4,Loader Rickshaw,Ravi Town,True,2026-08-19
61132,LR-0063,LR0063,Lahore,"Tehsil Office, Ravi Town",LWMC-RaTo,Loader Rickshaw,Door To Door Collection,moving,on,16.662,314.44,31.5912,74.320359,19/08/2026 10:56 AM,19/08/2026 11:00 AM,Reporting,Parked,12.15,False,UC-17,Ravi Town,Zone-4,Loader Rickshaw,Ravi Town,True,2026-08-19
19289,LR-0248,LR0248,Lahore,"Tehsil Office, Ravi Town",LWMC-RaTo,Loader Rickshaw,Bulk Waste Collection,still,off,11.237,154.05,31.590142,74.331757,19/08/2026 10:59 AM,19/08/2026 11:00 AM,Reporting,Parked,11.89,False,UC-30,Ravi Town,Zone-4,Loader Rickshaw,Ravi Town,True,2026-08-19
61150,LR-1242,LR1242,Lahore,"Tehsil Office, Ravi Town",LWMC-RaTo,Loader Rickshaw,Door To Door Collection,moving,on,11.346,269.89,31.592957,74.321183,19/08/2026 11:00 AM,19/08/2026 11:00 AM,Reporting,Parked,11.84,False,UC-22,Ravi Town,Zone-4,Loader Rickshaw,Ravi Town,True,2026-08-19
19942,S-296,S296,Lahore,"Tehsil Office, Ravi Town",LWMC-RaTo,Mini Dumper,Bulk Waste Collection,moving,on,39.571,228.81,31.57393,74.287769,19/08/2026 10:55 AM,19/08/2026 11:00 AM,Reporting,Parked,12.1,False,UC-56,DGBT,Zone-29,Mini Dumper,Ravi Town,False,2026-08-19
61525,LR-2046,LR2046,Lahore,"Tehsil Office, Ravi Town",LWMC-RaTo,Loader Rickshaw,Door To Door Collection,still,off,20.492,340.91,31.60998,74.277753,19/08/2026 10:58 AM,19/08/2026 11:00 AM,Reporting,Parked,11.64,False,UC-4,Ravi Town,Zone-1,Loader Rickshaw,Ravi Town,True,2026-08-19
19313,LR-0427,LR0427,Lahore,"Tehsil Office, Ravi Town",LWMC-RaTo,Loader Rickshaw,Bulk Waste Collection,still,off,28.823,225.84,31.660719,74.3076,19/08/2026 10:57 AM,19/08/2026 11:00 AM,Reporting,Parked,12.15,False,UC-9,Ravi Town,Zone-2,Loader Rickshaw,Ravi Town,True,2026-08-19
-,LR-0260,LR0260,Lahore,"Tehsil Office, Ravi Town",LWMC-RaTo,-,-,still,off,12.426,316.08,31.591508,74.315722,19/08/2026 10:58 AM,19/08/2026 11:00 AM,Reporting,Parked,0.0,True,UC-17,Ravi Town,Zone-4,Loader Rickshaw,Ravi Town,True,2026-08-19
19919,S-236,S236,Lahore,"Tehsil Office, Ravi Town",LWMC-RaTo,Mini Dumper,Bulk Waste Collection,still,off,11.313,78.04,31.573881,74.287691,19/08/2026 09:35 AM,19/08/2026 11:00 AM,Reporting,Parked,12.4,False,UC-56,DGBT,Zone-29,Mini Dumper,Ravi Town,False,2026-08-19
19314,LR-0426,LR0426,Lahore,"Tehsil Office, Ravi Town",LWMC-RaTo,Loader Rickshaw,Bulk Waste Collection,still,off,0.017,6.38,31.592612,74.258858,19/08/2026 10:12 AM,19/08/2026 11:00 AM,Reporting,No Activity Since Yesterday,11.28,False,UC-5,Ravi Town,Zone-1,Loader Rickshaw,Ravi Town,True,2026-08-19
19928,S-377,S377,Lahore,"Tehsil Office, Ravi Town",LWMC-RaTo,Mini Dumper,Bulk Waste Collection,moving,on,34.002,290.16,31.617223,74.282267,19/08/2026 10:57 AM,19/08/2026 11:00 AM,Reporting,Moving,12.35,False,UC-4,Ravi Town,Zone-1,Mini Dumper,Ravi Town,True,2026-08-19
62025,LR-1171,LR1171,Lahore,"Tehsil Office, Ravi Town",LWMC-RaTo,Loader Rickshaw,Door To Door Collection,still,off,,,31.592547,74.258904,19/08/2026 09:33 AM,19/08/2026 11:00 AM,Reporting,No Activity Since Yesterday,7.1,False,UC-5,Ravi Town,Zone-1,Loader Rickshaw,Ravi Town,True,2026-08-19
61686,ND-42,ND42,Lahore,"Tehsil Office, Ravi Town",LWMC-RaTo,Dumper (7CM),Bulk Waste Collection,moving,on,65.467,238.96,31.603028,74.299307,19/08/2026 11:00 AM,19/08/2026 11:00 AM,Reporting,Parked,25.15,False,UC-48,DGBT,Zone-28,Dumper,Ravi Town,False,2026-08-19
18602,C-1382,C1382,Lahore,"Tehsil Office, Ravi Town",LWMC-RaTo,Compactor (13CM),Container-Based Collection,still,off,84.78,334.41,31.644676,74.285172,19/08/2026 10:57 AM,19/08/2026 11:00 AM,Reporting,Parked,26.22,False,UC-9,Ravi Town,Zone-2,Compactor,Ravi Town,True,2026-08-19
19936,M-86,M86,Lahore,"Tehsil Office, Ravi Town",LWMC-RaTo,Mini Dumper,Bulk Waste Collection,moving,on,27.679,135.34,31.61012,74.304955,19/08/2026 10:51 AM,19/08/2026 11:00 AM,Reporting,Moving,13.78,False,,,,Foton-Mini Dumper,Ravi Town,False,2026-08-19
19925,S-194,S194,Lahore,"Tehsil Office, Ravi Town",LWMC-RaTo,Mini Dumper,Bulk Waste Collection,moving,on,15.459,74.11,31.589761,74.320475,19/08/2026 10:59 AM,19/08/2026 11:00 AM,Reporting,Parked,12.86,False,UC-17,Ravi Town,Zone-4,Mini Dumper,Ravi Town,True,2026-08-19
62142,LR-2124,LR2124,Lahore,"Tehsil Office, Ravi Town",LWMC-RaTo,Loader Rickshaw,Door To Door Collection,still,off,15.244,99.79,31.631334,74.304482,19/08/2026 10:55 AM,19/08/2026 11:00 AM,Reporting,Parked,12.51,False,UC-11,Ravi Town,Zone-2,Loader Rickshaw,Ravi Town,True,2026-08-19
60847,LR-2482,LR2482,Lahore,"Tehsil Office, Ravi Town",LWMC-RaTo,Loader Rickshaw,Door To Door Collection,still,off,5.115,229.68,31.602447,74.309142,19/08/2026 10:58 AM,19/08/2026 11:00 AM,Reporting,Parked,11.54,False,UC-16,Ravi Town,Zone-4,Loader Rickshaw,Ravi Town,True,2026-08-19
19922,S-165,S165,Lahore,"Tehsil Office, Ravi Town",LWMC-RaTo,Mini Dumper,Bulk Waste Collection,moving,on,29.293,114.08,31.590872,74.316486,19/08/2026 10:59 AM,19/08/2026 11:00 AM,Reporting,Moving,14.09,False,UC-17,Ravi Town,Zone-4,Mini Dumper,Ravi Town,True,2026-08-19
19962,S-303,S303,Lahore,"Tehsil Office, Ravi Town",LWMC-RaTo,Mini Dumper,Bulk Waste Collection,still,off,40.429,157.93,31.57385,74.287725,19/08/2026 10:48 AM,19/08/2026 11:00 AM,Reporting,Parked,12.66,False,UC-56,DGBT,Zone-29,Mini Dumper,Ravi Town,False,2026-08-19
61942,LR-0586,LR0586,Lahore,"Tehsil Office, Ravi Town",LWMC-RaTo,Loader Rickshaw,Door To Door Collection,moving,on,20.997,93.91,31.614407,74.28268,19/08/2026 10:45 AM,19/08/2026 11:00 AM,Reporting,Parked,11.03,False,UC-4,Ravi Town,Zone-1,Loader Rickshaw,Ravi Town,True,2026-08-19
60943,D-52,D52,Lahore,"Tehsil Office, Ravi Town",LWMC-RaTo,Dumper (5CM),Bulk Waste Collection,moving,on,0.19,0.8,31.573269,74.287762,19/08/2026 09:53 AM,19/08/2026 10:30 AM,Reporting,No Activity Since Yesterday,24.39,False,UC-56,DGBT,Zone-29,Dumper,Ravi Town,False,2026-08-19
59162,C-1322,C1322,Lahore,"Tehsil Office, Ravi Town",LWMC-RaTo,Compactor (13CM),Container-Based Collection,moving,on,87.764,312.88,31.610123,74.277017,19/08/2026 10:58 AM,19/08/2026 11:00 AM,Reporting,Parked,26.79,False,UC-4,Ravi Town,Zone-1,Compactor,Ravi Town,True,2026-08-19
-,LR-0950,LR0950,Lahore,"Tehsil Office, Ravi Town",LWMC-RaTo,-,-,moving,on,10.037,155.38,31.591237,74.317867,19/08/2026 09:52 AM,19/08/2026 10:30 AM,Reporting,Parked,11.64,False,UC-17,Ravi Town,Zone-4,Loader Rickshaw,Ravi Town,True,2026-08-19
61938,LR-2123,LR2123,Lahore,"Tehsil Office, Ravi Town",LWMC-RaTo,Loader Rickshaw,Door To Door Collection,still,off,,,31.592605,74.259078,19/08/2026 09:59 AM,19/08/2026 11:00 AM,,,,,UC-5,Ravi Town,Zone-1,Loader Rickshaw,Ravi Town,True,2026-08-19
61603,LR-2674,LR2674,Lahore,"Tehsil Office, Ravi Town",LWMC-RaTo,Loader Rickshaw,Door To Door Collection,still,off,,,31.635241,74.286972,19/08/2026 09:55 AM,19/08/2026 11:00 AM,Reporting,No Activity Since Yesterday,11.94,False,UC-10,Ravi Town,Zone-2,Loader Rickshaw,Ravi Town,True,2026-08-19
61949,LR-1944,LR1944,Lahore,"Tehsil Office, Ravi Town",LWMC-RaTo,Loader Rickshaw,Door To Door Collection,moving,on,15.406,242.9,31.618898,74.276079,19/08/2026 10:58 AM,19/08/2026 11:00 AM,Reporting,Parked,12.1,False,UC-2,Ravi Town,Zone-1,Loader Rickshaw,Ravi Town,True,2026-08-19
-,HA-1,HA1,Lahore,"Tehsil Office, Ravi Town",LWMC-RaTo,-,-,moving,on,64.0,238.0,31.634274,74.312802,19/08/2026 10:57 AM,19/08/2026 11:00 AM,Reporting,Parked,25.71,False,,,,Arm Roll,Ravi Town,False,2026-08-19
-,HA-6,HA6,Lahore,"Tehsil Office, Ravi Town",LWMC-RaTo,-,-,still,off,64.988,181.71,31.602038,74.305722,19/08/2026 10:58 AM,19/08/2026 11:00 AM,Reporting,Parked,25.71,False,UC-16,Ravi Town,Zone-4,Arm Roll,Ravi Town,True,2026-08-19
61366,LR-2480,LR2480,Lahore,"Tehsil Office, Ravi Town",LWMC-RaTo,Loader Rickshaw,Door To Door Collection,moving,on,6.018,140.36,31.595894,74.316859,19/08/2026 10:59 AM,19/08/2026 11:00 AM,Reporting,Parked,12.71,False,UC-17,Ravi Town,Zone-4,Loader Rickshaw,Ravi Town,True,2026-08-19
19921,S-44,S44,Lahore,"Tehsil Office, Ravi Town",LWMC-RaTo,Mini Dumper,Bulk Waste Collection,still,off,11.686,71.61,31.611945,74.280849,19/08/2026 10:24 AM,19/08/2026 11:00 AM,Reporting,Parked,13.37,False,UC-4,Ravi Town,Zone-1,Mini Dumper,Ravi Town,True,2026-08-19
61459,LR-1229,LR1229,Lahore,"Tehsil Office, Ravi Town",LWMC-RaTo,Loader Rickshaw,Door To Door Collection,still,off,10.361,69.73,31.60785,74.317431,19/08/2026 10:58 AM,19/08/2026 11:00 AM,Reporting,Parked,11.18,False,UC-19,Ravi Town,Zone-3,Loader Rickshaw,Ravi Town,True,2026-08-19
61096,LR-1626,LR1626,Lahore,"Tehsil Office, Ravi Town",LWMC-RaTo,Loader Rickshaw,Door To Door Collection,moving,on,4.039,263.31,31.590781,74.320821,19/08/2026 10:26 AM,19/08/2026 11:00 AM,Reporting,Parked,11.94,False,UC-17,Ravi Town,Zone-4,Loader Rickshaw,Ravi Town,True,2026-08-19
19344,MFL-110,MFL110,Lahore,"Tehsil Office, Ravi Town",LWMC-RaTo,Loader Rickshaw,Bulk Waste Collection,moving,on,13.855,311.3,31.609166,74.327919,19/08/2026 10:59 AM,19/08/2026 11:00 AM,Reporting,Parked,12.76,False,UC-21,Ravi Town,Zone-3,Loader,Ravi Town,True,2026-08-19
-,C-1376,C1376,Lahore,"Tehsil Office, Ravi Town",LWMC-RaTo,-,-,moving,on,59.61,296.13,31.634222,74.312703,19/08/2026 10:59 AM,19/08/2026 11:00 AM,Reporting,Parked,28.01,False,,,,Compactor,Ravi Town,False,2026-08-19
-,S-178,S178,Lahore,"Tehsil Office, Ravi Town",LWMC-RaTo,-,-,still,off,14.968,94.86,31.630161,74.27716,19/08/2026 10:52 AM,19/08/2026 11:00 AM,Reporting,Parked,12.3,False,,,,Mini Dumper,Ravi Town,False,2026-08-19
61427,SD-02,SD02,Lahore,"Tehsil Office, Ravi Town",LWMC-RaTo,Dumper (10CM),Bulk Waste Collection,still,off,74.492,270.14,31.591329,74.320422,19/08/2026 10:58 AM,19/08/2026 11:00 AM,Reporting,Excess Idling,27.55,False,UC-17,Ravi Town,Zone-4,Dumper,Ravi Town,True,2026-08-19
18679,C-716,C716,Lahore,"Tehsil Office, Ravi Town",LWMC-RaTo,Compactor (7CM),Container-Based Collection,moving,on,117.77,322.88,31.603953,74.299482,19/08/2026 10:59 AM,19/08/2026 11:00 AM,Reporting,Parked,25.61,False,,,,Compactor,Ravi Town,False,2026-08-19
19948,S-146,S146,Lahore,"Tehsil Office, Ravi Town",LWMC-RaTo,Mini Dumper,Bulk Waste Collection,still,off,37.157,142.88,31.573242,74.287522,19/08/2026 10:59 AM,19/08/2026 11:00 AM,Reporting,Parked,12.56,False,UC-56,DGBT,Zone-29,Mini Dumper,Ravi Town,False,2026-08-19
19932,S-376,S376,Lahore,"Tehsil Office, Ravi Town",LWMC-RaTo,Mini Dumper,Bulk Waste Collection,still,off,23.177,121.18,31.642331,74.281463,19/08/2026 10:58 AM,19/08/2026 11:00 AM,Reporting,Parked,12.96,False,UC-8,Ravi Town,Zone-2,Mini Dumper,Ravi Town,True,2026-08-19
61249,LR-1603,LR1603,Lahore,"Tehsil Office, Ravi Town",LWMC-RaTo,Loader Rickshaw,Door To Door Collection,still,off,,,31.591108,74.31737,19/08/2026 09:39 AM,19/08/2026 11:00 AM,Reporting,No Activity Since Yesterday,11.89,False,UC-17,Ravi Town,Zone-4,Loader Rickshaw,Ravi Town,True,2026-08-19
59159,C-711,C711,Lahore,"Tehsil Office, Ravi Town",LWMC-RaTo,Compactor (7CM),Container-Based Collection,moving,on,67.387,296.58,31.609227,74.329543,19/08/2026 10:58 AM,19/08/2026 11:00 AM,Reporting,Parked,25.36,False,UC-23,Ravi Town,Zone-3,Compactor,Ravi Town,True,2026-08-19
19955,S-30,S30,Lahore,"Tehsil Office, Ravi Town",LWMC-RaTo,Mini Dumper,Bulk Waste Collection,moving,on,37.584,143.9,31.573379,74.287493,19/08/2026 10:41 AM,19/08/2026 11:00 AM,Reporting,Parked,12.25,False,UC-56,DGBT,Zone-29,Mini Dumper,Ravi Town,False,2026-08-19
61246,LR-1611,LR1611,Lahore,"Tehsil Office, Ravi Town",LWMC-RaTo,Loader Rickshaw,Door To Door Collection,still,off,,,31.591058,74.317393,19/08/2026 09:45 AM,19/08/2026 11:00 AM,Reporting,Parked,12.45,False,UC-17,Ravi Town,Zone-4,Loader Rickshaw,Ravi Town,True,2026-08-19
-,C-1381,C1381,Lahore,"Tehsil Office, Ravi Town",LWMC-RaTo,-,-,moving,on,46.246,301.19,31.590248,74.306744,19/08/2026 10:58 AM,19/08/2026 11:00 AM,Reporting,Idle,27.6,False,UC-17,Ravi Town,Zone-4,Compactor,Ravi Town,True,2026-08-19
61434,D-64,D64,Lahore,"Tehsil Office, Ravi Town",LWMC-RaTo,Dumper (5CM),Bulk Waste Collection,moving,on,69.932,193.51,31.614829,74.28192,19/08/2026 10:59 AM,19/08/2026 11:00 AM,Reporting,Parked,24.29,False,UC-4,Ravi Town,Zone-1,Dumper,Ravi Town,True,2026-08-19
23434,LR-0086,LR0086,Lahore,"Tehsil Office, Ravi Town",LWMC-RaTo,Loader Rickshaw,Door To Door Collection,still,off,12.032,298.8,31.612874,74.268894,19/08/2026 10:57 AM,19/08/2026 11:00 AM,Reporting,Parked,11.74,False,UC-4,Ravi Town,Zone-1,Loader Rickshaw,Ravi Town,True,2026-08-19
18605,C-1334,C1334,Lahore,"Tehsil Office, Ravi Town",LWMC-RaTo,Compactor (13CM),Container-Based Collection,moving,on,59.536,325.05,31.617417,74.283277,19/08/2026 10:59 AM,19/08/2026 11:00 AM,Reporting,Moving,28.26,False,,,,Compactor,Ravi Town,False,2026-08-19
18683,C-717,C717,Lahore,"Tehsil Office, Ravi Town",LWMC-RaTo,Compactor (7CM),Container-Based Collection,moving,on,109.415,338.64,31.606948,74.250966,19/08/2026 10:57 AM,19/08/2026 11:00 AM,Reporting,Parked,25.26,False,UC-1,Ravi Town,Zone-1,Compactor,Ravi Town,True,2026-08-19
19266,LR-0161,LR0161,Lahore,"Tehsil Office, Ravi Town",LWMC-RaTo,Loader Rickshaw,Bulk Waste Collection,still,off,24.049,327.96,31.592522,74.259077,19/08/2026 10:59 AM,19/08/2026 11:00 AM,Reporting,Parked,11.08,False,UC-5,Ravi Town,Zone-1,Loader Rickshaw,Ravi Town,True,2026-08-19
-,S-179,S179,Lahore,"Tehsil Office, Ravi Town",LWMC-RaTo,-,-,moving,on,35.6,169.78,31.573879,74.287624,19/08/2026 11:00 AM,19/08/2026 11:00 AM,Reporting,Parked,12.4,False,UC-56,DGBT,Zone-29,Mini Dumper,Ravi Town,False,2026-08-19
19935,M-126,M126,Lahore,"Tehsil Office, Ravi Town",LWMC-RaTo,Mini Dumper,Bulk Waste Collection,moving,on,19.146,94.21,31.616907,74.297162,19/08/2026 10:59 AM,19/08/2026 11:00 AM,Reporting,Moving,13.02,False,UC-13,Ravi Town,Zone-2,Foton-Mini Dumper,Ravi Town,True,2026-08-19
19940,M-13,M13,Lahore,"Tehsil Office, Ravi Town",LWMC-RaTo,Mini Dumper,Bulk Waste Collection,moving,on,48.201,206.86,31.611249,74.260074,19/08/2026 10:59 AM,19/08/2026 11:00 AM,Reporting,Parked,12.05,False,UC-1,Ravi Town,Zone-1,Foton-Mini Dumper,Ravi Town,True,2026-08-19
61130,LR-2117,LR2117,Lahore,"Tehsil Office, Ravi Town",LWMC-RaTo,Loader Rickshaw,Door To Door Collection,moving,on,19.896,147.33,31.641743,74.282246,19/08/2026 10:58 AM,19/08/2026 11:00 AM,Reporting,Parked,11.03,False,UC-8,Ravi Town,Zone-2,Loader Rickshaw,Ravi Town,True,2026-08-19
62015,LR-1173,LR1173,Lahore,"Tehsil Office, Ravi Town",LWMC-RaTo,Loader Rickshaw,Door To Door Collection,still,off,13.302,239.21,31.631896,74.307733,19/08/2026 10:58 AM,19/08/2026 11:00 AM,Reporting,Parked,11.64,False,UC-11,Ravi Town,Zone-2,Loader Rickshaw,Ravi Town,True,2026-08-19
19916,S-248,S248,Lahore,"Tehsil Office, Ravi Town",LWMC-RaTo,Mini Dumper,Bulk Waste Collection,moving,on,117.071,336.6,31.578358,74.317949,19/08/2026 10:51 AM,19/08/2026 11:00 AM,Reporting,Parked,12.66,False,UC-35,Ravi Town,Zone-5,Mini Dumper,Ravi Town,True,2026-08-19
60224,LR-1623,LR1623,Lahore,"Tehsil Office, Ravi Town",LWMC-RaTo,Loader Rickshaw,Door To Door Collection,still,off,13.151,330.98,31.602313,74.320955,19/08/2026 10:58 AM,19/08/2026 11:00 AM,Reporting,Parked,12.15,False,UC-29,Ravi Town,Zone-3,Loader Rickshaw,Ravi Town,True,2026-08-19
19931,M-29,M29,Lahore,"Tehsil Office, Ravi Town",LWMC-RaTo,Mini Dumper,Bulk Waste Collection,still,off,61.307,189.94,31.573908,74.287751,19/08/2026 10:40 AM,19/08/2026 11:00 AM,Reporting,Parked,0.0,True,UC-56,DGBT,Zone-29,Foton-Mini Dumper,Ravi Town,False,2026-08-19
60673,MFL-90,MFL90,Lahore,"Tehsil Office, Ravi Town",LWMC-RaTo,Front End Loader,Bulk Waste Collection,still,off,7.358,314.58,31.591447,74.320398,19/08/2026 10:58 AM,19/08/2026 11:00 AM,Reporting,Idle,12.96,False,UC-17,Ravi Town,Zone-4,Loader,Ravi Town,True,2026-08-19
60935,MFL-100,MFL100,Lahore,"Tehsil Office, Ravi Town",LWMC-RaTo,Tractor Loader,Bulk Waste Collection,still,off,8.156,229.98,31.602478,74.3098,19/08/2026 10:57 AM,19/08/2026 11:00 AM,Reporting,Excess Idling,12.61,False,UC-16,Ravi Town,Zone-4,Loader,Ravi Town,True,2026-08-19
19960,S-74,S74,Lahore,"Tehsil Office, Ravi Town",LWMC-RaTo,Mini Dumper,Bulk Waste Collection,moving,on,43.004,333.35,31.598192,74.296273,19/08/2026 10:58 AM,19/08/2026 11:00 AM,Reporting,Parked,12.51,False,UC-48,DGBT,Zone-28,Mini Dumper,Ravi Town,False,2026-08-19
-,HA-5,HA5,Lahore,"Tehsil Office, Ravi Town",LWMC-RaTo,-,-,moving,on,63.286,246.71,31.572716,74.286623,19/08/2026 10:44 AM,19/08/2026 11:00 AM,Reporting,Parked,25.41,False,UC-56,DGBT,Zone-29,Arm Roll,Ravi Town,False,2026-08-19
59160,C-13-1305,C131305,Lahore,"Tehsil Office, Ravi Town",LWMC-RaTo,Compactor (13CM),Container-Based Collection,moving,on,60.508,343.14,31.60979,74.305151,19/08/2026 10:36 AM,19/08/2026 11:00 AM,Reporting,Moving,28.21,False,,,,Compactor,Ravi Town,False,2026-08-19
-,LR-0900,LR0900,Lahore,"Tehsil Office, Ravi Town",LWMC-RaTo,-,-,moving,on,5.731,130.94,31.599917,74.320132,19/08/2026 10:55 AM,19/08/2026 11:00 AM,Reporting,Parked,14.29,False,UC-22,Ravi Town,Zone-4,Loader Rickshaw,Ravi Town,True,2026-08-19
19946,S-222,S222,Lahore,"Tehsil Office, Ravi Town",LWMC-RaTo,Mini Dumper,Bulk Waste Collection,still,off,2.359,38.79,31.573574,74.287649,19/08/2026 09:46 AM,19/08/2026 11:00 AM,Reporting,Parked,12.15,False,UC-56,DGBT,Zone-29,Mini Dumper,Ravi Town,False,2026-08-19
61090,LR-1607,LR1607,Lahore,"Tehsil Office, Ravi Town",LWMC-RaTo,Loader Rickshaw,Door To Door Collection,moving,on,9.843,95.43,31.5904,74.321048,19/08/2026 10:50 AM,19/08/2026 11:00 AM,Reporting,Parked,10.82,False,UC-17,Ravi Town,Zone-4,Loader Rickshaw,Ravi Town,True,2026-08-19
61466,LR-2039,LR2039,Lahore,"Tehsil Office, Ravi Town",LWMC-RaTo,Loader Rickshaw,Door To Door Collection,still,off,7.858,269.61,31.590907,74.320275,19/08/2026 10:58 AM,19/08/2026 11:00 AM,Reporting,Parked,0.0,True,UC-17,Ravi Town,Zone-4,Loader Rickshaw,Ravi Town,True,2026-08-19
62084,SD-01,SD01,Lahore,"Tehsil Office, Ravi Town",LWMC-RaTo,Dumper (10CM),Bulk Waste Collection,moving,on,53.767,289.56,31.591277,74.320413,19/08/2026 10:45 AM,19/08/2026 11:00 AM,Reporting,Excess Idling,25.36,False,UC-17,Ravi Town,Zone-4,Dumper,Ravi Town,True,2026-08-19
19945,S-38,S38,Lahore,"Tehsil Office, Ravi Town",LWMC-RaTo,Mini Dumper,Bulk Waste Collection,moving,on,25.968,129.19,31.605704,74.300338,19/08/2026 10:59 AM,19/08/2026 11:00 AM,Reporting,Parked,14.14,False,,,,Mini Dumper,Ravi Town,False,2026-08-19
19345,MFL-62,MFL62,Lahore,"Tehsil Office, Ravi Town",LWMC-RaTo,Loader Rickshaw,Bulk Waste Collection,still,off,16.054,308.83,31.634906,74.302695,19/08/2026 10:58 AM,19/08/2026 11:00 AM,Reporting,Parked,13.22,False,UC-11,Ravi Town,Zone-2,Loader,Ravi Town,True,2026-08-19
61204,LR-1504,LR1504,Lahore,"Tehsil Office, Ravi Town",LWMC-RaTo,Loader Rickshaw,Door To Door Collection,moving,on,8.391,51.79,31.610237,74.276286,19/08/2026 10:57 AM,19/08/2026 11:00 AM,Reporting,Parked,12.35,False,UC-5,Ravi Town,Zone-1,Loader Rickshaw,Ravi Town,True,2026-08-19
19915,S-95,S95,Lahore,"Tehsil Office, Ravi Town",LWMC-RaTo,Mini Dumper,Bulk Waste Collection,moving,on,42.944,181.78,31.600453,74.297353,19/08/2026 10:59 AM,19/08/2026 11:00 AM,Reporting,Parked,12.66,False,UC-48,DGBT,Zone-28,Mini Dumper,Ravi Town,False,2026-08-19
61749,LR-1175,LR1175,Lahore,"Tehsil Office, Ravi Town",LWMC-RaTo,Loader Rickshaw,Door To Door Collection,still,off,13.228,62.83,31.636318,74.309926,19/08/2026 10:47 AM,19/08/2026 11:00 AM,Reporting,Parked,12.4,False,UC-11,Ravi Town,Zone-2,Loader Rickshaw,Ravi Town,True,2026-08-19
23440,LR-0092,LR0092,Lahore,"Tehsil Office, Ravi Town",LWMC-RaTo,Loader Rickshaw,Door To Door Collection,still,off,19.151,267.41,31.611418,74.260706,19/08/2026 10:47 AM,19/08/2026 11:00 AM,Reporting,Parked,11.94,False,UC-1,Ravi Town,Zone-1,Loader Rickshaw,Ravi Town,True,2026-08-19
-,C-25-084,C25084,Lahore,"Tehsil Office, Ravi Town",LWMC-RaTo,-,-,still,off,40.832,353.44,31.552181,74.414268,19/08/2026 10:57 AM,19/08/2026 11:00 AM,Reporting,Parked,25.77,False,UC-150,Aziz Bhatti Town,Zone-17,Compactor,Aziz Bhatti Town,True,2026-08-19
61028,LR-1621,LR1621,Lahore,"Tehsil Office, Ravi Town",LWMC-RaTo,Loader Rickshaw,Door To Door Collection,still,off,10.217,269.41,31.584469,74.325767,19/08/2026 10:56 AM,19/08/2026 11:00 AM,Reporting,Parked,12.2,False,UC-33,Ravi Town,Zone-5,Loader Rickshaw,Ravi Town,True,2026-08-19
59161,C-1317,C1317,Lahore,"Tehsil Office, Ravi Town",LWMC-RaTo,Compactor (13CM),Container-Based Collection,still,off,78.798,295.25,31.618038,74.288163,19/08/2026 10:57 AM,19/08/2026 11:00 AM,Reporting,Moving,27.81,False,UC-4,Ravi Town,Zone-1,Compactor,Ravi Town,True,2026-08-19
-,S-177,S177,Lahore,"Tehsil Office, Ravi Town",LWMC-RaTo,-,-,moving,on,30.06,135.83,31.641653,74.290985,19/08/2026 10:48 AM,19/08/2026 11:00 AM,Reporting,Parked,13.07,False,UC-10,Ravi Town,Zone-2,Mini Dumper,Ravi Town,True,2026-08-19
60940,MFL-96,MFL96,Lahore,"Tehsil Office, Ravi Town",LWMC-RaTo,Tractor Loader,Bulk Waste Collection,still,off,10.271,359.55,31.634778,74.313645,19/08/2026 10:58 AM,19/08/2026 11:00 AM,Reporting,Excess Idling,14.14,False,,,,Loader,Ravi Town,False,2026-08-19
19943,S-295,S295,Lahore,"Tehsil Office, Ravi Town",LWMC-RaTo,Mini Dumper,Bulk Waste Collection,still,off,,,31.573915,74.287646,19/08/2026 09:34 AM,19/08/2026 11:00 AM,Reporting,No Activity Since Yesterday,11.54,False,UC-56,DGBT,Zone-29,Mini Dumper,Ravi Town,False,2026-08-19
18603,C-1377L,C1377L,Lahore,"Tehsil Office, Ravi Town",LWMC-RaTo,Compactor (13CM),Container-Based Collection,still,off,75.788,309.53,31.610037,74.277072,19/08/2026 10:58 AM,19/08/2026 11:00 AM,Reporting,Parked,27.86,False,UC-5,Ravi Town,Zone-1,Compactor,Ravi Town,True,2026-08-19
19920,S-290,S290,Lahore,"Tehsil Office, Ravi Town",LWMC-RaTo,Mini Dumper,Bulk Waste Collection,moving,on,22.281,107.41,31.613359,74.331207,19/08/2026 10:45 AM,19/08/2026 11:00 AM,Reporting,Parked,12.51,False,UC-23,Ravi Town,Zone-3,Mini Dumper,Ravi Town,True,2026-08-19
19961,S-294,S294,Lahore,"Tehsil Office, Ravi Town",LWMC-RaTo,Mini Dumper,Bulk Waste Collection,still,off,89.804,296.53,31.573597,74.287558,19/08/2026 10:33 AM,19/08/2026 11:00 AM,Reporting,Parked,12.1,False,UC-56,DGBT,Zone-29,Mini Dumper,Ravi Town,False,2026-08-19
19952,S-304,S304,Lahore,"Tehsil Office, Ravi Town",LWMC-RaTo,Mini Dumper,Bulk Waste Collection,still,off,18.448,94.28,31.573186,74.299824,19/08/2026 10:58 AM,19/08/2026 11:00 AM,Reporting,Parked,12.35,False,UC-57,DGBT,Zone-27,Mini Dumper,Ravi Town,False,2026-08-19
-,LR-0904,LR0904,Lahore,"Tehsil Office, Ravi Town",LWMC-RaTo,-,-,still,off,10.442,301.43,31.602894,74.311868,19/08/2026 10:58 AM,19/08/2026 11:00 AM,Reporting,Parked,12.0,False,UC-18,Ravi Town,Zone-3,Loader Rickshaw,Ravi Town,True,2026-08-19
60868,MFL-85,MFL85,Lahore,"Tehsil Office, Ravi Town",LWMC-RaTo,Tractor Loader,Bulk Waste Collection,still,off,12.189,187.13,31.6014,74.308681,19/08/2026 10:57 AM,19/08/2026 11:00 AM,Reporting,Excess Idling,14.09,False,UC-16,Ravi Town,Zone-4,Loader,Ravi Town,True,2026-08-19
-,LR-0136,LR0136,Lahore,"Tehsil Office, Ravi Town",LWMC-RaTo,-,-,moving,on,12.114,155.93,31.580326,74.311628,19/08/2026 10:51 AM,19/08/2026 11:00 AM,Reporting,Parked,12.61,False,UC-36,Ravi Town,Zone-5,Loader Rickshaw,Ravi Town,True,2026-08-19
61697,LR-1506,LR1506,Lahore,"Tehsil Office, Ravi Town",LWMC-RaTo,Loader Rickshaw,Door To Door Collection,moving,on,13.381,80.68,31.63222,74.311131,19/08/2026 10:59 AM,19/08/2026 11:00 AM,Reporting,Parked,12.0,False,UC-11,Ravi Town,Zone-2,Loader Rickshaw,Ravi Town,True,2026-08-19
62085,D-27,D27,Lahore,"Tehsil Office, Ravi Town",LWMC-RaTo,Dumper (10CM),Bulk Waste Collection,still,off,66.627,196.94,31.639428,74.306752,19/08/2026 10:20 AM,19/08/2026 11:00 AM,Reporting,Parked,12.2,False,UC-11,Ravi Town,Zone-2,Dumper,Ravi Town,True,2026-08-19
19953,S-64,S64,Lahore,"Tehsil Office, Ravi Town",LWMC-RaTo,Mini Dumper,Bulk Waste Collection,moving,on,40.877,152.26,31.580671,74.289048,19/08/2026 10:57 AM,19/08/2026 11:00 AM,Reporting,Parked,12.05,False,UC-50,DGBT,Zone-28,Mini Dumper,Ravi Town,False,2026-08-19
61464,WR-0044,WR0044,Lahore,"Tehsil Office, Ravi Town",LWMC-RaTo,Loader Rickshaw,Washing,still,off,,,31.591073,74.317343,19/08/2026 09:52 AM,19/08/2026 11:00 AM,Reporting,No Activity Since Yesterday,12.56,False,UC-17,Ravi Town,Zone-4,Washer Rickshaw,Ravi Town,True,2026-08-19
-,P-6,P6,Lahore,"Tehsil Office, Ravi Town",LWMC-RaTo,-,-,moving,on,33.223,126.13,31.618144,74.289319,19/08/2026 10:58 AM,19/08/2026 11:00 AM,Reporting,Parked,12.66,False,UC-4,Ravi Town,Zone-1,Pickup,Ravi Town,True,2026-08-19
-,LR-0899,LR0899,Lahore,"Tehsil Office, Ravi Town",LWMC-RaTo,-,-,still,off,9.983,354.91,31.600002,74.319142,19/08/2026 10:58 AM,19/08/2026 11:00 AM,Reporting,Parked,11.43,False,UC-19,Ravi Town,Zone-3,Loader Rickshaw,Ravi Town,True,2026-08-19
60937,MFL-70,MFL70,Lahore,"Tehsil Office, Ravi Town",LWMC-RaTo,Tractor Loader,Bulk Waste Collection,still,off,8.306,318.69,31.614866,74.281736,19/08/2026 10:57 AM,19/08/2026 11:00 AM,Reporting,Parked,12.4,False,UC-4,Ravi Town,Zone-1,Loader,Ravi Town,True,2026-08-19
61397,MFL-101,MFL101,Lahore,"Tehsil Office, Ravi Town",LWMC-RaTo,Tractor Loader,Bulk Waste Collection,still,off,9.894,241.26,31.611217,74.273724,19/08/2026 10:58 AM,19/08/2026 11:00 AM,Reporting,Parked,14.14,False,UC-4,Ravi Town,Zone-1,Loader,Ravi Town,True,2026-08-19
60704,LR-2139,LR2139,Lahore,"Tehsil Office, Ravi Town",LWMC-RaTo,Loader Rickshaw,Door To Door Collection,moving,on,8.151,49.51,31.590772,74.317566,19/08/2026 10:50 AM,19/08/2026 11:00 AM,Reporting,Parked,11.74,False,UC-17,Ravi Town,Zone-4,Loader Rickshaw,Ravi Town,True,2026-08-19
59158,C-07-705,C07705,Lahore,"Tehsil Office, Ravi Town",LWMC-RaTo,Compactor (7CM),Container-Based Collection,moving,on,79.416,238.51,31.573101,74.289926,19/08/2026 10:55 AM,19/08/2026 11:00 AM,Reporting,Parked,25.1,False,UC-59,DGBT,Zone-29,Compactor,Ravi Town,False,2026-08-19
19934,M-24,M24,Lahore,"Tehsil Office, Ravi Town",LWMC-RaTo,Mini Dumper,Bulk Waste Collection,still,off,37.4,134.16,31.647095,74.285678,19/08/2026 10:37 AM,19/08/2026 11:00 AM,Reporting,Moving,14.19,False,UC-9,Ravi Town,Zone-2,Foton-Mini Dumper,Ravi Town,True,2026-08-19
61463,WR-0043,WR0043,Lahore,"Tehsil Office, Ravi Town",LWMC-RaTo,Loader Rickshaw,Washing,still,off,13.03,275.61,31.587102,74.323223,19/08/2026 10:57 AM,19/08/2026 11:00 AM,Reporting,Parked,12.1,False,UC-33,Ravi Town,Zone-5,Washer Rickshaw,Ravi Town,True,2026-08-19
19309,LR-0166,LR0166,Lahore,"Tehsil Office, Ravi Town",LWMC-RaTo,Loader Rickshaw,Bulk Waste Collection,moving,on,15.515,107.4,31.630314,74.278112,19/08/2026 10:47 AM,19/08/2026 11:00 AM,Reporting,Excess Idling,12.35,False,,,,Loader Rickshaw,Ravi Town,False,2026-08-19
61428,D-51,D51,Lahore,"Tehsil Office, Ravi Town",LWMC-RaTo,Dumper (5CM),Bulk Waste Collection,still,off,76.719,189.15,31.637558,74.307229,19/08/2026 10:58 AM,19/08/2026 11:00 AM,Reporting,Parked,25.87,False,UC-11,Ravi Town,Zone-2,Dumper,Ravi Town,True,2026-08-19
19354,ALB-7360,ALB7360,Lahore,"Tehsil Office, Ravi Town",LWMC-RaTo,Loader Rickshaw,Bulk Waste Collection,moving,on,11.618,291.31,31.57283,74.286666,19/08/2026 10:31 AM,19/08/2026 11:00 AM,Reporting,Parked,12.56,False,UC-56,DGBT,Zone-29,Loader,Ravi Town,False,2026-08-19
59215,LR-1835,LR1835,Lahore,"Tehsil Office, Wahgha Town",LWMC-WaTo,Loader Rickshaw,Door To Door Collection,moving,on,24.33,275.21,31.546993,74.522967,19/08/2026 11:00 AM,19/08/2026 11:00 AM,Reporting,Parked,11.69,False,UC-180,Wagha Town,Zone-14,Loader Rickshaw,Wagha Town,True,2026-08-19
59634,LR-1785,LR1785,Lahore,"Tehsil Office, Wahgha Town",LWMC-WaTo,Loader Rickshaw,Door To Door Collection,moving,on,18.143,89.26,31.446116,74.524193,19/08/2026 10:54 AM,19/08/2026 11:00 AM,Reporting,Parked,12.0,False,UC-191,Wagha Town,Zone-14,Loader Rickshaw,Wagha Town,True,2026-08-19
59705,LR-2902,LR2902,Lahore,"Tehsil Office, Wahgha Town",LWMC-WaTo,Loader Rickshaw,Door To Door Collection,moving,on,21.65,176.61,31.534344,74.459829,19/08/2026 10:54 AM,19/08/2026 11:00 AM,Reporting,Parked,11.59,False,UC-193,Wagha Town,Zone-14,Loader Rickshaw,Wagha Town,True,2026-08-19
59236,LR-2299,LR2299,Lahore,"Tehsil Office, Wahgha Town",LWMC-WaTo,Loader Rickshaw,Door To Door Collection,moving,on,22.374,267.64,31.548564,74.482152,19/08/2026 10:48 AM,19/08/2026 11:00 AM,Reporting,Parked,12.3,False,UC-192,Wagha Town,Zone-14,Loader Rickshaw,Wagha Town,True,2026-08-19
59337,LR-1840,LR1840,Lahore,"Tehsil Office, Wahgha Town",LWMC-WaTo,Loader Rickshaw,Door To Door Collection,still,off,15.903,302.71,31.526299,74.542344,19/08/2026 10:57 AM,19/08/2026 11:00 AM,Reporting,Parked,12.05,False,UC-180,Wagha Town,Zone-14,Loader Rickshaw,Wagha Town,True,2026-08-19
61303,LR-2469,LR2469,Lahore,"Tehsil Office, Wahgha Town",LWMC-WaTo,Loader Rickshaw,Door To Door Collection,still,off,38.779,310.01,31.591893,74.430269,19/08/2026 10:57 AM,19/08/2026 11:00 AM,Reporting,Parked,12.15,False,UC-175,Wagha Town,Zone-12,Loader Rickshaw,Wagha Town,True,2026-08-19
-,LR-1289,LR1289,Lahore,"Tehsil Office, Wahgha Town",LWMC-WaTo,-,-,moving,on,17.11,126.46,31.587108,74.385386,19/08/2026 10:54 AM,19/08/2026 11:00 AM,Reporting,Parked,11.74,False,UC-130,Shalimar Town,Zone-10,Loader Rickshaw,Wagha Town,False,2026-08-19
60253,S-249,S249,Lahore,"Tehsil Office, Wahgha Town",LWMC-WaTo,Mini Dumper,Commercial,moving,on,16.268,82.59,31.594612,74.426012,19/08/2026 10:54 AM,19/08/2026 11:00 AM,Reporting,Parked,12.96,False,UC-138,Wagha Town,Zone-12,Mini Dumper,Wagha Town,True,2026-08-19
61926,LR-2451,LR2451,Lahore,"Tehsil Office, Wahgha Town",LWMC-WaTo,Loader Rickshaw,Door To Door Collection,moving,on,47.463,298.08,31.587703,74.40969,19/08/2026 10:58 AM,19/08/2026 11:00 AM,Reporting,Parked,11.84,False,UC-138,Wagha Town,Zone-12,Loader Rickshaw,Wagha Town,True,2026-08-19
60354,LR-2953,LR2953,Lahore,"Tehsil Office, Wahgha Town",LWMC-WaTo,Loader Rickshaw,Door To Door Collection,still,off,11.35,83.28,31.606732,74.457649,19/08/2026 10:47 AM,19/08/2026 11:00 AM,Reporting,Parked,11.69,False,UC-176,Wagha Town,Zone-13,,Wagha Town,True,2026-08-19
59307,LR-2300,LR2300,Lahore,"Tehsil Office, Wahgha Town",LWMC-WaTo,Loader Rickshaw,Door To Door Collection,moving,on,20.655,103.7,31.465203,74.573368,19/08/2026 08:28 AM,19/08/2026 10:30 AM,Reporting,Parked,11.79,False,UC-189,Wagha Town,Zone-14,Loader Rickshaw,Wagha Town,True,2026-08-19
23633,LR-1065,LR1065,Lahore,"Tehsil Office, Wahgha Town",LWMC-WaTo,Loader Rickshaw,Door To Door Collection,still,off,7.564,129.83,31.562251,74.527358,19/08/2026 10:58 AM,19/08/2026 11:00 AM,Reporting,Parked,11.64,False,UC-181,Wagha Town,Zone-13,Loader Rickshaw,Wagha Town,True,2026-08-19
23560,LR-0283,LR0283,Lahore,"Tehsil Office, Wahgha Town",LWMC-WaTo,Loader Rickshaw,Door To Door Collection,still,off,14.257,74.83,31.599257,74.486356,19/08/2026 10:52 AM,19/08/2026 11:00 AM,Reporting,Parked,11.69,False,UC-177,Wagha Town,Zone-13,Loader Rickshaw,Wagha Town,True,2026-08-19
60691,LR-1927,LR1927,Lahore,"Tehsil Office, Wahgha Town",LWMC-WaTo,Loader Rickshaw,Door To Door Collection,moving,on,27.825,108.0,31.644175,74.464626,19/08/2026 10:57 AM,19/08/2026 11:00 AM,Reporting,Parked,12.66,False,UC-176,Wagha Town,Zone-13,Loader Rickshaw,Wagha Town,True,2026-08-19
-,S-199,S199,Lahore,"Tehsil Office, Wahgha Town",LWMC-WaTo,-,-,moving,on,25.557,103.96,31.585624,74.435175,19/08/2026 10:56 AM,19/08/2026 11:00 AM,Reporting,Parked,12.25,False,UC-144,Wagha Town,Zone-12,Mini Dumper,Wagha Town,True,2026-08-19
23584,LR-0632,LR0632,Lahore,"Tehsil Office, Wahgha Town",LWMC-WaTo,Loader Rickshaw,Door To Door Collection,moving,on,2.186,15.31,31.584989,74.497813,19/08/2026 10:32 AM,19/08/2026 11:00 AM,Reporting,Parked,12.15,False,UC-183,Wagha Town,Zone-13,Loader Rickshaw,Wagha Town,True,2026-08-19
59267,M-118,M118,Lahore,"Tehsil Office, Wahgha Town",LWMC-WaTo,Mini Tipper Diesel,Commercial,still,off,32.332,118.73,31.597442,74.444774,19/08/2026 10:53 AM,19/08/2026 11:00 AM,Reporting,Parked,11.94,False,UC-178,Wagha Town,Zone-12,Foton-Mini Dumper,Wagha Town,True,2026-08-19
23641,LR-1073,LR1073,Lahore,"Tehsil Office, Wahgha Town",LWMC-WaTo,Loader Rickshaw,Door To Door Collection,still,off,5.561,133.31,31.576325,74.527935,19/08/2026 10:59 AM,19/08/2026 11:00 AM,Reporting,Parked,12.1,False,UC-181,Wagha Town,Zone-13,Loader Rickshaw,Wagha Town,True,2026-08-19
59317,LR-1528,LR1528,Lahore,"Tehsil Office, Wahgha Town",LWMC-WaTo,Loader Rickshaw,Door To Door Collection,moving,on,19.04,304.11,31.517733,74.47754,19/08/2026 10:59 AM,19/08/2026 11:00 AM,Reporting,Parked,11.74,False,UC-193,Wagha Town,Zone-14,Loader Rickshaw,Wagha Town,True,2026-08-19
60889,S-346,S346,Lahore,"Tehsil Office, Wahgha Town",LWMC-WaTo,Mini Dumper,Washing,moving,on,42.288,152.94,31.586884,74.401145,19/08/2026 11:00 AM,19/08/2026 11:00 AM,Reporting,Parked,12.4,False,UC-136,Wagha Town,Zone-11,Mini Dumper,Wagha Town,True,2026-08-19
23632,LR-1064,LR1064,Lahore,"Tehsil Office, Wahgha Town",LWMC-WaTo,Loader Rickshaw,Door To Door Collection,still,off,22.405,631.78,31.610708,74.382098,19/08/2026 10:55 AM,19/08/2026 11:00 AM,Reporting,Excess Idling,11.74,False,UC-108,Wagha Town,Zone-13,Loader Rickshaw,Wagha Town,True,2026-08-19
-,LR-2937,LR2937,Lahore,"Tehsil Office, Wahgha Town",LWMC-WaTo,-,-,still,off,39.522,284.63,31.576048,74.381321,19/08/2026 10:57 AM,19/08/2026 11:00 AM,Reporting,Excess Idling,11.08,False,UC-153,Shalimar Town,Zone-10,Loader Rickshaw,Shalimar Town,True,2026-08-19
59287,MFL-59,MFL59,Lahore,"Tehsil Office, Wahgha Town",LWMC-WaTo,Front End Loader,De-Silting,still,off,23.781,393.93,31.567765,74.558486,19/08/2026 10:58 AM,19/08/2026 11:00 AM,Reporting,Excess Idling,12.86,False,UC-181,Wagha Town,Zone-13,Loader,Wagha Town,True,2026-08-19
59398,LR-1839,LR1839,Lahore,"Tehsil Office, Wahgha Town",LWMC-WaTo,Loader Rickshaw,Door To Door Collection,still,off,20.812,72.5,31.518344,74.504089,19/08/2026 10:58 AM,19/08/2026 11:00 AM,Reporting,Parked,11.49,False,UC-180,Wagha Town,Zone-14,Loader Rickshaw,Wagha Town,True,2026-08-19
59677,LR-2147,LR2147,Lahore,"Tehsil Office, Wahgha Town",LWMC-WaTo,Loader Rickshaw,Door To Door Collection,moving,on,20.601,104.31,31.526783,74.445724,19/08/2026 10:57 AM,19/08/2026 11:00 AM,Reporting,Parked,11.18,False,,,,Loader Rickshaw,Wagha Town,False,2026-08-19
23568,LR-0751,LR0751,Lahore,"Tehsil Office, Wahgha Town",LWMC-WaTo,Loader Rickshaw,Door To Door Collection,still,off,30.505,141.09,31.594331,74.460084,19/08/2026 10:57 AM,19/08/2026 11:00 AM,Reporting,Parked,11.64,False,UC-178,Wagha Town,Zone-12,Loader Rickshaw,Wagha Town,True,2026-08-19
59305,LR-1530,LR1530,Lahore,"Tehsil Office, Wahgha Town",LWMC-WaTo,Loader Rickshaw,Door To Door Collection,moving,on,24.576,125.76,31.495169,74.482497,19/08/2026 10:59 AM,19/08/2026 11:00 AM,Reporting,Parked,11.74,False,UC-194,Wagha Town,Zone-14,Loader Rickshaw,Wagha Town,True,2026-08-19
59665,LR-0505,LR0505,Lahore,"Tehsil Office, Wahgha Town",LWMC-WaTo,Loader Rickshaw,Door To Door Collection,moving,on,26.273,99.5,31.580054,74.440136,19/08/2026 10:23 AM,19/08/2026 11:00 AM,Reporting,Parked,9.55,False,UC-145,Aziz Bhatti Town,Zone-16,Loader Rickshaw,Wagha Town,False,2026-08-19
61866,LR-2313,LR2313,Lahore,"Tehsil Office, Wahgha Town",LWMC-WaTo,Loader Rickshaw,Door To Door Collection,moving,on,18.241,186.56,31.59161,74.403888,19/08/2026 10:59 AM,19/08/2026 11:00 AM,Reporting,Parked,11.08,False,UC-138,Wagha Town,Zone-12,Loader Rickshaw,Wagha Town,True,2026-08-19
59252,A-65,A65,Lahore,"Tehsil Office, Wahgha Town",LWMC-WaTo,Arm Roll Truck,Container-Based Collection,moving,on,76.409,341.03,31.597991,74.430931,19/08/2026 10:58 AM,19/08/2026 11:00 AM,Reporting,Excess Idling,26.53,False,UC-175,Wagha Town,Zone-12,Arm Roll,Wagha Town,True,2026-08-19
60276,S-260,S260,Lahore,"Tehsil Office, Wahgha Town",LWMC-WaTo,Mini Dumper,Commercial,still,off,8.936,91.65,31.620372,74.420372,19/08/2026 10:59 AM,19/08/2026 11:00 AM,Reporting,Excess Idling,11.54,False,UC-108,Wagha Town,Zone-13,Mini Dumper,Wagha Town,True,2026-08-19
59300,MFT-05,MFT05,Lahore,"Tehsil Office, Wahgha Town",LWMC-WaTo,Tractor Trolley,Bulk Waste Collection,still,off,16.999,387.61,31.609581,74.393015,19/08/2026 10:58 AM,19/08/2026 11:00 AM,Reporting,Parked,12.86,False,UC-108,Wagha Town,Zone-13,Tractor Trolley,Wagha Town,True,2026-08-19
59262,M-110,M110,Lahore,"Tehsil Office, Wahgha Town",LWMC-WaTo,Mini Tipper Diesel,Commercial,still,off,42.432,154.05,31.601549,74.392639,19/08/2026 10:41 AM,19/08/2026 11:00 AM,Reporting,Parked,11.74,False,UC-134,Wagha Town,Zone-11,Foton-Mini Dumper,Wagha Town,True,2026-08-19
59245,LR-1531,LR1531,Lahore,"Tehsil Office, Wahgha Town",LWMC-WaTo,Loader Rickshaw,Door To Door Collection,still,off,19.644,101.56,31.54608,74.490137,19/08/2026 10:56 AM,19/08/2026 11:00 AM,Reporting,Parked,11.69,False,UC-192,Wagha Town,Zone-14,Loader Rickshaw,Wagha Town,True,2026-08-19
23605,LR-0887,LR0887,Lahore,"Tehsil Office, Wahgha Town",LWMC-WaTo,Loader Rickshaw,Door To Door Collection,moving,on,23.179,233.51,31.63518,74.364669,19/08/2026 10:51 AM,19/08/2026 11:00 AM,Reporting,Parked,12.05,False,UC-108,Wagha Town,Zone-13,Loader Rickshaw,Wagha Town,True,2026-08-19
25330,LR-0400,LR0400,Lahore,"Tehsil Office, Wahgha Town",LWMC-WaTo,Loader Rickshaw,Door To Door Collection,still,off,26.18,299.31,31.596842,74.393578,19/08/2026 10:58 AM,19/08/2026 11:00 AM,Reporting,Parked,11.89,False,UC-134,Wagha Town,Zone-11,Loader Rickshaw,Wagha Town,True,2026-08-19
61728,LR-3068,LR3068,Lahore,"Tehsil Office, Wahgha Town",LWMC-WaTo,Loader Rickshaw,Door To Door Collection,still,off,28.091,335.06,31.587673,74.399864,19/08/2026 10:59 AM,19/08/2026 11:00 AM,Reporting,Parked,11.38,False,UC-136,Wagha Town,Zone-11,,Wagha Town,True,2026-08-19
59292,MFL-75,MFL75,Lahore,"Tehsil Office, Wahgha Town",LWMC-WaTo,Front End Loader,De-Silting,still,off,0.675,288.36,31.518676,74.504082,19/08/2026 10:58 AM,19/08/2026 11:00 AM,Reporting,Moving,12.76,False,UC-180,Wagha Town,Zone-14,Loader,Wagha Town,True,2026-08-19
61742,LR-2314,LR2314,Lahore,"Tehsil Office, Wahgha Town",LWMC-WaTo,Loader Rickshaw,Door To Door Collection,moving,on,16.133,169.0,31.608692,74.380285,19/08/2026 10:57 AM,19/08/2026 11:00 AM,Reporting,Parked,12.0,False,UC-108,Wagha Town,Zone-13,Loader Rickshaw,Wagha Town,True,2026-08-19
60358,LR-1279,LR1279,Lahore,"Tehsil Office, Wahgha Town",LWMC-WaTo,Loader Rickshaw,Door To Door Collection,still,off,20.192,113.58,31.639636,74.386738,19/08/2026 09:58 AM,19/08/2026 11:00 AM,Reporting,Parked,12.35,False,UC-108,Wagha Town,Zone-13,Loader Rickshaw,Wagha Town,True,2026-08-19
23578,LR-0463,LR0463,Lahore,"Tehsil Office, Wahgha Town",LWMC-WaTo,Loader Rickshaw,Door To Door Collection,still,off,8.561,27.48,31.641328,74.505687,19/08/2026 10:37 AM,19/08/2026 11:00 AM,,,,,UC-179,Wagha Town,Zone-13,Loader Rickshaw,Wagha Town,True,2026-08-19
23563,LR-0304,LR0304,Lahore,"Tehsil Office, Wahgha Town",LWMC-WaTo,Loader Rickshaw,Door To Door Collection,moving,on,9.41,43.93,31.604881,74.452409,19/08/2026 10:28 AM,19/08/2026 11:00 AM,Reporting,Parked,12.2,False,UC-177,Wagha Town,Zone-13,Loader Rickshaw,Wagha Town,True,2026-08-19
-,LR-0949,LR0949,Lahore,"Tehsil Office, Wahgha Town",LWMC-WaTo,-,-,moving,on,15.615,82.11,31.640919,74.449063,19/08/2026 10:55 AM,19/08/2026 11:00 AM,Reporting,Parked,11.84,False,UC-176,Wagha Town,Zone-13,Loader Rickshaw,Wagha Town,True,2026-08-19
61737,LR-2308,LR2308,Lahore,"Tehsil Office, Wahgha Town",LWMC-WaTo,Loader Rickshaw,Door To Door Collection,still,off,25.475,201.73,31.598778,74.406461,19/08/2026 10:59 AM,19/08/2026 11:00 AM,Reporting,Parked,11.84,False,UC-137,Wagha Town,Zone-12,Loader Rickshaw,Wagha Town,True,2026-08-19
23587,LR-0636,LR0636,Lahore,"Tehsil Office, Wahgha Town",LWMC-WaTo,Loader Rickshaw,Door To Door Collection,still,off,6.052,23.3,31.622246,74.489285,19/08/2026 09:59 AM,19/08/2026 11:00 AM,Reporting,Parked,11.94,False,UC-176,Wagha Town,Zone-13,Loader Rickshaw,Wagha Town,True,2026-08-19
61301,LR-2454,LR2454,Lahore,"Tehsil Office, Wahgha Town",LWMC-WaTo,Loader Rickshaw,Door To Door Collection,moving,on,58.974,333.18,31.59422,74.47579,19/08/2026 11:00 AM,19/08/2026 11:00 AM,Reporting,Parked,12.3,False,UC-178,Wagha Town,Zone-12,Loader Rickshaw,Wagha Town,True,2026-08-19
60644,S-356,S356,Lahore,"Tehsil Office, Wahgha Town",LWMC-WaTo,Mini Dumper,Commercial,still,off,53.668,196.96,31.576647,74.493753,19/08/2026 10:56 AM,19/08/2026 11:00 AM,Reporting,Parked,11.79,False,UC-183,Wagha Town,Zone-13,Mini Dumper,Wagha Town,True,2026-08-19
59271,LR-1728,LR1728,Lahore,"Tehsil Office, Wahgha Town",LWMC-WaTo,Loader Rickshaw,Door To Door Collection,moving,on,18.811,225.55,31.449174,74.520386,19/08/2026 10:53 AM,19/08/2026 11:00 AM,Reporting,Moving,12.0,False,UC-191,Wagha Town,Zone-14,Loader Rickshaw,Wagha Town,True,2026-08-19
59290,MFL-76,MFL76,Lahore,"Tehsil Office, Wahgha Town",LWMC-WaTo,Front End Loader,De-Silting,moving,on,14.568,294.38,31.609083,74.397372,19/08/2026 10:58 AM,19/08/2026 11:00 AM,Reporting,Parked,12.45,False,UC-108,Wagha Town,Zone-13,Loader,Wagha Town,True,2026-08-19
23570,LR-0371,LR0371,Lahore,"Tehsil Office, Wahgha Town",LWMC-WaTo,Loader Rickshaw,Door To Door Collection,still,off,7.594,87.7,31.636174,74.506135,19/08/2026 10:58 AM,19/08/2026 11:00 AM,Reporting,Parked,12.0,False,UC-179,Wagha Town,Zone-13,Loader Rickshaw,Wagha Town,True,2026-08-19
23586,LR-0635,LR0635,Lahore,"Tehsil Office, Wahgha Town",LWMC-WaTo,Loader Rickshaw,Door To Door Collection,moving,on,9.261,67.16,31.575052,74.491412,19/08/2026 10:33 AM,19/08/2026 11:00 AM,Reporting,Parked,11.84,False,UC-183,Wagha Town,Zone-13,Loader Rickshaw,Wagha Town,True,2026-08-19
-,LR-1930,LR1930,Lahore,"Tehsil Office, Wahgha Town",LWMC-WaTo,-,-,still,off,12.069,281.43,31.600389,74.45429,19/08/2026 10:58 AM,19/08/2026 11:00 AM,Reporting,Parked,12.05,False,UC-177,Wagha Town,Zone-13,Loader Rickshaw,Wagha Town,True,2026-08-19
60259,S-259,S259,Lahore,"Tehsil Office, Wahgha Town",LWMC-WaTo,Mini Dumper,Commercial,moving,on,37.402,145.53,31.597871,74.403543,19/08/2026 10:59 AM,19/08/2026 11:00 AM,Reporting,Parked,12.91,False,UC-137,Wagha Town,Zone-12,Mini Dumper,Wagha Town,True,2026-08-19
61885,LR-0098,LR0098,Lahore,"Tehsil Office, Wahgha Town",LWMC-WaTo,Loader Rickshaw,Door To Door Collection,moving,on,21.903,243.36,31.607798,74.407904,19/08/2026 11:00 AM,19/08/2026 11:00 AM,Reporting,Parked,11.89,False,UC-137,Wagha Town,Zone-12,Loader Rickshaw,Wagha Town,True,2026-08-19
59265,M-111,M111,Lahore,"Tehsil Office, Wahgha Town",LWMC-WaTo,Mini Tipper Diesel,Commercial,moving,on,44.927,171.81,31.444477,74.57445,19/08/2026 10:51 AM,19/08/2026 11:00 AM,Reporting,Parked,13.02,False,UC-190,Wagha Town,Zone-14,Foton-Mini Dumper,Wagha Town,True,2026-08-19
59376,SD-05,SD05,Lahore,"Tehsil Office, Wahgha Town",LWMC-WaTo,Dumper (10CM),Bulk Waste Collection,moving,on,71.571,185.96,31.608751,74.393054,19/08/2026 10:59 AM,19/08/2026 11:00 AM,Reporting,Moving,27.75,False,UC-108,Wagha Town,Zone-13,Dumper,Wagha Town,True,2026-08-19
59370,D-29,D29,Lahore,"Tehsil Office, Wahgha Town",LWMC-WaTo,Dumper (10CM),Bulk Waste Collection,still,off,99.047,273.6,31.517114,74.504171,19/08/2026 10:54 AM,19/08/2026 11:00 AM,Reporting,Moving,26.33,False,UC-180,Wagha Town,Zone-14,Dumper,Wagha Town,True,2026-08-19
61904,LR-2468,LR2468,Lahore,"Tehsil Office, Wahgha Town",LWMC-WaTo,Loader Rickshaw,Door To Door Collection,still,off,30.244,222.51,31.590786,74.454173,19/08/2026 10:58 AM,19/08/2026 11:00 AM,Reporting,Parked,12.25,False,UC-175,Wagha Town,Zone-12,Loader Rickshaw,Wagha Town,True,2026-08-19
23639,LR-1071,LR1071,Lahore,"Tehsil Office, Wahgha Town",LWMC-WaTo,Loader Rickshaw,Door To Door Collection,still,off,8.41,159.91,31.602431,74.558862,19/08/2026 08:00 AM,19/08/2026 08:30 AM,Reporting,Parked,10.47,False,UC-181,Wagha Town,Zone-13,Loader Rickshaw,Wagha Town,True,2026-08-19
61874,LR-3072,LR3072,Lahore,"Tehsil Office, Wahgha Town",LWMC-WaTo,Loader Rickshaw,Door To Door Collection,still,off,28.229,260.53,31.604107,74.413715,19/08/2026 10:59 AM,19/08/2026 11:00 AM,Reporting,Parked,11.74,False,UC-137,Wagha Town,Zone-12,,Wagha Town,True,2026-08-19
23569,LR-0370,LR0370,Lahore,"Tehsil Office, Wahgha Town",LWMC-WaTo,Loader Rickshaw,Door To Door Collection,still,off,7.451,44.29,31.636062,74.505989,19/08/2026 09:10 AM,19/08/2026 10:30 AM,Reporting,Parked,11.94,False,UC-179,Wagha Town,Zone-13,Loader Rickshaw,Wagha Town,True,2026-08-19
59294,MFL-89,MFL89,Lahore,"Tehsil Office, Wahgha Town",LWMC-WaTo,Front End Loader,De-Silting,still,off,10.785,308.61,31.591959,74.416407,19/08/2026 10:58 AM,19/08/2026 11:00 AM,Reporting,Parked,12.81,False,UC-138,Wagha Town,Zone-12,Loader,Wagha Town,True,2026-08-19
23567,LR-0750,LR0750,Lahore,"Tehsil Office, Wahgha Town",LWMC-WaTo,Loader Rickshaw,Door To Door Collection,still,off,36.945,129.44,31.59315,74.475957,19/08/2026 10:54 AM,19/08/2026 11:00 AM,Reporting,Parked,12.0,False,UC-178,Wagha Town,Zone-12,Loader Rickshaw,Wagha Town,True,2026-08-19
61921,LR-2455,LR2455,Lahore,"Tehsil Office, Wahgha Town",LWMC-WaTo,Loader Rickshaw,Door To Door Collection,moving,on,42.975,314.48,31.588969,74.481713,19/08/2026 10:45 AM,19/08/2026 11:00 AM,Reporting,Parked,11.89,False,UC-178,Wagha Town,Zone-12,Loader Rickshaw,Wagha Town,True,2026-08-19
23562,LR-0285,LR0285,Lahore,"Tehsil Office, Wahgha Town",LWMC-WaTo,Loader Rickshaw,Door To Door Collection,moving,on,5.98,31.3,31.576922,74.48832,19/08/2026 10:45 AM,19/08/2026 11:00 AM,Reporting,Parked,11.54,False,UC-183,Wagha Town,Zone-13,Loader Rickshaw,Wagha Town,True,2026-08-19
61310,LR-2897,LR2897,Lahore,"Tehsil Office, Wahgha Town",LWMC-WaTo,Loader Rickshaw,Door To Door Collection,still,off,3.435,178.78,31.620084,74.363287,19/08/2026 10:53 AM,19/08/2026 11:00 AM,Reporting,Parked,11.23,False,UC-108,Wagha Town,Zone-13,Loader Rickshaw,Wagha Town,True,2026-08-19
23583,LR-0631,LR0631,Lahore,"Tehsil Office, Wahgha Town",LWMC-WaTo,Loader Rickshaw,Door To Door Collection,moving,on,11.618,111.71,31.597349,74.566596,19/08/2026 09:27 AM,19/08/2026 10:30 AM,Reporting,Parked,11.74,False,UC-181,Wagha Town,Zone-13,Loader Rickshaw,Wagha Town,True,2026-08-19
60877,S-81,S81,Lahore,"Tehsil Office, Wahgha Town",LWMC-WaTo,Mini Dumper,Commercial,still,off,0.7,5.54,31.60935,74.380153,19/08/2026 09:51 AM,19/08/2026 11:00 AM,Reporting,No Activity Since Yesterday,11.64,False,UC-108,Wagha Town,Zone-13,Mini Dumper,Wagha Town,True,2026-08-19
-,D-20 (69),D2069,Lahore,"Tehsil Office, Wahgha Town",LWMC-WaTo,-,-,moving,on,87.324,243.0,31.611147,74.383306,19/08/2026 11:00 AM,19/08/2026 11:00 AM,Reporting,Moving,28.06,False,UC-108,Wagha Town,Zone-13,Dumper,Wagha Town,True,2026-08-19
60702,S-334,S334,Lahore,"Tehsil Office, Wahgha Town",LWMC-WaTo,Mini Dumper,Commercial,still,off,50.53,180.41,31.586794,74.394361,19/08/2026 10:58 AM,19/08/2026 11:00 AM,Reporting,Parked,12.45,False,UC-131,Wagha Town,Zone-11,Mini Dumper,Wagha Town,True,2026-08-19
25341,LR-0457,LR0457,Lahore,"Tehsil Office, Wahgha Town",LWMC-WaTo,Loader Rickshaw,Door To Door Collection,still,off,22.409,316.38,31.591976,74.428115,19/08/2026 10:58 AM,19/08/2026 11:00 AM,Reporting,Parked,11.89,False,UC-138,Wagha Town,Zone-12,Loader Rickshaw,Wagha Town,True,2026-08-19
23556,LR-0278,LR0278,Lahore,"Tehsil Office, Wahgha Town",LWMC-WaTo,Loader Rickshaw,Door To Door Collection,still,off,14.208,61.78,31.600258,74.495257,19/08/2026 10:58 AM,19/08/2026 11:00 AM,Reporting,Parked,11.79,False,UC-177,Wagha Town,Zone-13,Loader Rickshaw,Wagha Town,True,2026-08-19
59378,LR-1924,LR1924,Lahore,"Tehsil Office, Wahgha Town",LWMC-WaTo,Loader Rickshaw,Door To Door Collection,moving,on,11.11,80.86,31.593893,74.558793,19/08/2026 10:01 AM,19/08/2026 10:30 AM,Reporting,Parked,11.84,False,UC-181,Wagha Town,Zone-13,Loader Rickshaw,Wagha Town,True,2026-08-19
59436,LR-2302,LR2302,Lahore,"Tehsil Office, Wahgha Town",LWMC-WaTo,Loader Rickshaw,Door To Door Collection,still,off,26.86,147.51,31.467377,74.625758,19/08/2026 10:57 AM,19/08/2026 11:00 AM,Reporting,Parked,12.2,False,UC-190,Wagha Town,Zone-14,Loader Rickshaw,Wagha Town,True,2026-08-19
59244,C-746,C746,Lahore,"Tehsil Office, Wahgha Town",LWMC-WaTo,Compactor (7CM),Container-Based Collection,still,off,88.344,326.28,31.456292,74.440216,19/08/2026 10:56 AM,19/08/2026 11:00 AM,Reporting,Moving,27.7,False,UC-194,Wagha Town,Zone-14,Compactor,Wagha Town,True,2026-08-19
60693,S-342,S342,Lahore,"Tehsil Office, Wahgha Town",LWMC-WaTo,Mini Dumper,Commercial,moving,on,37.348,121.61,31.593853,74.424072,19/08/2026 11:00 AM,19/08/2026 11:00 AM,Reporting,Parked,12.0,False,UC-138,Wagha Town,Zone-12,Mini Dumper,Wagha Town,True,2026-08-19
25329,LR-0399,LR0399,Lahore,"Tehsil Office, Wahgha Town",LWMC-WaTo,Loader Rickshaw,Door To Door Collection,moving,on,18.104,179.16,31.609207,74.380157,19/08/2026 10:59 AM,19/08/2026 11:00 AM,Reporting,Parked,11.89,False,UC-108,Wagha Town,Zone-13,Loader Rickshaw,Wagha Town,True,2026-08-19
60237,S-67,S67,Lahore,"Tehsil Office, Wahgha Town",LWMC-WaTo,Mini Dumper,Commercial,moving,on,31.162,122.46,31.591215,74.445611,19/08/2026 10:51 AM,19/08/2026 11:00 AM,Reporting,Parked,14.29,False,UC-175,Wagha Town,Zone-12,Mini Dumper,Wagha Town,True,2026-08-19
59247,C25-088,C25088,Lahore,"Tehsil Office, Wahgha Town",LWMC-WaTo,Compactor (25CM),Container-Based Collection,still,off,68.869,332.66,31.592153,74.433004,19/08/2026 10:38 AM,19/08/2026 11:00 AM,Reporting,Idle,25.41,False,UC-175,Wagha Town,Zone-12,Compactor,Wagha Town,True,2026-08-19
59295,MFL-98,MFL98,Lahore,"Tehsil Office, Wahgha Town",LWMC-WaTo,Front End Loader,De-Silting,still,off,21.756,387.76,31.590805,74.482315,19/08/2026 10:58 AM,19/08/2026 11:00 AM,Reporting,Moving,13.93,False,UC-177,Wagha Town,Zone-13,Loader,Wagha Town,True,2026-08-19
59249,CA-166,CA166,Lahore,"Tehsil Office, Wahgha Town",LWMC-WaTo,Chain Arm Roll,Container-Based Collection,moving,on,61.011,315.93,31.591934,74.433713,19/08/2026 10:58 AM,19/08/2026 11:00 AM,Reporting,Moving,28.06,False,UC-175,Wagha Town,Zone-12,Chain Arm Roll,Wagha Town,True,2026-08-19
59269,M-119,M119,Lahore,"Tehsil Office, Wahgha Town",LWMC-WaTo,Mini Tipper Diesel,Commercial,moving,on,58.671,161.73,31.600648,74.535772,19/08/2026 10:58 AM,19/08/2026 11:00 AM,Reporting,Parked,12.25,False,UC-181,Wagha Town,Zone-13,Foton-Mini Dumper,Wagha Town,True,2026-08-19
59388,LR-1925,LR1925,Lahore,"Tehsil Office, Wahgha Town",LWMC-WaTo,Loader Rickshaw,Door To Door Collection,moving,on,21.795,134.43,31.603694,74.399735,19/08/2026 10:58 AM,19/08/2026 11:00 AM,Reporting,Parked,12.05,False,,,,Loader Rickshaw,Wagha Town,False,2026-08-19
59272,M-44,M44,Lahore,"Tehsil Office, Wahgha Town",LWMC-WaTo,Mini Tipper Diesel,Commercial,moving,on,36.296,161.93,31.394012,74.570529,19/08/2026 07:12 AM,19/08/2026 07:30 AM,Reporting,Parked,12.91,False,UC-191,Wagha Town,Zone-14,Foton-Mini Dumper,Wagha Town,True,2026-08-19
59242,C-1380,C1380,Lahore,"Tehsil Office, Wahgha Town",LWMC-WaTo,Compactor (13CM),Container-Based Collection,moving,on,65.901,306.76,31.608592,74.380454,19/08/2026 10:58 AM,19/08/2026 11:00 AM,Reporting,Moving,28.21,False,UC-108,Wagha Town,Zone-13,Compactor,Wagha Town,True,2026-08-19
61435,LR-3066,LR3066,Lahore,"Tehsil Office, Wahgha Town",LWMC-WaTo,Loader Rickshaw,Door To Door Collection,moving,on,21.842,245.21,31.588786,74.395674,19/08/2026 10:34 AM,19/08/2026 11:00 AM,Reporting,Parked,11.54,False,UC-131,Wagha Town,Zone-11,,Wagha Town,True,2026-08-19
-,LR-2939,LR2939,Lahore,"Tehsil Office, Wahgha Town",LWMC-WaTo,-,-,moving,on,19.192,336.53,31.604993,74.362074,19/08/2026 11:00 AM,19/08/2026 11:00 AM,Reporting,Parked,11.43,False,UC-161,Shalimar Town,Zone-9,Loader Rickshaw,Shalimar Town,True,2026-08-19
60247,S-207,S207,Lahore,"Tehsil Office, Wahgha Town",LWMC-WaTo,Mini Dumper,Commercial,moving,on,39.961,149.16,31.610703,74.382367,19/08/2026 10:53 AM,19/08/2026 11:00 AM,Reporting,Parked,11.79,False,UC-108,Wagha Town,Zone-13,Mini Dumper,Wagha Town,True,2026-08-19
59530,M-132,M132,Lahore,"Tehsil Office, Wahgha Town",LWMC-WaTo,Mini Tipper Diesel,Commercial,moving,on,43.373,141.93,31.595789,74.498598,19/08/2026 10:17 AM,19/08/2026 11:00 AM,Reporting,Parked,12.3,False,UC-182,Wagha Town,Zone-13,Foton-Mini Dumper,Wagha Town,True,2026-08-19
62166,S-331,S331,Lahore,"Tehsil Office, Wahgha Town",LWMC-WaTo,Mini Dumper,Commercial,moving,on,39.101,157.81,31.603018,74.400364,19/08/2026 10:58 AM,19/08/2026 11:03 AM,Reporting,Parked,13.07,False,UC-135,Wagha Town,Zone-11,Mini Dumper,Wagha Town,True,2026-08-19
61447,LR-0935,LR0935,Lahore,"Tehsil Office, Wahgha Town",LWMC-WaTo,Loader Rickshaw,Door To Door Collection,moving,on,7.72,79.2,31.608675,74.380362,19/08/2026 10:46 AM,19/08/2026 11:00 AM,Reporting,Parked,10.98,False,UC-108,Wagha Town,Zone-13,Loader Rickshaw,Wagha Town,True,2026-08-19
59692,S-312,S312,Lahore,"Tehsil Office, Wahgha Town",LWMC-WaTo,Mini Dumper,Commercial,moving,on,34.76,165.05,31.586616,74.392073,19/08/2026 10:50 AM,19/08/2026 11:00 AM,Reporting,Parked,14.29,False,UC-131,Wagha Town,Zone-11,Mini Dumper,Wagha Town,True,2026-08-19
23589,LR-0831,LR0831,Lahore,"Tehsil Office, Wahgha Town",LWMC-WaTo,Loader Rickshaw,Door To Door Collection,still,off,21.324,127.21,31.588832,74.395449,19/08/2026 09:58 AM,19/08/2026 11:00 AM,Reporting,Parked,11.84,False,UC-131,Wagha Town,Zone-11,Loader Rickshaw,Wagha Town,True,2026-08-19
61318,LR-3070,LR3070,Lahore,"Tehsil Office, Wahgha Town",LWMC-WaTo,Loader Rickshaw,Door To Door Collection,still,off,11.744,330.71,31.600977,74.405878,19/08/2026 10:58 AM,19/08/2026 11:00 AM,Reporting,Parked,11.43,False,UC-137,Wagha Town,Zone-12,,Wagha Town,True,2026-08-19
61750,LR-2393,LR2393,Lahore,"Tehsil Office, Wahgha Town",LWMC-WaTo,Loader Rickshaw,Door To Door Collection,still,off,27.419,311.91,31.597823,74.406544,19/08/2026 10:57 AM,19/08/2026 11:00 AM,Reporting,Parked,11.03,False,UC-137,Wagha Town,Zone-12,Loader Rickshaw,Wagha Town,True,2026-08-19
60222,S-12,S12,Lahore,"Tehsil Office, Wahgha Town",LWMC-WaTo,Mini Dumper,Commercial,moving,on,52.178,354.11,31.608501,74.398302,19/08/2026 10:59 AM,19/08/2026 11:00 AM,Reporting,Moving,12.25,False,UC-137,Wagha Town,Zone-12,Mini Dumper,Wagha Town,True,2026-08-19
25333,LR-0405,LR0405,Lahore,"Tehsil Office, Wahgha Town",LWMC-WaTo,Loader Rickshaw,Door To Door Collection,still,off,16.691,335.26,31.610418,74.38171,19/08/2026 10:58 AM,19/08/2026 11:00 AM,Reporting,Excess Idling,8.37,False,UC-108,Wagha Town,Zone-13,Loader Rickshaw,Wagha Town,True,2026-08-19
59204,LR-1532,LR1532,Lahore,"Tehsil Office, Wahgha Town",LWMC-WaTo,Loader Rickshaw,Door To Door Collection,moving,on,27.981,310.25,31.489125,74.476586,19/08/2026 10:58 AM,19/08/2026 11:00 AM,Reporting,Parked,12.05,False,UC-194,Wagha Town,Zone-14,Loader Rickshaw,Wagha Town,True,2026-08-19
59679,S-148,S148,Lahore,"Tehsil Office, Wahgha Town",LWMC-WaTo,Mini Dumper,Commercial,still,off,55.124,186.38,31.609373,74.380112,19/08/2026 10:34 AM,19/08/2026 11:00 AM,Reporting,Parked,12.0,False,UC-108,Wagha Town,Zone-13,Mini Dumper,Wagha Town,True,2026-08-19
61752,LR-2870,LR2870,Lahore,"Tehsil Office, Wahgha Town",LWMC-WaTo,Loader Rickshaw,Door To Door Collection,moving,on,13.145,270.63,31.603878,74.400111,19/08/2026 11:00 AM,19/08/2026 11:00 AM,Reporting,Parked,11.18,False,,,,Loader Rickshaw,Wagha Town,False,2026-08-19
60562,LR-1288,LR1288,Lahore,"Tehsil Office, Wahgha Town",LWMC-WaTo,Loader Rickshaw,Door To Door Collection,still,off,22.292,227.59,31.63832,74.398243,19/08/2026 10:58 AM,19/08/2026 11:00 AM,Reporting,Excess Idling,11.74,False,UC-108,Wagha Town,Zone-13,Loader Rickshaw,Wagha Town,True,2026-08-19
61691,LR-3067,LR3067,Lahore,"Tehsil Office, Wahgha Town",LWMC-WaTo,Loader Rickshaw,Door To Door Collection,still,off,18.241,269.43,31.601451,74.398678,19/08/2026 10:59 AM,19/08/2026 11:00 AM,Reporting,Excess Idling,11.28,False,UC-135,Wagha Town,Zone-11,,Wagha Town,True,2026-08-19
-,LR-2940,LR2940,Lahore,"Tehsil Office, Wahgha Town",LWMC-WaTo,-,-,still,off,12.36,254.94,31.592643,74.360947,19/08/2026 10:58 AM,19/08/2026 11:00 AM,Reporting,Parked,11.79,False,UC-162,Shalimar Town,Zone-9,Loader Rickshaw,Shalimar Town,True,2026-08-19
23580,LR-0628,LR0628,Lahore,"Tehsil Office, Wahgha Town",LWMC-WaTo,Loader Rickshaw,Door To Door Collection,moving,on,6.244,36.88,31.577842,74.496244,19/08/2026 10:59 AM,19/08/2026 11:00 AM,Reporting,Parked,11.94,False,UC-183,Wagha Town,Zone-13,Loader Rickshaw,Wagha Town,True,2026-08-19
-,WR-007,WR007,Lahore,"Tehsil Office, Wahgha Town",LWMC-WaTo,-,-,moving,on,8.082,32.56,31.605871,74.38175,19/08/2026 10:48 AM,19/08/2026 11:00 AM,Reporting,Parked,11.38,False,UC-132,Wagha Town,Zone-11,Washer Rickshaw,Wagha Town,True,2026-08-19
59698,S-313,S313,Lahore,"Tehsil Office, Wahgha Town",LWMC-WaTo,Mini Dumper,Commercial,moving,on,38.99,158.33,31.55592,74.445433,19/08/2026 10:58 AM,19/08/2026 11:00 AM,Reporting,Parked,12.05,False,UC-192,Wagha Town,Zone-14,Mini Dumper,Wagha Town,True,2026-08-19
23571,LR-0372,LR0372,Lahore,"Tehsil Office, Wahgha Town",LWMC-WaTo,Loader Rickshaw,Door To Door Collection,moving,on,9.72,74.58,31.631529,74.499905,19/08/2026 10:06 AM,19/08/2026 10:30 AM,Reporting,Parked,11.84,False,UC-179,Wagha Town,Zone-13,Loader Rickshaw,Wagha Town,True,2026-08-19
59529,CA-127,CA127,Lahore,"Tehsil Office, Wahgha Town",LWMC-WaTo,Chain Arm Roll,Container-Based Collection,moving,on,72.231,327.01,31.608484,74.384948,19/08/2026 10:59 AM,19/08/2026 11:00 AM,Reporting,Moving,26.68,False,UC-108,Wagha Town,Zone-13,Chain Arm Roll,Wagha Town,True,2026-08-19
60548,LR-2952,LR2952,Lahore,"Tehsil Office, Wahgha Town",LWMC-WaTo,Loader Rickshaw,Door To Door Collection,still,off,6.76,338.73,31.576993,74.480634,19/08/2026 10:57 AM,19/08/2026 11:00 AM,Reporting,Parked,11.84,False,UC-183,Wagha Town,Zone-13,,Wagha Town,True,2026-08-19
61918,LR-2457,LR2457,Lahore,"Tehsil Office, Wahgha Town",LWMC-WaTo,Loader Rickshaw,Door To Door Collection,moving,on,37.662,139.34,31.595432,74.488084,19/08/2026 10:50 AM,19/08/2026 11:00 AM,Reporting,Parked,10.36,False,UC-177,Wagha Town,Zone-13,Loader Rickshaw,Wagha Town,True,2026-08-19
59207,LR-2307,LR2307,Lahore,"Tehsil Office, Wahgha Town",LWMC-WaTo,Loader Rickshaw,Door To Door Collection,still,off,21.208,152.08,31.433133,74.591399,19/08/2026 08:27 AM,19/08/2026 08:30 AM,Reporting,Parked,12.3,False,UC-190,Wagha Town,Zone-14,Loader Rickshaw,Wagha Town,True,2026-08-19
59684,S-158,S158,Lahore,"Tehsil Office, Wahgha Town",LWMC-WaTo,Mini Dumper,Commercial,moving,on,35.967,134.55,31.496538,74.485505,19/08/2026 10:58 AM,19/08/2026 11:00 AM,Reporting,Parked,11.94,False,UC-193,Wagha Town,Zone-14,Mini Dumper,Wagha Town,True,2026-08-19
60695,S-336,S336,Lahore,"Tehsil Office, Wahgha Town",LWMC-WaTo,Mini Dumper,Commercial,still,off,37.285,136.5,31.649157,74.46286,19/08/2026 10:56 AM,19/08/2026 11:00 AM,Reporting,Parked,12.71,False,UC-176,Wagha Town,Zone-13,Mini Dumper,Wagha Town,True,2026-08-19
23555,LR-0277,LR0277,Lahore,"Tehsil Office, Wahgha Town",LWMC-WaTo,Loader Rickshaw,Door To Door Collection,still,off,12.965,126.13,31.597991,74.488173,19/08/2026 10:50 AM,19/08/2026 11:00 AM,Reporting,Parked,12.25,False,UC-177,Wagha Town,Zone-13,Loader Rickshaw,Wagha Town,True,2026-08-19
-,LR-2999,LR2999,Lahore,"Tehsil Office, Wahgha Town",LWMC-WaTo,-,-,moving,on,14.817,135.21,31.594223,74.383479,19/08/2026 11:00 AM,19/08/2026 11:00 AM,Reporting,Parked,11.54,False,UC-130,Shalimar Town,Zone-10,,Wagha Town,False,2026-08-19
59660,LR-0508,LR0508,Lahore,"Tehsil Office, Wahgha Town",LWMC-WaTo,Loader Rickshaw,Door To Door Collection,moving,on,27.651,331.13,31.587287,74.404414,19/08/2026 10:58 AM,19/08/2026 11:00 AM,Reporting,Parked,12.05,False,UC-138,Wagha Town,Zone-12,Loader Rickshaw,Wagha Town,True,2026-08-19
59371,D-30,D30,Lahore,"Tehsil Office, Wahgha Town",LWMC-WaTo,Dumper (7CM),Bulk Waste Collection,moving,on,114.774,333.73,31.536011,74.433488,19/08/2026 10:58 AM,19/08/2026 11:00 AM,Reporting,Moving,27.6,False,,,,Dumper,Wagha Town,False,2026-08-19
59687,S-161,S161,Lahore,"Tehsil Office, Wahgha Town",LWMC-WaTo,Mini Dumper,Commercial,moving,on,42.419,191.31,31.44421,74.556253,19/08/2026 10:58 AM,19/08/2026 11:00 AM,Reporting,Parked,12.51,False,UC-190,Wagha Town,Zone-14,Mini Dumper,Wagha Town,True,2026-08-19
23550,LR-0265,LR0265,Lahore,"Tehsil Office, Wahgha Town",LWMC-WaTo,Loader Rickshaw,Door To Door Collection,moving,on,36.087,306.81,31.608626,74.380371,19/08/2026 10:58 AM,19/08/2026 11:00 AM,Reporting,Parked,11.49,False,UC-108,Wagha Town,Zone-13,Loader Rickshaw,Wagha Town,True,2026-08-19
59524,LR-1926,LR1926,Lahore,"Tehsil Office, Wahgha Town",LWMC-WaTo,Loader Rickshaw,Door To Door Collection,moving,on,16.941,289.76,31.56362,74.568232,19/08/2026 10:59 AM,19/08/2026 11:00 AM,Reporting,Parked,12.56,False,UC-181,Wagha Town,Zone-13,Loader Rickshaw,Wagha Town,True,2026-08-19
23600,LR-0884,LR0884,Lahore,"Tehsil Office, Wahgha Town",LWMC-WaTo,Loader Rickshaw,Door To Door Collection,moving,on,19.092,109.2,31.58939,74.402487,19/08/2026 10:31 AM,19/08/2026 11:00 AM,Reporting,Parked,12.1,False,UC-136,Wagha Town,Zone-11,Loader Rickshaw,Wagha Town,True,2026-08-19
23638,LR-1070,LR1070,Lahore,"Tehsil Office, Wahgha Town",LWMC-WaTo,Loader Rickshaw,Door To Door Collection,moving,on,15.174,260.33,31.604976,74.458085,19/08/2026 10:59 AM,19/08/2026 11:00 AM,Reporting,Parked,12.35,False,UC-177,Wagha Town,Zone-13,Loader Rickshaw,Wagha Town,True,2026-08-19
59235,C-708,C708,Lahore,"Tehsil Office, Wahgha Town",LWMC-WaTo,Compactor (8CM),Container-Based Collection,moving,on,70.499,297.31,31.611753,74.492921,19/08/2026 10:53 AM,19/08/2026 11:00 AM,Reporting,Parked,25.26,False,UC-177,Wagha Town,Zone-13,Compactor,Wagha Town,True,2026-08-19
60824,S-359,S359,Lahore,"Tehsil Office, Wahgha Town",LWMC-WaTo,Mini Dumper,Commercial,moving,on,58.864,238.68,31.591555,74.388135,19/08/2026 10:58 AM,19/08/2026 11:00 AM,Reporting,Parked,12.71,False,UC-133,Wagha Town,Zone-11,Mini Dumper,Wagha Town,True,2026-08-19
59374,D-59,D59,Lahore,"Tehsil Office, Wahgha Town",LWMC-WaTo,Dumper (10CM),Bulk Waste Collection,moving,on,74.59,236.53,31.609432,74.380879,19/08/2026 10:59 AM,19/08/2026 11:00 AM,Reporting,Parked,25.87,False,UC-108,Wagha Town,Zone-13,Dumper,Wagha Town,True,2026-08-19
60317,LR-1929,LR1929,Lahore,"Tehsil Office, Wahgha Town",LWMC-WaTo,Loader Rickshaw,Door To Door Collection,moving,on,20.588,175.71,31.622799,74.448422,19/08/2026 10:57 AM,19/08/2026 11:00 AM,Reporting,Parked,10.77,False,UC-176,Wagha Town,Zone-13,Loader Rickshaw,Wagha Town,True,2026-08-19
59377,SD-06,SD06,Lahore,"Tehsil Office, Wahgha Town",LWMC-WaTo,Dumper (7CM),Bulk Waste Collection,still,off,64.302,240.01,31.588739,74.422812,19/08/2026 10:58 AM,19/08/2026 11:00 AM,Reporting,Moving,28.06,False,UC-144,Wagha Town,Zone-12,Dumper,Wagha Town,True,2026-08-19
59531,LR-1786,LR1786,Lahore,"Tehsil Office, Wahgha Town",LWMC-WaTo,Loader Rickshaw,Door To Door Collection,still,off,39.536,224.23,31.440993,74.560499,19/08/2026 10:55 AM,19/08/2026 11:00 AM,Reporting,Parked,11.79,False,UC-190,Wagha Town,Zone-14,Loader Rickshaw,Wagha Town,True,2026-08-19
61322,LR-3000,LR3000,Lahore,"Tehsil Office, Wahgha Town",LWMC-WaTo,Loader Rickshaw,Door To Door Collection,moving,on,12.775,220.84,31.603198,74.383701,19/08/2026 10:55 AM,19/08/2026 11:00 AM,Reporting,Parked,12.05,False,UC-132,Wagha Town,Zone-11,,Wagha Town,True,2026-08-19
61726,LR-2875,LR2875,Lahore,"Tehsil Office, Wahgha Town",LWMC-WaTo,Loader Rickshaw,Door To Door Collection,moving,on,23.846,162.11,31.608681,74.391676,19/08/2026 10:58 AM,19/08/2026 11:00 AM,Reporting,Parked,11.54,False,UC-108,Wagha Town,Zone-13,Loader Rickshaw,Wagha Town,True,2026-08-19
60960,S-149,S149,Lahore,"Tehsil Office, Wahgha Town",LWMC-WaTo,Mini Dumper,Commercial,moving,on,64.643,205.44,31.593113,74.47742,19/08/2026 11:00 AM,19/08/2026 11:00 AM,Reporting,Parked,12.0,False,UC-178,Wagha Town,Zone-12,Mini Dumper,Wagha Town,True,2026-08-19
-,LR-2938,LR2938,Lahore,"Tehsil Office, Wahgha Town",LWMC-WaTo,-,-,moving,on,13.197,91.45,31.598034,74.343662,19/08/2026 10:45 AM,19/08/2026 11:00 AM,Reporting,Parked,11.54,False,UC-28,Shalimar Town,Zone-6,Loader Rickshaw,Shalimar Town,True,2026-08-19
59390,LR-1526,LR1526,Lahore,"Tehsil Office, Wahgha Town",LWMC-WaTo,Loader Rickshaw,Door To Door Collection,moving,on,25.768,205.51,31.512857,74.476628,19/08/2026 10:58 AM,19/08/2026 11:00 AM,Reporting,Parked,12.0,False,UC-193,Wagha Town,Zone-14,Loader Rickshaw,Wagha Town,True,2026-08-19
59298,MFL-99,MFL99,Lahore,"Tehsil Office, Wahgha Town",LWMC-WaTo,Front End Loader,De-Silting,still,off,11.287,259.89,31.436848,74.504756,19/08/2026 10:58 AM,19/08/2026 11:00 AM,Reporting,Parked,12.71,False,UC-195,Nishter Town,Zone-49,Loader,Wagha Town,False,2026-08-19
61902,LR-2470,LR2470,Lahore,"Tehsil Office, Wahgha Town",LWMC-WaTo,Loader Rickshaw,Door To Door Collection,still,off,47.793,211.69,31.596793,74.448378,19/08/2026 10:58 AM,19/08/2026 11:00 AM,Reporting,Parked,11.94,False,UC-178,Wagha Town,Zone-12,Loader Rickshaw,Wagha Town,True,2026-08-19
59379,LR-2903,LR2903,Lahore,"Tehsil Office, Wahgha Town",LWMC-WaTo,Loader Rickshaw,Door To Door Collection,still,off,20.256,97.41,31.516839,74.504158,19/08/2026 10:51 AM,19/08/2026 11:00 AM,Reporting,Moving,12.2,False,UC-180,Wagha Town,Zone-14,Loader Rickshaw,Wagha Town,True,2026-08-19
60770,LR-1933,LR1933,Lahore,"Tehsil Office, Wahgha Town",LWMC-WaTo,Loader Rickshaw,Door To Door Collection,still,off,1.317,34.18,31.586172,74.50446,19/08/2026 09:51 AM,19/08/2026 11:00 AM,Reporting,Parked,11.28,False,UC-182,Wagha Town,Zone-13,Loader Rickshaw,Wagha Town,True,2026-08-19
59208,LR-1787,LR1787,Lahore,"Tehsil Office, Wahgha Town",LWMC-WaTo,Loader Rickshaw,Door To Door Collection,still,off,26.891,187.01,31.471201,74.624562,19/08/2026 10:27 AM,19/08/2026 11:00 AM,Reporting,Parked,12.3,False,UC-190,Wagha Town,Zone-14,Loader Rickshaw,Wagha Town,True,2026-08-19
59289,LR-1529,LR1529,Lahore,"Tehsil Office, Wahgha Town",LWMC-WaTo,Loader Rickshaw,Door To Door Collection,still,off,23.408,80.21,31.533832,74.459962,19/08/2026 10:57 AM,19/08/2026 11:00 AM,Reporting,Parked,11.64,False,UC-193,Wagha Town,Zone-14,Loader Rickshaw,Wagha Town,True,2026-08-19
23598,LR-0826,LR0826,Lahore,"Tehsil Office, Wahgha Town",LWMC-WaTo,Loader Rickshaw,Door To Door Collection,moving,on,20.412,287.38,31.608859,74.38029,19/08/2026 10:59 AM,19/08/2026 11:00 AM,Reporting,Parked,11.69,False,UC-108,Wagha Town,Zone-13,Loader Rickshaw,Wagha Town,True,2026-08-19
59241,C-1379,C1379,Lahore,"Tehsil Office, Wahgha Town",LWMC-WaTo,Compactor (13CM),Container-Based Collection,moving,on,50.173,314.56,31.596997,74.499796,19/08/2026 10:59 AM,19/08/2026 11:00 AM,Reporting,Moving,28.42,False,UC-182,Wagha Town,Zone-13,Compactor,Wagha Town,True,2026-08-19
60138,M-85,M85,Lahore,"Tehsil Office, Wahgha Town",LWMC-WaTo,Mini Tipper Diesel,Commercial,moving,on,72.879,134.48,31.456756,74.44364,19/08/2026 10:57 AM,19/08/2026 11:00 AM,Reporting,Parked,13.27,False,UC-194,Wagha Town,Zone-14,Foton-Mini Dumper,Wagha Town,True,2026-08-19
59248,CA-153,CA153,Lahore,"Tehsil Office, Wahgha Town",LWMC-WaTo,Chain Arm Roll,Container-Based Collection,moving,on,73.418,234.69,31.586724,74.400664,19/08/2026 10:59 AM,19/08/2026 11:00 AM,Reporting,Parked,27.3,False,UC-136,Wagha Town,Zone-11,Chain Arm Roll,Wagha Town,True,2026-08-19
61873,LR-3071,LR3071,Lahore,"Tehsil Office, Wahgha Town",LWMC-WaTo,Loader Rickshaw,Door To Door Collection,moving,on,17.587,213.9,31.610919,74.382867,19/08/2026 10:58 AM,19/08/2026 11:00 AM,Reporting,Parked,11.94,False,UC-108,Wagha Town,Zone-13,,Wagha Town,True,2026-08-19
59274,M-72,M72,Lahore,"Tehsil Office, Wahgha Town",LWMC-WaTo,Mini Tipper Diesel,Commercial,still,off,40.598,162.88,31.502637,74.560828,19/08/2026 10:34 AM,19/08/2026 11:00 AM,Reporting,Moving,14.75,False,UC-189,Wagha Town,Zone-14,Foton-Mini Dumper,Wagha Town,True,2026-08-19
59275,M-82,M82,Lahore,"Tehsil Office, Wahgha Town",LWMC-WaTo,Mini Tipper Diesel,Commercial,still,off,37.546,102.58,31.596026,74.420227,19/08/2026 09:42 AM,19/08/2026 11:00 AM,Reporting,Parked,13.98,False,UC-138,Wagha Town,Zone-12,Foton-Mini Dumper,Wagha Town,True,2026-08-19
60655,S-355,S355,Lahore,"Tehsil Office, Wahgha Town",LWMC-WaTo,Mini Dumper,Commercial,still,off,66.84,258.56,31.62333,74.421517,19/08/2026 11:00 AM,19/08/2026 11:00 AM,Reporting,Parked,12.1,False,UC-108,Wagha Town,Zone-13,Mini Dumper,Wagha Town,True,2026-08-19
60927,M-84,M84,Lahore,"Tehsil Office, Wahgha Town",LWMC-WaTo,Mini Tipper Diesel,Commercial,moving,on,31.102,108.73,31.603956,74.400101,19/08/2026 10:57 AM,19/08/2026 11:00 AM,Reporting,Parked,12.2,False,,,,Foton-Mini Dumper,Wagha Town,False,2026-08-19
61651,LR-0932,LR0932,Lahore,"Tehsil Office, Wahgha Town",LWMC-WaTo,Loader Rickshaw,Door To Door Collection,still,off,12.979,94.04,31.597513,74.399895,19/08/2026 10:59 AM,19/08/2026 11:00 AM,Reporting,Parked,12.1,False,UC-135,Wagha Town,Zone-11,Loader Rickshaw,Wagha Town,True,2026-08-19
59528,CA-116,CA116,Lahore,"Tehsil Office, Wahgha Town",LWMC-WaTo,Chain Arm Roll,Container-Based Collection,moving,on,99.862,298.38,31.609377,74.401387,19/08/2026 10:58 AM,19/08/2026 11:00 AM,Reporting,Moving,28.93,False,UC-137,Wagha Town,Zone-12,Chain Arm Roll,Wagha Town,True,2026-08-19
60882,S-343,S343,Lahore,"Tehsil Office, Wahgha Town",LWMC-WaTo,Mini Dumper,Commercial,moving,on,47.884,155.38,31.608651,74.391734,19/08/2026 10:56 AM,19/08/2026 11:00 AM,Reporting,Parked,11.89,False,UC-108,Wagha Town,Zone-13,Mini Dumper,Wagha Town,True,2026-08-19
18372,HA-24,HA24,Lahore,"Tehsil Office, Aziz Bhatti Town",LWMC-AzBT,Arm Roll Truck,Container-Based Collection,moving,on,64.255,273.33,31.567912,74.430134,19/08/2026 10:57 AM,19/08/2026 11:00 AM,Reporting,Idle,24.44,False,UC-152,Aziz Bhatti Town,Zone-16,Arm Roll,Aziz Bhatti Town,True,2026-08-19
60483,LR-0189,LR0189,Lahore,"Tehsil Office, Aziz Bhatti Town",LWMC-AzBT,Loader Rickshaw,Door To Door Collection,still,off,17.952,208.06,31.547752,74.409089,19/08/2026 10:51 AM,19/08/2026 11:00 AM,Reporting,Parked,11.69,False,UC-150,Aziz Bhatti Town,Zone-17,Loader Rickshaw,Aziz Bhatti Town,True,2026-08-19
59587,LR-1648,LR1648,Lahore,"Tehsil Office, Aziz Bhatti Town",LWMC-AzBT,Loader Rickshaw,Door To Door Collection,still,off,12.877,118.9,31.559374,74.372807,19/08/2026 10:58 AM,19/08/2026 11:00 AM,Reporting,Parked,11.33,False,UC-187,Aziz Bhatti Town,Zone-18,Loader Rickshaw,Aziz Bhatti Town,True,2026-08-19
60050,LR-1390,LR1390,Lahore,"Tehsil Office, Aziz Bhatti Town",LWMC-AzBT,Loader Rickshaw,Door To Door Collection,still,off,18.575,255.18,31.584164,74.400201,19/08/2026 10:58 AM,19/08/2026 11:00 AM,Reporting,Parked,11.84,False,UC-139,Aziz Bhatti Town,Zone-15,Loader Rickshaw,Aziz Bhatti Town,True,2026-08-19
60191,LR-1664,LR1664,Lahore,"Tehsil Office, Aziz Bhatti Town",LWMC-AzBT,Loader Rickshaw,Door To Door Collection,moving,on,20.13,138.96,31.557972,74.395333,19/08/2026 10:52 AM,19/08/2026 11:00 AM,Reporting,Parked,12.96,False,UC-160,Aziz Bhatti Town,Zone-17,Loader Rickshaw,Aziz Bhatti Town,True,2026-08-19
59280,LR-2467,LR2467,Lahore,"Tehsil Office, Aziz Bhatti Town",LWMC-AzBT,Loader Rickshaw,Door To Door Collection,still,off,34.775,294.96,31.577159,74.406794,19/08/2026 10:58 AM,19/08/2026 11:00 AM,Reporting,Parked,12.1,False,UC-143,Aziz Bhatti Town,Zone-16,Loader Rickshaw,Aziz Bhatti Town,True,2026-08-19
59500,LR-0291,LR0291,Lahore,"Tehsil Office, Aziz Bhatti Town",LWMC-AzBT,Loader Rickshaw,Door To Door Collection,moving,on,10.123,79.11,31.581562,74.398823,19/08/2026 10:49 AM,19/08/2026 11:00 AM,Reporting,Parked,11.84,False,UC-141,Aziz Bhatti Town,Zone-15,Loader Rickshaw,Aziz Bhatti Town,True,2026-08-19
59514,LR-2777,LR2777,Lahore,"Tehsil Office, Aziz Bhatti Town",LWMC-AzBT,Loader Rickshaw,Door To Door Collection,moving,on,21.594,159.11,31.603334,74.400182,19/08/2026 10:59 AM,19/08/2026 11:00 AM,Reporting,Excess Idling,11.18,False,UC-135,Wagha Town,Zone-11,Loader Rickshaw,Aziz Bhatti Town,False,2026-08-19
-,LR-2512,LR2512,Lahore,"Tehsil Office, Aziz Bhatti Town",LWMC-AzBT,-,-,moving,on,26.269,99.73,31.563882,74.320803,19/08/2026 11:00 AM,19/08/2026 11:00 AM,Reporting,Parked,11.89,False,UC-62,DGBT,Zone-25,Loader Rickshaw,DGBT,True,2026-08-19
59404,LR-0575,LR0575,Lahore,"Tehsil Office, Aziz Bhatti Town",LWMC-AzBT,Loader Rickshaw,Door To Door Collection,still,off,10.265,239.01,31.557538,74.369629,19/08/2026 10:53 AM,19/08/2026 11:00 AM,Reporting,Parked,11.89,False,UC-187,Aziz Bhatti Town,Zone-18,Loader Rickshaw,Aziz Bhatti Town,True,2026-08-19
59631,LR-1950,LR1950,Lahore,"Tehsil Office, Aziz Bhatti Town",LWMC-AzBT,Loader Rickshaw,Door To Door Collection,still,off,38.174,156.51,31.608721,74.380279,19/08/2026 10:56 AM,19/08/2026 11:00 AM,Reporting,Parked,12.56,False,UC-108,Wagha Town,Zone-13,Loader Rickshaw,Aziz Bhatti Town,False,2026-08-19
60275,LR-1116,LR1116,Lahore,"Tehsil Office, Aziz Bhatti Town",LWMC-AzBT,Loader Rickshaw,Door To Door Collection,moving,on,32.766,161.13,31.609227,74.393068,19/08/2026 10:59 AM,19/08/2026 11:00 AM,Reporting,Parked,12.05,False,UC-108,Wagha Town,Zone-13,Loader Rickshaw,Aziz Bhatti Town,False,2026-08-19
59508,LR-2464,LR2464,Lahore,"Tehsil Office, Aziz Bhatti Town",LWMC-AzBT,Loader Rickshaw,Door To Door Collection,moving,on,30.659,312.46,31.608954,74.380232,19/08/2026 10:59 AM,19/08/2026 11:00 AM,Reporting,Parked,12.15,False,UC-108,Wagha Town,Zone-13,Loader Rickshaw,Aziz Bhatti Town,False,2026-08-19
60031,LR-0723,LR0723,Lahore,"Tehsil Office, Aziz Bhatti Town",LWMC-AzBT,Loader Rickshaw,Door To Door Collection,still,off,38.131,338.83,31.58658,74.427777,19/08/2026 10:58 AM,19/08/2026 11:00 AM,Reporting,Parked,11.54,False,UC-144,Wagha Town,Zone-12,Loader Rickshaw,Aziz Bhatti Town,False,2026-08-19
59647,SD-07,SD07,Lahore,"Tehsil Office, Aziz Bhatti Town",LWMC-AzBT,Dumper (10CM),Bulk Waste Collection,moving,on,86.816,268.13,31.561001,74.375193,19/08/2026 10:58 AM,19/08/2026 11:00 AM,Reporting,Moving,28.26,False,UC-184,Aziz Bhatti Town,Zone-18,Dumper,Aziz Bhatti Town,True,2026-08-19
59325,LR-0300,LR0300,Lahore,"Tehsil Office, Aziz Bhatti Town",LWMC-AzBT,Loader Rickshaw,Door To Door Collection,still,off,34.336,305.46,31.562619,74.400643,19/08/2026 10:58 AM,19/08/2026 11:00 AM,Reporting,Moving,11.64,False,UC-148,Aziz Bhatti Town,Zone-17,Loader Rickshaw,Aziz Bhatti Town,True,2026-08-19
59488,LR-0302,LR0302,Lahore,"Tehsil Office, Aziz Bhatti Town",LWMC-AzBT,Loader Rickshaw,Door To Door Collection,moving,on,38.142,344.0,31.584228,74.382929,19/08/2026 10:58 AM,19/08/2026 11:00 AM,Reporting,Moving,12.86,False,UC-130,Shalimar Town,Zone-10,Loader Rickshaw,Aziz Bhatti Town,False,2026-08-19
60913,LR-1659,LR1659,Lahore,"Tehsil Office, Aziz Bhatti Town",LWMC-AzBT,Loader Rickshaw,Door To Door Collection,moving,on,24.216,133.91,31.491827,74.430841,19/08/2026 10:58 AM,19/08/2026 11:00 AM,Reporting,Parked,13.83,False,,,,Loader Rickshaw,Aziz Bhatti Town,False,2026-08-19
60297,LR-1403,LR1403,Lahore,"Tehsil Office, Aziz Bhatti Town",LWMC-AzBT,Loader Rickshaw,Door To Door Collection,still,off,32.788,303.14,31.561804,74.385938,19/08/2026 10:58 AM,19/08/2026 11:00 AM,Reporting,Excess Idling,12.2,False,UC-184,Aziz Bhatti Town,Zone-18,Loader Rickshaw,Aziz Bhatti Town,True,2026-08-19
60240,LR-1399,LR1399,Lahore,"Tehsil Office, Aziz Bhatti Town",LWMC-AzBT,Loader Rickshaw,Door To Door Collection,moving,on,36.437,187.68,31.552588,74.397839,19/08/2026 10:58 AM,19/08/2026 11:00 AM,Reporting,Parked,11.69,False,,,,Loader Rickshaw,Aziz Bhatti Town,False,2026-08-19
59498,LR-0188,LR0188,Lahore,"Tehsil Office, Aziz Bhatti Town",LWMC-AzBT,Loader Rickshaw,Door To Door Collection,moving,on,13.066,75.48,31.552227,74.414165,19/08/2026 10:57 AM,19/08/2026 11:00 AM,Reporting,Excess Idling,9.19,False,UC-150,Aziz Bhatti Town,Zone-17,Loader Rickshaw,Aziz Bhatti Town,True,2026-08-19
59406,LR-0741,LR0741,Lahore,"Tehsil Office, Aziz Bhatti Town",LWMC-AzBT,Loader Rickshaw,Door To Door Collection,moving,on,19.723,99.46,31.547529,74.361444,19/08/2026 10:58 AM,19/08/2026 11:00 AM,Reporting,Parked,11.94,False,UC-188,Aziz Bhatti Town,Zone-18,Loader Rickshaw,Aziz Bhatti Town,True,2026-08-19
59361,LR-1192,LR1192,Lahore,"Tehsil Office, Aziz Bhatti Town",LWMC-AzBT,Loader Rickshaw,Door To Door Collection,still,off,22.867,153.78,31.573852,74.407837,19/08/2026 10:52 AM,19/08/2026 11:00 AM,Reporting,Parked,10.72,False,UC-143,Aziz Bhatti Town,Zone-16,Loader Rickshaw,Aziz Bhatti Town,True,2026-08-19
59461,LR-1114,LR1114,Lahore,"Tehsil Office, Aziz Bhatti Town",LWMC-AzBT,Loader Rickshaw,Door To Door Collection,moving,on,30.876,162.44,31.581221,74.426029,19/08/2026 10:59 AM,19/08/2026 11:00 AM,Reporting,Parked,5.42,False,UC-144,Wagha Town,Zone-12,Loader Rickshaw,Aziz Bhatti Town,False,2026-08-19
60244,LR-1389,LR1389,Lahore,"Tehsil Office, Aziz Bhatti Town",LWMC-AzBT,Loader Rickshaw,Door To Door Collection,still,off,30.608,202.28,31.586213,74.407842,19/08/2026 10:54 AM,19/08/2026 11:00 AM,Reporting,Parked,12.45,False,UC-139,Aziz Bhatti Town,Zone-15,Loader Rickshaw,Aziz Bhatti Town,True,2026-08-19
59354,LR-2471,LR2471,Lahore,"Tehsil Office, Aziz Bhatti Town",LWMC-AzBT,Loader Rickshaw,Door To Door Collection,moving,on,27.646,282.61,31.610745,74.383202,19/08/2026 10:59 AM,19/08/2026 11:00 AM,Reporting,Parked,12.05,False,UC-108,Wagha Town,Zone-13,Loader Rickshaw,Aziz Bhatti Town,False,2026-08-19
60132,LR-0187,LR0187,Lahore,"Tehsil Office, Aziz Bhatti Town",LWMC-AzBT,Loader Rickshaw,Door To Door Collection,moving,on,15.078,93.98,31.553054,74.414453,19/08/2026 10:50 AM,19/08/2026 11:00 AM,Reporting,Parked,12.45,False,UC-150,Aziz Bhatti Town,Zone-17,Loader Rickshaw,Aziz Bhatti Town,True,2026-08-19
60252,LR-0734,LR0734,Lahore,"Tehsil Office, Aziz Bhatti Town",LWMC-AzBT,Loader Rickshaw,Door To Door Collection,moving,on,36.676,343.98,31.577126,74.388352,19/08/2026 11:00 AM,19/08/2026 11:00 AM,Reporting,Parked,11.49,False,UC-154,Shalimar Town,Zone-10,Loader Rickshaw,Aziz Bhatti Town,False,2026-08-19
59322,LR-2465,LR2465,Lahore,"Tehsil Office, Aziz Bhatti Town",LWMC-AzBT,Loader Rickshaw,Door To Door Collection,moving,on,31.904,301.36,31.584703,74.409828,19/08/2026 10:59 AM,19/08/2026 11:00 AM,Reporting,Parked,14.09,False,UC-139,Aziz Bhatti Town,Zone-15,Loader Rickshaw,Aziz Bhatti Town,True,2026-08-19
60712,S-102,S102,Lahore,"Tehsil Office, Aziz Bhatti Town",LWMC-AzBT,Mini Dumper,Bulk Waste Collection,still,off,35.751,174.41,31.566198,74.424526,19/08/2026 10:43 AM,19/08/2026 11:00 AM,Reporting,Parked,13.73,False,UC-147,Aziz Bhatti Town,Zone-16,Mini Dumper,Aziz Bhatti Town,True,2026-08-19
60881,LR-1122,LR1122,Lahore,"Tehsil Office, Aziz Bhatti Town",LWMC-AzBT,Loader Rickshaw,Door To Door Collection,moving,on,48.699,271.41,31.587621,74.410528,19/08/2026 10:49 AM,19/08/2026 11:00 AM,Reporting,Parked,11.89,False,UC-144,Wagha Town,Zone-12,Loader Rickshaw,Aziz Bhatti Town,False,2026-08-19
60217,LR-1960,LR1960,Lahore,"Tehsil Office, Aziz Bhatti Town",LWMC-AzBT,Loader Rickshaw,Door To Door Collection,still,off,37.409,221.86,31.553102,74.404278,19/08/2026 10:57 AM,19/08/2026 11:00 AM,Reporting,Parked,12.51,False,UC-160,Aziz Bhatti Town,Zone-17,Loader Rickshaw,Aziz Bhatti Town,True,2026-08-19
60139,LR-2892,LR2892,Lahore,"Tehsil Office, Aziz Bhatti Town",LWMC-AzBT,Loader Rickshaw,Door To Door Collection,moving,on,29.847,490.21,31.560199,74.397484,19/08/2026 10:35 AM,19/08/2026 11:00 AM,Reporting,Parked,11.94,False,UC-148,Aziz Bhatti Town,Zone-17,Loader Rickshaw,Aziz Bhatti Town,True,2026-08-19
59642,ND-36,ND36,Lahore,"Tehsil Office, Aziz Bhatti Town",LWMC-AzBT,Dumper (15CM),Bulk Waste Collection,still,off,,,31.579397,74.441362,19/08/2026 09:45 AM,19/08/2026 11:00 AM,Reporting,No Activity Since Yesterday,24.34,False,UC-175,Wagha Town,Zone-12,Dumper,DGBT,False,2026-08-19
59802,S-92,S92,Lahore,"Tehsil Office, Aziz Bhatti Town",LWMC-AzBT,Mini Dumper,Bulk Waste Collection,moving,on,19.626,468.64,31.586271,74.435058,19/08/2026 10:58 AM,19/08/2026 11:00 AM,Reporting,Parked,12.81,False,UC-144,Wagha Town,Zone-12,Mini Dumper,Aziz Bhatti Town,False,2026-08-19
60720,LR-0716,LR0716,Lahore,"Tehsil Office, Aziz Bhatti Town",LWMC-AzBT,Loader Rickshaw,Door To Door Collection,moving,on,27.795,132.55,31.582211,74.376781,19/08/2026 10:37 AM,19/08/2026 11:00 AM,Reporting,Excess Idling,11.79,False,UC-121,Shalimar Town,Zone-10,Loader Rickshaw,Aziz Bhatti Town,False,2026-08-19
59437,LR-0290,LR0290,Lahore,"Tehsil Office, Aziz Bhatti Town",LWMC-AzBT,Loader Rickshaw,Door To Door Collection,still,off,11.782,337.68,31.579759,74.397227,19/08/2026 10:57 AM,19/08/2026 11:00 AM,Reporting,Parked,11.23,False,UC-141,Aziz Bhatti Town,Zone-15,Loader Rickshaw,Aziz Bhatti Town,True,2026-08-19
60029,LR-2472,LR2472,Lahore,"Tehsil Office, Aziz Bhatti Town",LWMC-AzBT,Loader Rickshaw,Door To Door Collection,moving,on,41.954,152.5,31.579437,74.368753,19/08/2026 11:00 AM,19/08/2026 11:00 AM,Reporting,Parked,12.05,False,UC-125,Shalimar Town,Zone-10,Loader Rickshaw,Aziz Bhatti Town,False,2026-08-19
60014,LR-1406,LR1406,Lahore,"Tehsil Office, Aziz Bhatti Town",LWMC-AzBT,Loader Rickshaw,Door To Door Collection,moving,on,28.547,302.33,31.608694,74.392,19/08/2026 10:59 AM,19/08/2026 11:00 AM,Reporting,Parked,11.84,False,UC-108,Wagha Town,Zone-13,Loader Rickshaw,Aziz Bhatti Town,False,2026-08-19
60012,LR-2386,LR2386,Lahore,"Tehsil Office, Aziz Bhatti Town",LWMC-AzBT,Loader Rickshaw,Door To Door Collection,still,off,,,31.575128,74.370552,19/08/2026 09:53 AM,19/08/2026 11:00 AM,Reporting,No Activity Since Yesterday,11.33,False,UC-120,Gulberg Town,Zone-19,Loader Rickshaw,Aziz Bhatti Town,False,2026-08-19
60176,LR-1647,LR1647,Lahore,"Tehsil Office, Aziz Bhatti Town",LWMC-AzBT,Loader Rickshaw,Door To Door Collection,still,off,21.011,142.98,31.559453,74.372928,19/08/2026 10:59 AM,19/08/2026 11:00 AM,Reporting,Excess Idling,11.69,False,UC-187,Aziz Bhatti Town,Zone-18,Loader Rickshaw,Aziz Bhatti Town,True,2026-08-19
59623,MFL-88,MFL88,Lahore,"Tehsil Office, Aziz Bhatti Town",LWMC-AzBT,Loader,Bulk Waste Collection,still,off,19.903,403.36,31.480437,74.431534,19/08/2026 10:58 AM,19/08/2026 11:00 AM,Reporting,Parked,12.56,False,,,,Loader,Aziz Bhatti Town,False,2026-08-19
59640,LR-0742,LR0742,Lahore,"Tehsil Office, Aziz Bhatti Town",LWMC-AzBT,Loader Rickshaw,Door To Door Collection,moving,on,18.323,84.03,31.559118,74.370951,19/08/2026 10:18 AM,19/08/2026 11:00 AM,Reporting,Parked,11.59,False,UC-187,Aziz Bhatti Town,Zone-18,Loader Rickshaw,Aziz Bhatti Town,True,2026-08-19
59699,LR-0737,LR0737,Lahore,"Tehsil Office, Aziz Bhatti Town",LWMC-AzBT,Loader Rickshaw,Door To Door Collection,moving,on,22.852,338.48,31.578207,74.368208,19/08/2026 10:59 AM,19/08/2026 11:00 AM,Reporting,Parked,12.45,False,UC-121,Shalimar Town,Zone-10,Loader Rickshaw,Aziz Bhatti Town,False,2026-08-19
59697,LR-1967,LR1967,Lahore,"Tehsil Office, Aziz Bhatti Town",LWMC-AzBT,Loader Rickshaw,Door To Door Collection,still,off,15.601,206.34,31.558595,74.393609,19/08/2026 10:59 AM,19/08/2026 11:00 AM,Reporting,Parked,12.15,False,UC-158,Aziz Bhatti Town,Zone-17,Loader Rickshaw,Aziz Bhatti Town,True,2026-08-19
60229,LR-2895,LR2895,Lahore,"Tehsil Office, Aziz Bhatti Town",LWMC-AzBT,Loader Rickshaw,Door To Door Collection,moving,on,38.493,240.23,31.542662,74.401298,19/08/2026 10:51 AM,19/08/2026 11:00 AM,Reporting,Parked,11.89,False,UC-150,Aziz Bhatti Town,Zone-17,Loader Rickshaw,Aziz Bhatti Town,True,2026-08-19
59399,LR-1914,LR1914,Lahore,"Tehsil Office, Aziz Bhatti Town",LWMC-AzBT,Loader Rickshaw,Door To Door Collection,still,off,11.498,310.88,31.580912,74.403742,19/08/2026 10:57 AM,19/08/2026 11:00 AM,Reporting,Parked,12.0,False,UC-141,Aziz Bhatti Town,Zone-15,Loader Rickshaw,Aziz Bhatti Town,True,2026-08-19
59503,LR-2461,LR2461,Lahore,"Tehsil Office, Aziz Bhatti Town",LWMC-AzBT,Loader Rickshaw,Door To Door Collection,still,off,39.338,347.31,31.580641,74.413672,19/08/2026 10:58 AM,19/08/2026 11:00 AM,Reporting,Parked,13.63,False,,,,Loader Rickshaw,Aziz Bhatti Town,False,2026-08-19
60243,LR-1408,LR1408,Lahore,"Tehsil Office, Aziz Bhatti Town",LWMC-AzBT,Loader Rickshaw,Door To Door Collection,still,off,0.009,17.46,31.574919,74.370508,19/08/2026 09:44 AM,19/08/2026 11:00 AM,Reporting,No Activity Since Yesterday,11.23,False,UC-120,Gulberg Town,Zone-19,Loader Rickshaw,Aziz Bhatti Town,False,2026-08-19
59279,LR-1386,LR1386,Lahore,"Tehsil Office, Aziz Bhatti Town",LWMC-AzBT,Loader Rickshaw,Door To Door Collection,moving,on,42.19,198.91,31.546109,74.402879,19/08/2026 10:56 AM,19/08/2026 11:00 AM,Reporting,Parked,11.79,False,UC-149,Aziz Bhatti Town,Zone-17,Loader Rickshaw,Aziz Bhatti Town,True,2026-08-19
59484,LR-0738,LR0738,Lahore,"Tehsil Office, Aziz Bhatti Town",LWMC-AzBT,Loader Rickshaw,Door To Door Collection,still,off,22.413,345.1,31.550842,74.365117,19/08/2026 10:57 AM,19/08/2026 11:00 AM,Reporting,Parked,11.79,False,UC-188,Aziz Bhatti Town,Zone-18,Loader Rickshaw,Aziz Bhatti Town,True,2026-08-19
60923,LR-0743,LR0743,Lahore,"Tehsil Office, Aziz Bhatti Town",LWMC-AzBT,Loader Rickshaw,Door To Door Collection,still,off,18.339,286.89,31.547461,74.362418,19/08/2026 10:58 AM,19/08/2026 11:00 AM,Reporting,Parked,11.49,False,UC-188,Aziz Bhatti Town,Zone-18,Loader Rickshaw,Aziz Bhatti Town,True,2026-08-19
59650,WR-011,WR011,Lahore,"Tehsil Office, Aziz Bhatti Town",LWMC-AzBT,Road Washer,Washing,still,off,0.09,171.05,31.575137,74.37068,19/08/2026 10:55 AM,19/08/2026 11:03 AM,Reporting,No Activity Since Yesterday,11.64,False,UC-120,Gulberg Town,Zone-19,Washer Rickshaw,Aziz Bhatti Town,False,2026-08-19
59671,LR-1918,LR1918,Lahore,"Tehsil Office, Aziz Bhatti Town",LWMC-AzBT,Loader Rickshaw,Door To Door Collection,moving,on,9.218,113.2,31.582733,74.396612,19/08/2026 10:52 AM,19/08/2026 11:00 AM,Reporting,Parked,12.56,False,UC-139,Aziz Bhatti Town,Zone-15,Loader Rickshaw,Aziz Bhatti Town,True,2026-08-19
59591,LR-1956,LR1956,Lahore,"Tehsil Office, Aziz Bhatti Town",LWMC-AzBT,Loader Rickshaw,Door To Door Collection,moving,on,17.495,628.85,31.556899,74.389134,19/08/2026 10:45 AM,19/08/2026 11:00 AM,Reporting,Parked,11.74,False,UC-159,Aziz Bhatti Town,Zone-18,Loader Rickshaw,Aziz Bhatti Town,True,2026-08-19
60170,LR-0294,LR0294,Lahore,"Tehsil Office, Aziz Bhatti Town",LWMC-AzBT,Loader Rickshaw,Door To Door Collection,moving,on,10.796,193.98,31.582706,74.396194,19/08/2026 10:06 AM,19/08/2026 11:00 AM,Reporting,Excess Idling,11.89,False,UC-139,Aziz Bhatti Town,Zone-15,Loader Rickshaw,Aziz Bhatti Town,True,2026-08-19
60999,LR-1398,LR1398,Lahore,"Tehsil Office, Aziz Bhatti Town",LWMC-AzBT,Loader Rickshaw,Door To Door Collection,still,off,29.029,300.66,31.560311,74.387277,19/08/2026 10:58 AM,19/08/2026 11:00 AM,Reporting,Parked,15.26,False,UC-184,Aziz Bhatti Town,Zone-18,Loader Rickshaw,Aziz Bhatti Town,True,2026-08-19
59338,LR-2586,LR2586,Lahore,"Tehsil Office, Aziz Bhatti Town",LWMC-AzBT,Loader Rickshaw,Door To Door Collection,moving,on,17.939,59.91,31.551908,74.420147,19/08/2026 11:00 AM,19/08/2026 11:00 AM,Reporting,Parked,14.14,False,UC-152,Aziz Bhatti Town,Zone-16,Loader Rickshaw,Aziz Bhatti Town,True,2026-08-19
60197,LR-2780,LR2780,Lahore,"Tehsil Office, Aziz Bhatti Town",LWMC-AzBT,Loader Rickshaw,Door To Door Collection,still,off,,,31.575149,74.370543,19/08/2026 09:46 AM,19/08/2026 11:00 AM,Reporting,No Activity Since Yesterday,11.38,False,UC-120,Gulberg Town,Zone-19,Loader Rickshaw,Aziz Bhatti Town,False,2026-08-19
59502,LR-0739,LR0739,Lahore,"Tehsil Office, Aziz Bhatti Town",LWMC-AzBT,Loader Rickshaw,Door To Door Collection,still,off,24.234,348.44,31.559419,74.372824,19/08/2026 10:58 AM,19/08/2026 11:00 AM,Reporting,Parked,12.61,False,UC-187,Aziz Bhatti Town,Zone-18,Loader Rickshaw,Aziz Bhatti Town,True,2026-08-19
59460,LR-0576,LR0576,Lahore,"Tehsil Office, Aziz Bhatti Town",LWMC-AzBT,Loader Rickshaw,Door To Door Collection,moving,on,12.965,229.18,31.558798,74.370467,19/08/2026 10:54 AM,19/08/2026 11:00 AM,Reporting,Parked,11.23,False,UC-187,Aziz Bhatti Town,Zone-18,Loader Rickshaw,Aziz Bhatti Town,True,2026-08-19
-,S-78,S78,Lahore,"Tehsil Office, Aziz Bhatti Town",LWMC-AzBT,-,-,moving,on,28.083,142.98,31.573525,74.323393,19/08/2026 10:58 AM,19/08/2026 11:00 AM,Reporting,Parked,11.84,False,UC-168,DGBT,Zone-24,Mini Dumper,DGBT,True,2026-08-19
60291,LR-1407,LR1407,Lahore,"Tehsil Office, Aziz Bhatti Town",LWMC-AzBT,Loader Rickshaw,Door To Door Collection,still,off,,,31.575232,74.370464,19/08/2026 09:46 AM,19/08/2026 11:00 AM,Reporting,No Activity Since Yesterday,11.49,False,UC-120,Gulberg Town,Zone-19,Loader Rickshaw,Aziz Bhatti Town,False,2026-08-19
59511,LR-1657,LR1657,Lahore,"Tehsil Office, Aziz Bhatti Town",LWMC-AzBT,Loader Rickshaw,Door To Door Collection,moving,on,11.318,71.18,31.559688,74.377079,19/08/2026 10:57 AM,19/08/2026 11:00 AM,Reporting,Parked,12.0,False,UC-184,Aziz Bhatti Town,Zone-18,Loader Rickshaw,Aziz Bhatti Town,True,2026-08-19
60294,LR-1394,LR1394,Lahore,"Tehsil Office, Aziz Bhatti Town",LWMC-AzBT,Loader Rickshaw,Door To Door Collection,still,off,31.779,186.9,31.553378,74.363914,19/08/2026 10:57 AM,19/08/2026 11:00 AM,Reporting,Parked,12.15,False,UC-186,Aziz Bhatti Town,Zone-18,Loader Rickshaw,Aziz Bhatti Town,True,2026-08-19
59659,WR-003,WR003,Lahore,"Tehsil Office, Aziz Bhatti Town",LWMC-AzBT,Road Washer,Washing,still,off,14.007,156.44,31.547747,74.360926,19/08/2026 10:51 AM,19/08/2026 11:00 AM,Reporting,Parked,11.69,False,UC-188,Aziz Bhatti Town,Zone-18,Washer Rickshaw,Aziz Bhatti Town,True,2026-08-19
59661,LR-1002,LR1002,Lahore,"Tehsil Office, Aziz Bhatti Town",LWMC-AzBT,Loader Rickshaw,Door To Door Collection,still,off,,,31.575233,74.370442,19/08/2026 09:37 AM,19/08/2026 11:00 AM,Reporting,No Activity Since Yesterday,12.0,False,UC-120,Gulberg Town,Zone-19,Loader Rickshaw,Aziz Bhatti Town,False,2026-08-19
60201,LR-1655,LR1655,Lahore,"Tehsil Office, Aziz Bhatti Town",LWMC-AzBT,Loader Rickshaw,Door To Door Collection,still,off,0.035,49.48,31.575132,74.370482,19/08/2026 09:34 AM,19/08/2026 11:00 AM,Reporting,No Activity Since Yesterday,11.28,False,UC-120,Gulberg Town,Zone-19,Loader Rickshaw,Aziz Bhatti Town,False,2026-08-19
18433,CA-111,CA111,Lahore,"Tehsil Office, Aziz Bhatti Town",LWMC-AzBT,Chain Arm Roll,Container-Based Collection,moving,on,109.622,322.36,31.577021,74.454262,19/08/2026 10:58 AM,19/08/2026 11:00 AM,Reporting,Parked,28.01,False,UC-152,Aziz Bhatti Town,Zone-16,Chain Arm Roll,Aziz Bhatti Town,True,2026-08-19
59641,ND-22,ND22,Lahore,"Tehsil Office, Aziz Bhatti Town",LWMC-AzBT,Dumper (15CM),Bulk Waste Collection,still,off,,,31.623566,74.421522,19/08/2026 09:59 AM,19/08/2026 11:00 AM,Reporting,No Activity Since Yesterday,25.87,False,UC-108,Wagha Town,Zone-13,Dumper,Aziz Bhatti Town,False,2026-08-19
61281,LR-0293,LR0293,Lahore,"Tehsil Office, Aziz Bhatti Town",LWMC-AzBT,Loader Rickshaw,Door To Door Collection,still,off,10.799,132.21,31.573944,74.395744,19/08/2026 10:58 AM,19/08/2026 11:00 AM,Reporting,Parked,12.15,False,UC-141,Aziz Bhatti Town,Zone-15,Loader Rickshaw,Aziz Bhatti Town,True,2026-08-19
18432,CA-144,CA144,Lahore,"Tehsil Office, Aziz Bhatti Town",LWMC-AzBT,Chain Arm Roll,Container-Based Collection,moving,on,129.494,390.25,31.588868,74.422379,19/08/2026 10:58 AM,19/08/2026 11:00 AM,Reporting,Parked,24.69,False,UC-144,Wagha Town,Zone-12,Chain Arm Roll,Aziz Bhatti Town,False,2026-08-19
59314,LR-2891,LR2891,Lahore,"Tehsil Office, Aziz Bhatti Town",LWMC-AzBT,Loader Rickshaw,Door To Door Collection,moving,on,31.252,180.06,31.577438,74.39326,19/08/2026 10:56 AM,19/08/2026 11:00 AM,Reporting,Parked,11.94,False,UC-155,Aziz Bhatti Town,Zone-15,Loader Rickshaw,Aziz Bhatti Town,True,2026-08-19
60887,LR-1115,LR1115,Lahore,"Tehsil Office, Aziz Bhatti Town",LWMC-AzBT,Loader Rickshaw,Door To Door Collection,moving,on,21.263,96.81,31.603418,74.400247,19/08/2026 10:55 AM,19/08/2026 11:00 AM,Reporting,Parked,12.2,False,UC-137,Wagha Town,Zone-12,Loader Rickshaw,Aziz Bhatti Town,False,2026-08-19
59509,LR-1968,LR1968,Lahore,"Tehsil Office, Aziz Bhatti Town",LWMC-AzBT,Loader Rickshaw,Door To Door Collection,still,off,18.219,201.09,31.547887,74.401322,19/08/2026 10:58 AM,19/08/2026 11:00 AM,Reporting,Parked,11.59,False,UC-149,Aziz Bhatti Town,Zone-17,Loader Rickshaw,Aziz Bhatti Town,True,2026-08-19
59417,LR-1392,LR1392,Lahore,"Tehsil Office, Aziz Bhatti Town",LWMC-AzBT,Loader Rickshaw,Door To Door Collection,moving,on,37.817,236.98,31.579353,74.395376,19/08/2026 10:59 AM,19/08/2026 11:00 AM,Reporting,Parked,11.84,False,UC-154,Shalimar Town,Zone-10,Loader Rickshaw,Aziz Bhatti Town,False,2026-08-19
60910,LR-0295,LR0295,Lahore,"Tehsil Office, Aziz Bhatti Town",LWMC-AzBT,Loader Rickshaw,Door To Door Collection,still,off,0.008,308.28,31.575135,74.37057,19/08/2026 10:57 AM,19/08/2026 11:00 AM,Reporting,No Activity Since Yesterday,11.08,False,UC-120,Gulberg Town,Zone-19,Loader Rickshaw,Aziz Bhatti Town,False,2026-08-19
60148,LR-0297,LR0297,Lahore,"Tehsil Office, Aziz Bhatti Town",LWMC-AzBT,Loader Rickshaw,Door To Door Collection,moving,on,59.912,351.01,31.565656,74.398503,19/08/2026 10:59 AM,19/08/2026 11:00 AM,Reporting,Parked,11.94,False,UC-146,Aziz Bhatti Town,Zone-16,Loader Rickshaw,Aziz Bhatti Town,True,2026-08-19
59615,MFL-33,MFL33,Lahore,"Tehsil Office, Aziz Bhatti Town",LWMC-AzBT,Loader,Bulk Waste Collection,still,off,,,31.579114,74.441596,19/08/2026 09:34 AM,19/08/2026 11:00 AM,Reporting,No Activity Since Yesterday,12.76,False,UC-175,Wagha Town,Zone-12,Loader,Aziz Bhatti Town,False,2026-08-19
59402,LR-0298,LR0298,Lahore,"Tehsil Office, Aziz Bhatti Town",LWMC-AzBT,Loader Rickshaw,Door To Door Collection,moving,on,46.132,190.9,31.600191,74.401383,19/08/2026 10:58 AM,19/08/2026 11:00 AM,Reporting,Parked,12.2,False,UC-137,Wagha Town,Zone-12,Loader Rickshaw,Aziz Bhatti Town,False,2026-08-19
60711,LR-2836,LR2836,Lahore,"Tehsil Office, Nishter Town",LWMC-NiTo,Loader Rickshaw,Door To Door Collection,moving,on,20.755,142.4,31.40776,74.349801,19/08/2026 10:51 AM,19/08/2026 11:00 AM,Reporting,Parked,11.74,False,UC-244,Nishter Town,Zone-48,Loader Rickshaw,Nishter Town,True,2026-08-19
-,LR-909,LR909,Lahore,"Tehsil Office, Nishter Town",LWMC-NiTo,-,-,still,off,20.049,56.06,31.388628,74.344992,19/08/2026 10:33 AM,19/08/2026 11:00 AM,Reporting,Parked,11.94,False,UC-244,Nishter Town,Zone-48,Loader Rickshaw,Nishter Town,True,2026-08-19
60819,LR-3038,LR3038,Lahore,"Tehsil Office, Nishter Town",LWMC-NiTo,Loader Rickshaw,Door To Door Collection,still,off,,,31.367681,74.365025,19/08/2026 09:47 AM,19/08/2026 11:00 AM,Reporting,No Activity Since Yesterday,11.69,False,UC-248,Nishter Town,Zone-49,Loader Rickshaw,Nishter Town,True,2026-08-19
61037,LR-2216,LR2216,Lahore,"Tehsil Office, Nishter Town",LWMC-NiTo,Loader Rickshaw,Door To Door Collection,moving,on,29.103,102.71,31.301791,74.377246,19/08/2026 10:07 AM,19/08/2026 11:00 AM,,,,,UC-252,Nishter Town,Zone-49,Loader Rickshaw,Nishter Town,True,2026-08-19
60801,LR-0792,LR0792,Lahore,"Tehsil Office, Nishter Town",LWMC-NiTo,Loader Rickshaw,Door To Door Collection,still,off,7.208,80.93,31.388647,74.344774,19/08/2026 10:07 AM,19/08/2026 11:00 AM,Reporting,Parked,11.13,False,,,,Loader Rickshaw,Nishter Town,False,2026-08-19
60476,LR-0418,LR0418,Lahore,"Tehsil Office, Nishter Town",LWMC-NiTo,Loader Rickshaw,Door To Door Collection,still,off,20.665,71.31,31.388659,74.344803,19/08/2026 10:46 AM,19/08/2026 11:00 AM,Reporting,Parked,11.28,False,,,,Loader Rickshaw,Nishter Town,False,2026-08-19
61999,LR-1753,LR1753,Lahore,"Tehsil Office, Nishter Town",LWMC-NiTo,Loader Rickshaw,Door To Door Collection,still,off,13.097,140.96,31.367915,74.364989,19/08/2026 10:57 AM,19/08/2026 11:00 AM,Reporting,Excess Idling,12.2,False,UC-248,Nishter Town,Zone-49,Loader Rickshaw,Nishter Town,True,2026-08-19
18645,C-083,C083,Lahore,"Tehsil Office, Nishter Town",LWMC-NiTo,Compactor (25CM),Container-Based Collection,still,off,,,31.478559,74.343907,19/08/2026 09:58 AM,19/08/2026 11:00 AM,Reporting,No Activity Since Yesterday,24.64,False,UC-206,Gulberg Town,Zone-22,Compactor,Nishter Town,False,2026-08-19
60477,LR-1352,LR1352,Lahore,"Tehsil Office, Nishter Town",LWMC-NiTo,Loader Rickshaw,Door To Door Collection,moving,on,12.21,184.33,31.452596,74.441864,19/08/2026 10:45 AM,19/08/2026 11:00 AM,Reporting,Parked,12.2,False,UC-194,Wagha Town,Zone-14,Loader Rickshaw,Nishter Town,False,2026-08-19
-,LR-3023,LR3023,Lahore,"Tehsil Office, Nishter Town",LWMC-NiTo,-,-,moving,on,38.218,203.26,31.418015,74.246703,19/08/2026 10:46 AM,19/08/2026 11:00 AM,Reporting,Parked,12.76,False,UC-269,Nishter Town,Zone-47,Loader Rickshaw,Nishter Town,True,2026-08-19
61049,LR-3045,LR3045,Lahore,"Tehsil Office, Nishter Town",LWMC-NiTo,Loader Rickshaw,Door To Door Collection,moving,on,13.964,110.31,31.354462,74.372468,19/08/2026 10:53 AM,19/08/2026 11:00 AM,Reporting,Parked,11.69,False,UC-248,Nishter Town,Zone-49,Loader Rickshaw,Nishter Town,True,2026-08-19
60279,MFT-07,MFT07,Lahore,"Tehsil Office, Nishter Town",LWMC-NiTo,Tractor Trolley,Bulk Waste Collection,moving,on,25.291,180.11,31.434593,74.374293,19/08/2026 10:37 AM,19/08/2026 11:00 AM,Reporting,Parked,12.45,False,UC-242,Nishter Town,Zone-45,Tractor Trolley,Nishter Town,True,2026-08-19
60464,LR-2728,LR2728,Lahore,"Tehsil Office, Nishter Town",LWMC-NiTo,Loader Rickshaw,Door To Door Collection,moving,on,32.342,281.21,31.421947,74.444684,19/08/2026 10:57 AM,19/08/2026 11:00 AM,Reporting,Parked,12.05,False,UC-197,Nishter Town,Zone-45,Loader Rickshaw,Nishter Town,True,2026-08-19
61029,LR-0787,LR0787,Lahore,"Tehsil Office, Nishter Town",LWMC-NiTo,Loader Rickshaw,Door To Door Collection,still,off,0.028,0.08,31.368013,74.365308,19/08/2026 05:13 AM,19/08/2026 06:00 AM,Reporting,No Activity Since Yesterday,0.0,True,UC-248,Nishter Town,Zone-49,Loader Rickshaw,Nishter Town,True,2026-08-19
18586,C13-1084,C131084,Lahore,"Tehsil Office, Nishter Town",LWMC-NiTo,Compactor (13CM),Container-Based Collection,still,off,,,31.442534,74.348837,19/08/2026 09:54 AM,19/08/2026 11:00 AM,Reporting,No Activity Since Yesterday,24.75,False,UC-229,Nishter Town,Zone-44,Compactor,Nishter Town,True,2026-08-19
60480,LR-2403,LR2403,Lahore,"Tehsil Office, Nishter Town",LWMC-NiTo,Loader Rickshaw,Door To Door Collection,still,off,11.302,166.56,31.443768,74.472601,19/08/2026 10:58 AM,19/08/2026 11:00 AM,Reporting,Parked,11.69,False,UC-194,Wagha Town,Zone-14,Loader Rickshaw,Nishter Town,False,2026-08-19
60436,LR-2859,LR2859,Lahore,"Tehsil Office, Nishter Town",LWMC-NiTo,Loader Rickshaw,Door To Door Collection,still,off,36.322,274.33,31.321062,74.391292,19/08/2026 10:50 AM,19/08/2026 11:00 AM,Reporting,Parked,11.38,False,UC-253,Nishter Town,Zone-49,Loader Rickshaw,Nishter Town,True,2026-08-19
19878,S-8,S8,Lahore,"Tehsil Office, Nishter Town",LWMC-NiTo,Mini Dumper,Bulk Waste Collection,moving,on,55.17,202.73,31.388766,74.344241,19/08/2026 10:56 AM,19/08/2026 11:00 AM,Reporting,Parked,12.3,False,UC-251,Nishter Town,Zone-47,Mini Dumper,Nishter Town,True,2026-08-19
60301,LR-0415,LR0415,Lahore,"Tehsil Office, Nishter Town",LWMC-NiTo,Loader Rickshaw,Door To Door Collection,still,off,31.473,248.08,31.421832,74.44136,19/08/2026 09:33 AM,19/08/2026 11:00 AM,Reporting,Parked,11.94,False,UC-197,Nishter Town,Zone-45,Loader Rickshaw,Nishter Town,True,2026-08-19
60581,LR-2405,LR2405,Lahore,"Tehsil Office, Nishter Town",LWMC-NiTo,Loader Rickshaw,Door To Door Collection,moving,on,12.693,68.25,31.391899,74.476643,19/08/2026 10:53 AM,19/08/2026 11:00 AM,Reporting,Parked,12.05,False,UC-195,Nishter Town,Zone-49,Loader Rickshaw,Nishter Town,True,2026-08-19
61343,LR-2844,LR2844,Lahore,"Tehsil Office, Nishter Town",LWMC-NiTo,Loader Rickshaw,Door To Door Collection,still,off,11.53,71.7,31.354487,74.396739,19/08/2026 10:47 AM,19/08/2026 11:00 AM,Reporting,Parked,11.08,False,UC-248,Nishter Town,Zone-49,Loader Rickshaw,Nishter Town,True,2026-08-19
61015,LR-2853,LR2853,Lahore,"Tehsil Office, Nishter Town",LWMC-NiTo,Loader Rickshaw,Door To Door Collection,still,off,13.7,235.69,31.388611,74.344982,19/08/2026 10:58 AM,19/08/2026 11:00 AM,Reporting,Excess Idling,11.84,False,UC-244,Nishter Town,Zone-48,Loader Rickshaw,Nishter Town,True,2026-08-19
23143,WR-17,WR17,Lahore,"Tehsil Office, Nishter Town",LWMC-NiTo,Loader Rickshaw,Door To Door Collection,moving,on,12.562,117.41,31.448986,74.311128,19/08/2026 10:08 AM,19/08/2026 11:00 AM,Reporting,Parked,11.84,False,UC-234,Allama Iqbal Town,Zone-39,Washer Rickshaw,Nishter Town,False,2026-08-19
61762,LR-2714,LR2714,Lahore,"Tehsil Office, Nishter Town",LWMC-NiTo,Loader Rickshaw,Door To Door Collection,still,off,20.667,186.06,31.430642,74.323835,19/08/2026 10:28 AM,19/08/2026 11:00 AM,Reporting,Parked,11.13,False,UC-241,Nishter Town,Zone-47,Loader Rickshaw,Nishter Town,True,2026-08-19
60478,LR-2218,LR2218,Lahore,"Tehsil Office, Nishter Town",LWMC-NiTo,Loader Rickshaw,Door To Door Collection,still,off,11.805,55.23,31.463008,74.440699,19/08/2026 10:57 AM,19/08/2026 11:00 AM,Reporting,Parked,11.94,False,UC-194,Wagha Town,Zone-14,Loader Rickshaw,Nishter Town,False,2026-08-19
60292,LR-0414,LR0414,Lahore,"Tehsil Office, Nishter Town",LWMC-NiTo,Loader Rickshaw,Door To Door Collection,moving,on,20.953,54.41,31.388331,74.347305,19/08/2026 10:59 AM,19/08/2026 11:00 AM,Reporting,Parked,11.94,False,UC-244,Nishter Town,Zone-48,Loader Rickshaw,Nishter Town,True,2026-08-19
60473,LR-2399,LR2399,Lahore,"Tehsil Office, Nishter Town",LWMC-NiTo,Loader Rickshaw,Door To Door Collection,moving,on,8.063,38.89,31.458376,74.442772,19/08/2026 10:50 AM,19/08/2026 11:00 AM,Reporting,Parked,11.94,False,UC-194,Wagha Town,Zone-14,Loader Rickshaw,Nishter Town,False,2026-08-19
-,S-392,S392,Lahore,"Tehsil Office, Nishter Town",LWMC-NiTo,-,-,still,off,62.326,187.05,31.269819,74.316559,19/08/2026 10:57 AM,19/08/2026 11:00 AM,Reporting,Parked,11.89,False,UC-268,Allama Iqbal Town,Zone-43,Mini Dumper,Nishter Town,False,2026-08-19
-,LR-412,LR412,Lahore,"Tehsil Office, Nishter Town",LWMC-NiTo,-,-,still,off,32.163,97.23,31.419293,74.435883,19/08/2026 10:57 AM,19/08/2026 11:00 AM,Reporting,Parked,12.76,False,UC-197,Nishter Town,Zone-45,Loader Rickshaw,Nishter Town,True,2026-08-19
61333,LR-3033,LR3033,Lahore,"Tehsil Office, Nishter Town",LWMC-NiTo,Loader Rickshaw,Door To Door Collection,moving,on,29.182,125.21,31.392104,74.357427,19/08/2026 10:58 AM,19/08/2026 11:00 AM,Reporting,Parked,11.49,False,UC-244,Nishter Town,Zone-48,Loader Rickshaw,Nishter Town,True,2026-08-19
60534,LR-0321,LR0321,Lahore,"Tehsil Office, Nishter Town",LWMC-NiTo,Loader Rickshaw,Door To Door Collection,moving,on,10.385,77.31,31.365515,74.37497,19/08/2026 10:59 AM,19/08/2026 11:00 AM,Reporting,Parked,9.39,False,UC-247,Nishter Town,Zone-48,Loader Rickshaw,Nishter Town,True,2026-08-19
19851,M-135,M135,Lahore,"Tehsil Office, Nishter Town",LWMC-NiTo,Mini Dumper,Bulk Waste Collection,moving,on,66.935,173.48,31.309714,74.396483,19/08/2026 10:36 AM,19/08/2026 11:00 AM,Reporting,Moving,14.7,False,UC-253,Nishter Town,Zone-49,Foton-Mini Dumper,Nishter Town,True,2026-08-19
19244,MFL-65,MFL65,Lahore,"Tehsil Office, Nishter Town",LWMC-NiTo,Tractor Loader,Bulk Waste Collection,moving,on,12.088,116.7,31.448108,74.342967,19/08/2026 10:30 AM,19/08/2026 11:00 AM,Reporting,Parked,11.84,False,UC-229,Nishter Town,Zone-44,Loader,Samnabad Town,False,2026-08-19
-,LR-0323,LR0323,Lahore,"Tehsil Office, Nishter Town",LWMC-NiTo,-,-,moving,on,30.884,151.31,31.430153,74.304693,19/08/2026 10:38 AM,19/08/2026 11:00 AM,Reporting,Parked,13.12,False,UC-240,Nishter Town,Zone-46,Loader Rickshaw,Nishter Town,True,2026-08-19
60541,LR-3014,LR3014,Lahore,"Tehsil Office, Nishter Town",LWMC-NiTo,Loader Rickshaw,Door To Door Collection,moving,on,20.671,94.79,31.388283,74.347673,19/08/2026 10:59 AM,19/08/2026 11:00 AM,Reporting,Parked,12.15,False,UC-244,Nishter Town,Zone-48,Loader Rickshaw,Nishter Town,True,2026-08-19
62008,LR-2285,LR2285,Lahore,"Tehsil Office, Nishter Town",LWMC-NiTo,Loader Rickshaw,Door To Door Collection,moving,on,15.522,322.39,31.445732,74.303082,19/08/2026 10:53 AM,19/08/2026 11:00 AM,Reporting,Moving,13.53,False,UC-235,Nishter Town,Zone-46,Loader Rickshaw,Nishter Town,True,2026-08-19
60683,LR-1875,LR1875,Lahore,"Tehsil Office, Nishter Town",LWMC-NiTo,Loader Rickshaw,Door To Door Collection,still,off,12.435,358.23,31.462753,74.345122,19/08/2026 10:57 AM,19/08/2026 11:00 AM,Reporting,Parked,11.54,False,UC-227,Nishter Town,Zone-44,Loader Rickshaw,Nishter Town,True,2026-08-19
61980,LR-2732,LR2732,Lahore,"Tehsil Office, Nishter Town",LWMC-NiTo,Loader Rickshaw,Door To Door Collection,moving,on,13.402,113.91,31.35909,74.52667,19/08/2026 10:16 AM,19/08/2026 10:30 AM,Reporting,Parked,12.2,False,UC-196,Nishter Town,Zone-49,Loader Rickshaw,Nishter Town,True,2026-08-19
60542,LR-2217,LR2217,Lahore,"Tehsil Office, Nishter Town",LWMC-NiTo,Loader Rickshaw,Door To Door Collection,still,off,15.718,186.48,31.458482,74.43078,19/08/2026 11:00 AM,19/08/2026 11:00 AM,Reporting,Parked,14.19,False,,,,Loader Rickshaw,Nishter Town,False,2026-08-19
60472,LR-1368,LR1368,Lahore,"Tehsil Office, Nishter Town",LWMC-NiTo,Loader Rickshaw,Door To Door Collection,still,off,12.666,297.1,31.442808,74.473238,19/08/2026 10:57 AM,19/08/2026 11:00 AM,Reporting,Parked,13.07,False,UC-194,Wagha Town,Zone-14,Loader Rickshaw,Nishter Town,False,2026-08-19
18595,C13-1098,C131098,Lahore,"Tehsil Office, Nishter Town",LWMC-NiTo,Compactor (13CM),Container-Based Collection,moving,on,49.653,286.78,31.449759,74.348956,19/08/2026 10:39 AM,19/08/2026 11:00 AM,Reporting,Parked,24.49,False,UC-228,Nishter Town,Zone-44,Compactor,Nishter Town,True,2026-08-19
19898,S-58,S58,Lahore,"Tehsil Office, Nishter Town",LWMC-NiTo,Mini Dumper,Bulk Waste Collection,still,off,67.354,234.25,31.478636,74.343962,19/08/2026 10:52 AM,19/08/2026 11:00 AM,Reporting,Parked,12.35,False,UC-206,Gulberg Town,Zone-22,Mini Dumper,Nishter Town,False,2026-08-19
-,LR-410,LR410,Lahore,"Tehsil Office, Nishter Town",LWMC-NiTo,-,-,still,off,42.268,143.56,31.421948,74.441615,19/08/2026 10:59 AM,19/08/2026 11:00 AM,Reporting,Parked,12.2,False,UC-197,Nishter Town,Zone-45,Loader Rickshaw,Nishter Town,True,2026-08-19
60384,M-61,M61,Lahore,"Tehsil Office, Nishter Town",LWMC-NiTo,Dumper (5CM),Bulk Waste Collection,moving,on,24.384,101.66,31.364953,74.373521,19/08/2026 10:41 AM,19/08/2026 11:00 AM,Reporting,Parked,14.24,False,UC-247,Nishter Town,Zone-48,Foton-Mini Dumper,Nishter Town,True,2026-08-19
-,LR-2278,LR2278,Lahore,"Tehsil Office, Nishter Town",LWMC-NiTo,-,-,moving,on,20.517,137.01,31.438521,74.362102,19/08/2026 10:36 AM,19/08/2026 11:00 AM,Reporting,Parked,12.4,False,UC-242,Nishter Town,Zone-45,Loader Rickshaw,Nishter Town,True,2026-08-19
61347,LR-2350,LR2350,Lahore,"Tehsil Office, Nishter Town",LWMC-NiTo,Loader Rickshaw,Door To Door Collection,still,off,,,31.449126,74.390933,19/08/2026 09:38 AM,19/08/2026 11:00 AM,Reporting,No Activity Since Yesterday,11.89,False,UC-249,Nishter Town,Zone-45,Loader Rickshaw,Nishter Town,True,2026-08-19
59818,MFT-12,MFT12,Lahore,"Tehsil Office, Nishter Town",LWMC-NiTo,Tractor Trolley,Bulk Waste Collection,moving,on,16.876,95.26,31.390514,74.315643,19/08/2026 10:38 AM,19/08/2026 11:00 AM,Reporting,Parked,12.76,False,,,,Tractor Trolley,Nishter Town,False,2026-08-19
61272,LR-1879,LR1879,Lahore,"Tehsil Office, Nishter Town",LWMC-NiTo,Loader Rickshaw,Door To Door Collection,moving,on,12.901,74.53,31.461706,74.348464,19/08/2026 10:37 AM,19/08/2026 11:00 AM,Reporting,Parked,12.35,False,UC-227,Nishter Town,Zone-44,Loader Rickshaw,Nishter Town,True,2026-08-19
-,LR-0872,LR0872,Lahore,"Tehsil Office, Nishter Town",LWMC-NiTo,-,-,still,off,0.101,0.33,31.455252,74.334508,19/08/2026 09:10 AM,19/08/2026 11:00 AM,Reporting,No Activity Since Yesterday,8.43,False,UC-233,Allama Iqbal Town,Zone-39,Loader Rickshaw,Nishter Town,False,2026-08-19
18469,C05-288,C05288,Lahore,"Tehsil Office, Nishter Town",LWMC-NiTo,Chain Arm Roll,Container-Based Collection,moving,on,125.624,383.46,31.388499,74.345876,19/08/2026 10:57 AM,19/08/2026 11:00 AM,Reporting,Parked,0.0,True,UC-244,Nishter Town,Zone-48,Chain Arm Roll,Nishter Town,True,2026-08-19
20291,WV-06,WV06,Lahore,"Tehsil Office, Nishter Town",LWMC-NiTo,Water Bowzer,Washing,moving,on,62.795,163.15,31.449262,74.311048,19/08/2026 10:27 AM,19/08/2026 11:00 AM,Reporting,Parked,23.93,False,UC-234,Allama Iqbal Town,Zone-39,Water Bowser,Nishter Town,False,2026-08-19
61305,LR-2715,LR2715,Lahore,"Tehsil Office, Nishter Town",LWMC-NiTo,Loader Rickshaw,Door To Door Collection,still,off,18.848,249.98,31.422616,74.372661,19/08/2026 10:58 AM,19/08/2026 11:00 AM,Reporting,Parked,12.15,False,UC-243,Nishter Town,Zone-44,Loader Rickshaw,Nishter Town,True,2026-08-19
19247,L-12,L12,Lahore,"Tehsil Office, Nishter Town",LWMC-NiTo,Loader,Bulk Waste Collection,still,off,2.041,276.39,31.421109,74.329347,19/08/2026 10:58 AM,19/08/2026 11:00 AM,Reporting,Moving,24.13,False,UC-241,Nishter Town,Zone-47,Loader,Nishter Town,True,2026-08-19
60546,LR-2219,LR2219,Lahore,"Tehsil Office, Nishter Town",LWMC-NiTo,Loader Rickshaw,Door To Door Collection,still,off,10.567,221.13,31.461003,74.442452,19/08/2026 10:56 AM,19/08/2026 11:00 AM,Reporting,Parked,11.74,False,UC-194,Wagha Town,Zone-14,Loader Rickshaw,Nishter Town,False,2026-08-19
60512,LR-2723,LR2723,Lahore,"Tehsil Office, Nishter Town",LWMC-NiTo,Loader Rickshaw,Door To Door Collection,moving,on,4.076,363.48,31.450427,74.452981,19/08/2026 10:57 AM,19/08/2026 11:00 AM,Reporting,Parked,11.59,False,UC-194,Wagha Town,Zone-14,Loader Rickshaw,Nishter Town,False,2026-08-19
-,LR-2856,LR2856,Lahore,"Tehsil Office, Nishter Town",LWMC-NiTo,-,-,moving,on,24.149,148.55,31.23791,74.221021,19/08/2026 10:38 AM,19/08/2026 11:00 AM,Reporting,Moving,13.98,False,UC-272,Allama Iqbal Town,Zone-43,Loader Rickshaw,Nishter Town,False,2026-08-19
19892,S-348,S348,Lahore,"Tehsil Office, Nishter Town",LWMC-NiTo,Mini Dumper,Bulk Waste Collection,moving,on,53.377,161.8,31.437553,74.302591,19/08/2026 10:57 AM,19/08/2026 11:00 AM,Reporting,Parked,12.3,False,UC-236,Nishter Town,Zone-46,Mini Dumper,Nishter Town,True,2026-08-19
60283,LR-2727,LR2727,Lahore,"Tehsil Office, Nishter Town",LWMC-NiTo,Loader Rickshaw,Door To Door Collection,still,off,35.696,196.91,31.422657,74.480825,19/08/2026 09:56 AM,19/08/2026 11:00 AM,Reporting,Parked,12.0,False,UC-195,Nishter Town,Zone-49,Loader Rickshaw,Nishter Town,True,2026-08-19
18465,CA-165,CA165,Lahore,"Tehsil Office, Nishter Town",LWMC-NiTo,Chain Arm Roll,Container-Based Collection,still,off,112.754,343.86,31.388749,74.344264,19/08/2026 10:31 AM,19/08/2026 11:00 AM,Reporting,Moving,28.57,False,UC-251,Nishter Town,Zone-47,Chain Arm Roll,Nishter Town,True,2026-08-19
61025,C13-1093,C131093,Lahore,"Tehsil Office, Nishter Town",LWMC-NiTo,Compactor (13CM),Bulk Waste Collection,still,off,30.79,85.79,31.448271,74.305751,19/08/2026 10:58 AM,19/08/2026 11:00 AM,Reporting,Parked,25.97,False,UC-236,Nishter Town,Zone-46,Compactor,Nishter Town,True,2026-08-19
60592,LR-2401,LR2401,Lahore,"Tehsil Office, Nishter Town",LWMC-NiTo,Loader Rickshaw,Door To Door Collection,still,off,13.998,244.01,31.361012,74.52385,19/08/2026 10:58 AM,19/08/2026 11:00 AM,Reporting,Parked,12.05,False,UC-196,Nishter Town,Zone-49,Loader Rickshaw,Nishter Town,True,2026-08-19
60891,D-09,D09,Lahore,"Tehsil Office, Nishter Town",LWMC-NiTo,Dumper (10CM),Bulk Waste Collection,moving,on,36.764,251.91,31.429827,74.322095,19/08/2026 10:57 AM,19/08/2026 11:00 AM,Reporting,Moving,28.52,False,UC-241,Nishter Town,Zone-47,Dumper,Nishter Town,True,2026-08-19
61009,LR-0866,LR0866,Lahore,"Tehsil Office, Nishter Town",LWMC-NiTo,Loader Rickshaw,Door To Door Collection,moving,on,14.768,121.33,31.350263,74.372522,19/08/2026 10:43 AM,19/08/2026 11:00 AM,Reporting,Parked,12.76,False,UC-248,Nishter Town,Zone-49,Loader Rickshaw,Nishter Town,True,2026-08-19
-,LR-913,LR913,Lahore,"Tehsil Office, Nishter Town",LWMC-NiTo,-,-,moving,on,26.759,83.2,31.414579,74.436445,19/08/2026 10:12 AM,19/08/2026 11:00 AM,Reporting,Parked,12.76,False,UC-197,Nishter Town,Zone-45,Loader Rickshaw,Nishter Town,True,2026-08-19
59847,L-10,L10,Lahore,"Tehsil Office, Nishter Town",LWMC-NiTo,Loader,Landfill Site Fleet,still,off,,400.0,31.44951,74.31126,19/08/2026 10:45 AM,19/08/2026 11:00 AM,Reporting,No Activity Since Yesterday,0.0,True,UC-234,Allama Iqbal Town,Zone-39,Loader,Nishter Town,False,2026-08-19
60756,ISA-286,ISA286,Lahore,"Tehsil Office, Nishter Town",LWMC-NiTo,Arm Roll Truck,Bulk Waste Collection,still,off,102.606,355.23,31.4489,74.311464,19/08/2026 10:52 AM,19/08/2026 11:00 AM,Reporting,Parked,25.56,False,UC-234,Allama Iqbal Town,Zone-39,Arm Roll,Nishter Town,False,2026-08-19
-,LR-2687,LR2687,Lahore,"Tehsil Office, Nishter Town",LWMC-NiTo,-,-,still,off,31.536,111.9,31.443566,74.303484,19/08/2026 10:57 AM,19/08/2026 11:00 AM,Reporting,Parked,12.15,False,UC-236,Nishter Town,Zone-46,Loader Rickshaw,Nishter Town,True,2026-08-19
60034,LR-3020,LR3020,Lahore,"Tehsil Office, Nishter Town",LWMC-NiTo,Loader Rickshaw,Door To Door Collection,moving,on,21.809,139.51,31.374983,74.35379,19/08/2026 10:58 AM,19/08/2026 11:00 AM,Reporting,Parked,12.05,False,UC-250,Nishter Town,Zone-48,Loader Rickshaw,Nishter Town,True,2026-08-19
61418,LR-2855,LR2855,Lahore,"Tehsil Office, Nishter Town",LWMC-NiTo,Loader Rickshaw,Door To Door Collection,still,off,0.017,0.05,31.367989,74.364692,19/08/2026 09:41 AM,19/08/2026 11:00 AM,Reporting,No Activity Since Yesterday,11.38,False,UC-248,Nishter Town,Zone-49,Loader Rickshaw,Nishter Town,True,2026-08-19
-,LR-2699,LR2699,Lahore,"Tehsil Office, Nishter Town",LWMC-NiTo,-,-,still,off,22.74,335.03,31.433179,74.303684,19/08/2026 10:58 AM,19/08/2026 11:00 AM,Reporting,Parked,12.1,False,UC-238,Nishter Town,Zone-46,Loader Rickshaw,Nishter Town,True,2026-08-19
60137,WR-0033,WR0033,Lahore,"Tehsil Office, Nishter Town",LWMC-NiTo,Rickshaw Washer,Washing,still,off,14.354,87.28,31.439458,74.356891,19/08/2026 10:57 AM,19/08/2026 11:00 AM,Reporting,Parked,11.69,False,UC-242,Nishter Town,Zone-45,Washer Rickshaw,Nishter Town,True,2026-08-19
60498,LR-2733,LR2733,Lahore,"Tehsil Office, Nishter Town",LWMC-NiTo,Loader Rickshaw,Door To Door Collection,still,off,8.227,205.96,31.454695,74.44344,19/08/2026 10:57 AM,19/08/2026 11:00 AM,Reporting,Parked,12.4,False,UC-194,Wagha Town,Zone-14,Loader Rickshaw,Nishter Town,False,2026-08-19
60553,LR-2400,LR2400,Lahore,"Tehsil Office, Nishter Town",LWMC-NiTo,Loader Rickshaw,Door To Door Collection,moving,on,17.962,125.96,31.374871,74.48645,19/08/2026 10:37 AM,19/08/2026 11:00 AM,Reporting,Parked,11.89,False,UC-196,Nishter Town,Zone-49,Loader Rickshaw,Nishter Town,True,2026-08-19
60852,LR-2862,LR2862,Lahore,"Tehsil Office, Nishter Town",LWMC-NiTo,Loader Rickshaw,Door To Door Collection,still,off,16.245,346.05,31.411664,74.37099,19/08/2026 10:57 AM,19/08/2026 11:00 AM,Reporting,Moving,12.2,False,UC-245,Nishter Town,Zone-48,Loader Rickshaw,Nishter Town,True,2026-08-19
19852,M-109,M109,Lahore,"Tehsil Office, Nishter Town",LWMC-NiTo,Mini Dumper,Bulk Waste Collection,still,off,8.171,56.5,31.478449,74.34398,19/08/2026 09:56 AM,19/08/2026 11:00 AM,Reporting,Parked,12.25,False,UC-206,Gulberg Town,Zone-22,Foton-Mini Dumper,Nishter Town,False,2026-08-19
18466,CA-84,CA84,Lahore,"Tehsil Office, Nishter Town",LWMC-NiTo,Chain Arm Roll,Container-Based Collection,still,off,0.004,0.46,31.478461,74.34397,19/08/2026 08:56 AM,19/08/2026 10:00 AM,Reporting,No Activity Since Yesterday,22.86,False,UC-206,Gulberg Town,Zone-22,Chain Arm Roll,Nishter Town,False,2026-08-19
61379,LR-0179,LR0179,Lahore,"Tehsil Office, Nishter Town",LWMC-NiTo,Loader Rickshaw,Door To Door Collection,moving,on,12.815,57.25,31.443588,74.375831,19/08/2026 10:57 AM,19/08/2026 11:00 AM,Reporting,Parked,11.13,False,UC-231,Nishter Town,Zone-45,Loader Rickshaw,Nishter Town,True,2026-08-19
61183,LR-1355,LR1355,Lahore,"Tehsil Office, Nishter Town",LWMC-NiTo,Loader Rickshaw,Door To Door Collection,still,off,13.433,38.78,31.301462,74.377093,19/08/2026 10:57 AM,19/08/2026 11:00 AM,Reporting,Parked,12.4,False,UC-252,Nishter Town,Zone-49,Loader Rickshaw,Nishter Town,True,2026-08-19
-,S-371,S371,Lahore,"Tehsil Office, Nishter Town",LWMC-NiTo,-,-,still,off,52.718,199.21,31.335993,74.253257,19/08/2026 10:58 AM,19/08/2026 11:00 AM,Reporting,Parked,11.79,False,UC-270,Nishter Town,Zone-47,Mini Dumper,Nishter Town,True,2026-08-19
60277,LR-3015,LR3015,Lahore,"Tehsil Office, Nishter Town",LWMC-NiTo,Loader Rickshaw,Door To Door Collection,moving,on,21.406,181.26,31.388617,74.344991,19/08/2026 10:49 AM,19/08/2026 11:00 AM,Reporting,Parked,12.86,False,UC-244,Nishter Town,Zone-48,Loader Rickshaw,Nishter Town,True,2026-08-19
60597,LR-2398,LR2398,Lahore,"Tehsil Office, Nishter Town",LWMC-NiTo,Loader Rickshaw,Door To Door Collection,moving,on,13.719,169.44,31.360997,74.523822,19/08/2026 10:18 AM,19/08/2026 11:00 AM,Reporting,Parked,12.25,False,UC-196,Nishter Town,Zone-49,Loader Rickshaw,Nishter Town,True,2026-08-19
61006,LR-791,LR791,Lahore,"Tehsil Office, Nishter Town",LWMC-NiTo,Loader Rickshaw,Door To Door Collection,moving,on,19.863,67.36,31.367778,74.365081,19/08/2026 09:53 AM,19/08/2026 11:00 AM,Reporting,Parked,12.81,False,UC-248,Nishter Town,Zone-49,,Nishter Town,True,2026-08-19
19873,M-104,M104,Lahore,"Tehsil Office, Nishter Town",LWMC-NiTo,Mini Dumper,Bulk Waste Collection,moving,on,21.114,241.56,31.438757,74.359654,19/08/2026 10:58 AM,19/08/2026 11:00 AM,Reporting,Moving,14.44,False,UC-242,Nishter Town,Zone-45,Foton-Mini Dumper,Nishter Town,True,2026-08-19
19870,M-79,M79,Lahore,"Tehsil Office, Nishter Town",LWMC-NiTo,Mini Dumper,Bulk Waste Collection,still,off,39.869,126.58,31.281613,74.359871,19/08/2026 10:57 AM,19/08/2026 11:00 AM,Reporting,Parked,12.51,False,UC-252,Nishter Town,Zone-49,Foton-Mini Dumper,Nishter Town,True,2026-08-19
-,LR-0106,LR0106,Lahore,"Tehsil Office, Nishter Town",LWMC-NiTo,-,-,moving,on,26.943,152.9,31.388618,74.344925,19/08/2026 10:24 AM,19/08/2026 11:00 AM,Reporting,Parked,11.94,False,UC-244,Nishter Town,Zone-48,Loader Rickshaw,Nishter Town,True,2026-08-19
-,LR-910,LR910,Lahore,"Tehsil Office, Nishter Town",LWMC-NiTo,-,-,still,off,,,31.427831,74.478125,19/08/2026 09:51 AM,19/08/2026 11:00 AM,Reporting,No Activity Since Yesterday,11.84,False,UC-195,Nishter Town,Zone-49,Loader Rickshaw,Nishter Town,True,2026-08-19
60556,LR-2406,LR2406,Lahore,"Tehsil Office, Nishter Town",LWMC-NiTo,Loader Rickshaw,Door To Door Collection,still,off,11.761,158.05,31.374886,74.486359,19/08/2026 10:58 AM,19/08/2026 11:00 AM,Reporting,Parked,12.86,False,UC-196,Nishter Town,Zone-49,Loader Rickshaw,Nishter Town,True,2026-08-19
61369,LR-2691,LR2691,Lahore,"Tehsil Office, Nishter Town",LWMC-NiTo,Loader Rickshaw,Door To Door Collection,still,off,14.039,304.73,31.452943,74.345755,19/08/2026 10:58 AM,19/08/2026 11:00 AM,Reporting,Parked,12.25,False,UC-228,Nishter Town,Zone-44,Loader Rickshaw,Nishter Town,True,2026-08-19
18677,C-726,C726,Lahore,"Tehsil Office, Nishter Town",LWMC-NiTo,Compactor (7CM),Container-Based Collection,moving,on,55.569,267.16,31.442193,74.346971,19/08/2026 10:59 AM,19/08/2026 11:00 AM,Reporting,Parked,25.66,False,UC-229,Nishter Town,Zone-44,Compactor,Nishter Town,True,2026-08-19
-,LR-1754,LR1754,Lahore,"Tehsil Office, Nishter Town",LWMC-NiTo,-,-,still,off,6.853,20.58,31.437736,74.374103,19/08/2026 09:50 AM,19/08/2026 11:00 AM,Reporting,Parked,11.33,False,UC-231,Nishter Town,Zone-45,Loader Rickshaw,Nishter Town,True,2026-08-19
60575,LR-2220,LR2220,Lahore,"Tehsil Office, Nishter Town",LWMC-NiTo,Loader Rickshaw,Door To Door Collection,moving,on,26.256,135.3,31.361792,74.411593,19/08/2026 10:58 AM,19/08/2026 11:00 AM,Reporting,Parked,12.05,False,UC-197,Nishter Town,Zone-45,Loader Rickshaw,Nishter Town,True,2026-08-19
19854,S-48,S48,Lahore,"Tehsil Office, Nishter Town",LWMC-NiTo,Mini Dumper,Bulk Waste Collection,moving,on,49.371,178.05,31.435828,74.314071,19/08/2026 10:59 AM,19/08/2026 11:00 AM,Reporting,Parked,12.4,False,UC-233,Allama Iqbal Town,Zone-39,Mini Dumper,Nishter Town,False,2026-08-19
60126,LR-0912,LR0912,Lahore,"Tehsil Office, Nishter Town",LWMC-NiTo,Loader Rickshaw,Door To Door Collection,moving,on,26.114,140.76,31.391511,74.411844,19/08/2026 10:37 AM,19/08/2026 11:00 AM,Reporting,Parked,11.84,False,UC-197,Nishter Town,Zone-45,Loader Rickshaw,Nishter Town,True,2026-08-19
18675,C-736,C736,Lahore,"Tehsil Office, Nishter Town",LWMC-NiTo,Compactor (7CM),Container-Based Collection,still,off,99.261,322.5,31.406221,74.34852,19/08/2026 10:58 AM,19/08/2026 11:00 AM,Reporting,Parked,27.91,False,UC-244,Nishter Town,Zone-48,Compactor,Nishter Town,True,2026-08-19
61746,LR-2702,LR2702,Lahore,"Tehsil Office, Nishter Town",LWMC-NiTo,Loader Rickshaw,Door To Door Collection,still,off,32.135,325.83,31.427224,74.359202,19/08/2026 10:57 AM,19/08/2026 11:00 AM,Reporting,Parked,11.89,False,UC-243,Nishter Town,Zone-44,Loader Rickshaw,Nishter Town,True,2026-08-19
-,LR-409,LR409,Lahore,"Tehsil Office, Nishter Town",LWMC-NiTo,-,-,moving,on,31.173,230.81,31.421999,74.442233,19/08/2026 10:57 AM,19/08/2026 11:00 AM,Reporting,Parked,12.81,False,UC-197,Nishter Town,Zone-45,Loader Rickshaw,Nishter Town,True,2026-08-19
60568,LR-1887,LR1887,Lahore,"Tehsil Office, Nishter Town",LWMC-NiTo,Loader Rickshaw,Door To Door Collection,moving,on,21.931,89.04,31.360933,74.523864,19/08/2026 10:18 AM,19/08/2026 11:00 AM,Reporting,Parked,11.84,False,UC-196,Nishter Town,Zone-49,Loader Rickshaw,Nishter Town,True,2026-08-19
61017,LR-0783,LR0783,Lahore,"Tehsil Office, Nishter Town",LWMC-NiTo,Loader Rickshaw,Door To Door Collection,moving,on,20.454,127.95,31.387737,74.345026,19/08/2026 10:47 AM,19/08/2026 11:00 AM,Reporting,Parked,11.43,False,UC-244,Nishter Town,Zone-48,Loader Rickshaw,Nishter Town,True,2026-08-19
-,LR-413,LR413,Lahore,"Tehsil Office, Nishter Town",LWMC-NiTo,-,-,still,off,9.577,49.46,31.437357,74.498084,19/08/2026 10:58 AM,19/08/2026 11:00 AM,Reporting,Parked,12.61,False,UC-195,Nishter Town,Zone-49,Loader Rickshaw,Nishter Town,True,2026-08-19
60455,LR-2697,LR2697,Lahore,"Tehsil Office, Nishter Town",LWMC-NiTo,Loader Rickshaw,Door To Door Collection,moving,on,42.807,247.91,31.41068,74.391253,19/08/2026 10:58 AM,19/08/2026 11:00 AM,Reporting,Parked,12.05,False,UC-254,Nishter Town,Zone-45,Loader Rickshaw,Nishter Town,True,2026-08-19
59984,LR-0118,LR0118,Lahore,"Tehsil Office, Nishter Town",LWMC-NiTo,Loader Rickshaw,Door To Door Collection,moving,on,20.891,233.38,31.409251,74.373282,19/08/2026 10:58 AM,19/08/2026 11:00 AM,Reporting,Parked,11.33,False,UC-245,Nishter Town,Zone-48,Loader Rickshaw,Nishter Town,True,2026-08-19
-,LR-2195,LR2195,Lahore,"Tehsil Office, Nishter Town",LWMC-NiTo,-,-,moving,on,34.965,141.73,31.420207,74.304273,19/08/2026 10:51 AM,19/08/2026 11:00 AM,Reporting,Excess Idling,13.53,False,UC-240,Nishter Town,Zone-46,Loader Rickshaw,Nishter Town,True,2026-08-19
61300,LR-2355,LR2355,Lahore,"Tehsil Office, Nishter Town",LWMC-NiTo,Loader Rickshaw,Door To Door Collection,still,off,23.977,525.58,31.433867,74.360536,19/08/2026 11:00 AM,19/08/2026 11:00 AM,Reporting,Excess Idling,12.45,False,UC-242,Nishter Town,Zone-45,Loader Rickshaw,Nishter Town,True,2026-08-19
59758,LR-2485,LR2485,Lahore,"Tehsil Office, Allama Iqbal Town",LWMC-AlIT,Loader Rickshaw,Door To Door Collection,moving,on,20.593,104.25,31.289131,74.062241,19/08/2026 10:23 AM,19/08/2026 11:00 AM,Reporting,Parked,12.71,False,UC-265,Allama Iqbal Town,Zone-42,Loader Rickshaw,Allama Iqbal Town,True,2026-08-19
59823,LR-2023,LR2023,Lahore,"Tehsil Office, Allama Iqbal Town",LWMC-AlIT,Loader Rickshaw,Door To Door Collection,still,off,0.008,,31.314141,74.076344,19/08/2026 09:41 AM,19/08/2026 11:00 AM,Reporting,No Activity Since Yesterday,9.04,False,UC-263,Allama Iqbal Town,Zone-42,Loader Rickshaw,Allama Iqbal Town,True,2026-08-19
60270,LR-2367,LR2367,Lahore,"Tehsil Office, Allama Iqbal Town",LWMC-AlIT,Loader Rickshaw,Door To Door Collection,still,off,,,31.27594,74.253343,19/08/2026 09:37 AM,19/08/2026 11:00 AM,Reporting,No Activity Since Yesterday,12.4,False,UC-268,Allama Iqbal Town,Zone-43,Loader Rickshaw,Allama Iqbal Town,True,2026-08-19
-,WR-0042,WR0042,Lahore,"Tehsil Office, Allama Iqbal Town",LWMC-AlIT,-,-,still,off,16.119,383.68,31.518607,74.278249,19/08/2026 10:58 AM,19/08/2026 11:00 AM,Reporting,Parked,11.89,False,UC-97,Allama Iqbal Town,Zone-37,Washer Rickshaw,Allama Iqbal Town,True,2026-08-19
19667,S-49,S49,Lahore,"Tehsil Office, Allama Iqbal Town",LWMC-AlIT,Mini Dumper,Bulk Waste Collection,still,off,,,31.464873,74.224802,19/08/2026 09:44 AM,19/08/2026 11:00 AM,Reporting,Moving,12.91,False,UC-117,Allama Iqbal Town,Zone-41,Mini Dumper,Allama Iqbal Town,True,2026-08-19
60396,LR-0477,LR0477,Lahore,"Tehsil Office, Allama Iqbal Town",LWMC-AlIT,Loader Rickshaw,Door To Door Collection,moving,on,22.01,243.5,31.273992,74.197863,19/08/2026 10:59 AM,19/08/2026 11:00 AM,Reporting,Parked,12.1,False,UC-273,Allama Iqbal Town,Zone-43,Loader Rickshaw,Allama Iqbal Town,True,2026-08-19
22851,LR-0444,LR0444,Lahore,"Tehsil Office, Allama Iqbal Town",LWMC-AlIT,Loader Rickshaw,Door To Door Collection,still,off,31.818,164.76,31.448774,74.252268,19/08/2026 10:58 AM,19/08/2026 11:00 AM,Reporting,Parked,11.64,False,UC-256,Allama Iqbal Town,Zone-40,Loader Rickshaw,Allama Iqbal Town,True,2026-08-19
59815,LR-1739,LR1739,Lahore,"Tehsil Office, Allama Iqbal Town",LWMC-AlIT,Loader Rickshaw,Door To Door Collection,still,off,25.015,195.44,31.510294,74.255176,19/08/2026 10:58 AM,19/08/2026 11:00 AM,Reporting,Parked,10.16,False,UC-106,Allama Iqbal Town,Zone-38,Loader Rickshaw,Allama Iqbal Town,True,2026-08-19
22875,LR-0478,LR0478,Lahore,"Tehsil Office, Allama Iqbal Town",LWMC-AlIT,Loader Rickshaw,Door To Door Collection,moving,on,35.244,335.83,31.45822,74.265011,19/08/2026 10:58 AM,19/08/2026 11:00 AM,Reporting,Parked,12.71,False,UC-115,Allama Iqbal Town,Zone-40,Loader Rickshaw,Allama Iqbal Town,True,2026-08-19
60288,LR-1544,LR1544,Lahore,"Tehsil Office, Allama Iqbal Town",LWMC-AlIT,Loader Rickshaw,Door To Door Collection,still,off,,,31.275996,74.253189,19/08/2026 09:57 AM,19/08/2026 11:00 AM,Reporting,No Activity Since Yesterday,11.89,False,UC-268,Allama Iqbal Town,Zone-43,Loader Rickshaw,Allama Iqbal Town,True,2026-08-19
59904,LR-2624,LR2624,Lahore,"Tehsil Office, Allama Iqbal Town",LWMC-AlIT,Loader Rickshaw,Door To Door Collection,moving,on,44.492,169.59,31.464745,74.224853,19/08/2026 10:52 AM,19/08/2026 11:00 AM,Reporting,Parked,11.54,False,UC-117,Allama Iqbal Town,Zone-41,Loader Rickshaw,Allama Iqbal Town,True,2026-08-19
18657,C-714,C714,Lahore,"Tehsil Office, Allama Iqbal Town",LWMC-AlIT,Compactor (7CM),Container-Based Collection,moving,on,67.922,329.73,31.477428,74.221369,19/08/2026 10:57 AM,19/08/2026 11:00 AM,Reporting,Parked,25.92,False,UC-117,Allama Iqbal Town,Zone-41,Compactor,Allama Iqbal Town,True,2026-08-19
-,WR-0048,WR0048,Lahore,"Tehsil Office, Allama Iqbal Town",LWMC-AlIT,-,-,still,off,9.544,41.03,31.467908,74.231203,19/08/2026 09:51 AM,19/08/2026 11:00 AM,Reporting,Parked,12.1,False,UC-110,Allama Iqbal Town,Zone-41,,Allama Iqbal Town,True,2026-08-19
60423,LR-2416,LR2416,Lahore,"Tehsil Office, Allama Iqbal Town",LWMC-AlIT,Loader Rickshaw,Door To Door Collection,moving,on,20.409,145.75,31.358044,74.145318,19/08/2026 10:44 AM,19/08/2026 11:00 AM,Not Reporting,Parked,0.0,True,UC-261,Allama Iqbal Town,Zone-41,Loader Rickshaw,Allama Iqbal Town,True,2026-08-19
60268,LR-2365,LR2365,Lahore,"Tehsil Office, Allama Iqbal Town",LWMC-AlIT,Loader Rickshaw,Door To Door Collection,moving,on,,,31.276047,74.253367,19/08/2026 10:02 AM,19/08/2026 11:00 AM,Reporting,No Activity Since Yesterday,10.11,False,UC-268,Allama Iqbal Town,Zone-43,Loader Rickshaw,Allama Iqbal Town,True,2026-08-19
60500,S-57,S57,Lahore,"Tehsil Office, Allama Iqbal Town",LWMC-AlIT,Mini Dumper,Bulk Waste Collection,still,off,57.009,220.4,31.326328,74.289946,19/08/2026 10:48 AM,19/08/2026 11:00 AM,Reporting,Parked,12.3,False,UC-271,Nishter Town,Zone-47,Mini Dumper,Allama Iqbal Town,False,2026-08-19
19699,S-121,S121,Lahore,"Tehsil Office, Allama Iqbal Town",LWMC-AlIT,Mini Dumper,Bulk Waste Collection,moving,on,46.569,143.5,31.279151,74.195283,19/08/2026 10:58 AM,19/08/2026 11:00 AM,Reporting,Parked,12.15,False,UC-272,Allama Iqbal Town,Zone-43,Mini Dumper,Allama Iqbal Town,True,2026-08-19
19662,S-263,S263,Lahore,"Tehsil Office, Allama Iqbal Town",LWMC-AlIT,Mini Dumper,Bulk Waste Collection,moving,on,31.587,165.03,31.484785,74.255409,19/08/2026 10:58 AM,19/08/2026 11:00 AM,Reporting,Parked,14.29,False,UC-113,Allama Iqbal Town,Zone-40,Mini Dumper,Allama Iqbal Town,True,2026-08-19
60064,LR-2170,LR2170,Lahore,"Tehsil Office, Allama Iqbal Town",LWMC-AlIT,Loader Rickshaw,Door To Door Collection,still,off,27.605,115.15,31.410181,74.206382,19/08/2026 10:53 AM,19/08/2026 11:00 AM,Reporting,Parked,7.15,False,UC-269,Nishter Town,Zone-47,Loader Rickshaw,Allama Iqbal Town,False,2026-08-19
19674,M-54,M54,Lahore,"Tehsil Office, Allama Iqbal Town",LWMC-AlIT,Mini Dumper,Bulk Waste Collection,moving,on,67.36,142.94,31.354131,74.127666,19/08/2026 10:58 AM,19/08/2026 11:00 AM,Reporting,Parked,13.32,False,UC-262,Allama Iqbal Town,Zone-42,Foton-Mini Dumper,Allama Iqbal Town,True,2026-08-19
18378,HA-36,HA36,Lahore,"Tehsil Office, Allama Iqbal Town",LWMC-AlIT,Arm Roll Truck,Container-Based Collection,moving,on,117.013,347.88,31.321517,74.097615,19/08/2026 10:58 AM,19/08/2026 11:00 AM,Reporting,Parked,24.95,False,UC-266,Allama Iqbal Town,Zone-42,Arm Roll,Allama Iqbal Town,True,2026-08-19
19673,M-19,M19,Lahore,"Tehsil Office, Allama Iqbal Town",LWMC-AlIT,Mini Dumper,Bulk Waste Collection,moving,on,76.524,230.28,31.397176,74.229885,19/08/2026 10:59 AM,19/08/2026 11:00 AM,Reporting,Parked,12.51,False,UC-269,Nishter Town,Zone-47,Foton-Mini Dumper,Allama Iqbal Town,False,2026-08-19
19695,M-8,M8,Lahore,"Tehsil Office, Allama Iqbal Town",LWMC-AlIT,Mini Dumper,Bulk Waste Collection,moving,on,42.071,165.81,31.470141,74.24439,19/08/2026 10:59 AM,19/08/2026 11:00 AM,Reporting,Parked,12.86,False,UC-113,Allama Iqbal Town,Zone-40,Foton-Mini Dumper,Allama Iqbal Town,True,2026-08-19
-,SD-09,SD09,Lahore,"Tehsil Office, Allama Iqbal Town",LWMC-AlIT,-,-,moving,on,29.364,100.06,31.564335,74.305528,19/08/2026 10:58 AM,19/08/2026 11:00 AM,Reporting,Moving,27.86,False,UC-61,DGBT,Zone-25,Dumper,Rajgarh Circle-1,False,2026-08-19
60381,LR-1517,LR1517,Lahore,"Tehsil Office, Allama Iqbal Town",LWMC-AlIT,Loader Rickshaw,Door To Door Collection,moving,on,23.815,242.86,31.290548,74.188537,19/08/2026 10:59 AM,19/08/2026 11:00 AM,Reporting,Parked,12.45,False,UC-267,Allama Iqbal Town,Zone-43,Loader Rickshaw,Allama Iqbal Town,True,2026-08-19
19024,MFL-64,MFL64,Lahore,"Tehsil Office, Allama Iqbal Town",LWMC-AlIT,Loader,Bulk Waste Collection,still,off,11.634,295.33,31.475549,74.22756,19/08/2026 10:58 AM,19/08/2026 11:00 AM,Reporting,Parked,12.86,False,UC-110,Allama Iqbal Town,Zone-41,Loader,Allama Iqbal Town,True,2026-08-19
60389,LR-0052,LR0052,Lahore,"Tehsil Office, Allama Iqbal Town",LWMC-AlIT,Loader Rickshaw,Door To Door Collection,moving,on,42.219,359.81,31.222945,74.167993,19/08/2026 10:59 AM,19/08/2026 11:00 AM,Reporting,Parked,12.15,False,,,,Loader Rickshaw,Allama Iqbal Town,False,2026-08-19
18442,CA-160,CA160,Lahore,"Tehsil Office, Allama Iqbal Town",LWMC-AlIT,Chain Arm Roll,Container-Based Collection,moving,on,155.272,253.0,31.426164,74.17551,19/08/2026 10:58 AM,19/08/2026 11:00 AM,Reporting,Parked,25.26,False,UC-259,Allama Iqbal Town,Zone-41,Chain Arm Roll,Allama Iqbal Town,True,2026-08-19
61472,D-34,D34,Lahore,"Tehsil Office, Allama Iqbal Town",LWMC-AlIT,Dumper (20CM),Bulk Waste Collection,still,off,0.807,54.11,31.465297,74.225497,19/08/2026 09:50 AM,19/08/2026 11:00 AM,Reporting,No Activity Since Yesterday,0.0,True,UC-117,Allama Iqbal Town,Zone-41,Dumper,Allama Iqbal Town,True,2026-08-19
60260,LR-2409,LR2409,Lahore,"Tehsil Office, Allama Iqbal Town",LWMC-AlIT,Loader Rickshaw,Door To Door Collection,still,off,33.325,114.34,31.303374,74.219001,19/08/2026 10:55 AM,19/08/2026 11:00 AM,Reporting,Parked,11.79,False,UC-268,Allama Iqbal Town,Zone-43,Loader Rickshaw,Allama Iqbal Town,True,2026-08-19
-,LR-1662,LR1662,Lahore,"Tehsil Office, Allama Iqbal Town",LWMC-AlIT,-,-,still,off,14.616,99.25,31.559417,74.372937,19/08/2026 10:47 AM,19/08/2026 11:00 AM,Reporting,Parked,11.69,False,UC-187,Aziz Bhatti Town,Zone-18,Loader Rickshaw,Aziz Bhatti Town,True,2026-08-19
59830,LR-1984,LR1984,Lahore,"Tehsil Office, Allama Iqbal Town",LWMC-AlIT,Loader Rickshaw,Door To Door Collection,moving,on,36.256,331.61,31.453001,74.312943,19/08/2026 10:58 AM,19/08/2026 11:00 AM,Reporting,Parked,12.35,False,UC-234,Allama Iqbal Town,Zone-39,Loader Rickshaw,Allama Iqbal Town,True,2026-08-19
60315,LR-1084,LR1084,Lahore,"Tehsil Office, Allama Iqbal Town",LWMC-AlIT,Loader Rickshaw,Door To Door Collection,still,off,,,31.321554,74.184352,19/08/2026 09:37 AM,19/08/2026 11:00 AM,Reporting,No Activity Since Yesterday,11.69,False,UC-267,Allama Iqbal Town,Zone-43,Loader Rickshaw,Allama Iqbal Town,True,2026-08-19
18447,CA-112,CA112,Lahore,"Tehsil Office, Allama Iqbal Town",LWMC-AlIT,Chain Arm Roll,Container-Based Collection,moving,on,146.908,363.93,31.454797,74.213079,19/08/2026 10:58 AM,19/08/2026 11:00 AM,Reporting,Moving,28.37,False,UC-117,Allama Iqbal Town,Zone-41,Chain Arm Roll,Allama Iqbal Town,True,2026-08-19
59648,LR-2413,LR2413,Lahore,"Tehsil Office, Allama Iqbal Town",LWMC-AlIT,Loader Rickshaw,Door To Door Collection,still,off,22.064,327.83,31.326587,74.103737,19/08/2026 10:57 AM,19/08/2026 11:00 AM,Reporting,Parked,13.02,False,UC-262,Allama Iqbal Town,Zone-42,Loader Rickshaw,Allama Iqbal Town,True,2026-08-19
18520,C-1342,C1342,Lahore,"Tehsil Office, Allama Iqbal Town",LWMC-AlIT,Compactor (13CM),Container-Based Collection,moving,on,36.947,248.51,31.519453,74.257647,19/08/2026 10:59 AM,19/08/2026 11:00 AM,Reporting,Moving,27.4,False,UC-103,Allama Iqbal Town,Zone-38,Compactor,Allama Iqbal Town,True,2026-08-19
-,LR-2980,LR2980,Lahore,"Tehsil Office, Allama Iqbal Town",LWMC-AlIT,-,-,still,off,9.308,77.78,31.367162,74.375272,19/08/2026 10:41 AM,19/08/2026 11:00 AM,Reporting,Parked,12.56,False,UC-247,Nishter Town,Zone-48,,Allama Iqbal Town,False,2026-08-19
59868,LR-2490,LR2490,Lahore,"Tehsil Office, Allama Iqbal Town",LWMC-AlIT,Loader Rickshaw,Door To Door Collection,still,off,,,31.314199,74.076416,19/08/2026 09:46 AM,19/08/2026 11:00 AM,Reporting,No Activity Since Yesterday,11.69,False,UC-263,Allama Iqbal Town,Zone-42,Loader Rickshaw,Allama Iqbal Town,True,2026-08-19
60328,LR-2411,LR2411,Lahore,"Tehsil Office, Allama Iqbal Town",LWMC-AlIT,Loader Rickshaw,Door To Door Collection,still,off,22.776,358.55,31.239554,74.214307,19/08/2026 10:58 AM,19/08/2026 11:00 AM,Reporting,Parked,12.05,False,UC-272,Allama Iqbal Town,Zone-43,Loader Rickshaw,Allama Iqbal Town,True,2026-08-19
19649,M-11,M11,Lahore,"Tehsil Office, Allama Iqbal Town",LWMC-AlIT,Mini Dumper,Bulk Waste Collection,still,off,32.486,249.75,31.46362,74.22487,19/08/2026 10:59 AM,19/08/2026 11:00 AM,Reporting,Parked,12.71,False,UC-117,Allama Iqbal Town,Zone-41,Foton-Mini Dumper,Allama Iqbal Town,True,2026-08-19
60318,LR-0474,LR0474,Lahore,"Tehsil Office, Allama Iqbal Town",LWMC-AlIT,Loader Rickshaw,Door To Door Collection,still,off,20.842,255.44,31.245119,74.214732,19/08/2026 10:57 AM,19/08/2026 11:00 AM,Reporting,Parked,12.81,False,UC-273,Allama Iqbal Town,Zone-43,Loader Rickshaw,Allama Iqbal Town,True,2026-08-19
22957,LR-1006,LR1006,Lahore,"Tehsil Office, Allama Iqbal Town",LWMC-AlIT,Loader Rickshaw,Door To Door Collection,moving,on,19.707,113.78,31.490298,74.262444,19/08/2026 10:55 AM,19/08/2026 11:00 AM,Reporting,Parked,12.05,False,UC-112,Allama Iqbal Town,Zone-38,Loader Rickshaw,Allama Iqbal Town,True,2026-08-19
59819,LR-2366,LR2366,Lahore,"Tehsil Office, Allama Iqbal Town",LWMC-AlIT,Loader Rickshaw,Door To Door Collection,still,off,0.008,2.03,31.432088,74.17712,19/08/2026 09:56 AM,19/08/2026 11:00 AM,Reporting,No Activity Since Yesterday,11.28,False,UC-258,Allama Iqbal Town,Zone-41,Loader Rickshaw,Allama Iqbal Town,True,2026-08-19
60427,LR-2489,LR2489,Lahore,"Tehsil Office, Allama Iqbal Town",LWMC-AlIT,Loader Rickshaw,Door To Door Collection,moving,on,35.337,506.88,31.336295,74.083923,19/08/2026 10:53 AM,19/08/2026 11:00 AM,Reporting,Parked,9.75,False,UC-263,Allama Iqbal Town,Zone-42,Loader Rickshaw,Allama Iqbal Town,True,2026-08-19
60281,LR-2363,LR2363,Lahore,"Tehsil Office, Allama Iqbal Town",LWMC-AlIT,Loader Rickshaw,Door To Door Collection,still,off,,,31.275952,74.253352,19/08/2026 09:35 AM,19/08/2026 11:00 AM,Reporting,No Activity Since Yesterday,9.65,False,UC-268,Allama Iqbal Town,Zone-43,Loader Rickshaw,Allama Iqbal Town,True,2026-08-19
59920,LR-2634,LR2634,Lahore,"Tehsil Office, Allama Iqbal Town",LWMC-AlIT,Loader Rickshaw,Door To Door Collection,still,off,16.2,369.76,31.478597,74.292807,19/08/2026 10:58 AM,19/08/2026 11:00 AM,Reporting,Parked,11.69,False,UC-220,Allama Iqbal Town,Zone-39,Loader Rickshaw,Allama Iqbal Town,True,2026-08-19
18439,CA-114,CA114,Lahore,"Tehsil Office, Allama Iqbal Town",LWMC-AlIT,Chain Arm Roll,Container-Based Collection,moving,on,110.3,305.38,31.475516,74.227588,19/08/2026 10:59 AM,19/08/2026 11:00 AM,Reporting,Idle,28.26,False,UC-110,Allama Iqbal Town,Zone-41,Chain Arm Roll,Allama Iqbal Town,True,2026-08-19
19677,M-92,M92,Lahore,"Tehsil Office, Allama Iqbal Town",LWMC-AlIT,Mini Dumper,Bulk Waste Collection,moving,on,51.06,222.09,31.475265,74.227738,19/08/2026 10:58 AM,19/08/2026 11:00 AM,Reporting,Parked,12.51,False,UC-110,Allama Iqbal Town,Zone-41,Foton-Mini Dumper,Allama Iqbal Town,True,2026-08-19
19711,S-151,S151,Lahore,"Tehsil Office, Allama Iqbal Town",LWMC-AlIT,Mini Dumper,Bulk Waste Collection,moving,on,27.126,130.91,31.490936,74.261946,19/08/2026 10:58 AM,19/08/2026 11:00 AM,Reporting,Parked,14.29,False,UC-112,Allama Iqbal Town,Zone-38,Mini Dumper,Allama Iqbal Town,True,2026-08-19
61157,D-35,D35,Lahore,"Tehsil Office, Allama Iqbal Town",LWMC-AlIT,Dumper (20CM),Bulk Waste Collection,still,off,100.097,302.3,31.389863,74.27554,19/08/2026 10:58 AM,19/08/2026 11:00 AM,Reporting,Moving,28.37,False,UC-257,Allama Iqbal Town,Zone-40,Dumper,Allama Iqbal Town,True,2026-08-19
19704,M-90,M90,Lahore,"Tehsil Office, Allama Iqbal Town",LWMC-AlIT,Mini Dumper,Bulk Waste Collection,moving,on,52.283,251.51,31.475027,74.229841,19/08/2026 10:58 AM,19/08/2026 11:00 AM,Reporting,Parked,11.79,False,UC-110,Allama Iqbal Town,Zone-41,Foton-Mini Dumper,Allama Iqbal Town,True,2026-08-19
22879,LR-0522,LR0522,Lahore,"Tehsil Office, Allama Iqbal Town",LWMC-AlIT,Loader Rickshaw,Door To Door Collection,still,off,0.018,1.71,31.465207,74.225419,19/08/2026 09:38 AM,19/08/2026 11:00 AM,Reporting,No Activity Since Yesterday,11.43,False,UC-117,Allama Iqbal Town,Zone-41,Loader Rickshaw,Allama Iqbal Town,True,2026-08-19
22876,LR-0516,LR0516,Lahore,"Tehsil Office, Allama Iqbal Town",LWMC-AlIT,Loader Rickshaw,Door To Door Collection,moving,on,19.863,226.4,31.531474,74.266286,19/08/2026 10:57 AM,19/08/2026 11:00 AM,Reporting,Parked,11.64,False,UC-101,Allama Iqbal Town,Zone-37,Loader Rickshaw,Allama Iqbal Town,True,2026-08-19
60329,LR-1745,LR1745,Lahore,"Tehsil Office, Allama Iqbal Town",LWMC-AlIT,Loader Rickshaw,Door To Door Collection,still,off,16.613,57.14,31.335741,74.253118,19/08/2026 10:58 AM,19/08/2026 11:00 AM,Reporting,Parked,12.25,False,UC-270,Nishter Town,Zone-47,Loader Rickshaw,Allama Iqbal Town,False,2026-08-19
59975,S-362,S362,Lahore,"Tehsil Office, Allama Iqbal Town",LWMC-AlIT,Mini Dumper,Bulk Waste Collection,moving,on,64.925,178.73,31.346916,74.206593,19/08/2026 10:57 AM,19/08/2026 11:00 AM,Reporting,Parked,14.19,False,UC-270,Nishter Town,Zone-47,Mini Dumper,Nishter Town,True,2026-08-19
59346,LR-2012,LR2012,Lahore,"Tehsil Office, Allama Iqbal Town",LWMC-AlIT,Loader Rickshaw,Door To Door Collection,still,off,21.933,325.71,31.356814,74.124791,19/08/2026 10:58 AM,19/08/2026 11:00 AM,Reporting,Parked,12.76,False,UC-262,Allama Iqbal Town,Zone-42,Loader Rickshaw,Allama Iqbal Town,True,2026-08-19
59239,LR-2368,LR2368,Lahore,"Tehsil Office, Allama Iqbal Town",LWMC-AlIT,Loader Rickshaw,Door To Door Collection,still,off,41.208,335.43,31.275903,74.252908,19/08/2026 10:57 AM,19/08/2026 11:00 AM,Reporting,Parked,12.71,False,UC-268,Allama Iqbal Town,Zone-43,Loader Rickshaw,Allama Iqbal Town,True,2026-08-19
59568,SD-11,SD11,Lahore,"Tehsil Office, Allama Iqbal Town",LWMC-AlIT,Dumper (10CM),Bulk Waste Collection,moving,on,84.817,244.31,31.385393,74.147799,19/08/2026 10:58 AM,19/08/2026 11:00 AM,Reporting,Moving,28.16,False,,,,Dumper,Allama Iqbal Town,False,2026-08-19
19675,M-32,M32,Lahore,"Tehsil Office, Allama Iqbal Town",LWMC-AlIT,Mini Dumper,Bulk Waste Collection,moving,on,46.473,216.75,31.469534,74.303681,19/08/2026 10:57 AM,19/08/2026 11:00 AM,Reporting,Parked,13.02,False,UC-222,Allama Iqbal Town,Zone-39,Foton-Mini Dumper,Allama Iqbal Town,True,2026-08-19
60390,LR-1108,LR1108,Lahore,"Tehsil Office, Allama Iqbal Town",LWMC-AlIT,Loader Rickshaw,Door To Door Collection,still,off,,,31.27597,74.252851,19/08/2026 09:48 AM,19/08/2026 11:00 AM,Reporting,No Activity Since Yesterday,12.05,False,UC-268,Allama Iqbal Town,Zone-43,Loader Rickshaw,Allama Iqbal Town,True,2026-08-19
19025,TLD-01,TLD01,Lahore,"Tehsil Office, Allama Iqbal Town",LWMC-AlIT,Loader,Bulk Waste Collection,still,off,10.002,179.91,31.44022,74.162651,19/08/2026 09:55 AM,19/08/2026 11:00 AM,Reporting,Parked,7.05,False,,,,Loader,Allama Iqbal Town,False,2026-08-19
60147,LR-2167,LR2167,Lahore,"Tehsil Office, Allama Iqbal Town",LWMC-AlIT,Loader Rickshaw,Door To Door Collection,moving,on,24.769,114.43,31.403911,74.191504,19/08/2026 10:45 AM,19/08/2026 11:00 AM,Reporting,Excess Idling,12.1,False,UC-259,Allama Iqbal Town,Zone-41,Loader Rickshaw,Allama Iqbal Town,True,2026-08-19
60365,LR-0053,LR0053,Lahore,"Tehsil Office, Allama Iqbal Town",LWMC-AlIT,Loader Rickshaw,Door To Door Collection,moving,on,45.158,339.43,31.255707,74.182728,19/08/2026 11:00 AM,19/08/2026 11:00 AM,Reporting,Parked,12.0,False,UC-273,Allama Iqbal Town,Zone-43,Loader Rickshaw,Allama Iqbal Town,True,2026-08-19
60091,LR-2935,LR2935,Lahore,"Tehsil Office, Allama Iqbal Town",LWMC-AlIT,Loader Rickshaw,Door To Door Collection,still,off,,,31.465116,74.226011,19/08/2026 09:46 AM,19/08/2026 11:00 AM,Reporting,No Activity Since Yesterday,12.45,False,UC-117,Allama Iqbal Town,Zone-41,,Allama Iqbal Town,True,2026-08-19
59291,LR-2026,LR2026,Lahore,"Tehsil Office, Allama Iqbal Town",LWMC-AlIT,Loader Rickshaw,Door To Door Collection,moving,on,26.225,323.66,31.264617,74.224481,19/08/2026 10:58 AM,19/08/2026 11:00 AM,Reporting,Parked,13.07,False,UC-268,Allama Iqbal Town,Zone-43,Loader Rickshaw,Allama Iqbal Town,True,2026-08-19
-,S-351,S351,Lahore,"Tehsil Office, Allama Iqbal Town",LWMC-AlIT,-,-,moving,on,25.578,135.78,31.56586,74.369806,19/08/2026 10:52 AM,19/08/2026 11:00 AM,Reporting,Moving,11.94,False,UC-120,Gulberg Town,Zone-19,Mini Dumper,Gulberg Town,True,2026-08-19
-,LR-2970,LR2970,Lahore,"Tehsil Office, Allama Iqbal Town",LWMC-AlIT,-,-,moving,on,16.964,105.03,31.354382,74.380629,19/08/2026 10:57 AM,19/08/2026 11:00 AM,Reporting,Parked,13.17,False,UC-248,Nishter Town,Zone-49,,Allama Iqbal Town,False,2026-08-19
60140,LR-2765,LR2765,Lahore,"Tehsil Office, Allama Iqbal Town",LWMC-AlIT,Loader Rickshaw,Door To Door Collection,moving,on,13.803,83.36,31.419069,74.220867,19/08/2026 10:55 AM,19/08/2026 11:00 AM,Reporting,Parked,12.71,False,UC-269,Nishter Town,Zone-47,Loader Rickshaw,Allama Iqbal Town,False,2026-08-19
59935,LR-2642,LR2642,Lahore,"Tehsil Office, Allama Iqbal Town",LWMC-AlIT,Loader Rickshaw,Door To Door Collection,moving,on,31.434,216.8,31.479455,74.289176,19/08/2026 10:59 AM,19/08/2026 11:00 AM,Reporting,Parked,11.69,False,UC-220,Allama Iqbal Town,Zone-39,Loader Rickshaw,Allama Iqbal Town,True,2026-08-19
22881,LR-0524,LR0524,Lahore,"Tehsil Office, Allama Iqbal Town",LWMC-AlIT,Loader Rickshaw,Door To Door Collection,still,off,27.579,264.5,31.463579,74.307248,19/08/2026 10:58 AM,19/08/2026 11:00 AM,Reporting,Parked,9.45,False,UC-232,Allama Iqbal Town,Zone-39,Loader Rickshaw,Allama Iqbal Town,True,2026-08-19
60173,LR-2992,LR2992,Lahore,"Tehsil Office, Allama Iqbal Town",LWMC-AlIT,Loader Rickshaw,Door To Door Collection,still,off,16.841,209.61,31.538418,74.259071,19/08/2026 10:58 AM,19/08/2026 11:00 AM,Reporting,Parked,11.79,False,UC-101,Allama Iqbal Town,Zone-37,,Allama Iqbal Town,True,2026-08-19
22935,LR-0840,LR0840,Lahore,"Tehsil Office, Allama Iqbal Town",LWMC-AlIT,Loader Rickshaw,Door To Door Collection,still,off,18.638,267.01,31.479966,74.290911,19/08/2026 10:55 AM,19/08/2026 11:00 AM,Reporting,Moving,13.88,False,UC-220,Allama Iqbal Town,Zone-39,Loader Rickshaw,Allama Iqbal Town,True,2026-08-19
59581,MFL-93,MFL93,Lahore,"Tehsil Office, Allama Iqbal Town",LWMC-AlIT,Tractor Loader,Bulk Waste Collection,still,off,4.533,20.35,31.331357,74.111814,19/08/2026 10:58 AM,19/08/2026 11:00 AM,Reporting,Parked,13.78,False,UC-262,Allama Iqbal Town,Zone-42,Loader,Allama Iqbal Town,True,2026-08-19
60079,LR-2929,LR2929,Lahore,"Tehsil Office, Allama Iqbal Town",LWMC-AlIT,Loader Rickshaw,Door To Door Collection,moving,on,20.126,71.65,31.468972,74.240241,19/08/2026 10:55 AM,19/08/2026 11:00 AM,Reporting,Parked,12.66,False,UC-110,Allama Iqbal Town,Zone-41,,Allama Iqbal Town,True,2026-08-19
22859,LR-0452,LR0452,Lahore,"Tehsil Office, Allama Iqbal Town",LWMC-AlIT,Loader Rickshaw,Door To Door Collection,moving,on,44.186,257.83,31.478807,74.216587,19/08/2026 10:59 AM,19/08/2026 11:00 AM,Reporting,Parked,11.54,False,UC-117,Allama Iqbal Town,Zone-41,Loader Rickshaw,Allama Iqbal Town,True,2026-08-19
59944,LR-2647,LR2647,Lahore,"Tehsil Office, Allama Iqbal Town",LWMC-AlIT,Loader Rickshaw,Door To Door Collection,still,off,36.337,311.68,31.463649,74.309502,19/08/2026 10:58 AM,19/08/2026 11:00 AM,Reporting,Parked,12.56,False,UC-232,Allama Iqbal Town,Zone-39,Loader Rickshaw,Allama Iqbal Town,True,2026-08-19
19719,S-175,S175,Lahore,"Tehsil Office, Allama Iqbal Town",LWMC-AlIT,Mini Dumper,Bulk Waste Collection,still,off,33.048,145.19,31.463077,74.310744,19/08/2026 10:56 AM,19/08/2026 11:00 AM,Reporting,Parked,14.24,False,UC-232,Allama Iqbal Town,Zone-39,Mini Dumper,Allama Iqbal Town,True,2026-08-19
61483,LEG-1482,LEG1482,Lahore,"Tehsil Office, Allama Iqbal Town",LWMC-AlIT,Tractor Trolley,Bulk Waste Collection,moving,on,36.651,190.58,31.474543,74.255928,19/08/2026 10:57 AM,19/08/2026 11:00 AM,Reporting,Parked,12.3,False,UC-113,Allama Iqbal Town,Zone-40,Loader,Samnabad Town,False,2026-08-19
59604,LR-2015,LR2015,Lahore,"Tehsil Office, Allama Iqbal Town",LWMC-AlIT,Loader Rickshaw,Door To Door Collection,still,off,41.35,316.81,31.363181,74.105047,19/08/2026 10:59 AM,19/08/2026 11:00 AM,Reporting,Parked,12.61,False,UC-262,Allama Iqbal Town,Zone-42,Loader Rickshaw,Allama Iqbal Town,True,2026-08-19
19639,S-55,S55,Lahore,"Tehsil Office, Allama Iqbal Town",LWMC-AlIT,Mini Dumper,Bulk Waste Collection,moving,on,37.553,176.66,31.467141,74.25148,19/08/2026 11:00 AM,19/08/2026 11:00 AM,Reporting,Moving,12.56,False,UC-114,Allama Iqbal Town,Zone-40,Mini Dumper,Allama Iqbal Town,True,2026-08-19
19706,S-134,S134,Lahore,"Tehsil Office, Allama Iqbal Town",LWMC-AlIT,Mini Dumper,Bulk Waste Collection,moving,on,77.924,283.69,31.353562,74.237107,19/08/2026 10:56 AM,19/08/2026 11:00 AM,Reporting,Parked,11.18,False,UC-271,Nishter Town,Zone-47,Mini Dumper,Allama Iqbal Town,False,2026-08-19
61163,SD-10,SD10,Lahore,"Tehsil Office, Allama Iqbal Town",LWMC-AlIT,Dumper (20CM),Bulk Waste Collection,moving,on,84.244,223.44,31.389552,74.275548,19/08/2026 10:51 AM,19/08/2026 11:00 AM,Reporting,Moving,28.37,False,UC-257,Allama Iqbal Town,Zone-40,Dumper,Ravi Town,False,2026-08-19
-,LR-3107,LR3107,Lahore,"Tehsil Office, Allama Iqbal Town",LWMC-AlIT,-,-,moving,on,17.278,99.54,31.346952,74.376327,19/08/2026 10:53 AM,19/08/2026 11:00 AM,Reporting,Parked,13.12,False,UC-253,Nishter Town,Zone-49,,Allama Iqbal Town,False,2026-08-19
60103,LR-2007,LR2007,Lahore,"Tehsil Office, Allama Iqbal Town",LWMC-AlIT,Loader Rickshaw,Door To Door Collection,moving,on,37.736,164.01,31.400617,74.167416,19/08/2026 10:59 AM,19/08/2026 11:00 AM,Reporting,Parked,12.2,False,UC-260,Allama Iqbal Town,Zone-41,Loader Rickshaw,Allama Iqbal Town,True,2026-08-19
22862,LR-0465,LR0465,Lahore,"Tehsil Office, Allama Iqbal Town",LWMC-AlIT,Loader Rickshaw,Door To Door Collection,still,off,27.059,85.28,31.247236,74.212323,19/08/2026 10:58 AM,19/08/2026 11:00 AM,Reporting,Parked,12.2,False,UC-273,Allama Iqbal Town,Zone-43,Loader Rickshaw,Allama Iqbal Town,True,2026-08-19
59653,LR-2487,LR2487,Lahore,"Tehsil Office, Allama Iqbal Town",LWMC-AlIT,Loader Rickshaw,Door To Door Collection,still,off,48.39,343.25,31.26656,74.101682,19/08/2026 10:58 AM,19/08/2026 11:00 AM,Reporting,Parked,12.2,False,UC-266,Allama Iqbal Town,Zone-42,Loader Rickshaw,Allama Iqbal Town,True,2026-08-19
59986,LR-2750,LR2750,Lahore,"Tehsil Office, Allama Iqbal Town",LWMC-AlIT,Loader Rickshaw,Door To Door Collection,moving,on,21.58,252.75,31.533979,74.267366,19/08/2026 10:57 AM,19/08/2026 11:00 AM,Reporting,Parked,11.89,False,UC-101,Allama Iqbal Town,Zone-37,Loader Rickshaw,Allama Iqbal Town,True,2026-08-19
59841,LR-2028,LR2028,Lahore,"Tehsil Office, Allama Iqbal Town",LWMC-AlIT,Loader Rickshaw,Door To Door Collection,moving,on,19.572,117.04,31.534076,74.267307,19/08/2026 10:56 AM,19/08/2026 11:00 AM,Reporting,Parked,13.02,False,UC-101,Allama Iqbal Town,Zone-37,Loader Rickshaw,Allama Iqbal Town,True,2026-08-19
59863,LR-2060,LR2060,Lahore,"Tehsil Office, Allama Iqbal Town",LWMC-AlIT,Loader Rickshaw,Door To Door Collection,moving,on,25.137,191.21,31.521071,74.270293,19/08/2026 10:58 AM,19/08/2026 11:00 AM,Reporting,Parked,11.54,False,UC-98,Allama Iqbal Town,Zone-37,Loader Rickshaw,Allama Iqbal Town,True,2026-08-19
59810,LR-1732,LR1732,Lahore,"Tehsil Office, Allama Iqbal Town",LWMC-AlIT,Loader Rickshaw,Door To Door Collection,still,off,0.093,15.9,31.465211,74.225302,19/08/2026 09:59 AM,19/08/2026 11:00 AM,Reporting,No Activity Since Yesterday,11.59,False,UC-117,Allama Iqbal Town,Zone-41,Loader Rickshaw,Allama Iqbal Town,True,2026-08-19
22794,LR-0174,LR0174,Lahore,"Tehsil Office, Allama Iqbal Town",LWMC-AlIT,Loader Rickshaw,Door To Door Collection,still,off,0.009,6.46,31.465163,74.225977,19/08/2026 09:55 AM,19/08/2026 11:00 AM,Reporting,No Activity Since Yesterday,11.69,False,UC-117,Allama Iqbal Town,Zone-41,Loader Rickshaw,Allama Iqbal Town,True,2026-08-19
-,C25-080,C25080,Lahore,"Tehsil Office, Allama Iqbal Town",LWMC-AlIT,-,-,moving,on,115.904,331.64,31.477962,74.219544,19/08/2026 10:58 AM,19/08/2026 11:00 AM,Reporting,Parked,24.64,False,UC-117,Allama Iqbal Town,Zone-41,Compactor,Allama Iqbal Town,True,2026-08-19
60362,LR-0059,LR0059,Lahore,"Tehsil Office, Allama Iqbal Town",LWMC-AlIT,Loader Rickshaw,Door To Door Collection,moving,on,27.077,328.85,31.264203,74.220739,19/08/2026 10:59 AM,19/08/2026 11:00 AM,Reporting,Parked,12.61,False,UC-272,Allama Iqbal Town,Zone-43,Loader Rickshaw,Allama Iqbal Town,True,2026-08-19
59978,LR-2017,LR2017,Lahore,"Tehsil Office, Allama Iqbal Town",LWMC-AlIT,Loader Rickshaw,Door To Door Collection,still,off,34.731,341.85,31.314071,74.076231,19/08/2026 10:58 AM,19/08/2026 11:00 AM,Reporting,Parked,14.49,False,UC-263,Allama Iqbal Town,Zone-42,Loader Rickshaw,Allama Iqbal Town,True,2026-08-19
22768,LR-0051,LR0051,Lahore,"Tehsil Office, Allama Iqbal Town",LWMC-AlIT,Loader Rickshaw,Door To Door Collection,still,off,45.29,301.86,31.233534,74.210473,19/08/2026 10:57 AM,19/08/2026 11:00 AM,Reporting,Parked,12.76,False,UC-272,Allama Iqbal Town,Zone-43,Loader Rickshaw,Allama Iqbal Town,True,2026-08-19
-,MF-88,MF88,Lahore,"Tehsil Office, Allama Iqbal Town",LWMC-AlIT,-,-,moving,on,18.593,193.8,31.367133,74.231087,19/08/2026 10:55 AM,19/08/2026 11:00 AM,Reporting,Parked,9.75,False,UC-269,Nishter Town,Zone-47,,Allama Iqbal Town,False,2026-08-19
59923,LR-2635,LR2635,Lahore,"Tehsil Office, Allama Iqbal Town",LWMC-AlIT,Loader Rickshaw,Door To Door Collection,moving,on,19.013,163.91,31.482803,74.2915,19/08/2026 11:00 AM,19/08/2026 11:00 AM,Reporting,Parked,11.94,False,UC-220,Allama Iqbal Town,Zone-39,Loader Rickshaw,Allama Iqbal Town,True,2026-08-19
60364,LR-0057,LR0057,Lahore,"Tehsil Office, Allama Iqbal Town",LWMC-AlIT,Loader Rickshaw,Door To Door Collection,moving,on,43.912,322.63,31.220824,74.169498,19/08/2026 10:57 AM,19/08/2026 11:00 AM,Reporting,Parked,11.43,False,,,,Loader Rickshaw,Allama Iqbal Town,False,2026-08-19
19658,S-281,S281,Lahore,"Tehsil Office, Allama Iqbal Town",LWMC-AlIT,Mini Dumper,Bulk Waste Collection,still,off,49.302,117.36,31.326889,74.200381,19/08/2026 10:42 AM,19/08/2026 11:00 AM,Reporting,Parked,11.84,False,UC-267,Allama Iqbal Town,Zone-43,Mini Dumper,Allama Iqbal Town,True,2026-08-19
60067,LR-2920,LR2920,Lahore,"Tehsil Office, Allama Iqbal Town",LWMC-AlIT,Loader Rickshaw,Door To Door Collection,still,off,16.757,216.15,31.468527,74.280806,19/08/2026 10:56 AM,19/08/2026 11:00 AM,Reporting,Parked,12.3,False,UC-221,Allama Iqbal Town,Zone-39,,Allama Iqbal Town,True,2026-08-19
61644,MFL-91,MFL91,Lahore,"Tehsil Office, Allama Iqbal Town",LWMC-AlIT,Loader,Bulk Waste Collection,still,off,,,31.463251,74.225044,19/08/2026 09:49 AM,19/08/2026 11:00 AM,Reporting,No Activity Since Yesterday,12.91,False,UC-117,Allama Iqbal Town,Zone-41,Loader,Allama Iqbal Town,True,2026-08-19
18523,C-1302,C1302,Lahore,"Tehsil Office, Allama Iqbal Town",LWMC-AlIT,Compactor (13CM),Container-Based Collection,still,off,50.83,327.89,31.399807,74.224245,19/08/2026 10:53 AM,19/08/2026 11:00 AM,Reporting,Moving,0.0,True,UC-269,Nishter Town,Zone-47,Compactor,Allama Iqbal Town,False,2026-08-19
19661,M-14,M14,Lahore,"Tehsil Office, Allama Iqbal Town",LWMC-AlIT,Mini Dumper,Bulk Waste Collection,still,off,45.657,162.5,31.454365,74.212671,19/08/2026 10:58 AM,19/08/2026 11:00 AM,Reporting,Parked,12.76,False,UC-117,Allama Iqbal Town,Zone-41,Foton-Mini Dumper,Allama Iqbal Town,True,2026-08-19
60179,LR-2486,LR2486,Lahore,"Tehsil Office, Allama Iqbal Town",LWMC-AlIT,Loader Rickshaw,Door To Door Collection,moving,on,15.357,304.5,31.40017,74.182372,19/08/2026 10:57 AM,19/08/2026 11:00 AM,Reporting,Parked,10.87,False,UC-259,Allama Iqbal Town,Zone-41,Loader Rickshaw,Allama Iqbal Town,True,2026-08-19
59811,LR-1733,LR1733,Lahore,"Tehsil Office, Allama Iqbal Town",LWMC-AlIT,Loader Rickshaw,Door To Door Collection,still,off,28.375,555.93,31.502657,74.262407,19/08/2026 10:46 AM,19/08/2026 11:00 AM,Reporting,Parked,14.39,False,UC-105,Allama Iqbal Town,Zone-38,Loader Rickshaw,Allama Iqbal Town,True,2026-08-19
22950,LR-0918,LR0918,Lahore,"Tehsil Office, Allama Iqbal Town",LWMC-AlIT,Loader Rickshaw,Door To Door Collection,moving,on,20.158,360.44,31.400079,74.168891,19/08/2026 10:58 AM,19/08/2026 11:00 AM,Reporting,Parked,11.54,False,UC-260,Allama Iqbal Town,Zone-41,Loader Rickshaw,Allama Iqbal Town,True,2026-08-19
59256,LR-2364,LR2364,Lahore,"Tehsil Office, Allama Iqbal Town",LWMC-AlIT,Loader Rickshaw,Door To Door Collection,still,off,43.324,342.3,31.275361,74.252786,19/08/2026 10:59 AM,19/08/2026 11:00 AM,Reporting,Parked,11.64,False,UC-268,Allama Iqbal Town,Zone-43,Loader Rickshaw,Allama Iqbal Town,True,2026-08-19
60089,LR-2934,LR2934,Lahore,"Tehsil Office, Allama Iqbal Town",LWMC-AlIT,Loader Rickshaw,Door To Door Collection,still,off,19.281,171.01,31.474292,74.260974,19/08/2026 10:27 AM,19/08/2026 11:00 AM,Reporting,Parked,12.51,False,UC-114,Allama Iqbal Town,Zone-40,,Allama Iqbal Town,True,2026-08-19
22787,LR-0050,LR0050,Lahore,"Tehsil Office, Allama Iqbal Town",LWMC-AlIT,Loader Rickshaw,Door To Door Collection,still,off,31.893,318.08,31.519919,74.259361,19/08/2026 10:59 AM,19/08/2026 11:00 AM,Reporting,Moving,11.54,False,UC-103,Allama Iqbal Town,Zone-38,Loader Rickshaw,Allama Iqbal Town,True,2026-08-19
60068,LR-2921,LR2921,Lahore,"Tehsil Office, Allama Iqbal Town",LWMC-AlIT,Loader Rickshaw,Door To Door Collection,moving,on,28.975,170.91,31.463434,74.310669,19/08/2026 10:27 AM,19/08/2026 11:00 AM,Reporting,Parked,12.25,False,UC-232,Allama Iqbal Town,Zone-39,,Allama Iqbal Town,True,2026-08-19
60319,LR-2412,LR2412,Lahore,"Tehsil Office, Allama Iqbal Town",LWMC-AlIT,Loader Rickshaw,Door To Door Collection,still,off,33.537,341.39,31.303544,74.219068,19/08/2026 10:56 AM,19/08/2026 11:00 AM,Reporting,Parked,11.79,False,UC-268,Allama Iqbal Town,Zone-43,Loader Rickshaw,Allama Iqbal Town,True,2026-08-19
-,WR-0016,WR0016,Lahore,"Tehsil Office, Allama Iqbal Town",LWMC-AlIT,-,-,still,off,7.714,31.71,31.467892,74.231186,19/08/2026 09:39 AM,19/08/2026 11:00 AM,Reporting,Parked,11.63,False,UC-110,Allama Iqbal Town,Zone-41,Loader Rickshaw,Allama Iqbal Town,True,2026-08-19
60149,LR-2976,LR2976,Lahore,"Tehsil Office, Allama Iqbal Town",LWMC-AlIT,Loader Rickshaw,Door To Door Collection,moving,on,31.559,129.88,31.45504,74.206508,19/08/2026 10:56 AM,19/08/2026 11:00 AM,Reporting,Parked,11.94,False,UC-117,Allama Iqbal Town,Zone-41,,Allama Iqbal Town,True,2026-08-19
59956,LR-2016,LR2016,Lahore,"Tehsil Office, Allama Iqbal Town",LWMC-AlIT,Loader Rickshaw,Door To Door Collection,still,off,,,31.314207,74.076389,19/08/2026 09:32 AM,19/08/2026 11:00 AM,Reporting,No Activity Since Yesterday,12.15,False,UC-263,Allama Iqbal Town,Zone-42,Loader Rickshaw,Allama Iqbal Town,True,2026-08-19
61868,MFL-95,MFL95,Lahore,"Tehsil Office, Allama Iqbal Town",LWMC-AlIT,Tractor Loader,Bulk Waste Collection,still,off,9.86,42.85,31.526633,74.267551,19/08/2026 10:58 AM,19/08/2026 11:00 AM,Reporting,Parked,12.56,False,UC-102,Allama Iqbal Town,Zone-37,Loader,Allama Iqbal Town,True,2026-08-19
60135,LR-1375,LR1375,Lahore,"Tehsil Office, Allama Iqbal Town",LWMC-AlIT,Loader Rickshaw,Door To Door Collection,still,off,,,31.432017,74.177079,19/08/2026 09:42 AM,19/08/2026 11:00 AM,Reporting,No Activity Since Yesterday,12.45,False,UC-258,Allama Iqbal Town,Zone-41,Loader Rickshaw,Allama Iqbal Town,True,2026-08-19
18448,CA-80,CA80,Lahore,"Tehsil Office, Allama Iqbal Town",LWMC-AlIT,Chain Arm Roll,Container-Based Collection,still,off,115.83,331.6,31.477157,74.222255,19/08/2026 10:58 AM,19/08/2026 11:00 AM,Reporting,Parked,29.08,False,UC-117,Allama Iqbal Town,Zone-41,Chain Arm Roll,Allama Iqbal Town,True,2026-08-19
19698,S-196,S196,Lahore,"Tehsil Office, Allama Iqbal Town",LWMC-AlIT,Mini Dumper,Bulk Waste Collection,still,off,26.904,133.43,31.510509,74.266596,19/08/2026 10:54 AM,19/08/2026 11:00 AM,Reporting,Parked,12.0,False,UC-106,Allama Iqbal Town,Zone-38,Mini Dumper,Allama Iqbal Town,True,2026-08-19
60187,LR-2417,LR2417,Lahore,"Tehsil Office, Allama Iqbal Town",LWMC-AlIT,Loader Rickshaw,Door To Door Collection,moving,on,58.749,358.44,31.388954,74.244102,19/08/2026 10:59 AM,19/08/2026 11:00 AM,Reporting,Parked,12.4,False,UC-269,Nishter Town,Zone-47,Loader Rickshaw,Allama Iqbal Town,False,2026-08-19
59250,LR-2370,LR2370,Lahore,"Tehsil Office, Allama Iqbal Town",LWMC-AlIT,Loader Rickshaw,Door To Door Collection,moving,on,27.665,258.89,31.244211,74.214082,19/08/2026 11:00 AM,19/08/2026 11:00 AM,Reporting,Parked,12.2,False,UC-273,Allama Iqbal Town,Zone-43,Loader Rickshaw,Allama Iqbal Town,True,2026-08-19
19654,M-5,M5,Lahore,"Tehsil Office, Allama Iqbal Town",LWMC-AlIT,Mini Dumper,Bulk Waste Collection,moving,on,45.356,199.88,31.475567,74.227698,19/08/2026 10:58 AM,19/08/2026 11:00 AM,Reporting,Parked,13.12,False,UC-110,Allama Iqbal Town,Zone-41,Foton-Mini Dumper,Allama Iqbal Town,True,2026-08-19
22809,LR-0235,LR0235,Lahore,"Tehsil Office, Allama Iqbal Town",LWMC-AlIT,Loader Rickshaw,Door To Door Collection,moving,on,31.667,167.93,31.475678,74.227517,19/08/2026 10:55 AM,19/08/2026 11:00 AM,Reporting,Parked,12.45,False,UC-110,Allama Iqbal Town,Zone-41,Loader Rickshaw,Allama Iqbal Town,True,2026-08-19
19687,M-52,M52,Lahore,"Tehsil Office, Allama Iqbal Town",LWMC-AlIT,Mini Dumper,Bulk Waste Collection,still,off,40.385,208.61,31.463317,74.225056,19/08/2026 10:49 AM,19/08/2026 11:00 AM,Reporting,Parked,12.76,False,UC-117,Allama Iqbal Town,Zone-41,Foton-Mini Dumper,Allama Iqbal Town,True,2026-08-19
19676,M-56,M56,Lahore,"Tehsil Office, Allama Iqbal Town",LWMC-AlIT,Mini Dumper,Bulk Waste Collection,still,off,91.919,227.33,31.335568,74.253133,19/08/2026 10:08 AM,19/08/2026 10:30 AM,Reporting,Parked,12.61,False,UC-270,Nishter Town,Zone-47,Foton-Mini Dumper,Allama Iqbal Town,False,2026-08-19
20287,WB-04,WB04,Lahore,"Tehsil Office, Allama Iqbal Town",LWMC-AlIT,Water Bowzer,Washing,still,off,65.446,228.69,31.326641,74.265359,19/08/2026 10:14 AM,19/08/2026 11:00 AM,Reporting,Parked,24.24,False,UC-271,Nishter Town,Zone-47,Water Bowser,Allama Iqbal Town,False,2026-08-19
60039,LR-2907,LR2907,Lahore,"Tehsil Office, Allama Iqbal Town",LWMC-AlIT,Loader Rickshaw,Door To Door Collection,moving,on,21.098,163.69,31.457206,74.280352,19/08/2026 10:59 AM,19/08/2026 11:00 AM,Reporting,Parked,12.25,False,UC-115,Allama Iqbal Town,Zone-40,,Allama Iqbal Town,True,2026-08-19
60331,LR-1743,LR1743,Lahore,"Tehsil Office, Allama Iqbal Town",LWMC-AlIT,Loader Rickshaw,Door To Door Collection,moving,on,16.324,335.23,31.339634,74.238822,19/08/2026 10:59 AM,19/08/2026 11:00 AM,Reporting,Excess Idling,12.2,False,UC-270,Nishter Town,Zone-47,Loader Rickshaw,Allama Iqbal Town,False,2026-08-19
19697,S-285,S285,Lahore,"Tehsil Office, Allama Iqbal Town",LWMC-AlIT,Mini Dumper,Bulk Waste Collection,moving,on,75.151,313.19,31.251138,74.191111,19/08/2026 10:59 AM,19/08/2026 11:00 AM,Reporting,Parked,12.34,False,UC-273,Allama Iqbal Town,Zone-43,Mini Dumper,Allama Iqbal Town,True,2026-08-19
60314,LR-1518,LR1518,Lahore,"Tehsil Office, Allama Iqbal Town",LWMC-AlIT,Loader Rickshaw,Door To Door Collection,still,off,17.763,554.61,31.272109,74.173074,19/08/2026 10:26 AM,19/08/2026 11:00 AM,Reporting,Parked,11.94,False,UC-267,Allama Iqbal Town,Zone-43,Loader Rickshaw,Allama Iqbal Town,True,2026-08-19
23018,LR-1167,LR1167,Lahore,"Tehsil Office, Allama Iqbal Town",LWMC-AlIT,Loader Rickshaw,Door To Door Collection,moving,on,34.891,340.68,31.308921,74.076295,19/08/2026 10:59 AM,19/08/2026 11:00 AM,Reporting,Parked,12.05,False,UC-265,Allama Iqbal Town,Zone-42,Loader Rickshaw,Allama Iqbal Town,True,2026-08-19
-,LR-2974,LR2974,Lahore,"Tehsil Office, Allama Iqbal Town",LWMC-AlIT,-,-,still,off,,,31.532267,74.360729,19/08/2026 09:42 AM,19/08/2026 11:00 AM,Reporting,Parked,10.36,False,UC-200,Gulberg Town,Zone-20,,Allama Iqbal Town,False,2026-08-19
60160,LR-2984,LR2984,Lahore,"Tehsil Office, Allama Iqbal Town",LWMC-AlIT,Loader Rickshaw,Door To Door Collection,moving,on,21.553,127.09,31.479908,74.213328,19/08/2026 10:54 AM,19/08/2026 11:00 AM,Reporting,Parked,11.84,False,,,,,Allama Iqbal Town,False,2026-08-19
60323,LR-1027,LR1027,Lahore,"Tehsil Office, Allama Iqbal Town",LWMC-AlIT,Loader Rickshaw,Door To Door Collection,moving,on,39.651,144.75,31.335645,74.242768,19/08/2026 10:07 AM,19/08/2026 10:30 AM,Reporting,Parked,11.89,False,UC-270,Nishter Town,Zone-47,Loader Rickshaw,Allama Iqbal Town,False,2026-08-19
60175,LR-2995,LR2995,Lahore,"Tehsil Office, Allama Iqbal Town",LWMC-AlIT,Loader Rickshaw,Door To Door Collection,still,off,0.002,0.18,31.465183,74.224901,19/08/2026 09:39 AM,19/08/2026 11:00 AM,Reporting,No Activity Since Yesterday,12.66,False,UC-117,Allama Iqbal Town,Zone-41,,Allama Iqbal Town,True,2026-08-19
59791,LR-1719,LR1719,Lahore,"Tehsil Office, Allama Iqbal Town",LWMC-AlIT,Loader Rickshaw,Door To Door Collection,still,off,,,31.465185,74.225833,19/08/2026 10:14 AM,19/08/2026 11:00 AM,Reporting,No Activity Since Yesterday,11.13,False,UC-117,Allama Iqbal Town,Zone-41,Loader Rickshaw,Allama Iqbal Town,True,2026-08-19
19651,S-205,S205,Lahore,"Tehsil Office, Allama Iqbal Town",LWMC-AlIT,Mini Dumper,Bulk Waste Collection,moving,on,43.63,550.1,31.455552,74.214242,19/08/2026 10:58 AM,19/08/2026 11:00 AM,Reporting,Moving,13.47,False,UC-117,Allama Iqbal Town,Zone-41,Mini Dumper,Allama Iqbal Town,True,2026-08-19
19707,M-53,M53,Lahore,"Tehsil Office, Allama Iqbal Town",LWMC-AlIT,Mini Dumper,Bulk Waste Collection,moving,on,53.617,288.14,31.311234,74.161288,19/08/2026 10:54 AM,19/08/2026 11:00 AM,Reporting,Parked,13.58,False,UC-264,Allama Iqbal Town,Zone-42,Foton-Mini Dumper,Allama Iqbal Town,True,2026-08-19
59362,LR-2488,LR2488,Lahore,"Tehsil Office, Allama Iqbal Town",LWMC-AlIT,Loader Rickshaw,Door To Door Collection,moving,on,26.197,91.18,31.303144,74.076248,19/08/2026 10:26 AM,19/08/2026 11:00 AM,Reporting,Parked,11.94,False,UC-266,Allama Iqbal Town,Zone-42,Loader Rickshaw,Allama Iqbal Town,True,2026-08-19
19845,S-221,S221,Lahore,"Tehsil Office, Allama Iqbal Town",LWMC-AlIT,Mini Dumper,Bulk Waste Collection,still,off,39.819,189.9,31.465262,74.225552,19/08/2026 10:35 AM,19/08/2026 11:00 AM,Reporting,Parked,11.84,False,UC-117,Allama Iqbal Town,Zone-41,Mini Dumper,Allama Iqbal Town,True,2026-08-19
61607,MFL-69,MFL69,Lahore,"Tehsil Office, Allama Iqbal Town",LWMC-AlIT,Loader,Bulk Waste Collection,moving,on,22.073,285.71,31.398142,74.274104,19/08/2026 10:58 AM,19/08/2026 11:00 AM,Reporting,Moving,14.34,False,UC-257,Allama Iqbal Town,Zone-40,Loader,Allama Iqbal Town,True,2026-08-19
18518,C-1343,C1343,Lahore,"Tehsil Office, Allama Iqbal Town",LWMC-AlIT,Compactor (13CM),Container-Based Collection,still,off,41.245,289.48,31.518487,74.278428,19/08/2026 10:57 AM,19/08/2026 11:00 AM,Reporting,Moving,28.01,False,UC-212,Samnabad Town,Zone-36,Compactor,Allama Iqbal Town,False,2026-08-19
59551,MFL-102,MFL102,Lahore,"Tehsil Office, Allama Iqbal Town",LWMC-AlIT,Tractor Loader,Bulk Waste Collection,still,off,7.642,212.41,31.331956,74.251918,19/08/2026 10:58 AM,19/08/2026 11:00 AM,Reporting,Parked,12.4,False,UC-270,Nishter Town,Zone-47,Loader,Allama Iqbal Town,False,2026-08-19
60118,LR-1741,LR1741,Lahore,"Tehsil Office, Allama Iqbal Town",LWMC-AlIT,Loader Rickshaw,Door To Door Collection,still,off,,,31.322817,74.229063,19/08/2026 10:46 AM,19/08/2026 11:00 AM,Reporting,No Activity Since Yesterday,0.0,True,UC-270,Nishter Town,Zone-47,Loader Rickshaw,Allama Iqbal Town,False,2026-08-19
60310,LR-1081,LR1081,Lahore,"Tehsil Office, Allama Iqbal Town",LWMC-AlIT,Loader Rickshaw,Door To Door Collection,still,off,30.042,169.71,31.350355,74.188092,19/08/2026 10:58 AM,19/08/2026 11:00 AM,Reporting,Parked,12.56,False,UC-267,Allama Iqbal Town,Zone-43,Loader Rickshaw,Allama Iqbal Town,True,2026-08-19
60394,LR-2022,LR2022,Lahore,"Tehsil Office, Allama Iqbal Town",LWMC-AlIT,Loader Rickshaw,Door To Door Collection,still,off,,,31.275953,74.25336,19/08/2026 09:53 AM,19/08/2026 11:00 AM,Reporting,No Activity Since Yesterday,12.0,False,UC-268,Allama Iqbal Town,Zone-43,Loader Rickshaw,Allama Iqbal Town,True,2026-08-19
19701,M-17,M17,Lahore,"Tehsil Office, Allama Iqbal Town",LWMC-AlIT,Mini Dumper,Bulk Waste Collection,moving,on,43.34,403.64,31.272071,74.246751,19/08/2026 10:50 AM,19/08/2026 11:00 AM,Reporting,Parked,12.71,False,UC-268,Allama Iqbal Town,Zone-43,Foton-Mini Dumper,Allama Iqbal Town,True,2026-08-19
19650,S-123,S123,Lahore,"Tehsil Office, Allama Iqbal Town",LWMC-AlIT,Mini Dumper,Bulk Waste Collection,still,off,37.408,141.8,31.46095,74.222298,19/08/2026 10:50 AM,19/08/2026 11:00 AM,Reporting,Parked,11.89,False,UC-116,Allama Iqbal Town,Zone-41,Mini Dumper,Allama Iqbal Town,True,2026-08-19
18444,CA-147,CA147,Lahore,"Tehsil Office, Allama Iqbal Town",LWMC-AlIT,Chain Arm Roll,Container-Based Collection,still,off,138.686,330.66,31.264076,74.184873,19/08/2026 10:58 AM,19/08/2026 11:00 AM,Reporting,Parked,25.1,False,,,,Chain Arm Roll,Allama Iqbal Town,False,2026-08-19
22790,LR-0170,LR0170,Lahore,"Tehsil Office, Allama Iqbal Town",LWMC-AlIT,Loader Rickshaw,Door To Door Collection,moving,on,30.619,634.18,31.482627,74.237462,19/08/2026 10:58 AM,19/08/2026 11:00 AM,Reporting,Parked,12.3,False,UC-110,Allama Iqbal Town,Zone-41,Loader Rickshaw,Allama Iqbal Town,True,2026-08-19
60380,LR-1083,LR1083,Lahore,"Tehsil Office, Allama Iqbal Town",LWMC-AlIT,Loader Rickshaw,Door To Door Collection,still,off,13.436,169.31,31.290751,74.185522,19/08/2026 10:58 AM,19/08/2026 11:00 AM,Reporting,Parked,12.45,False,UC-267,Allama Iqbal Town,Zone-43,Loader Rickshaw,Allama Iqbal Town,True,2026-08-19
60308,LR-1520,LR1520,Lahore,"Tehsil Office, Allama Iqbal Town",LWMC-AlIT,Loader Rickshaw,Door To Door Collection,still,off,25.678,262.14,31.279132,74.194447,19/08/2026 10:58 AM,19/08/2026 11:00 AM,Reporting,Parked,11.13,False,UC-267,Allama Iqbal Town,Zone-43,Loader Rickshaw,Allama Iqbal Town,True,2026-08-19
22938,LR-0843,LR0843,Lahore,"Tehsil Office, Allama Iqbal Town",LWMC-AlIT,Loader Rickshaw,Door To Door Collection,still,off,19.029,238.94,31.479328,74.295758,19/08/2026 10:36 AM,19/08/2026 11:00 AM,Reporting,Parked,11.84,False,UC-220,Allama Iqbal Town,Zone-39,Loader Rickshaw,Allama Iqbal Town,True,2026-08-19
-,CA-164,CA164,Lahore,"Tehsil Office, Allama Iqbal Town",LWMC-AlIT,-,-,moving,on,80.788,331.73,31.596392,74.313773,19/08/2026 10:58 AM,19/08/2026 11:00 AM,Reporting,Moving,27.65,False,UC-17,Ravi Town,Zone-4,Chain Arm Roll,DGBT,False,2026-08-19
59947,LR-2649,LR2649,Lahore,"Tehsil Office, Allama Iqbal Town",LWMC-AlIT,Loader Rickshaw,Door To Door Collection,still,off,14.757,257.69,31.400714,74.266178,19/08/2026 10:57 AM,19/08/2026 11:00 AM,Reporting,Parked,12.3,False,UC-257,Allama Iqbal Town,Zone-40,Loader Rickshaw,Allama Iqbal Town,True,2026-08-19
61658,MFL-80,MFL80,Lahore,"Tehsil Office, Allama Iqbal Town",LWMC-AlIT,Loader,Bulk Waste Collection,moving,on,,426.16,31.480153,74.289109,19/08/2026 07:54 AM,19/08/2026 08:30 AM,Reporting,No Activity Since Yesterday,12.45,False,UC-220,Allama Iqbal Town,Zone-39,Loader,Allama Iqbal Town,True,2026-08-19
59892,MFT-08,MFT08,Lahore,"Tehsil Office, Allama Iqbal Town",LWMC-AlIT,Tractor Trolley,Bulk Waste Collection,moving,on,38.762,645.38,31.395724,74.153397,19/08/2026 10:58 AM,19/08/2026 11:00 AM,Reporting,Moving,13.53,False,UC-260,Allama Iqbal Town,Zone-41,Tractor Trolley,Allama Iqbal Town,True,2026-08-19
61239,LR-2074,LR2074,Lahore,"Tehsil Office, Shalimar Town",LWMC-ShTo,Loader Rickshaw,Door To Door Collection,moving,on,21.805,458.31,31.597622,74.357078,19/08/2026 10:58 AM,19/08/2026 11:00 AM,Reporting,Excess Idling,10.72,False,UC-161,Shalimar Town,Zone-9,Loader Rickshaw,Shalimar Town,True,2026-08-19
61596,LR-2880,LR2880,Lahore,"Tehsil Office, Shalimar Town",LWMC-ShTo,Loader Rickshaw,Door To Door Collection,moving,on,25.541,254.46,31.609584,74.381493,19/08/2026 10:58 AM,19/08/2026 11:00 AM,Reporting,Parked,11.54,False,UC-108,Wagha Town,Zone-13,Loader Rickshaw,Shalimar Town,False,2026-08-19
61500,S-80,S80,Lahore,"Tehsil Office, Shalimar Town",LWMC-ShTo,Mini Dumper,Door To Door Collection,moving,on,30.027,122.76,31.607157,74.35836,19/08/2026 11:00 AM,19/08/2026 11:00 AM,Reporting,Parked,12.0,False,UC-161,Shalimar Town,Zone-9,Mini Dumper,Shalimar Town,True,2026-08-19
61572,S-174,S174,Lahore,"Tehsil Office, Shalimar Town",LWMC-ShTo,Mini Dumper,Door To Door Collection,still,off,37.462,169.26,31.587606,74.370139,19/08/2026 10:57 AM,19/08/2026 11:00 AM,Reporting,Parked,12.4,False,UC-129,Shalimar Town,Zone-9,Mini Dumper,Shalimar Town,True,2026-08-19
62013,LR-2076,LR2076,Lahore,"Tehsil Office, Shalimar Town",LWMC-ShTo,Loader Rickshaw,Door To Door Collection,still,off,14.232,109.63,31.581703,74.359996,19/08/2026 10:26 AM,19/08/2026 11:00 AM,Reporting,Parked,11.79,False,UC-126,Shalimar Town,Zone-9,Loader Rickshaw,Shalimar Town,True,2026-08-19
19449,MFL-66,MFL66,Lahore,"Tehsil Office, Shalimar Town",LWMC-ShTo,Loader Rickshaw,Door To Door Collection,still,off,12.91,296.88,31.614233,74.345321,19/08/2026 10:57 AM,19/08/2026 11:00 AM,Reporting,Moving,14.44,False,UC-25,Shalimar Town,Zone-6,Loader,Shalimar Town,True,2026-08-19
29195,C-712,C712,Lahore,"Tehsil Office, Shalimar Town",LWMC-ShTo,Compactor (25CM),Bulk Waste Collection,moving,on,79.995,254.25,31.573021,74.286546,19/08/2026 10:34 AM,19/08/2026 11:00 AM,Reporting,Parked,24.59,False,UC-56,DGBT,Zone-29,Compactor,Shalimar Town,False,2026-08-19
59678,SD-03,SD03,Lahore,"Tehsil Office, Shalimar Town",LWMC-ShTo,Dumper (10CM),Bulk Waste Collection,moving,on,64.674,156.01,31.610117,74.316508,19/08/2026 10:58 AM,19/08/2026 11:00 AM,Reporting,Parked,26.12,False,UC-23,Ravi Town,Zone-3,Dumper,Shalimar Town,False,2026-08-19
61581,LR-2335,LR2335,Lahore,"Tehsil Office, Shalimar Town",LWMC-ShTo,Loader Rickshaw,Door To Door Collection,still,off,8.319,39.38,31.59039,74.35584,19/08/2026 09:52 AM,19/08/2026 11:00 AM,Reporting,Parked,12.1,False,UC-166,Shalimar Town,Zone-8,Loader Rickshaw,Shalimar Town,True,2026-08-19
23328,LR-0963,LR0963,Lahore,"Tehsil Office, Shalimar Town",LWMC-ShTo,Loader Rickshaw,Door To Door Collection,still,off,16.017,302.3,31.591143,74.375498,19/08/2026 10:58 AM,19/08/2026 11:00 AM,Reporting,Parked,13.68,False,UC-129,Shalimar Town,Zone-9,Loader Rickshaw,Shalimar Town,True,2026-08-19
61587,LR-2775,LR2775,Lahore,"Tehsil Office, Shalimar Town",LWMC-ShTo,Loader Rickshaw,Door To Door Collection,moving,on,19.832,125.71,31.608749,74.346164,19/08/2026 10:57 AM,19/08/2026 11:00 AM,Reporting,Parked,11.49,False,UC-26,Shalimar Town,Zone-6,Loader Rickshaw,Shalimar Town,True,2026-08-19
61508,LR-2325,LR2325,Lahore,"Tehsil Office, Shalimar Town",LWMC-ShTo,Loader Rickshaw,Door To Door Collection,moving,on,21.046,156.08,31.609793,74.381314,19/08/2026 10:11 AM,19/08/2026 11:00 AM,Reporting,Parked,11.89,False,UC-108,Wagha Town,Zone-13,Loader Rickshaw,Shalimar Town,False,2026-08-19
18636,C-1332,C1332,Lahore,"Tehsil Office, Shalimar Town",LWMC-ShTo,Compactor (13CM),Container-Based Collection,still,off,46.161,265.28,31.573584,74.287714,19/08/2026 10:58 AM,19/08/2026 11:00 AM,Reporting,Parked,25.51,False,UC-56,DGBT,Zone-29,Compactor,Shalimar Town,False,2026-08-19
18693,C-742,C742,Lahore,"Tehsil Office, Shalimar Town",LWMC-ShTo,Compactor (7CM),Container-Based Collection,moving,on,88.5,257.08,31.611407,74.311433,19/08/2026 10:57 AM,19/08/2026 11:00 AM,Reporting,Moving,0.0,True,UC-23,Ravi Town,Zone-3,Compactor,Shalimar Town,False,2026-08-19
60965,S-391,S391,Lahore,"Tehsil Office, Shalimar Town",LWMC-ShTo,Mini Dumper,Door To Door Collection,still,off,30.272,99.34,31.580844,74.338923,19/08/2026 10:08 AM,19/08/2026 11:00 AM,Reporting,Parked,11.84,False,UC-46,Shalimar Town,Zone-7,Mini Dumper,Shalimar Town,True,2026-08-19
60596,S-62,S62,Lahore,"Tehsil Office, Shalimar Town",LWMC-ShTo,Mini Dumper,Door To Door Collection,moving,on,32.355,265.25,31.573923,74.287802,19/08/2026 10:55 AM,19/08/2026 11:00 AM,Reporting,Parked,11.94,False,UC-56,DGBT,Zone-29,Mini Dumper,Shalimar Town,False,2026-08-19
25313,LR-0853,LR0853,Lahore,"Tehsil Office, Shalimar Town",LWMC-ShTo,Loader Rickshaw,Door to Door Collection,still,off,17.034,250.06,31.576915,74.385818,19/08/2026 10:17 AM,19/08/2026 11:00 AM,Reporting,Parked,11.43,False,UC-153,Shalimar Town,Zone-10,Loader Rickshaw,Shalimar Town,True,2026-08-19
29192,C13-1080,C131080,Lahore,"Tehsil Office, Shalimar Town",LWMC-ShTo,Compactor (25CM),Bulk Waste Collection,still,off,57.697,268.14,31.573767,74.287605,19/08/2026 10:48 AM,19/08/2026 11:00 AM,Reporting,Parked,0.0,True,UC-56,DGBT,Zone-29,Compactor,Shalimar Town,False,2026-08-19
61793,LR-2375,LR2375,Lahore,"Tehsil Office, Shalimar Town",LWMC-ShTo,Loader Rickshaw,Door To Door Collection,moving,on,21.735,322.8,31.609801,74.38128,19/08/2026 10:52 AM,19/08/2026 11:00 AM,Reporting,Parked,11.89,False,UC-108,Wagha Town,Zone-13,Loader Rickshaw,Shalimar Town,False,2026-08-19
61521,LR-1295,LR1295,Lahore,"Tehsil Office, Shalimar Town",LWMC-ShTo,Loader Rickshaw,Door To Door Collection,still,off,16.732,348.14,31.592795,74.34609,19/08/2026 10:57 AM,19/08/2026 11:00 AM,Reporting,Parked,12.0,False,UC-40,Shalimar Town,Zone-7,Loader Rickshaw,Shalimar Town,True,2026-08-19
61541,S-100,S100,Lahore,"Tehsil Office, Shalimar Town",LWMC-ShTo,Mini Dumper,Door To Door Collection,still,off,20.447,90.83,31.574073,74.287546,19/08/2026 10:23 AM,19/08/2026 11:00 AM,Reporting,Parked,13.12,False,UC-56,DGBT,Zone-29,Mini Dumper,Shalimar Town,False,2026-08-19
60631,S-365,S365,Lahore,"Tehsil Office, Shalimar Town",LWMC-ShTo,Mini Dumper,Door To Door Collection,moving,on,34.197,169.03,31.60916,74.379996,19/08/2026 10:59 AM,19/08/2026 11:00 AM,Reporting,Parked,11.84,False,UC-108,Wagha Town,Zone-13,Mini Dumper,Shalimar Town,False,2026-08-19
60970,LR-2182,LR2182,Lahore,"Tehsil Office, Shalimar Town",LWMC-ShTo,Loader Rickshaw,Door To Door Collection,still,off,16.174,183.48,31.581547,74.334243,19/08/2026 10:59 AM,19/08/2026 11:00 AM,Reporting,Parked,11.94,False,UC-31,Shalimar Town,Zone-7,Loader Rickshaw,Shalimar Town,True,2026-08-19
61623,M-87,M87,Lahore,"Tehsil Office, Shalimar Town",LWMC-ShTo,Mini Dumper,Door To Door Collection,moving,on,41.797,147.05,31.573899,74.287768,19/08/2026 10:49 AM,19/08/2026 11:00 AM,Reporting,Parked,12.1,False,UC-56,DGBT,Zone-29,Foton-Mini Dumper,Shalimar Town,False,2026-08-19
61560,LR-2786,LR2786,Lahore,"Tehsil Office, Shalimar Town",LWMC-ShTo,Loader Rickshaw,Door To Door Collection,moving,on,8.435,228.26,31.602521,74.354676,19/08/2026 10:53 AM,19/08/2026 11:00 AM,Reporting,Parked,11.84,False,UC-24,Shalimar Town,Zone-6,Loader Rickshaw,Shalimar Town,True,2026-08-19
23329,LR-0964,LR0964,Lahore,"Tehsil Office, Shalimar Town",LWMC-ShTo,Loader Rickshaw,Door To Door Collection,still,off,21.029,376.6,31.597178,74.381542,19/08/2026 10:58 AM,19/08/2026 11:00 AM,Reporting,Parked,11.43,False,UC-130,Shalimar Town,Zone-10,Loader Rickshaw,Shalimar Town,True,2026-08-19
61563,M-73,M73,Lahore,"Tehsil Office, Shalimar Town",LWMC-ShTo,Mini Dumper,Door To Door Collection,still,off,47.781,121.58,31.581336,74.337626,19/08/2026 10:14 AM,19/08/2026 11:00 AM,Reporting,Parked,11.84,False,UC-31,Shalimar Town,Zone-7,Foton-Mini Dumper,Shalimar Town,True,2026-08-19
23345,LR-1205,LR1205,Lahore,"Tehsil Office, Shalimar Town",LWMC-ShTo,Loader Rickshaw,Door To Door Collection,still,off,24.265,394.44,31.57818,74.390068,19/08/2026 10:58 AM,19/08/2026 11:00 AM,Reporting,Parked,11.64,False,UC-154,Shalimar Town,Zone-10,Loader Rickshaw,Shalimar Town,True,2026-08-19
61551,LR-2088,LR2088,Lahore,"Tehsil Office, Shalimar Town",LWMC-ShTo,Loader Rickshaw,Door To Door Collection,moving,on,17.055,121.45,31.577312,74.388998,19/08/2026 10:57 AM,19/08/2026 11:00 AM,Reporting,Parked,11.94,False,UC-154,Shalimar Town,Zone-10,Loader Rickshaw,Shalimar Town,True,2026-08-19
60932,LR-2793,LR2793,Lahore,"Tehsil Office, Shalimar Town",LWMC-ShTo,Loader Rickshaw,Door To Door Collection,still,off,11.22,244.08,31.585583,74.340594,19/08/2026 10:58 AM,19/08/2026 11:00 AM,Reporting,Parked,11.84,False,UC-46,Shalimar Town,Zone-7,Loader Rickshaw,Shalimar Town,True,2026-08-19
59609,LR-0967,LR0967,Lahore,"Tehsil Office, Shalimar Town",LWMC-ShTo,Loader Rickshaw,Door To Door Collection,still,off,18.376,167.96,31.593106,74.372149,19/08/2026 10:58 AM,19/08/2026 11:00 AM,Reporting,Parked,11.64,False,UC-129,Shalimar Town,Zone-9,Loader Rickshaw,Shalimar Town,True,2026-08-19
61469,LR-2332,LR2332,Lahore,"Tehsil Office, Shalimar Town",LWMC-ShTo,Loader Rickshaw,Door To Door Collection,still,off,22.631,395.13,31.578974,74.390369,19/08/2026 10:57 AM,19/08/2026 11:00 AM,Reporting,Parked,11.59,False,UC-154,Shalimar Town,Zone-10,Loader Rickshaw,Shalimar Town,True,2026-08-19
60934,LR-2608,LR2608,Lahore,"Tehsil Office, Shalimar Town",LWMC-ShTo,Loader Rickshaw,Door To Door Collection,still,off,17.909,362.75,31.586778,74.360604,19/08/2026 10:57 AM,19/08/2026 11:00 AM,Reporting,Parked,12.15,False,UC-165,Shalimar Town,Zone-9,Loader Rickshaw,Shalimar Town,True,2026-08-19
25307,LR-0847,LR0847,Lahore,"Tehsil Office, Shalimar Town",LWMC-ShTo,Loader Rickshaw,Door to Door Collection,still,off,18.347,231.38,31.579458,74.386368,19/08/2026 10:30 AM,19/08/2026 11:00 AM,Reporting,Parked,10.72,False,UC-153,Shalimar Town,Zone-10,Loader Rickshaw,Shalimar Town,True,2026-08-19
61861,LR-2773,LR2773,Lahore,"Tehsil Office, Shalimar Town",LWMC-ShTo,Loader Rickshaw,Door To Door Collection,moving,on,10.349,60.36,31.604215,74.373592,19/08/2026 10:56 AM,19/08/2026 11:00 AM,,,,,UC-163,Shalimar Town,Zone-9,Loader Rickshaw,Shalimar Town,True,2026-08-19
60572,LR-2319,LR2319,Lahore,"Tehsil Office, Shalimar Town",LWMC-ShTo,Loader Rickshaw,Door To Door Collection,still,off,22.294,315.13,31.595754,74.380106,19/08/2026 10:57 AM,19/08/2026 11:00 AM,Reporting,Parked,12.1,False,UC-130,Shalimar Town,Zone-10,Loader Rickshaw,Shalimar Town,True,2026-08-19
60920,LR-2382,LR2382,Lahore,"Tehsil Office, Shalimar Town",LWMC-ShTo,Loader Rickshaw,Door To Door Collection,still,off,13.371,298.41,31.590267,74.337193,19/08/2026 10:57 AM,19/08/2026 11:00 AM,Reporting,Parked,12.76,False,UC-47,Shalimar Town,Zone-7,Loader Rickshaw,Shalimar Town,True,2026-08-19
61583,LR-2767,LR2767,Lahore,"Tehsil Office, Shalimar Town",LWMC-ShTo,Loader Rickshaw,Door To Door Collection,still,off,,,31.610668,74.381556,19/08/2026 09:44 AM,19/08/2026 11:00 AM,Reporting,No Activity Since Yesterday,11.74,False,UC-108,Wagha Town,Zone-13,Loader Rickshaw,Shalimar Town,False,2026-08-19
25249,LR-0146,LR0146,Lahore,"Tehsil Office, Shalimar Town",LWMC-ShTo,Loader Rickshaw,Door To Door Collection,still,off,14.672,331.85,31.598089,74.359277,19/08/2026 10:57 AM,19/08/2026 11:00 AM,Reporting,Excess Idling,11.79,False,UC-161,Shalimar Town,Zone-9,Loader Rickshaw,Shalimar Town,True,2026-08-19
25271,LR-0358,LR0358,Lahore,"Tehsil Office, Shalimar Town",LWMC-ShTo,Loader Rickshaw,Door To Door Collection,moving,on,9.908,59.58,31.588769,74.358051,19/08/2026 10:59 AM,19/08/2026 11:00 AM,Reporting,Parked,11.84,False,UC-164,Shalimar Town,Zone-8,Loader Rickshaw,Shalimar Town,True,2026-08-19
23336,LR-1196,LR1196,Lahore,"Tehsil Office, Shalimar Town",LWMC-ShTo,Loader Rickshaw,Door To Door Collection,still,off,16.631,366.43,31.600841,74.349716,19/08/2026 10:57 AM,19/08/2026 11:00 AM,Reporting,Parked,11.74,False,UC-24,Shalimar Town,Zone-6,Loader Rickshaw,Shalimar Town,True,2026-08-19
61488,S-344,S344,Lahore,"Tehsil Office, Shalimar Town",LWMC-ShTo,Mini Dumper,Door To Door Collection,still,off,18.719,163.91,31.583131,74.362591,19/08/2026 10:13 AM,19/08/2026 11:00 AM,Reporting,Parked,12.1,False,UC-126,Shalimar Town,Zone-9,Mini Dumper,Shalimar Town,True,2026-08-19
60564,C-1303,C1303,Lahore,"Tehsil Office, Shalimar Town",LWMC-ShTo,Compactor (13CM),Container-Based Collection,moving,on,59.934,326.21,31.609053,74.337998,19/08/2026 10:59 AM,19/08/2026 11:00 AM,Reporting,Moving,0.0,True,UC-27,Shalimar Town,Zone-6,Compactor,Shalimar Town,True,2026-08-19
19437,R-48,R48,Lahore,"Tehsil Office, Shalimar Town",LWMC-ShTo,Loader Rickshaw,Door To Door Collection,moving,on,17.598,89.51,31.573306,74.287511,19/08/2026 10:54 AM,19/08/2026 11:00 AM,Reporting,Parked,12.15,False,UC-56,DGBT,Zone-29,Rickshaw,Shalimar Town,False,2026-08-19
61077,LR-2782,LR2782,Lahore,"Tehsil Office, Shalimar Town",LWMC-ShTo,Loader Rickshaw,Door To Door Collection,still,off,13.892,174.68,31.586731,74.346976,19/08/2026 10:59 AM,19/08/2026 11:00 AM,,,,,UC-42,Shalimar Town,Zone-7,Loader Rickshaw,Shalimar Town,True,2026-08-19
25315,LR-0856,LR0856,Lahore,"Tehsil Office, Shalimar Town",LWMC-ShTo,Loader Rickshaw,Door To Door Collection,still,off,29.762,260.64,31.610727,74.381412,19/08/2026 10:18 AM,19/08/2026 11:00 AM,Reporting,Parked,12.15,False,UC-108,Wagha Town,Zone-13,Loader Rickshaw,Shalimar Town,False,2026-08-19
61515,LR-2327,LR2327,Lahore,"Tehsil Office, Shalimar Town",LWMC-ShTo,Loader Rickshaw,Door To Door Collection,still,off,12.828,336.36,31.60749,74.342791,19/08/2026 10:58 AM,19/08/2026 11:00 AM,Reporting,Excess Idling,12.15,False,UC-25,Shalimar Town,Zone-6,Loader Rickshaw,Shalimar Town,True,2026-08-19
-,LR-2877,LR2877,Lahore,"Tehsil Office, Shalimar Town",LWMC-ShTo,-,-,still,off,10.288,187.06,31.605098,74.35164,19/08/2026 10:57 AM,19/08/2026 11:00 AM,Reporting,Parked,11.38,False,UC-24,Shalimar Town,Zone-6,Loader Rickshaw,Shalimar Town,True,2026-08-19
61972,LR-0355,LR0355,Lahore,"Tehsil Office, Shalimar Town",LWMC-ShTo,Loader Rickshaw,Door To Door Collection,moving,on,24.141,210.06,31.579972,74.348617,19/08/2026 10:48 AM,19/08/2026 11:00 AM,Reporting,Parked,12.1,False,UC-43,Shalimar Town,Zone-8,Loader Rickshaw,Shalimar Town,True,2026-08-19
59717,D-53,D53,Lahore,"Tehsil Office, Shalimar Town",LWMC-ShTo,Dumper (5CM),Bulk Waste Collection,still,off,60.077,191.36,31.608038,74.368424,19/08/2026 10:16 AM,19/08/2026 11:00 AM,Reporting,Parked,23.16,False,UC-163,Shalimar Town,Zone-9,Dumper,Shalimar Town,True,2026-08-19
60958,LR-1294,LR1294,Lahore,"Tehsil Office, Shalimar Town",LWMC-ShTo,Loader Rickshaw,Door To Door Collection,moving,on,16.752,144.23,31.585849,74.342282,19/08/2026 10:59 AM,19/08/2026 11:00 AM,Reporting,Parked,11.38,False,UC-46,Shalimar Town,Zone-7,Loader Rickshaw,Shalimar Town,True,2026-08-19
60579,LR-2766,LR2766,Lahore,"Tehsil Office, Shalimar Town",LWMC-ShTo,Loader Rickshaw,Door To Door Collection,still,off,7.215,285.18,31.589323,74.361834,19/08/2026 10:59 AM,19/08/2026 11:00 AM,Reporting,Parked,11.43,False,UC-162,Shalimar Town,Zone-9,Loader Rickshaw,Shalimar Town,True,2026-08-19
-,LR-2601,LR2601,Lahore,"Tehsil Office, Shalimar Town",LWMC-ShTo,-,-,moving,on,26.507,337.71,31.570646,74.382093,19/08/2026 10:57 AM,19/08/2026 11:00 AM,Reporting,Parked,12.91,False,UC-156,Shalimar Town,Zone-10,Loader Rickshaw,Shalimar Town,True,2026-08-19
61553,S-31,S31,Lahore,"Tehsil Office, Shalimar Town",LWMC-ShTo,Mini Dumper,Door To Door Collection,still,off,24.155,96.56,31.613618,74.350716,19/08/2026 10:40 AM,19/08/2026 11:00 AM,Reporting,Parked,12.05,False,UC-25,Shalimar Town,Zone-6,Mini Dumper,Shalimar Town,True,2026-08-19
61229,LR-2080,LR2080,Lahore,"Tehsil Office, Shalimar Town",LWMC-ShTo,Loader Rickshaw,Door To Door Collection,moving,on,13.696,80.33,31.601907,74.358382,19/08/2026 10:11 AM,19/08/2026 11:00 AM,Reporting,Parked,11.54,False,UC-161,Shalimar Town,Zone-9,Loader Rickshaw,Shalimar Town,True,2026-08-19
60681,M-112,M112,Lahore,"Tehsil Office, Shalimar Town",LWMC-ShTo,Mini Dumper,Bulk Waste Collection,moving,on,49.049,205.73,31.60386,74.358333,19/08/2026 10:48 AM,19/08/2026 11:00 AM,Reporting,Parked,12.0,False,UC-161,Shalimar Town,Zone-9,Foton-Mini Dumper,Shalimar Town,True,2026-08-19
25273,LR-0480,LR0480,Lahore,"Tehsil Office, Shalimar Town",LWMC-ShTo,Loader Rickshaw,Door To Door Collection,moving,on,12.448,115.59,31.600606,74.377637,19/08/2026 10:56 AM,19/08/2026 11:00 AM,Reporting,Parked,11.64,False,UC-163,Shalimar Town,Zone-9,Loader Rickshaw,Shalimar Town,True,2026-08-19
61983,LR-2294,LR2294,Lahore,"Tehsil Office, Shalimar Town",LWMC-ShTo,Loader Rickshaw,Door To Door Collection,moving,on,15.884,290.8,31.589843,74.375524,19/08/2026 10:57 AM,19/08/2026 11:00 AM,Reporting,Parked,11.79,False,UC-129,Shalimar Town,Zone-9,Loader Rickshaw,Shalimar Town,True,2026-08-19
61660,HA-09,HA09,Lahore,"Tehsil Office, Shalimar Town",LWMC-ShTo,Arm Roll Truck,Container-Based Collection,still,off,50.133,336.55,31.579903,74.372343,19/08/2026 10:58 AM,19/08/2026 11:00 AM,Reporting,Excess Idling,22.96,False,UC-121,Shalimar Town,Zone-10,Arm Roll,Shalimar Town,True,2026-08-19
61349,LR-2340,LR2340,Lahore,"Tehsil Office, Shalimar Town",LWMC-ShTo,Loader Rickshaw,Door To Door Collection,moving,on,23.468,237.06,31.580951,74.343189,19/08/2026 10:26 AM,19/08/2026 11:00 AM,Reporting,Parked,12.25,False,UC-44,Shalimar Town,Zone-8,Loader Rickshaw,Shalimar Town,True,2026-08-19
59775,CA-154,CA154,Lahore,"Tehsil Office, Shalimar Town",LWMC-ShTo,Chain Arm Roll,Bulk Waste Collection,still,off,68.579,250.5,31.573953,74.287806,19/08/2026 10:20 AM,19/08/2026 11:00 AM,Reporting,Parked,24.9,False,UC-56,DGBT,Zone-29,Chain Arm Roll,Shalimar Town,False,2026-08-19
19446,MFL-13,MFL13,Lahore,"Tehsil Office, Shalimar Town",LWMC-ShTo,Loader Rickshaw,Door To Door Collection,still,off,27.364,345.58,31.614998,74.347989,19/08/2026 10:57 AM,19/08/2026 11:00 AM,Reporting,Idle,13.07,False,UC-25,Shalimar Town,Zone-6,Loader,Shalimar Town,True,2026-08-19
25316,LR-0858,LR0858,Lahore,"Tehsil Office, Shalimar Town",LWMC-ShTo,Loader Rickshaw,Door To Door Collection,moving,on,22.08,183.68,31.586539,74.372764,19/08/2026 10:32 AM,19/08/2026 11:00 AM,Reporting,Parked,11.74,False,UC-129,Shalimar Town,Zone-9,Loader Rickshaw,Shalimar Town,True,2026-08-19
18632,C-1331,C1331,Lahore,"Tehsil Office, Shalimar Town",LWMC-ShTo,Compactor (13CM),Container-Based Collection,still,off,46.679,205.76,31.572859,74.286913,19/08/2026 10:53 AM,19/08/2026 11:00 AM,Reporting,Moving,28.37,False,UC-56,DGBT,Zone-29,Compactor,Shalimar Town,False,2026-08-19
61063,LR-2204,LR2204,Lahore,"Tehsil Office, Shalimar Town",LWMC-ShTo,Loader Rickshaw,Door To Door Collection,moving,on,13.439,103.36,31.58994,74.342593,19/08/2026 10:59 AM,19/08/2026 11:00 AM,Reporting,Parked,11.74,False,UC-41,Shalimar Town,Zone-7,Loader Rickshaw,Shalimar Town,True,2026-08-19
60944,LR-2090,LR2090,Lahore,"Tehsil Office, Shalimar Town",LWMC-ShTo,Loader Rickshaw,Door To Door Collection,moving,on,24.231,289.36,31.607174,74.358453,19/08/2026 10:57 AM,19/08/2026 11:00 AM,Reporting,Parked,11.64,False,UC-161,Shalimar Town,Zone-9,Loader Rickshaw,Shalimar Town,True,2026-08-19
25247,LR-0133,LR0133,Lahore,"Tehsil Office, Shalimar Town",LWMC-ShTo,Loader Rickshaw,Door To Door Collection,moving,on,11.599,312.76,31.604341,74.36774,19/08/2026 10:59 AM,19/08/2026 11:00 AM,Reporting,Parked,12.2,False,UC-161,Shalimar Town,Zone-9,Loader Rickshaw,Shalimar Town,True,2026-08-19
61799,LR-2376,LR2376,Lahore,"Tehsil Office, Shalimar Town",LWMC-ShTo,Loader Rickshaw,Door To Door Collection,still,off,12.683,256.0,31.590579,74.345626,19/08/2026 10:58 AM,19/08/2026 11:00 AM,Reporting,Parked,12.0,False,UC-40,Shalimar Town,Zone-7,Loader Rickshaw,Shalimar Town,True,2026-08-19
18779,D-26,D26,Lahore,"Tehsil Office, Shalimar Town",LWMC-ShTo,Dumper (10CM),TCP Fleet,still,off,73.191,264.5,31.606209,74.307114,19/08/2026 10:55 AM,19/08/2026 11:00 AM,Reporting,Parked,27.14,False,UC-16,Ravi Town,Zone-4,Dumper,Shalimar Town,False,2026-08-19
61700,MFL-97,MFL97,Lahore,"Tehsil Office, Shalimar Town",LWMC-ShTo,Tractor Front Blade,Bulk Waste Collection,moving,on,4.795,384.81,31.607379,74.358493,19/08/2026 10:57 AM,19/08/2026 11:00 AM,Reporting,Moving,12.76,False,UC-161,Shalimar Town,Zone-9,Loader,Shalimar Town,True,2026-08-19
61342,LR-1303,LR1303,Lahore,"Tehsil Office, Shalimar Town",LWMC-ShTo,Loader Rickshaw,Door To Door Collection,moving,on,25.465,137.09,31.580129,74.343209,19/08/2026 10:36 AM,19/08/2026 11:00 AM,Reporting,Parked,11.94,False,UC-44,Shalimar Town,Zone-8,Loader Rickshaw,Shalimar Town,True,2026-08-19
60615,S-71,S71,Lahore,"Tehsil Office, Shalimar Town",LWMC-ShTo,Mini Dumper,Door To Door Collection,still,off,35.743,169.63,31.596653,74.33742,19/08/2026 10:59 AM,19/08/2026 11:00 AM,Reporting,Parked,12.2,False,UC-45,Shalimar Town,Zone-6,Mini Dumper,Shalimar Town,True,2026-08-19
62108,LR-2499,LR2499,Lahore,"Tehsil Office, Shalimar Town",LWMC-ShTo,Loader Rickshaw,Door To Door Collection,moving,on,27.995,190.15,31.579193,74.369058,19/08/2026 10:49 AM,19/08/2026 11:00 AM,Reporting,Excess Idling,12.2,False,UC-125,Shalimar Town,Zone-10,Loader Rickshaw,Shalimar Town,True,2026-08-19
61601,LR-1550,LR1550,Lahore,"Tehsil Office, Shalimar Town",LWMC-ShTo,Loader Rickshaw,Door To Door Collection,still,off,10.717,188.06,31.603631,74.346113,19/08/2026 10:58 AM,19/08/2026 11:00 AM,Reporting,Parked,11.69,False,UC-26,Shalimar Town,Zone-6,Loader Rickshaw,Shalimar Town,True,2026-08-19
60848,LR-2497,LR2497,Lahore,"Tehsil Office, Shalimar Town",LWMC-ShTo,Loader Rickshaw,Door To Door Collection,still,off,15.938,244.06,31.580727,74.363084,19/08/2026 10:57 AM,19/08/2026 11:00 AM,Reporting,Parked,12.15,False,UC-126,Shalimar Town,Zone-9,Loader Rickshaw,Shalimar Town,True,2026-08-19
62182,LR-2606,LR2606,Lahore,"Tehsil Office, Shalimar Town",LWMC-ShTo,Loader Rickshaw,Door To Door Collection,still,off,27.089,293.71,31.610599,74.381409,19/08/2026 10:57 AM,19/08/2026 11:03 AM,Reporting,Parked,12.05,False,UC-108,Wagha Town,Zone-13,Loader Rickshaw,Shalimar Town,False,2026-08-19
61097,S-114,S114,Lahore,"Tehsil Office, Shalimar Town",LWMC-ShTo,Mini Dumper,Door To Door Collection,moving,on,17.697,192.8,31.600509,74.357878,19/08/2026 10:57 AM,19/08/2026 11:00 AM,Reporting,Parked,12.61,False,UC-161,Shalimar Town,Zone-9,Mini Dumper,Shalimar Town,True,2026-08-19
61593,S-117,S117,Lahore,"Tehsil Office, Shalimar Town",LWMC-ShTo,Mini Dumper,Door To Door Collection,moving,on,32.807,169.61,31.59429,74.364793,19/08/2026 11:00 AM,19/08/2026 11:00 AM,Reporting,Idle,13.53,False,UC-162,Shalimar Town,Zone-9,Mini Dumper,Shalimar Town,True,2026-08-19
61608,LR-2421,LR2421,Lahore,"Tehsil Office, Shalimar Town",LWMC-ShTo,Loader Rickshaw,Door To Door Collection,still,off,17.252,255.76,31.587397,74.351988,19/08/2026 10:55 AM,19/08/2026 11:00 AM,Reporting,Parked,12.05,False,UC-167,Shalimar Town,Zone-8,Loader Rickshaw,Shalimar Town,True,2026-08-19
60698,S-269,S269,Lahore,"Tehsil Office, Shalimar Town",LWMC-ShTo,Mini Dumper,Door To Door Collection,moving,on,27.698,158.84,31.578708,74.367604,19/08/2026 10:57 AM,19/08/2026 11:00 AM,Reporting,Parked,12.05,False,UC-125,Shalimar Town,Zone-10,Mini Dumper,Shalimar Town,True,2026-08-19
62028,S-167,S167,Lahore,"Tehsil Office, Shalimar Town",LWMC-ShTo,Mini Dumper,Door To Door Collection,still,off,87.69,272.66,31.573877,74.288107,19/08/2026 10:54 AM,19/08/2026 11:00 AM,Reporting,Parked,12.71,False,UC-56,DGBT,Zone-29,Mini Dumper,Shalimar Town,False,2026-08-19
61598,LR-2599,LR2599,Lahore,"Tehsil Office, Shalimar Town",LWMC-ShTo,Loader Rickshaw,Door To Door Collection,still,off,10.391,180.28,31.570238,74.384759,19/08/2026 10:57 AM,19/08/2026 11:00 AM,Reporting,Parked,12.15,False,UC-156,Shalimar Town,Zone-10,Loader Rickshaw,Shalimar Town,True,2026-08-19
-,WR-0036,WR0036,Lahore,"Tehsil Office, Shalimar Town",LWMC-ShTo,-,-,still,off,5.488,91.38,31.561174,74.296272,19/08/2026 10:51 AM,19/08/2026 11:00 AM,Reporting,Parked,11.89,False,UC-64,DGBT,Zone-30,Washer Rickshaw,DGBT,True,2026-08-19
-,LR0047,LR0047,Lahore,"Tehsil Office, Shalimar Town",LWMC-ShTo,-,-,still,off,8.707,29.85,31.596708,74.338174,19/08/2026 09:57 AM,19/08/2026 11:00 AM,Not Reporting,Excess Idling,0.0,True,UC-45,Shalimar Town,Zone-6,Loader Rickshaw,Allama Iqbal Town,False,2026-08-19
61864,LR-2941,LR2941,Lahore,"Tehsil Office, Shalimar Town",LWMC-ShTo,Loader Rickshaw,Door To Door Collection,still,off,15.026,422.76,31.60528,74.358124,19/08/2026 10:57 AM,19/08/2026 11:00 AM,Reporting,Parked,11.08,False,UC-161,Shalimar Town,Zone-9,Loader Rickshaw,Shalimar Town,True,2026-08-19
60651,M-121,M121,Lahore,"Tehsil Office, Shalimar Town",LWMC-ShTo,Mini Dumper,Bulk Waste Collection,still,off,51.19,211.91,31.609133,74.379968,19/08/2026 10:30 AM,19/08/2026 11:00 AM,Reporting,Parked,11.43,False,UC-108,Wagha Town,Zone-13,Foton-Mini Dumper,Shalimar Town,False,2026-08-19
61361,LR-2072,LR2072,Lahore,"Tehsil Office, Shalimar Town",LWMC-ShTo,Loader Rickshaw,Door To Door Collection,moving,on,20.582,325.0,31.599837,74.357637,19/08/2026 10:58 AM,19/08/2026 11:00 AM,Reporting,Parked,11.79,False,UC-161,Shalimar Town,Zone-9,Loader Rickshaw,Shalimar Town,True,2026-08-19
61338,LR-2595,LR2595,Lahore,"Tehsil Office, Shalimar Town",LWMC-ShTo,Loader Rickshaw,Door To Door Collection,moving,on,21.251,167.78,31.607102,74.358002,19/08/2026 10:59 AM,19/08/2026 11:00 AM,Reporting,Parked,11.89,False,UC-161,Shalimar Town,Zone-9,Loader Rickshaw,Shalimar Town,True,2026-08-19
18415,HA-37,HA37,Lahore,"Tehsil Office, Shalimar Town",LWMC-ShTo,Arm Roll Truck,Container-Based Collection,still,off,,,31.573244,74.287034,19/08/2026 09:30 AM,19/08/2026 10:30 AM,Reporting,No Activity Since Yesterday,0.0,True,UC-56,DGBT,Zone-29,Arm Roll,Shalimar Town,False,2026-08-19
61831,LR-2422,LR2422,Lahore,"Tehsil Office, Shalimar Town",LWMC-ShTo,Loader Rickshaw,Door To Door Collection,moving,on,16.083,89.93,31.591661,74.352943,19/08/2026 10:11 AM,19/08/2026 10:30 AM,Reporting,Parked,11.38,False,UC-166,Shalimar Town,Zone-8,Loader Rickshaw,Shalimar Town,True,2026-08-19
61640,S-111,S111,Lahore,"Tehsil Office, Shalimar Town",LWMC-ShTo,Mini Dumper,Door To Door Collection,moving,on,43.475,150.28,31.608896,74.355113,19/08/2026 10:48 AM,19/08/2026 11:00 AM,Reporting,Parked,12.05,False,UC-25,Shalimar Town,Zone-6,Mini Dumper,Shalimar Town,True,2026-08-19
61558,LR-2785,LR2785,Lahore,"Tehsil Office, Shalimar Town",LWMC-ShTo,Loader Rickshaw,Door To Door Collection,moving,on,10.159,103.03,31.601499,74.351518,19/08/2026 10:58 AM,19/08/2026 11:00 AM,Reporting,Parked,11.13,False,UC-24,Shalimar Town,Zone-6,Loader Rickshaw,Shalimar Town,True,2026-08-19
61093,S-176,S176,Lahore,"Tehsil Office, Shalimar Town",LWMC-ShTo,Mini Dumper,Door To Door Collection,still,off,25.052,141.96,31.587302,74.342687,19/08/2026 10:50 AM,19/08/2026 11:00 AM,Reporting,Parked,12.05,False,UC-46,Shalimar Town,Zone-7,Mini Dumper,Shalimar Town,True,2026-08-19
61535,LR-2380,LR2380,Lahore,"Tehsil Office, Shalimar Town",LWMC-ShTo,Loader Rickshaw,Door To Door Collection,moving,on,17.628,246.88,31.587825,74.336906,19/08/2026 10:39 AM,19/08/2026 11:00 AM,Reporting,Parked,11.74,False,UC-46,Shalimar Town,Zone-7,Loader Rickshaw,Shalimar Town,True,2026-08-19
60694,S-388,S388,Lahore,"Tehsil Office, Shalimar Town",LWMC-ShTo,Mini Dumper,Door To Door Collection,moving,on,19.555,59.58,31.585753,74.349985,19/08/2026 10:53 AM,19/08/2026 11:00 AM,Reporting,Parked,13.47,False,UC-167,Shalimar Town,Zone-8,Mini Dumper,Shalimar Town,True,2026-08-19
-,LR-2945,LR2945,Lahore,"Tehsil Office, Shalimar Town",LWMC-ShTo,-,-,still,off,18.481,234.4,31.602998,74.383768,19/08/2026 10:56 AM,19/08/2026 11:00 AM,Reporting,Parked,11.43,False,UC-132,Wagha Town,Zone-11,,Shalimar Town,False,2026-08-19
61524,LR-1800,LR1800,Lahore,"Tehsil Office, Shalimar Town",LWMC-ShTo,Loader Rickshaw,Door To Door Collection,moving,on,12.878,230.34,31.585217,74.337825,19/08/2026 10:56 AM,19/08/2026 11:00 AM,Reporting,Parked,11.69,False,UC-31,Shalimar Town,Zone-7,Loader Rickshaw,Shalimar Town,True,2026-08-19
60955,LR-2093,LR2093,Lahore,"Tehsil Office, Shalimar Town",LWMC-ShTo,Loader Rickshaw,Door To Door Collection,moving,on,23.433,236.16,31.607134,74.358358,19/08/2026 10:59 AM,19/08/2026 11:00 AM,Reporting,Parked,9.45,False,UC-161,Shalimar Town,Zone-9,Loader Rickshaw,Shalimar Town,True,2026-08-19
62109,LR-2503,LR2503,Lahore,"Tehsil Office, Shalimar Town",LWMC-ShTo,Loader Rickshaw,Door To Door Collection,still,off,32.621,323.55,31.576059,74.377514,19/08/2026 10:57 AM,19/08/2026 11:00 AM,Reporting,Parked,11.94,False,UC-120,Gulberg Town,Zone-19,Loader Rickshaw,Shalimar Town,False,2026-08-19
61568,LR-2323,LR2323,Lahore,"Tehsil Office, Shalimar Town",LWMC-ShTo,Loader Rickshaw,Door To Door Collection,moving,on,14.146,349.19,31.609286,74.380392,19/08/2026 10:59 AM,19/08/2026 11:00 AM,Reporting,Parked,11.38,False,UC-108,Wagha Town,Zone-13,Loader Rickshaw,Shalimar Town,False,2026-08-19
61614,LR-1794,LR1794,Lahore,"Tehsil Office, Shalimar Town",LWMC-ShTo,Loader Rickshaw,Door To Door Collection,still,off,16.455,292.44,31.602319,74.341507,19/08/2026 10:50 AM,19/08/2026 11:00 AM,Reporting,Parked,11.79,False,UC-27,Shalimar Town,Zone-6,Loader Rickshaw,Shalimar Town,True,2026-08-19
25274,LR-0481,LR0481,Lahore,"Tehsil Office, Shalimar Town",LWMC-ShTo,Loader Rickshaw,Door To Door Collection,moving,on,14.194,109.93,31.604028,74.362485,19/08/2026 10:48 AM,19/08/2026 11:00 AM,Reporting,Parked,11.03,False,UC-161,Shalimar Town,Zone-9,Loader Rickshaw,Shalimar Town,True,2026-08-19
61505,LR-2789,LR2789,Lahore,"Tehsil Office, Shalimar Town",LWMC-ShTo,Loader Rickshaw,Door To Door Collection,moving,on,10.417,185.19,31.601835,74.369173,19/08/2026 10:58 AM,19/08/2026 11:00 AM,,,,,UC-163,Shalimar Town,Zone-9,Loader Rickshaw,Shalimar Town,True,2026-08-19
61853,LR-2322,LR2322,Lahore,"Tehsil Office, Shalimar Town",LWMC-ShTo,Loader Rickshaw,Door To Door Collection,still,off,16.02,87.58,31.60995,74.381371,19/08/2026 10:58 AM,19/08/2026 11:00 AM,Reporting,Parked,13.27,False,UC-108,Wagha Town,Zone-13,Loader Rickshaw,Shalimar Town,False,2026-08-19
25248,LR-0145,LR0145,Lahore,"Tehsil Office, Shalimar Town",LWMC-ShTo,Loader Rickshaw,Door To Door Collection,still,off,12.101,122.98,31.600071,74.365562,19/08/2026 10:47 AM,19/08/2026 11:00 AM,Reporting,Parked,11.33,False,UC-161,Shalimar Town,Zone-9,Loader Rickshaw,Shalimar Town,True,2026-08-19
60626,S-96,S96,Lahore,"Tehsil Office, Shalimar Town",LWMC-ShTo,Mini Dumper,Door To Door Collection,still,off,33.729,319.94,31.596459,74.340787,19/08/2026 10:58 AM,19/08/2026 11:00 AM,Reporting,Parked,12.2,False,UC-27,Shalimar Town,Zone-6,Mini Dumper,Shalimar Town,True,2026-08-19
60656,S-268,S268,Lahore,"Tehsil Office, Shalimar Town",LWMC-ShTo,Mini Dumper,Door To Door Collection,still,off,21.561,95.06,31.60302,74.336169,19/08/2026 10:24 AM,19/08/2026 11:00 AM,Reporting,Parked,12.25,False,UC-27,Shalimar Town,Zone-6,Mini Dumper,Shalimar Town,True,2026-08-19
61566,S-27,S27,Lahore,"Tehsil Office, Shalimar Town",LWMC-ShTo,Mini Dumper,Door To Door Collection,still,off,25.375,141.78,31.569503,74.382956,19/08/2026 10:57 AM,19/08/2026 11:00 AM,Reporting,Parked,11.49,False,UC-156,Shalimar Town,Zone-10,Mini Dumper,Shalimar Town,True,2026-08-19
61849,LR-2328,LR2328,Lahore,"Tehsil Office, Shalimar Town",LWMC-ShTo,Loader Rickshaw,Door To Door Collection,moving,on,22.287,200.36,31.586112,74.370258,19/08/2026 10:59 AM,19/08/2026 11:00 AM,Reporting,Excess Idling,11.79,False,UC-128,Shalimar Town,Zone-10,Loader Rickshaw,Shalimar Town,True,2026-08-19
61571,LR-2324,LR2324,Lahore,"Tehsil Office, Shalimar Town",LWMC-ShTo,Loader Rickshaw,Door To Door Collection,moving,on,12.608,270.76,31.608547,74.355365,19/08/2026 10:59 AM,19/08/2026 11:00 AM,Reporting,Parked,11.18,False,UC-24,Shalimar Town,Zone-6,Loader Rickshaw,Shalimar Town,True,2026-08-19
61982,LR-2293,LR2293,Lahore,"Tehsil Office, Shalimar Town",LWMC-ShTo,Loader Rickshaw,Door To Door Collection,still,off,12.307,258.89,31.590978,74.370147,19/08/2026 10:57 AM,19/08/2026 11:00 AM,Reporting,Parked,11.54,False,UC-129,Shalimar Town,Zone-9,Loader Rickshaw,Shalimar Town,True,2026-08-19
60953,S-270,S270,Lahore,"Tehsil Office, Shalimar Town",LWMC-ShTo,Mini Dumper,Door To Door Collection,still,off,26.072,118.26,31.591387,74.335379,19/08/2026 11:00 AM,19/08/2026 11:00 AM,Reporting,Parked,12.05,False,UC-47,Shalimar Town,Zone-7,Mini Dumper,Shalimar Town,True,2026-08-19
23346,LR-1206,LR1206,Lahore,"Tehsil Office, Shalimar Town",LWMC-ShTo,Loader Rickshaw,Door To Door Collection,still,off,24.252,219.98,31.581484,74.342663,19/08/2026 10:44 AM,19/08/2026 11:00 AM,Reporting,Parked,10.87,False,UC-44,Shalimar Town,Zone-8,Loader Rickshaw,Shalimar Town,True,2026-08-19
61626,LR-2424,LR2424,Lahore,"Tehsil Office, Shalimar Town",LWMC-ShTo,Loader Rickshaw,Door To Door Collection,moving,on,12.77,296.73,31.600821,74.342619,19/08/2026 10:59 AM,19/08/2026 11:00 AM,Reporting,Parked,12.0,False,UC-27,Shalimar Town,Zone-6,Loader Rickshaw,Shalimar Town,True,2026-08-19
61600,LR-2882,LR2882,Lahore,"Tehsil Office, Shalimar Town",LWMC-ShTo,Loader Rickshaw,Door To Door Collection,moving,on,10.272,306.96,31.616622,74.344456,19/08/2026 10:59 AM,19/08/2026 11:00 AM,Reporting,Parked,10.87,False,UC-25,Shalimar Town,Zone-6,Loader Rickshaw,Shalimar Town,True,2026-08-19
61790,LR-2071,LR2071,Lahore,"Tehsil Office, Shalimar Town",LWMC-ShTo,Loader Rickshaw,Door To Door Collection,moving,on,13.551,128.15,31.586845,74.341353,19/08/2026 10:49 AM,19/08/2026 11:00 AM,Reporting,Parked,11.74,False,UC-46,Shalimar Town,Zone-7,Loader Rickshaw,Shalimar Town,True,2026-08-19
61826,LR-2596,LR2596,Lahore,"Tehsil Office, Shalimar Town",LWMC-ShTo,Loader Rickshaw,Door To Door Collection,moving,on,15.025,168.11,31.600181,74.357696,19/08/2026 10:51 AM,19/08/2026 11:00 AM,Reporting,Parked,11.89,False,UC-161,Shalimar Town,Zone-9,Loader Rickshaw,Shalimar Town,True,2026-08-19
61486,LR-0855,LR0855,Lahore,"Tehsil Office, Shalimar Town",LWMC-ShTo,Loader Rickshaw,Door To Door Collection,moving,on,17.066,119.36,31.608699,74.368471,19/08/2026 10:59 AM,19/08/2026 11:00 AM,Reporting,Parked,11.23,False,UC-108,Wagha Town,Zone-13,Loader Rickshaw,Shalimar Town,False,2026-08-19
61095,S-349,S349,Lahore,"Tehsil Office, Shalimar Town",LWMC-ShTo,Mini Dumper,Door To Door Collection,moving,on,78.031,236.48,31.478113,74.273454,19/08/2026 10:57 AM,19/08/2026 11:00 AM,Reporting,Parked,12.05,False,UC-114,Allama Iqbal Town,Zone-40,Mini Dumper,Shalimar Town,False,2026-08-19
60638,S-186,S186,Lahore,"Tehsil Office, Shalimar Town",LWMC-ShTo,Mini Dumper,Door To Door Collection,still,off,32.963,147.31,31.592511,74.368842,19/08/2026 10:58 AM,19/08/2026 11:00 AM,Reporting,Parked,12.1,False,UC-129,Shalimar Town,Zone-9,Mini Dumper,Shalimar Town,True,2026-08-19
25259,LR-0132,LR0132,Lahore,"Tehsil Office, Shalimar Town",LWMC-ShTo,Loader Rickshaw,Door To Door Collection,still,off,14.578,254.0,31.607243,74.357939,19/08/2026 10:57 AM,19/08/2026 11:00 AM,Reporting,Parked,11.38,False,UC-161,Shalimar Town,Zone-9,Loader Rickshaw,Shalimar Town,True,2026-08-19
59866,CA-126,CA126,Lahore,"Tehsil Office, Shalimar Town",LWMC-ShTo,Chain Arm Roll,Bulk Waste Collection,still,off,77.493,267.05,31.609014,74.379789,19/08/2026 10:25 AM,19/08/2026 11:00 AM,Reporting,Parked,25.15,False,UC-108,Wagha Town,Zone-13,Chain Arm Roll,Shalimar Town,False,2026-08-19
61835,LR-2068,LR2068,Lahore,"Tehsil Office, Shalimar Town",LWMC-ShTo,Loader Rickshaw,Door To Door Collection,moving,on,22.715,150.09,31.586487,74.351168,19/08/2026 10:56 AM,19/08/2026 11:00 AM,Reporting,Parked,11.43,False,UC-167,Shalimar Town,Zone-8,Loader Rickshaw,Shalimar Town,True,2026-08-19
60689,S-86,S86,Lahore,"Tehsil Office, Shalimar Town",LWMC-ShTo,Mini Dumper,Door To Door Collection,moving,on,24.184,109.38,31.595383,74.382269,19/08/2026 10:57 AM,19/08/2026 11:00 AM,Reporting,Parked,12.2,False,UC-130,Shalimar Town,Zone-10,Mini Dumper,Shalimar Town,True,2026-08-19
61862,LR-2774,LR2774,Lahore,"Tehsil Office, Shalimar Town",LWMC-ShTo,Loader Rickshaw,Door To Door Collection,still,off,13.677,217.3,31.596799,74.369455,19/08/2026 10:58 AM,19/08/2026 11:00 AM,Reporting,Parked,11.69,False,UC-163,Shalimar Town,Zone-9,Loader Rickshaw,Shalimar Town,True,2026-08-19
60904,LR-2501,LR2501,Lahore,"Tehsil Office, Shalimar Town",LWMC-ShTo,Loader Rickshaw,Door To Door Collection,still,off,,,31.610253,74.381525,19/08/2026 09:47 AM,19/08/2026 11:00 AM,Reporting,No Activity Since Yesterday,11.94,False,UC-108,Wagha Town,Zone-13,Loader Rickshaw,Shalimar Town,False,2026-08-19
59734,D-67,D67,Lahore,"Tehsil Office, Shalimar Town",LWMC-ShTo,Dumper (5CM),Bulk Waste Collection,moving,on,65.231,176.28,31.607262,74.357889,19/08/2026 10:41 AM,19/08/2026 11:00 AM,Reporting,Parked,25.31,False,UC-161,Shalimar Town,Zone-9,Dumper,Shalimar Town,True,2026-08-19
61847,LR-2330,LR2330,Lahore,"Tehsil Office, Shalimar Town",LWMC-ShTo,Loader Rickshaw,Door To Door Collection,moving,on,23.926,248.05,31.586417,74.374644,19/08/2026 10:35 AM,19/08/2026 11:00 AM,Reporting,Parked,12.05,False,UC-128,Shalimar Town,Zone-10,Loader Rickshaw,Shalimar Town,True,2026-08-19
25245,LR-0129,LR0129,Lahore,"Tehsil Office, Shalimar Town",LWMC-ShTo,Loader Rickshaw,Door To Door Collection,still,off,10.732,338.63,31.602033,74.359629,19/08/2026 10:57 AM,19/08/2026 11:00 AM,Reporting,Parked,11.69,False,UC-161,Shalimar Town,Zone-9,Loader Rickshaw,Shalimar Town,True,2026-08-19
18781,D-21,D21,Lahore,"Tehsil Office, Shalimar Town",LWMC-ShTo,Dumper (10CM),Landfill Site Fleet,still,off,3.575,127.88,31.616994,74.419216,19/08/2026 10:58 AM,19/08/2026 11:00 AM,Reporting,Idle,25.1,False,UC-174,Wagha Town,Zone-12,Dumper,Shalimar Town,False,2026-08-19
61050,LR-2788,LR2788,Lahore,"Tehsil Office, Shalimar Town",LWMC-ShTo,Loader Rickshaw,Door To Door Collection,still,off,13.639,423.96,31.584721,74.34185,19/08/2026 10:57 AM,19/08/2026 11:00 AM,Reporting,Parked,11.89,False,UC-46,Shalimar Town,Zone-7,Loader Rickshaw,Shalimar Town,True,2026-08-19
29206,C-1320,C1320,Lahore,"Tehsil Office, Shalimar Town",LWMC-ShTo,Compactor (13CM),Bulk Waste Collection,still,off,60.002,303.83,31.592547,74.335185,19/08/2026 10:58 AM,19/08/2026 11:00 AM,Reporting,Parked,25.51,False,UC-45,Shalimar Town,Zone-6,Compactor,Shalimar Town,True,2026-08-19
61669,MFL-84,MFL84,Lahore,"Tehsil Office, Shalimar Town",LWMC-ShTo,Tractor Loader,Bulk Waste Collection,still,off,10.765,365.75,31.597062,74.359568,19/08/2026 10:57 AM,19/08/2026 11:00 AM,Reporting,Idle,12.96,False,UC-161,Shalimar Town,Zone-9,Loader,Shalimar Town,True,2026-08-19
60830,LR-2600,LR2600,Lahore,"Tehsil Office, Shalimar Town",LWMC-ShTo,Loader Rickshaw,Door To Door Collection,moving,on,36.374,327.75,31.601923,74.369176,19/08/2026 10:58 AM,19/08/2026 11:00 AM,Reporting,Parked,12.25,False,UC-163,Shalimar Town,Zone-9,Loader Rickshaw,Shalimar Town,True,2026-08-19
25256,LR-0126,LR0126,Lahore,"Tehsil Office, Shalimar Town",LWMC-ShTo,Loader Rickshaw,Door To Door Collection,still,off,19.251,193.13,31.598028,74.374849,19/08/2026 10:59 AM,19/08/2026 11:00 AM,Reporting,Parked,11.74,False,UC-163,Shalimar Town,Zone-9,Loader Rickshaw,Shalimar Town,True,2026-08-19
61613,LR-1793,LR1793,Lahore,"Tehsil Office, Shalimar Town",LWMC-ShTo,Loader Rickshaw,Door To Door Collection,still,off,19.788,312.14,31.601877,74.341608,19/08/2026 10:55 AM,19/08/2026 11:00 AM,Reporting,Excess Idling,11.84,False,UC-27,Shalimar Town,Zone-6,Loader Rickshaw,Shalimar Town,True,2026-08-19
25269,LR-0356,LR0356,Lahore,"Tehsil Office, Shalimar Town",LWMC-ShTo,Loader Rickshaw,Door To Door Collection,still,off,17.702,131.05,31.579051,74.349403,19/08/2026 10:48 AM,19/08/2026 11:00 AM,Reporting,Parked,11.18,False,UC-43,Shalimar Town,Zone-8,Loader Rickshaw,Shalimar Town,True,2026-08-19
60890,LR-1790,LR1790,Lahore,"Tehsil Office, Shalimar Town",LWMC-ShTo,Loader Rickshaw,Door To Door Collection,still,off,13.352,273.06,31.584029,74.335011,19/08/2026 10:58 AM,19/08/2026 11:00 AM,Reporting,Parked,11.64,False,UC-30,Ravi Town,Zone-4,Loader Rickshaw,Shalimar Town,False,2026-08-19
-,LR-2878,LR2878,Lahore,"Tehsil Office, Shalimar Town",LWMC-ShTo,-,-,moving,on,26.635,200.38,31.574579,74.387708,19/08/2026 10:57 AM,19/08/2026 11:00 AM,Reporting,Parked,11.43,False,UC-155,Aziz Bhatti Town,Zone-15,Loader Rickshaw,Shalimar Town,False,2026-08-19
60858,LR-2495,LR2495,Lahore,"Tehsil Office, Shalimar Town",LWMC-ShTo,Loader Rickshaw,Door To Door Collection,still,off,22.028,299.21,31.57934,74.363194,19/08/2026 10:58 AM,19/08/2026 11:00 AM,Reporting,Moving,12.51,False,UC-126,Shalimar Town,Zone-9,Loader Rickshaw,Shalimar Town,True,2026-08-19
60861,LR-2610,LR2610,Lahore,"Tehsil Office, Shalimar Town",LWMC-ShTo,Loader Rickshaw,Door To Door Collection,still,off,32.664,497.96,31.583982,74.384007,19/08/2026 10:57 AM,19/08/2026 11:00 AM,Reporting,Parked,11.64,False,UC-153,Shalimar Town,Zone-10,Loader Rickshaw,Shalimar Town,True,2026-08-19
61480,LR-2879,LR2879,Lahore,"Tehsil Office, Shalimar Town",LWMC-ShTo,Loader Rickshaw,Door To Door Collection,still,off,18.96,224.8,31.612583,74.349237,19/08/2026 10:59 AM,19/08/2026 11:00 AM,Reporting,Parked,11.28,False,UC-25,Shalimar Town,Zone-6,Loader Rickshaw,Shalimar Town,True,2026-08-19
61548,S-79,S79,Lahore,"Tehsil Office, Shalimar Town",LWMC-ShTo,Mini Dumper,Door To Door Collection,moving,on,30.114,92.11,31.608823,74.354814,19/08/2026 10:58 AM,19/08/2026 11:00 AM,Reporting,Parked,11.43,False,UC-25,Shalimar Town,Zone-6,Mini Dumper,Shalimar Town,True,2026-08-19
61532,LR-2205,LR2205,Lahore,"Tehsil Office, Shalimar Town",LWMC-ShTo,Loader Rickshaw,Door To Door Collection,moving,on,15.524,201.94,31.587479,74.342734,19/08/2026 10:58 AM,19/08/2026 11:00 AM,Reporting,Parked,11.94,False,UC-42,Shalimar Town,Zone-7,Loader Rickshaw,Shalimar Town,True,2026-08-19
61611,LR-2104,LR2104,Lahore,"Tehsil Office, Shalimar Town",LWMC-ShTo,Loader Rickshaw,Door To Door Collection,still,off,11.044,339.48,31.603981,74.349938,19/08/2026 10:58 AM,19/08/2026 11:00 AM,Reporting,Parked,11.89,False,UC-26,Shalimar Town,Zone-6,Loader Rickshaw,Shalimar Town,True,2026-08-19
62164,LR-2496,LR2496,Lahore,"Tehsil Office, Shalimar Town",LWMC-ShTo,Loader Rickshaw,Door To Door Collection,moving,on,29.954,214.43,31.610323,74.381538,19/08/2026 10:44 AM,19/08/2026 11:03 AM,Reporting,Parked,12.56,False,UC-108,Wagha Town,Zone-13,Loader Rickshaw,Shalimar Town,False,2026-08-19
60969,LR-2378,LR2378,Lahore,"Tehsil Office, Shalimar Town",LWMC-ShTo,Loader Rickshaw,Door To Door Collection,moving,on,16.172,284.39,31.589264,74.345423,19/08/2026 10:58 AM,19/08/2026 11:00 AM,Reporting,Parked,11.49,False,UC-41,Shalimar Town,Zone-7,Loader Rickshaw,Shalimar Town,True,2026-08-19
61527,LR-2876,LR2876,Lahore,"Tehsil Office, Shalimar Town",LWMC-ShTo,Loader Rickshaw,Door To Door Collection,moving,on,12.912,163.38,31.610731,74.381558,19/08/2026 10:56 AM,19/08/2026 11:00 AM,Reporting,Parked,12.0,False,UC-108,Wagha Town,Zone-13,Loader Rickshaw,Shalimar Town,False,2026-08-19
23335,LR-0970,LR0970,Lahore,"Tehsil Office, Shalimar Town",LWMC-ShTo,Loader Rickshaw,Door To Door Collection,moving,on,23.882,130.05,31.592067,74.378186,19/08/2026 10:55 AM,19/08/2026 11:00 AM,Reporting,Parked,11.03,False,UC-130,Shalimar Town,Zone-10,Loader Rickshaw,Shalimar Town,True,2026-08-19
60948,SD-04,SD04,Lahore,"Tehsil Office, Shalimar Town",LWMC-ShTo,Dumper (10CM),Bulk Waste Collection,moving,on,54.769,192.43,31.58156,74.337798,19/08/2026 10:44 AM,19/08/2026 11:00 AM,Reporting,Excess Idling,25.46,False,UC-31,Shalimar Town,Zone-7,Dumper,Shalimar Town,True,2026-08-19
61630,LR-2790,LR2790,Lahore,"Tehsil Office, Shalimar Town",LWMC-ShTo,Loader Rickshaw,Door To Door Collection,still,off,17.703,218.26,31.604628,74.335349,19/08/2026 10:58 AM,19/08/2026 11:00 AM,Reporting,Parked,12.4,False,UC-27,Shalimar Town,Zone-6,Loader Rickshaw,Shalimar Town,True,2026-08-19
60605,S-32,S32,Lahore,"Tehsil Office, Shalimar Town",LWMC-ShTo,Mini Dumper,Door To Door Collection,moving,on,35.621,117.29,31.609197,74.37993,19/08/2026 10:42 AM,19/08/2026 11:00 AM,Reporting,Parked,12.1,False,UC-108,Wagha Town,Zone-13,Mini Dumper,Shalimar Town,False,2026-08-19
25270,LR-0357,LR0357,Lahore,"Tehsil Office, Shalimar Town",LWMC-ShTo,Loader Rickshaw,Door To Door Collection,moving,on,17.151,142.55,31.579589,74.346554,19/08/2026 10:46 AM,19/08/2026 11:00 AM,Reporting,Parked,11.59,False,UC-43,Shalimar Town,Zone-8,Loader Rickshaw,Shalimar Town,True,2026-08-19
60911,LR-1297,LR1297,Lahore,"Tehsil Office, Shalimar Town",LWMC-ShTo,Loader Rickshaw,Door To Door Collection,moving,on,15.964,345.96,31.594972,74.343659,19/08/2026 10:58 AM,19/08/2026 11:00 AM,Reporting,Parked,12.05,False,UC-40,Shalimar Town,Zone-7,Loader Rickshaw,Shalimar Town,True,2026-08-19
61609,LR-2103,LR2103,Lahore,"Tehsil Office, Shalimar Town",LWMC-ShTo,Loader Rickshaw,Door To Door Collection,moving,on,10.179,132.86,31.60436,74.349558,19/08/2026 10:32 AM,19/08/2026 11:00 AM,Reporting,Parked,11.28,False,UC-26,Shalimar Town,Zone-6,Loader Rickshaw,Shalimar Town,True,2026-08-19
60899,LR-1788,LR1788,Lahore,"Tehsil Office, Shalimar Town",LWMC-ShTo,Loader Rickshaw,Door To Door Collection,still,off,10.641,41.7,31.585157,74.337233,19/08/2026 10:08 AM,19/08/2026 11:00 AM,Reporting,Parked,11.74,False,UC-31,Shalimar Town,Zone-7,Loader Rickshaw,Shalimar Town,True,2026-08-19
62005,LR-2331,LR2331,Lahore,"Tehsil Office, Shalimar Town",LWMC-ShTo,Loader Rickshaw,Door To Door Collection,still,off,28.184,182.36,31.581373,74.388798,19/08/2026 10:56 AM,19/08/2026 11:00 AM,Reporting,Excess Idling,11.69,False,UC-154,Shalimar Town,Zone-10,Loader Rickshaw,Shalimar Town,True,2026-08-19
61832,LR-2063,LR2063,Lahore,"Tehsil Office, Shalimar Town",LWMC-ShTo,Loader Rickshaw,Door To Door Collection,still,off,16.748,180.66,31.588524,74.352955,19/08/2026 10:57 AM,19/08/2026 11:00 AM,Reporting,Parked,11.79,False,UC-167,Shalimar Town,Zone-8,Loader Rickshaw,Shalimar Town,True,2026-08-19
60844,S-110,S110,Lahore,"Tehsil Office, Shalimar Town",LWMC-ShTo,Mini Dumper,Door To Door Collection,still,off,26.131,115.18,31.586926,74.336343,19/08/2026 11:00 AM,19/08/2026 11:00 AM,Reporting,Parked,12.81,False,UC-31,Shalimar Town,Zone-7,Mini Dumper,Shalimar Town,True,2026-08-19
61599,S-396,S396,Lahore,"Tehsil Office, Shalimar Town",LWMC-ShTo,Mini Dumper,Door To Door Collection,moving,on,31.232,169.06,31.601943,74.347811,19/08/2026 10:51 AM,19/08/2026 11:00 AM,Reporting,Parked,12.1,False,UC-24,Shalimar Town,Zone-6,Mini Dumper,Shalimar Town,True,2026-08-19
19791,M-70,M70,Lahore,"Tehsil Office, Gulberg Town",LWMC-GuTo,Mini Dumper,Bulk Waste Collection,moving,on,72.423,253.98,31.507575,74.349893,19/08/2026 10:59 AM,19/08/2026 11:00 AM,Reporting,Parked,13.27,False,UC-202,Gulberg Town,Zone-21,Foton-Mini Dumper,Gulberg Town,True,2026-08-19
61294,LR-0613,LR0613,Lahore,"Tehsil Office, Gulberg Town",LWMC-GuTo,Loader Rickshaw,Door To Door Collection,moving,on,23.31,82.43,31.477725,74.345808,19/08/2026 10:54 AM,19/08/2026 11:00 AM,Reporting,Parked,11.74,False,UC-206,Gulberg Town,Zone-22,Loader Rickshaw,Gulberg Town,True,2026-08-19
19826,S-327,S327,Lahore,"Tehsil Office, Gulberg Town",LWMC-GuTo,Mini Dumper,Bulk Waste Collection,still,off,41.623,104.63,31.503719,74.344574,19/08/2026 10:59 AM,19/08/2026 11:00 AM,Reporting,Parked,13.22,False,UC-204,Gulberg Town,Zone-21,Mini Dumper,Gulberg Town,True,2026-08-19
22561,LR-1127,LR1127,Lahore,"Tehsil Office, Gulberg Town",LWMC-GuTo,Loader Rickshaw,Door To Door Collection,moving,on,17.585,138.63,31.495529,74.316667,19/08/2026 11:00 AM,19/08/2026 11:00 AM,Reporting,Parked,8.17,False,UC-209,Gulberg Town,Zone-23,Loader Rickshaw,Gulberg Town,True,2026-08-19
59750,D-17,D17,Lahore,"Tehsil Office, Gulberg Town",LWMC-GuTo,Dumper (10CM),Bulk Waste Collection,moving,on,30.464,482.98,31.609592,74.381892,19/08/2026 10:58 AM,19/08/2026 11:00 AM,Reporting,Parked,26.68,False,UC-108,Wagha Town,Zone-13,Dumper,Gulberg Town,False,2026-08-19
18562,C-1340,C1340,Lahore,"Tehsil Office, Gulberg Town",LWMC-GuTo,Compactor (13CM),Container-Based Collection,still,off,58.536,266.18,31.510991,74.343474,19/08/2026 10:57 AM,19/08/2026 11:00 AM,Reporting,Moving,28.26,False,UC-202,Gulberg Town,Zone-21,Compactor,Gulberg Town,True,2026-08-19
19790,M-69,M69,Lahore,"Tehsil Office, Gulberg Town",LWMC-GuTo,Mini Dumper,Bulk Waste Collection,moving,on,35.696,181.08,31.504797,74.339433,19/08/2026 10:56 AM,19/08/2026 11:00 AM,Reporting,Moving,14.55,False,UC-204,Gulberg Town,Zone-21,Foton-Mini Dumper,Gulberg Town,True,2026-08-19
59870,LD-07,LD07,Lahore,"Tehsil Office, Gulberg Town",LWMC-GuTo,Tractor Loader,Bulk Waste Collection,moving,on,12.236,73.88,31.518002,74.326075,19/08/2026 10:50 AM,19/08/2026 11:00 AM,Reporting,Parked,13.22,False,UC-208,Gulberg Town,Zone-23,Loader,Gulberg Town,True,2026-08-19
18561,C-1356,C1356,Lahore,"Tehsil Office, Gulberg Town",LWMC-GuTo,Compactor (13CM),Container-Based Collection,moving,on,68.322,342.41,31.477732,74.342919,19/08/2026 10:57 AM,19/08/2026 11:00 AM,Reporting,Idle,28.01,False,UC-206,Gulberg Town,Zone-22,Compactor,Gulberg Town,True,2026-08-19
19813,S-329,S329,Lahore,"Tehsil Office, Gulberg Town",LWMC-GuTo,Mini Dumper,Bulk Waste Collection,moving,on,43.749,131.58,31.555556,74.345633,19/08/2026 10:58 AM,19/08/2026 11:00 AM,Reporting,Parked,12.71,False,UC-173,Gulberg Town,Zone-20,Mini Dumper,Gulberg Town,True,2026-08-19
-,LR-3115,LR3115,Lahore,"Tehsil Office, Gulberg Town",LWMC-GuTo,-,-,moving,on,21.15,84.98,31.320607,74.411854,19/08/2026 10:58 AM,19/08/2026 11:00 AM,Reporting,Parked,11.23,False,UC-253,Nishter Town,Zone-49,,Gulberg Town,False,2026-08-19
18566,C-1338,C1338,Lahore,"Tehsil Office, Gulberg Town",LWMC-GuTo,Compactor (13CM),Container-Based Collection,still,off,52.627,317.21,31.563071,74.346335,19/08/2026 10:58 AM,19/08/2026 11:00 AM,Reporting,Moving,27.81,False,UC-123,Gulberg Town,Zone-19,Compactor,Gulberg Town,True,2026-08-19
59730,D-22,D22,Lahore,"Tehsil Office, Gulberg Town",LWMC-GuTo,Dumper (10CM),Bulk Waste Collection,moving,on,40.083,151.18,31.587782,74.404223,19/08/2026 10:59 AM,19/08/2026 11:00 AM,Reporting,Moving,27.14,False,UC-138,Wagha Town,Zone-12,Dumper,Gulberg Town,False,2026-08-19
19803,M-47,M47,Lahore,"Tehsil Office, Gulberg Town",LWMC-GuTo,Mini Dumper,Bulk Waste Collection,moving,on,31.074,161.8,31.50289,74.327127,19/08/2026 10:59 AM,19/08/2026 11:00 AM,Reporting,Parked,13.17,False,UC-208,Gulberg Town,Zone-23,Foton-Mini Dumper,Gulberg Town,True,2026-08-19
19810,M-1,M1,Lahore,"Tehsil Office, Gulberg Town",LWMC-GuTo,Mini Dumper,Bulk Waste Collection,still,off,31.309,149.15,31.456094,74.33722,19/08/2026 10:57 AM,19/08/2026 11:00 AM,Reporting,Parked,14.24,False,UC-228,Nishter Town,Zone-44,Foton-Mini Dumper,Gulberg Town,False,2026-08-19
22564,LR-1130,LR1130,Lahore,"Tehsil Office, Gulberg Town",LWMC-GuTo,Loader Rickshaw,Door To Door Collection,moving,on,15.645,93.38,31.502829,74.32693,19/08/2026 10:59 AM,19/08/2026 11:00 AM,Reporting,Parked,11.89,False,UC-208,Gulberg Town,Zone-23,,Gulberg Town,True,2026-08-19
60864,LR-1133,LR1133,Lahore,"Tehsil Office, Gulberg Town",LWMC-GuTo,Loader Rickshaw,Door To Door Collection,moving,on,31.506,325.81,31.472534,74.311742,19/08/2026 10:59 AM,19/08/2026 11:00 AM,Reporting,Parked,11.79,False,UC-210,Gulberg Town,Zone-23,Loader Rickshaw,Gulberg Town,True,2026-08-19
22536,LR-1147,LR1147,Lahore,"Tehsil Office, Gulberg Town",LWMC-GuTo,Loader Rickshaw,Door To Door Collection,still,off,,,31.532981,74.360729,19/08/2026 09:40 AM,19/08/2026 11:00 AM,Reporting,No Activity Since Yesterday,12.45,False,UC-200,Gulberg Town,Zone-20,Loader Rickshaw,Gulberg Town,True,2026-08-19
19794,S-276,S276,Lahore,"Tehsil Office, Gulberg Town",LWMC-GuTo,Mini Dumper,Bulk Waste Collection,still,off,25.293,115.29,31.508591,74.352906,19/08/2026 10:46 AM,19/08/2026 11:00 AM,Reporting,Parked,13.47,False,UC-202,Gulberg Town,Zone-21,Mini Dumper,Gulberg Town,True,2026-08-19
60768,LR-2577,LR2577,Lahore,"Tehsil Office, Gulberg Town",LWMC-GuTo,Loader Rickshaw,Door To Door Collection,still,off,26.373,94.33,31.496909,74.35449,19/08/2026 10:58 AM,19/08/2026 11:00 AM,Reporting,Parked,12.66,False,UC-205,Gulberg Town,Zone-21,Loader Rickshaw,Gulberg Town,True,2026-08-19
22587,LR-0988,LR0988,Lahore,"Tehsil Office, Gulberg Town",LWMC-GuTo,Loader Rickshaw,Door To Door Collection,moving,on,25.456,313.05,31.460153,74.333788,19/08/2026 10:58 AM,19/08/2026 11:00 AM,Reporting,Parked,11.49,False,UC-225,Gulberg Town,Zone-22,Loader Rickshaw,Gulberg Town,True,2026-08-19
22509,LR-0515,LR0515,Lahore,"Tehsil Office, Gulberg Town",LWMC-GuTo,Loader Rickshaw,Door To Door Collection,still,off,30.139,298.38,31.56394,74.349351,19/08/2026 10:58 AM,19/08/2026 11:00 AM,Reporting,Parked,12.0,False,UC-124,Gulberg Town,Zone-19,Loader Rickshaw,Gulberg Town,True,2026-08-19
61125,LR-3064,LR3064,Lahore,"Tehsil Office, Gulberg Town",LWMC-GuTo,Loader Rickshaw,Door To Door Collection,moving,on,14.39,74.13,31.469118,74.337527,19/08/2026 10:59 AM,19/08/2026 11:00 AM,Reporting,Parked,12.0,False,UC-226,Gulberg Town,Zone-22,,Gulberg Town,True,2026-08-19
-,LR-3116,LR3116,Lahore,"Tehsil Office, Gulberg Town",LWMC-GuTo,-,-,still,off,11.149,172.66,31.385954,74.364603,19/08/2026 10:59 AM,19/08/2026 11:00 AM,Reporting,Parked,11.43,False,UC-244,Nishter Town,Zone-48,,Gulberg Town,False,2026-08-19
22579,LR-0658,LR0658,Lahore,"Tehsil Office, Gulberg Town",LWMC-GuTo,Loader Rickshaw,Door To Door Collection,still,off,,,31.533045,74.360733,19/08/2026 09:59 AM,19/08/2026 11:00 AM,Reporting,No Activity Since Yesterday,11.08,False,UC-200,Gulberg Town,Zone-20,Loader Rickshaw,Gulberg Town,True,2026-08-19
22572,LR-1043,LR1043,Lahore,"Tehsil Office, Gulberg Town",LWMC-GuTo,Loader Rickshaw,Door To Door Collection,moving,on,38.954,344.16,31.485751,74.305391,19/08/2026 10:59 AM,19/08/2026 11:00 AM,Reporting,Excess Idling,12.35,False,UC-211,Gulberg Town,Zone-23,Loader Rickshaw,Gulberg Town,True,2026-08-19
61174,LR-1941,LR1941,Lahore,"Tehsil Office, Gulberg Town",LWMC-GuTo,Loader Rickshaw,Door To Door Collection,moving,on,21.577,194.13,31.466417,74.330987,19/08/2026 10:59 AM,19/08/2026 11:00 AM,Reporting,Parked,12.71,False,UC-224,Gulberg Town,Zone-22,Loader Rickshaw,Gulberg Town,True,2026-08-19
19797,S-119,S119,Lahore,"Tehsil Office, Gulberg Town",LWMC-GuTo,Mini Dumper,Bulk Waste Collection,moving,on,41.99,301.5,31.565813,74.369979,19/08/2026 10:58 AM,19/08/2026 11:00 AM,Reporting,Parked,11.59,False,UC-120,Gulberg Town,Zone-19,Mini Dumper,Gulberg Town,True,2026-08-19
19836,S-113,S113,Lahore,"Tehsil Office, Gulberg Town",LWMC-GuTo,Mini Dumper,Bulk Waste Collection,still,off,29.445,154.46,31.507273,74.329915,19/08/2026 10:59 AM,19/08/2026 11:00 AM,Reporting,Parked,11.74,False,UC-208,Gulberg Town,Zone-23,Mini Dumper,Gulberg Town,True,2026-08-19
18568,C-1351,C1351,Lahore,"Tehsil Office, Gulberg Town",LWMC-GuTo,Compactor (13CM),Container-Based Collection,moving,on,49.084,291.66,31.587043,74.404589,19/08/2026 10:58 AM,19/08/2026 11:00 AM,Reporting,Excess Idling,24.8,False,UC-139,Aziz Bhatti Town,Zone-15,Compactor,Gulberg Town,False,2026-08-19
22519,LR-1142,LR1142,Lahore,"Tehsil Office, Gulberg Town",LWMC-GuTo,Loader Rickshaw,Door To Door Collection,still,off,27.99,316.13,31.565511,74.340903,19/08/2026 10:58 AM,19/08/2026 11:00 AM,Reporting,Parked,11.03,False,UC-172,Gulberg Town,Zone-20,Loader Rickshaw,Gulberg Town,True,2026-08-19
60465,LR-1560,LR1560,Lahore,"Tehsil Office, Gulberg Town",LWMC-GuTo,Loader Rickshaw,Door To Door Collection,still,off,20.019,328.1,31.568491,74.357535,19/08/2026 10:57 AM,19/08/2026 11:00 AM,Reporting,Excess Idling,12.35,False,UC-123,Gulberg Town,Zone-19,Loader Rickshaw,Gulberg Town,True,2026-08-19
22530,LR-0983,LR0983,Lahore,"Tehsil Office, Gulberg Town",LWMC-GuTo,Loader Rickshaw,Door To Door Collection,still,off,12.651,162.68,31.530643,74.343284,19/08/2026 10:59 AM,19/08/2026 11:00 AM,Reporting,Parked,11.74,False,UC-200,Gulberg Town,Zone-20,Loader Rickshaw,Gulberg Town,True,2026-08-19
19811,S-191,S191,Lahore,"Tehsil Office, Gulberg Town",LWMC-GuTo,Mini Dumper,Bulk Waste Collection,moving,on,29.624,113.66,31.462403,74.329297,19/08/2026 10:18 AM,19/08/2026 11:00 AM,Reporting,Moving,12.05,False,UC-225,Gulberg Town,Zone-22,Mini Dumper,Gulberg Town,True,2026-08-19
61123,LR-1989,LR1989,Lahore,"Tehsil Office, Gulberg Town",LWMC-GuTo,Loader Rickshaw,Door To Door Collection,moving,on,19.768,131.05,31.468263,74.337555,19/08/2026 10:49 AM,19/08/2026 11:00 AM,Reporting,Parked,12.35,False,UC-226,Gulberg Town,Zone-22,Loader Rickshaw,Gulberg Town,True,2026-08-19
19814,S-252,S252,Lahore,"Tehsil Office, Gulberg Town",LWMC-GuTo,Mini Dumper,Bulk Waste Collection,moving,on,38.395,149.56,31.529883,74.356947,19/08/2026 10:56 AM,19/08/2026 11:00 AM,Reporting,Parked,13.73,False,UC-201,Gulberg Town,Zone-21,Mini Dumper,Gulberg Town,True,2026-08-19
22541,LR-1034,LR1034,Lahore,"Tehsil Office, Gulberg Town",LWMC-GuTo,Loader Rickshaw,Door To Door Collection,moving,on,20.409,281.71,31.506795,74.332464,19/08/2026 10:57 AM,19/08/2026 11:00 AM,Reporting,Excess Idling,11.94,False,UC-203,Gulberg Town,Zone-21,Loader Rickshaw,Gulberg Town,True,2026-08-19
22538,LR-1031,LR1031,Lahore,"Tehsil Office, Gulberg Town",LWMC-GuTo,Loader Rickshaw,Door To Door Collection,still,off,20.741,327.93,31.507198,74.333187,19/08/2026 10:58 AM,19/08/2026 11:00 AM,Reporting,Parked,12.25,False,UC-203,Gulberg Town,Zone-21,Loader Rickshaw,Gulberg Town,True,2026-08-19
19827,M-23,M23,Lahore,"Tehsil Office, Gulberg Town",LWMC-GuTo,Mini Dumper,Bulk Waste Collection,moving,on,31.971,104.31,31.465713,74.333541,19/08/2026 10:32 AM,19/08/2026 11:00 AM,Reporting,Parked,12.45,False,UC-226,Gulberg Town,Zone-22,Foton-Mini Dumper,Gulberg Town,True,2026-08-19
18560,C-1341,C1341,Lahore,"Tehsil Office, Gulberg Town",LWMC-GuTo,Compactor (13CM),Container-Based Collection,still,off,22.702,603.29,31.570142,74.329767,19/08/2026 10:58 AM,19/08/2026 11:00 AM,Reporting,Moving,28.52,False,UC-170,DGBT,Zone-24,Compactor,Gulberg Town,False,2026-08-19
18564,C-1337,C1337,Lahore,"Tehsil Office, Gulberg Town",LWMC-GuTo,Compactor (13CM),Container-Based Collection,still,off,0.003,1.69,31.478231,74.344047,19/08/2026 09:41 AM,19/08/2026 11:00 AM,Reporting,No Activity Since Yesterday,24.85,False,UC-206,Gulberg Town,Zone-22,Compactor,Gulberg Town,True,2026-08-19
19808,M-81,M81,Lahore,"Tehsil Office, Gulberg Town",LWMC-GuTo,Mini Dumper,Bulk Waste Collection,still,off,45.494,160.75,31.538432,74.356389,19/08/2026 10:38 AM,19/08/2026 11:00 AM,Reporting,Parked,12.2,False,UC-185,Gulberg Town,Zone-20,Foton-Mini Dumper,Gulberg Town,True,2026-08-19
19809,S-190,S190,Lahore,"Tehsil Office, Gulberg Town",LWMC-GuTo,Mini Dumper,Bulk Waste Collection,moving,on,22.607,306.14,31.525651,74.345182,19/08/2026 10:58 AM,19/08/2026 11:00 AM,Reporting,Parked,12.71,False,UC-200,Gulberg Town,Zone-20,Mini Dumper,Gulberg Town,True,2026-08-19
22563,LR-1129,LR1129,Lahore,"Tehsil Office, Gulberg Town",LWMC-GuTo,Loader Rickshaw,Door To Door Collection,still,off,28.771,306.05,31.484118,74.310881,19/08/2026 10:57 AM,19/08/2026 11:00 AM,Reporting,Parked,12.15,False,UC-209,Gulberg Town,Zone-23,Loader Rickshaw,Gulberg Town,True,2026-08-19
18460,CA-118,CA118,Lahore,"Tehsil Office, Gulberg Town",LWMC-GuTo,Chain Arm Roll,Container-Based Collection,moving,on,118.568,261.08,31.477397,74.344626,19/08/2026 10:48 AM,19/08/2026 11:00 AM,Reporting,Parked,26.73,False,UC-206,Gulberg Town,Zone-22,Chain Arm Roll,Gulberg Town,True,2026-08-19
61507,LR-1572,LR1572,Lahore,"Tehsil Office, Gulberg Town",LWMC-GuTo,Loader Rickshaw,Door To Door Collection,moving,on,21.868,119.06,31.565654,74.347041,19/08/2026 10:05 AM,19/08/2026 11:00 AM,Reporting,Parked,12.1,False,UC-123,Gulberg Town,Zone-19,Loader Rickshaw,Gulberg Town,True,2026-08-19
18463,CA-113,CA113,Lahore,"Tehsil Office, Gulberg Town",LWMC-GuTo,Chain Arm Roll,Container-Based Collection,moving,on,85.276,297.35,31.513233,74.354784,19/08/2026 10:58 AM,19/08/2026 11:00 AM,Reporting,Moving,28.11,False,UC-201,Gulberg Town,Zone-21,Chain Arm Roll,Gulberg Town,True,2026-08-19
18462,CA-172,CA172,Lahore,"Tehsil Office, Gulberg Town",LWMC-GuTo,Chain Arm Roll,Container-Based Collection,moving,on,99.934,253.61,31.609174,74.396637,19/08/2026 10:58 AM,19/08/2026 11:00 AM,Reporting,Parked,27.81,False,UC-108,Wagha Town,Zone-13,Chain Arm Roll,Gulberg Town,False,2026-08-19
19823,S-11,S11,Lahore,"Tehsil Office, Gulberg Town",LWMC-GuTo,Mini Dumper,Bulk Waste Collection,moving,on,37.068,107.75,31.570534,74.344935,19/08/2026 10:56 AM,19/08/2026 11:00 AM,Reporting,Moving,14.29,False,UC-118,Gulberg Town,Zone-19,Mini Dumper,Gulberg Town,True,2026-08-19
18671,C-735,C735,Lahore,"Tehsil Office, Gulberg Town",LWMC-GuTo,Compactor (7CM),Container-Based Collection,moving,on,65.171,337.19,31.609351,74.380731,19/08/2026 10:59 AM,19/08/2026 11:00 AM,Reporting,Moving,24.64,False,UC-108,Wagha Town,Zone-13,Compactor,Gulberg Town,False,2026-08-19
-,S-360,S360,Lahore,"Tehsil Office, Gulberg Town",LWMC-GuTo,-,-,moving,on,28.745,125.81,31.568118,74.371191,19/08/2026 10:14 AM,19/08/2026 11:00 AM,Reporting,Parked,14.24,False,UC-120,Gulberg Town,Zone-19,Mini Dumper,Gulberg Town,True,2026-08-19
59874,D-10,D10,Lahore,"Tehsil Office, Gulberg Town",LWMC-GuTo,Dumper (10CM),Bulk Waste Collection,still,off,,,31.478509,74.343887,19/08/2026 10:18 AM,19/08/2026 11:00 AM,Reporting,No Activity Since Yesterday,24.59,False,UC-206,Gulberg Town,Zone-22,Dumper,Gulberg Town,True,2026-08-19
19792,S-275,S275,Lahore,"Tehsil Office, Gulberg Town",LWMC-GuTo,Mini Dumper,Bulk Waste Collection,still,off,0.123,206.5,31.478669,74.343826,19/08/2026 10:08 AM,19/08/2026 11:00 AM,Reporting,No Activity Since Yesterday,11.64,False,UC-206,Gulberg Town,Zone-22,Mini Dumper,Gulberg Town,True,2026-08-19
60443,MFL-48,MFL48,Lahore,"Tehsil Office, Gulberg Town",LWMC-GuTo,Tractor Loader,Bulk Waste Collection,still,off,7.943,299.14,31.465829,74.338531,19/08/2026 10:57 AM,19/08/2026 11:00 AM,Reporting,Parked,12.71,False,UC-226,Gulberg Town,Zone-22,Loader,Nishter Town,False,2026-08-19
22589,LR-0990,LR0990,Lahore,"Tehsil Office, Gulberg Town",LWMC-GuTo,Loader Rickshaw,Door To Door Collection,still,off,26.885,174.19,31.459608,74.328251,19/08/2026 10:27 AM,19/08/2026 11:00 AM,Reporting,Parked,11.69,False,UC-225,Gulberg Town,Zone-22,Loader Rickshaw,Gulberg Town,True,2026-08-19
59656,LR-3059,LR3059,Lahore,"Tehsil Office, Gulberg Town",LWMC-GuTo,Loader Rickshaw,Door To Door Collection,moving,on,28.72,195.06,31.459117,74.339199,19/08/2026 10:57 AM,19/08/2026 11:00 AM,Reporting,Parked,11.94,False,UC-228,Nishter Town,Zone-44,,Gulberg Town,False,2026-08-19
60044,D-56,D56,Lahore,"Tehsil Office, Gulberg Town",LWMC-GuTo,Dumper (7CM),Bulk Waste Collection,moving,on,81.914,188.03,31.585351,74.389494,19/08/2026 10:48 AM,19/08/2026 11:00 AM,Reporting,Moving,27.6,False,UC-131,Wagha Town,Zone-11,Dumper,Gulberg Town,False,2026-08-19
-,C-1355,C1355,Lahore,"Tehsil Office, Gulberg Town",LWMC-GuTo,-,-,still,off,15.504,160.48,31.52652,74.355905,19/08/2026 10:45 AM,19/08/2026 11:00 AM,Reporting,Moving,28.21,False,UC-201,Gulberg Town,Zone-21,Compactor,Gulberg Town,True,2026-08-19
19807,M-21,M21,Lahore,"Tehsil Office, Gulberg Town",LWMC-GuTo,Mini Dumper,Bulk Waste Collection,still,off,29.935,180.03,31.499881,74.357174,19/08/2026 10:15 AM,19/08/2026 11:00 AM,Reporting,Parked,14.39,False,UC-204,Gulberg Town,Zone-21,Foton-Mini Dumper,Gulberg Town,True,2026-08-19
59318,LR-0639,LR0639,Lahore,"Tehsil Office, Gulberg Town",LWMC-GuTo,Loader Rickshaw,Door To Door Collection,moving,on,18.815,76.63,31.540926,74.346908,19/08/2026 10:20 AM,19/08/2026 11:00 AM,Reporting,Parked,11.74,False,UC-200,Gulberg Town,Zone-20,Loader Rickshaw,Gulberg Town,True,2026-08-19
60678,LR-1714,LR1714,Lahore,"Tehsil Office, Gulberg Town",LWMC-GuTo,Loader Rickshaw,Door To Door Collection,moving,on,27.637,156.69,31.494465,74.357188,19/08/2026 11:00 AM,19/08/2026 11:00 AM,Reporting,Parked,12.76,False,UC-205,Gulberg Town,Zone-21,Loader Rickshaw,Gulberg Town,True,2026-08-19
59955,LD-05,LD05,Lahore,"Tehsil Office, Gulberg Town",LWMC-GuTo,Tractor Loader,Bulk Waste Collection,moving,on,20.65,147.3,31.512378,74.334788,19/08/2026 10:58 AM,19/08/2026 11:00 AM,Reporting,Parked,13.98,False,UC-203,Gulberg Town,Zone-21,Loader,Gulberg Town,True,2026-08-19
61236,LR-1716,LR1716,Lahore,"Tehsil Office, Gulberg Town",LWMC-GuTo,Loader Rickshaw,Door To Door Collection,moving,on,28.465,156.91,31.495734,74.354857,19/08/2026 10:45 AM,19/08/2026 11:00 AM,Reporting,Parked,11.64,False,UC-205,Gulberg Town,Zone-21,Loader Rickshaw,Gulberg Town,True,2026-08-19
61411,LR-1581,LR1581,Lahore,"Tehsil Office, Gulberg Town",LWMC-GuTo,Loader Rickshaw,Door To Door Collection,moving,on,15.916,63.01,31.557403,74.353207,19/08/2026 10:52 AM,19/08/2026 11:00 AM,Reporting,Parked,11.49,False,UC-124,Gulberg Town,Zone-19,Loader Rickshaw,Gulberg Town,True,2026-08-19
-,LR-3095,LR3095,Lahore,"Tehsil Office, Gulberg Town",LWMC-GuTo,-,-,still,off,,,31.368016,74.365073,19/08/2026 09:57 AM,19/08/2026 11:00 AM,Reporting,No Activity Since Yesterday,11.84,False,UC-248,Nishter Town,Zone-49,,Gulberg Town,False,2026-08-19
59596,LR-1997,LR1997,Lahore,"Tehsil Office, Gulberg Town",LWMC-GuTo,Loader Rickshaw,Door To Door Collection,still,off,24.193,154.53,31.458802,74.332605,19/08/2026 10:59 AM,19/08/2026 11:00 AM,Reporting,Parked,12.56,False,UC-225,Gulberg Town,Zone-22,Loader Rickshaw,Gulberg Town,True,2026-08-19
-,C-721,C721,Lahore,"Tehsil Office, Gulberg Town",LWMC-GuTo,-,-,still,off,,,31.47842,74.343922,19/08/2026 09:46 AM,19/08/2026 11:00 AM,Reporting,No Activity Since Yesterday,24.24,False,UC-206,Gulberg Town,Zone-22,Compactor,Gulberg Town,True,2026-08-19
61126,LR-3062,LR3062,Lahore,"Tehsil Office, Gulberg Town",LWMC-GuTo,Loader Rickshaw,Door To Door Collection,moving,on,16.819,91.76,31.461223,74.340252,19/08/2026 10:58 AM,19/08/2026 11:00 AM,Reporting,Parked,12.25,False,UC-227,Nishter Town,Zone-44,,Gulberg Town,False,2026-08-19
18668,C-739,C739,Lahore,"Tehsil Office, Gulberg Town",LWMC-GuTo,Compactor (7CM),Container-Based Collection,still,off,64.469,261.25,31.523343,74.343907,19/08/2026 10:53 AM,19/08/2026 11:00 AM,Reporting,Moving,27.96,False,UC-200,Gulberg Town,Zone-20,Compactor,Nishter Town,False,2026-08-19
59877,D-48,D48,Lahore,"Tehsil Office, Gulberg Town",LWMC-GuTo,Dumper (7CM),Bulk Waste Collection,moving,on,45.448,215.66,31.52574,74.331974,19/08/2026 10:57 AM,19/08/2026 11:00 AM,Reporting,Moving,27.96,False,UC-199,DGBT,Zone-26,Dumper,Gulberg Town,False,2026-08-19
60823,LR-2576,LR2576,Lahore,"Tehsil Office, Gulberg Town",LWMC-GuTo,Loader Rickshaw,Door To Door Collection,still,off,32.64,286.73,31.501228,74.352308,19/08/2026 10:57 AM,19/08/2026 11:00 AM,Reporting,Parked,13.02,False,UC-204,Gulberg Town,Zone-21,Loader Rickshaw,Gulberg Town,True,2026-08-19
19806,M-74,M74,Lahore,"Tehsil Office, Gulberg Town",LWMC-GuTo,Mini Dumper,Bulk Waste Collection,moving,on,38.045,198.03,31.506242,74.346825,19/08/2026 10:36 AM,19/08/2026 11:00 AM,Reporting,Parked,12.25,False,UC-203,Gulberg Town,Zone-21,Foton-Mini Dumper,Gulberg Town,True,2026-08-19
61317,LR-1999,LR1999,Lahore,"Tehsil Office, Gulberg Town",LWMC-GuTo,Loader Rickshaw,Door To Door Collection,moving,on,13.839,64.78,31.577113,74.371289,19/08/2026 10:45 AM,19/08/2026 11:00 AM,Reporting,Moving,12.61,False,UC-120,Gulberg Town,Zone-19,Loader Rickshaw,Gulberg Town,True,2026-08-19
59662,LR-1991,LR1991,Lahore,"Tehsil Office, Gulberg Town",LWMC-GuTo,Loader Rickshaw,Door To Door Collection,still,off,26.753,297.78,31.462224,74.33576,19/08/2026 10:58 AM,19/08/2026 11:00 AM,Reporting,Parked,12.4,False,UC-226,Gulberg Town,Zone-22,Loader Rickshaw,Gulberg Town,True,2026-08-19
-,LR-3105,LR3105,Lahore,"Tehsil Office, Gulberg Town",LWMC-GuTo,-,-,still,off,20.35,147.83,31.370916,74.370432,19/08/2026 10:58 AM,19/08/2026 11:00 AM,Reporting,Parked,12.35,False,UC-247,Nishter Town,Zone-48,,Gulberg Town,False,2026-08-19
-,LR-3103,LR3103,Lahore,"Tehsil Office, Gulberg Town",LWMC-GuTo,-,-,moving,on,19.801,335.43,31.377862,74.364508,19/08/2026 10:57 AM,19/08/2026 11:00 AM,Reporting,Excess Idling,10.21,False,,,,,Gulberg Town,False,2026-08-19
22526,LR-1140,LR1140,Lahore,"Tehsil Office, Gulberg Town",LWMC-GuTo,Loader Rickshaw,Door To Door Collection,still,off,,,31.532576,74.360755,19/08/2026 09:35 AM,19/08/2026 11:00 AM,Reporting,No Activity Since Yesterday,10.62,False,UC-200,Gulberg Town,Zone-20,Loader Rickshaw,Gulberg Town,True,2026-08-19
22542,LR-1035,LR1035,Lahore,"Tehsil Office, Gulberg Town",LWMC-GuTo,Loader Rickshaw,Door To Door Collection,still,off,26.268,293.63,31.457647,74.338356,19/08/2026 10:59 AM,19/08/2026 11:00 AM,Reporting,Excess Idling,11.74,False,UC-228,Nishter Town,Zone-44,Loader Rickshaw,Gulberg Town,False,2026-08-19
-,LR-1934,LR1934,Lahore,"Tehsil Office, Gulberg Town",LWMC-GuTo,-,-,still,off,,,31.367935,74.36458,19/08/2026 09:44 AM,19/08/2026 11:00 AM,Reporting,Moving,13.07,False,UC-248,Nishter Town,Zone-49,Loader Rickshaw,Gulberg Town,False,2026-08-19
-,C-1353,C1353,Lahore,"Tehsil Office, Gulberg Town",LWMC-GuTo,-,-,moving,on,20.033,215.91,31.511536,74.318572,19/08/2026 10:58 AM,19/08/2026 11:00 AM,Reporting,Parked,25.26,False,UC-216,Samnabad Town,Zone-35,Compactor,Gulberg Town,False,2026-08-19
61414,LR-2580,LR2580,Lahore,"Tehsil Office, Gulberg Town",LWMC-GuTo,Loader Rickshaw,Door To Door Collection,still,off,37.85,134.58,31.557064,74.353316,19/08/2026 11:00 AM,19/08/2026 11:00 AM,Reporting,Parked,12.42,False,UC-173,Gulberg Town,Zone-20,Loader Rickshaw,Gulberg Town,True,2026-08-19
18558,C-1323,C1323,Lahore,"Tehsil Office, Gulberg Town",LWMC-GuTo,Compactor (13CM),Container-Based Collection,moving,on,47.512,186.81,31.491592,74.336721,19/08/2026 10:57 AM,19/08/2026 11:00 AM,Reporting,Moving,24.18,False,UC-207,Gulberg Town,Zone-23,Compactor,Gulberg Town,True,2026-08-19
19829,M-71,M71,Lahore,"Tehsil Office, Gulberg Town",LWMC-GuTo,Mini Dumper,Bulk Waste Collection,moving,on,38.253,168.43,31.496819,74.317711,19/08/2026 10:54 AM,19/08/2026 11:00 AM,Reporting,Parked,12.71,False,UC-209,Gulberg Town,Zone-23,Foton-Mini Dumper,Gulberg Town,True,2026-08-19
60764,LR-2574,LR2574,Lahore,"Tehsil Office, Gulberg Town",LWMC-GuTo,Loader Rickshaw,Door To Door Collection,moving,on,38.257,218.88,31.515072,74.336924,19/08/2026 10:57 AM,19/08/2026 11:00 AM,Reporting,Parked,11.74,False,UC-203,Gulberg Town,Zone-21,Loader Rickshaw,Gulberg Town,True,2026-08-19
18565,C-1318,C1318,Lahore,"Tehsil Office, Gulberg Town",LWMC-GuTo,Compactor (13CM),Container-Based Collection,moving,on,74.533,325.68,31.466062,74.310768,19/08/2026 10:57 AM,19/08/2026 11:00 AM,Reporting,Idle,24.59,False,UC-210,Gulberg Town,Zone-23,Compactor,Gulberg Town,True,2026-08-19
59905,MFL-23,MFL23,Lahore,"Tehsil Office, Gulberg Town",LWMC-GuTo,Tractor Loader,Bulk Waste Collection,still,off,12.104,326.81,31.527249,74.334511,19/08/2026 10:58 AM,19/08/2026 11:00 AM,Reporting,Excess Idling,12.81,False,UC-200,Gulberg Town,Zone-20,Loader,Gulberg Town,True,2026-08-19
60790,LR-3053,LR3053,Lahore,"Tehsil Office, Gulberg Town",LWMC-GuTo,Loader Rickshaw,Door To Door Collection,moving,on,20.867,103.0,31.489855,74.344319,19/08/2026 10:58 AM,19/08/2026 11:00 AM,Reporting,Parked,11.94,False,UC-206,Gulberg Town,Zone-22,,Gulberg Town,True,2026-08-19
22506,LR-0502,LR0502,Lahore,"Tehsil Office, Gulberg Town",LWMC-GuTo,Loader Rickshaw,Door To Door Collection,still,off,,,31.532916,74.360719,19/08/2026 10:12 AM,19/08/2026 11:00 AM,Reporting,No Activity Since Yesterday,11.79,False,UC-200,Gulberg Town,Zone-20,Loader Rickshaw,Gulberg Town,True,2026-08-19
-,LR-3109,LR3109,Lahore,"Tehsil Office, Gulberg Town",LWMC-GuTo,-,-,moving,on,12.21,96.71,31.36767,74.368824,19/08/2026 10:51 AM,19/08/2026 11:00 AM,Reporting,Parked,12.25,False,UC-247,Nishter Town,Zone-48,,Gulberg Town,False,2026-08-19
-,M-02,M02,Lahore,"Tehsil Office, Gulberg Town",LWMC-GuTo,-,-,moving,on,45.208,138.4,31.563138,74.385578,19/08/2026 10:58 AM,19/08/2026 11:00 AM,Reporting,Parked,12.86,False,UC-184,Aziz Bhatti Town,Zone-18,Foton-Mini Dumper,Gulberg Town,False,2026-08-19
59809,SD-17,SD17,Lahore,"Tehsil Office, Gulberg Town",LWMC-GuTo,Dumper (10CM),Bulk Waste Collection,moving,on,46.118,315.3,31.603746,74.400256,19/08/2026 10:59 AM,19/08/2026 11:00 AM,Reporting,Parked,27.65,False,,,,Dumper,Gulberg Town,False,2026-08-19
-,WBR-22,WBR22,Lahore,"Tehsil Office, Gulberg Town",LWMC-GuTo,-,-,still,off,21.756,93.18,31.483454,74.294652,19/08/2026 10:15 AM,19/08/2026 11:00 AM,Reporting,Parked,11.69,False,UC-220,Allama Iqbal Town,Zone-39,,Gulberg Town,False,2026-08-19
22534,LR-1145,LR1145,Lahore,"Tehsil Office, Gulberg Town",LWMC-GuTo,Loader Rickshaw,Door To Door Collection,moving,on,13.956,66.34,31.525045,74.358121,19/08/2026 10:27 AM,19/08/2026 11:00 AM,Reporting,Parked,11.54,False,UC-201,Gulberg Town,Zone-21,Loader Rickshaw,Gulberg Town,True,2026-08-19
19819,M-37,M37,Lahore,"Tehsil Office, Gulberg Town",LWMC-GuTo,Mini Dumper,Bulk Waste Collection,moving,on,45.017,152.5,31.504107,74.331992,19/08/2026 10:59 AM,19/08/2026 11:00 AM,Reporting,Idle,11.49,False,UC-203,Gulberg Town,Zone-21,Foton-Mini Dumper,Gulberg Town,True,2026-08-19
61247,LR-2569,LR2569,Lahore,"Tehsil Office, Gulberg Town",LWMC-GuTo,Loader Rickshaw,Door To Door Collection,moving,on,18.162,89.01,31.522687,74.354464,19/08/2026 10:55 AM,19/08/2026 11:00 AM,Reporting,Parked,12.3,False,UC-201,Gulberg Town,Zone-21,Loader Rickshaw,Gulberg Town,True,2026-08-19
59911,HA-28,HA28,Lahore,"Tehsil Office, Gulberg Town",LWMC-GuTo,Arm Roll Truck,Bulk Waste Collection,moving,on,69.527,248.58,31.585212,74.387923,19/08/2026 10:57 AM,19/08/2026 11:00 AM,Reporting,Parked,25.2,False,UC-131,Wagha Town,Zone-11,Arm Roll,Gulberg Town,False,2026-08-19
61490,LR-3097,LR3097,Lahore,"Tehsil Office, Gulberg Town",LWMC-GuTo,Loader Rickshaw,Door To Door Collection,still,off,,,31.532279,74.360713,19/08/2026 09:43 AM,19/08/2026 11:00 AM,Reporting,Parked,12.45,False,UC-200,Gulberg Town,Zone-20,,Gulberg Town,True,2026-08-19
-,LR-3094,LR3094,Lahore,"Tehsil Office, Gulberg Town",LWMC-GuTo,-,-,still,off,17.256,156.16,31.388337,74.35822,19/08/2026 10:59 AM,19/08/2026 11:00 AM,Reporting,Parked,12.25,False,UC-244,Nishter Town,Zone-48,,Gulberg Town,False,2026-08-19
22508,LR-0514,LR0514,Lahore,"Tehsil Office, Gulberg Town",LWMC-GuTo,Loader Rickshaw,Door To Door Collection,moving,on,28.084,166.78,31.559853,74.345457,19/08/2026 10:57 AM,19/08/2026 11:00 AM,Reporting,Parked,11.38,False,UC-173,Gulberg Town,Zone-20,Loader Rickshaw,Gulberg Town,True,2026-08-19
18569,C-1306,C1306,Lahore,"Tehsil Office, Gulberg Town",LWMC-GuTo,Compactor (13CM),Container-Based Collection,moving,on,51.165,302.61,31.513589,74.328854,19/08/2026 10:58 AM,19/08/2026 11:00 AM,Reporting,Parked,28.47,False,UC-203,Gulberg Town,Zone-21,Compactor,Gulberg Town,True,2026-08-19
19799,S-335,S335,Lahore,"Tehsil Office, Gulberg Town",LWMC-GuTo,Mini Dumper,Bulk Waste Collection,still,off,26.341,130.21,31.481264,74.311361,19/08/2026 09:41 AM,19/08/2026 11:00 AM,Reporting,Moving,13.42,False,UC-209,Gulberg Town,Zone-23,Mini Dumper,Gulberg Town,True,2026-08-19
22580,LR-0659,LR0659,Lahore,"Tehsil Office, Gulberg Town",LWMC-GuTo,Loader Rickshaw,Door To Door Collection,moving,on,20.019,121.48,31.469793,74.32537,19/08/2026 10:57 AM,19/08/2026 11:00 AM,Reporting,Parked,11.33,False,UC-223,Gulberg Town,Zone-22,Loader Rickshaw,Gulberg Town,True,2026-08-19
60929,LR-1563,LR1563,Lahore,"Tehsil Office, Gulberg Town",LWMC-GuTo,Loader Rickshaw,Door To Door Collection,moving,on,19.945,276.28,31.563402,74.350163,19/08/2026 11:00 AM,19/08/2026 11:00 AM,Reporting,Parked,13.78,False,UC-124,Gulberg Town,Zone-19,Loader Rickshaw,Gulberg Town,True,2026-08-19
61169,LR-1566,LR1566,Lahore,"Tehsil Office, Gulberg Town",LWMC-GuTo,Loader Rickshaw,Door To Door Collection,still,off,25.215,144.11,31.456666,74.337733,19/08/2026 10:54 AM,19/08/2026 11:00 AM,Reporting,Parked,13.93,False,UC-228,Nishter Town,Zone-44,Loader Rickshaw,Gulberg Town,False,2026-08-19
18555,C-1329,C1329,Lahore,"Tehsil Office, Gulberg Town",LWMC-GuTo,Compactor (13CM),Container-Based Collection,still,off,58.499,270.53,31.504404,74.320299,19/08/2026 10:57 AM,19/08/2026 11:00 AM,Reporting,Parked,25.51,False,UC-208,Gulberg Town,Zone-23,Compactor,Gulberg Town,True,2026-08-19
22505,LR-0501,LR0501,Lahore,"Tehsil Office, Gulberg Town",LWMC-GuTo,Loader Rickshaw,Door To Door Collection,still,off,25.705,144.28,31.571708,74.347409,19/08/2026 10:52 AM,19/08/2026 11:00 AM,Reporting,Parked,13.17,False,UC-118,Gulberg Town,Zone-19,Loader Rickshaw,Gulberg Town,True,2026-08-19
22555,LR-0648,LR0648,Lahore,"Tehsil Office, Gulberg Town",LWMC-GuTo,Loader Rickshaw,Door To Door Collection,moving,on,12.91,83.66,31.506221,74.325374,19/08/2026 10:52 AM,19/08/2026 11:00 AM,Reporting,Parked,11.69,False,UC-208,Gulberg Town,Zone-23,Loader Rickshaw,Gulberg Town,True,2026-08-19
22582,LR-0663,LR0663,Lahore,"Tehsil Office, Gulberg Town",LWMC-GuTo,Loader Rickshaw,Door To Door Collection,moving,on,27.633,122.91,31.465512,74.332929,19/08/2026 10:56 AM,19/08/2026 11:00 AM,Reporting,Parked,11.89,False,UC-226,Gulberg Town,Zone-22,Loader Rickshaw,Gulberg Town,True,2026-08-19
18458,CA-170,CA170,Lahore,"Tehsil Office, Gulberg Town",LWMC-GuTo,Chain Arm Roll,Container-Based Collection,moving,on,98.611,263.18,31.542868,74.348899,19/08/2026 10:58 AM,19/08/2026 11:00 AM,Reporting,Idle,28.57,False,UC-200,Gulberg Town,Zone-20,Chain Arm Roll,Gulberg Town,True,2026-08-19
62067,LR-1590,LR1590,Lahore,"Tehsil Office, Data Gunj Baksh Town",LWMC-DaGB,Loader Rickshaw,Door To Door Collection,still,off,7.988,51.76,31.590409,74.294193,19/08/2026 10:16 AM,19/08/2026 11:00 AM,Reporting,Parked,9.55,False,UC-49,DGBT,Zone-28,Loader Rickshaw,DGBT,True,2026-08-19
-,LR-2517,LR2517,Lahore,"Tehsil Office, Data Gunj Baksh Town",LWMC-DaGB,-,-,still,off,19.198,339.8,31.593987,74.258398,19/08/2026 10:57 AM,19/08/2026 11:00 AM,Reporting,Parked,11.54,False,UC-5,Ravi Town,Zone-1,Loader Rickshaw,DGBT,False,2026-08-19
61785,LR-2506,LR2506,Lahore,"Tehsil Office, Data Gunj Baksh Town",LWMC-DaGB,Loader Rickshaw,Door To Door Collection,moving,on,27.862,194.51,31.537618,74.329794,19/08/2026 10:39 AM,19/08/2026 11:00 AM,Reporting,Parked,11.13,False,UC-199,DGBT,Zone-26,Loader Rickshaw,DGBT,True,2026-08-19
61929,LR-2583,LR2583,Lahore,"Tehsil Office, Data Gunj Baksh Town",LWMC-DaGB,Loader Rickshaw,Door To Door Collection,moving,on,23.07,82.56,31.595481,74.295811,19/08/2026 10:34 AM,19/08/2026 11:00 AM,Reporting,Parked,12.05,False,UC-48,DGBT,Zone-28,Loader Rickshaw,DGBT,True,2026-08-19
-,CA-86,CA86,Lahore,"Tehsil Office, Data Gunj Baksh Town",LWMC-DaGB,-,-,moving,on,87.862,320.68,31.572463,74.286417,19/08/2026 10:52 AM,19/08/2026 11:00 AM,Reporting,Moving,27.91,False,,,,Chain Arm Roll,DGBT,False,2026-08-19
-,MS-5,MS5,Lahore,"Tehsil Office, Data Gunj Baksh Town",LWMC-DaGB,-,-,moving,on,41.416,273.39,31.602128,74.549623,19/08/2026 10:48 AM,19/08/2026 11:00 AM,Reporting,Parked,13.32,False,UC-181,Wagha Town,Zone-13,Mechanical Sweeper,Night Operations,False,2026-08-19
19073,MFL-58,MFL58,Lahore,"Tehsil Office, Data Gunj Baksh Town",LWMC-DaGB,Tractor Loader,Bulk Waste Collection,moving,on,19.576,363.43,31.57328,74.292254,19/08/2026 10:46 AM,19/08/2026 11:00 AM,Reporting,Parked,13.58,False,UC-59,DGBT,Zone-29,Loader,DGBT,True,2026-08-19
62152,LR-2561,LR2561,Lahore,"Tehsil Office, Data Gunj Baksh Town",LWMC-DaGB,Loader Rickshaw,Door To Door Collection,still,off,22.579,93.84,31.537656,74.329921,19/08/2026 10:57 AM,19/08/2026 11:00 AM,Reporting,Parked,0.0,True,UC-199,DGBT,Zone-26,Loader Rickshaw,DGBT,True,2026-08-19
18449,CA-119,CA119,Lahore,"Tehsil Office, Data Gunj Baksh Town",LWMC-DaGB,Chain Arm Roll,Container-Based Collection,still,off,73.591,315.03,31.566296,74.319262,19/08/2026 10:58 AM,19/08/2026 11:00 AM,Reporting,Parked,23.88,False,UC-62,DGBT,Zone-25,Chain Arm Roll,DGBT,True,2026-08-19
-,LR-0702,LR0702,Lahore,"Tehsil Office, Data Gunj Baksh Town",LWMC-DaGB,-,-,moving,on,15.038,119.51,31.593338,74.258331,19/08/2026 10:55 AM,19/08/2026 11:00 AM,Reporting,Parked,12.45,False,UC-5,Ravi Town,Zone-1,Loader Rickshaw,DGBT,False,2026-08-19
19747,S-156,S156,Lahore,"Tehsil Office, Data Gunj Baksh Town",LWMC-DaGB,Mini Dumper,Bulk Waste Collection,moving,on,33.031,138.8,31.573117,74.291849,19/08/2026 10:57 AM,19/08/2026 11:00 AM,Reporting,Parked,11.94,False,UC-59,DGBT,Zone-29,Mini Dumper,DGBT,True,2026-08-19
19740,S-352,S352,Lahore,"Tehsil Office, Data Gunj Baksh Town",LWMC-DaGB,Mini Dumper,Bulk Waste Collection,moving,on,25.975,139.78,31.576777,74.287406,19/08/2026 10:49 AM,19/08/2026 11:00 AM,Reporting,Parked,12.56,False,UC-56,DGBT,Zone-29,Mini Dumper,DGBT,True,2026-08-19
-,MFL-105,MFL105,Lahore,"Tehsil Office, Data Gunj Baksh Town",LWMC-DaGB,-,-,still,off,6.356,249.13,31.532956,74.302218,19/08/2026 09:37 AM,19/08/2026 11:00 AM,Reporting,Excess Idling,12.61,False,UC-91,Samnabad Town,Zone-33,Loader,Samnabad Town,True,2026-08-19
18659,C-744,C744,Lahore,"Tehsil Office, Data Gunj Baksh Town",LWMC-DaGB,Compactor (7CM),Container-Based Collection,moving,on,63.517,176.43,31.542419,74.331304,19/08/2026 10:58 AM,19/08/2026 11:00 AM,Reporting,Parked,25.2,False,UC-198,DGBT,Zone-26,Compactor,DGBT,True,2026-08-19
18541,C13-68,C1368,Lahore,"Tehsil Office, Data Gunj Baksh Town",LWMC-DaGB,Compactor (13CM),Container-Based Collection,still,off,33.823,250.9,31.56149,74.320893,19/08/2026 10:57 AM,19/08/2026 11:00 AM,Reporting,Moving,27.55,False,UC-62,DGBT,Zone-25,Compactor,DGBT,True,2026-08-19
-,WR-0038,WR0038,Lahore,"Tehsil Office, Data Gunj Baksh Town",LWMC-DaGB,-,-,still,off,11.061,85.96,31.543004,74.320324,19/08/2026 10:55 AM,19/08/2026 11:00 AM,Reporting,Parked,12.51,False,UC-198,DGBT,Zone-26,Washer Rickshaw,DGBT,True,2026-08-19
19739,S-203,S203,Lahore,"Tehsil Office, Data Gunj Baksh Town",LWMC-DaGB,Mini Dumper,Bulk Waste Collection,still,off,37.419,161.01,31.573366,74.29217,19/08/2026 10:20 AM,19/08/2026 11:00 AM,Reporting,Parked,12.0,False,UC-59,DGBT,Zone-29,Mini Dumper,DGBT,True,2026-08-19
19727,S-301,S301,Lahore,"Tehsil Office, Data Gunj Baksh Town",LWMC-DaGB,Mini Dumper,Bulk Waste Collection,moving,on,38.545,163.08,31.573227,74.291952,19/08/2026 10:44 AM,19/08/2026 11:00 AM,Reporting,Moving,14.34,False,UC-59,DGBT,Zone-29,Mini Dumper,DGBT,True,2026-08-19
61968,LR-2524,LR2524,Lahore,"Tehsil Office, Data Gunj Baksh Town",LWMC-DaGB,Loader Rickshaw,Door To Door Collection,still,off,15.706,357.3,31.592414,74.258905,19/08/2026 10:57 AM,19/08/2026 11:00 AM,Reporting,Parked,9.39,False,UC-5,Ravi Town,Zone-1,Loader Rickshaw,DGBT,False,2026-08-19
19765,M-127,M127,Lahore,"Tehsil Office, Data Gunj Baksh Town",LWMC-DaGB,Mini Dumper,Bulk Waste Collection,moving,on,68.251,262.89,31.560679,74.3082,19/08/2026 10:59 AM,19/08/2026 11:00 AM,Reporting,Parked,12.45,False,UC-68,DGBT,Zone-26,Foton-Mini Dumper,DGBT,True,2026-08-19
61468,SD-19,SD19,Lahore,"Tehsil Office, Data Gunj Baksh Town",LWMC-DaGB,Dumper (10CM),Bulk Waste Collection,moving,on,87.908,290.68,31.554761,74.305026,19/08/2026 10:59 AM,19/08/2026 11:00 AM,Reporting,Parked,27.86,False,,,,,DGBT,False,2026-08-19
-,VS-41,VS41,Lahore,"Tehsil Office, Data Gunj Baksh Town",LWMC-DaGB,-,-,moving,on,52.235,253.63,31.609122,74.335433,19/08/2026 10:58 AM,19/08/2026 11:00 AM,Reporting,Parked,24.9,False,UC-23,Ravi Town,Zone-3,Vaccume Sweeper,Night Operations,False,2026-08-19
61820,LR-2523,LR2523,Lahore,"Tehsil Office, Data Gunj Baksh Town",LWMC-DaGB,Loader Rickshaw,Door To Door Collection,moving,on,16.369,93.88,31.594662,74.258605,19/08/2026 09:42 AM,19/08/2026 11:00 AM,Reporting,Parked,12.51,False,UC-5,Ravi Town,Zone-1,Loader Rickshaw,DGBT,False,2026-08-19
19734,S-90,S90,Lahore,"Tehsil Office, Data Gunj Baksh Town",LWMC-DaGB,Mini Dumper,Bulk Waste Collection,moving,on,37.547,141.94,31.565847,74.327489,19/08/2026 10:58 AM,19/08/2026 11:00 AM,Reporting,Parked,11.89,False,UC-171,DGBT,Zone-25,Mini Dumper,DGBT,True,2026-08-19
19784,S-267,S267,Lahore,"Tehsil Office, Data Gunj Baksh Town",LWMC-DaGB,Mini Dumper,Bulk Waste Collection,still,off,141.634,344.98,31.572962,74.291846,19/08/2026 10:55 AM,19/08/2026 11:00 AM,Reporting,Parked,12.2,False,UC-59,DGBT,Zone-29,Mini Dumper,DGBT,True,2026-08-19
-,LR-0342,LR0342,Lahore,"Tehsil Office, Data Gunj Baksh Town",LWMC-DaGB,-,-,moving,on,15.245,77.18,31.562162,74.288447,19/08/2026 10:39 AM,19/08/2026 11:00 AM,Reporting,Excess Idling,6.23,False,UC-65,DGBT,Zone-29,Loader Rickshaw,DGBT,True,2026-08-19
62101,LR-1486,LR1486,Lahore,"Tehsil Office, Data Gunj Baksh Town",LWMC-DaGB,Loader Rickshaw,Door To Door Collection,still,off,10.104,347.28,31.573175,74.291715,19/08/2026 10:57 AM,19/08/2026 11:00 AM,Reporting,Parked,12.3,False,UC-59,DGBT,Zone-29,Loader Rickshaw,DGBT,True,2026-08-19
19769,S-103,S103,Lahore,"Tehsil Office, Data Gunj Baksh Town",LWMC-DaGB,Mini Dumper,Bulk Waste Collection,still,off,35.045,130.53,31.573251,74.292182,19/08/2026 10:33 AM,19/08/2026 11:00 AM,Reporting,Parked,11.89,False,UC-59,DGBT,Zone-29,Mini Dumper,DGBT,True,2026-08-19
-,LR-2483,LR2483,Lahore,"Tehsil Office, Data Gunj Baksh Town",LWMC-DaGB,-,-,moving,on,18.302,184.15,31.564408,74.293609,19/08/2026 10:59 AM,19/08/2026 11:00 AM,Reporting,Parked,11.94,False,UC-65,DGBT,Zone-29,Loader Rickshaw,DGBT,True,2026-08-19
19785,S-98,S98,Lahore,"Tehsil Office, Data Gunj Baksh Town",LWMC-DaGB,Mini Dumper,Bulk Waste Collection,still,off,23.199,101.88,31.554253,74.314027,19/08/2026 10:56 AM,19/08/2026 11:00 AM,Reporting,Parked,11.79,False,UC-69,DGBT,Zone-26,Mini Dumper,DGBT,True,2026-08-19
19778,S-16,S16,Lahore,"Tehsil Office, Data Gunj Baksh Town",LWMC-DaGB,Mini Dumper,Bulk Waste Collection,moving,on,24.023,118.34,31.571141,74.311397,19/08/2026 10:58 AM,19/08/2026 11:00 AM,Reporting,Parked,12.1,False,UC-63,DGBT,Zone-27,Mini Dumper,DGBT,True,2026-08-19
18539,C13-1086,C131086,Lahore,"Tehsil Office, Data Gunj Baksh Town",LWMC-DaGB,Compactor (13CM),Container-Based Collection,moving,on,40.129,306.33,31.581454,74.306256,19/08/2026 10:58 AM,19/08/2026 11:00 AM,Reporting,Parked,24.39,False,UC-54,DGBT,Zone-27,Compactor,DGBT,True,2026-08-19
19788,S-21,S21,Lahore,"Tehsil Office, Data Gunj Baksh Town",LWMC-DaGB,Mini Dumper,Bulk Waste Collection,still,off,38.735,145.5,31.573334,74.292164,19/08/2026 10:32 AM,19/08/2026 11:00 AM,Reporting,Parked,11.49,False,UC-59,DGBT,Zone-29,Mini Dumper,DGBT,True,2026-08-19
60274,S-69,S69,Lahore,"Tehsil Office, Data Gunj Baksh Town",LWMC-DaGB,Mini Dumper,Bulk Waste Collection,still,off,42.531,167.84,31.573326,74.292082,19/08/2026 10:48 AM,19/08/2026 11:00 AM,Reporting,Parked,12.0,False,UC-59,DGBT,Zone-29,Mini Dumper,DGBT,True,2026-08-19
61979,LR-2535,LR2535,Lahore,"Tehsil Office, Data Gunj Baksh Town",LWMC-DaGB,Loader Rickshaw,Door To Door Collection,still,off,,,31.592929,74.259333,19/08/2026 09:47 AM,19/08/2026 11:00 AM,Reporting,No Activity Since Yesterday,11.13,False,UC-5,Ravi Town,Zone-1,Loader Rickshaw,DGBT,False,2026-08-19
61759,LR-1591,LR1591,Lahore,"Tehsil Office, Data Gunj Baksh Town",LWMC-DaGB,Loader Rickshaw,Door To Door Collection,still,off,11.389,115.61,31.557339,74.279454,19/08/2026 10:57 AM,19/08/2026 11:00 AM,Reporting,Parked,11.33,False,UC-74,DGBT,Zone-30,Loader Rickshaw,DGBT,True,2026-08-19
60368,D-19,D19,Lahore,"Tehsil Office, Data Gunj Baksh Town",LWMC-DaGB,Dumper (10CM),Bulk Waste Collection,still,off,62.84,247.33,31.578526,74.264413,19/08/2026 10:59 AM,19/08/2026 11:00 AM,Reporting,Moving,27.4,False,UC-1,Ravi Town,Zone-1,Dumper,DGBT,False,2026-08-19
19753,S-157,S157,Lahore,"Tehsil Office, Data Gunj Baksh Town",LWMC-DaGB,Mini Dumper,Bulk Waste Collection,moving,on,44.656,205.93,31.605549,74.25161,19/08/2026 10:56 AM,19/08/2026 11:03 AM,Reporting,Moving,12.4,False,UC-1,Ravi Town,Zone-1,Mini Dumper,DGBT,False,2026-08-19
19787,S-187,S187,Lahore,"Tehsil Office, Data Gunj Baksh Town",LWMC-DaGB,Mini Dumper,Bulk Waste Collection,moving,on,17.657,123.65,31.597847,74.296322,19/08/2026 10:58 AM,19/08/2026 11:00 AM,Reporting,Parked,11.84,False,UC-48,DGBT,Zone-28,Mini Dumper,DGBT,True,2026-08-19
19745,S-84,S84,Lahore,"Tehsil Office, Data Gunj Baksh Town",LWMC-DaGB,Mini Dumper,Bulk Waste Collection,moving,on,24.648,170.88,31.554063,74.335364,19/08/2026 10:59 AM,19/08/2026 11:00 AM,Reporting,Parked,12.15,False,UC-81,DGBT,Zone-26,Mini Dumper,DGBT,True,2026-08-19
19775,S-217,S217,Lahore,"Tehsil Office, Data Gunj Baksh Town",LWMC-DaGB,Mini Dumper,Bulk Waste Collection,moving,on,37.017,189.81,31.573335,74.291556,19/08/2026 10:57 AM,19/08/2026 11:00 AM,Reporting,Parked,11.49,False,UC-59,DGBT,Zone-29,Mini Dumper,DGBT,True,2026-08-19
-,WR-0035,WR0035,Lahore,"Tehsil Office, Data Gunj Baksh Town",LWMC-DaGB,-,-,moving,on,15.383,103.93,31.573293,74.292277,19/08/2026 10:25 AM,19/08/2026 11:00 AM,Reporting,Parked,13.22,False,UC-59,DGBT,Zone-29,Washer Rickshaw,DGBT,True,2026-08-19
62118,LR-2542,LR2542,Lahore,"Tehsil Office, Data Gunj Baksh Town",LWMC-DaGB,Loader Rickshaw,Door To Door Collection,moving,on,34.553,150.16,31.537849,74.329904,19/08/2026 10:58 AM,19/08/2026 11:00 AM,Reporting,Parked,12.25,False,UC-199,DGBT,Zone-26,Loader Rickshaw,DGBT,True,2026-08-19
60377,D-44,D44,Lahore,"Tehsil Office, Data Gunj Baksh Town",LWMC-DaGB,Dumper (7CM),Bulk Waste Collection,still,off,81.259,233.09,31.554056,74.325529,19/08/2026 10:32 AM,19/08/2026 11:00 AM,Reporting,Moving,26.99,False,UC-81,DGBT,Zone-26,Dumper,DGBT,True,2026-08-19
18644,C25-089,C25089,Lahore,"Tehsil Office, Data Gunj Baksh Town",LWMC-DaGB,Compactor (25CM),Container-Based Collection,moving,on,37.271,309.75,31.573188,74.291952,19/08/2026 10:43 AM,19/08/2026 11:00 AM,Reporting,Moving,27.81,False,UC-59,DGBT,Zone-29,Compactor,DGBT,True,2026-08-19
19736,S-42,S42,Lahore,"Tehsil Office, Data Gunj Baksh Town",LWMC-DaGB,Mini Dumper,Bulk Waste Collection,moving,on,40.576,186.09,31.598778,74.253625,19/08/2026 10:57 AM,19/08/2026 11:00 AM,Reporting,Parked,11.84,False,UC-1,Ravi Town,Zone-1,Mini Dumper,DGBT,False,2026-08-19
61971,LR-1488,LR1488,Lahore,"Tehsil Office, Data Gunj Baksh Town",LWMC-DaGB,Loader Rickshaw,Door To Door Collection,moving,on,9.53,70.11,31.572398,74.293286,19/08/2026 10:53 AM,19/08/2026 11:00 AM,Reporting,Parked,12.25,False,UC-59,DGBT,Zone-29,Loader Rickshaw,DGBT,True,2026-08-19
19731,S-34,S34,Lahore,"Tehsil Office, Data Gunj Baksh Town",LWMC-DaGB,Mini Dumper,Bulk Waste Collection,still,off,36.256,135.94,31.573219,74.292216,19/08/2026 10:59 AM,19/08/2026 11:00 AM,Reporting,Parked,13.42,False,UC-59,DGBT,Zone-29,Mini Dumper,DGBT,True,2026-08-19
19077,R-20,R20,Lahore,"Tehsil Office, Data Gunj Baksh Town",LWMC-DaGB,Rickshaw Shower,Bulk Waste Collection,still,off,,,31.572968,74.291865,19/08/2026 09:38 AM,19/08/2026 11:00 AM,Reporting,No Activity Since Yesterday,11.79,False,UC-59,DGBT,Zone-29,Rickshaw,DGBT,True,2026-08-19
19750,S-109,S109,Lahore,"Tehsil Office, Data Gunj Baksh Town",LWMC-DaGB,Mini Dumper,Bulk Waste Collection,moving,on,39.87,150.98,31.573302,74.292065,19/08/2026 10:42 AM,19/08/2026 11:00 AM,Reporting,Parked,12.76,False,UC-59,DGBT,Zone-29,Mini Dumper,DGBT,True,2026-08-19
19072,MFL-51,MFL51,Lahore,"Tehsil Office, Data Gunj Baksh Town",LWMC-DaGB,Tractor Loader,Bulk Waste Collection,moving,on,15.112,130.55,31.569928,74.311958,19/08/2026 10:49 AM,19/08/2026 11:00 AM,Reporting,Parked,11.64,False,UC-62,DGBT,Zone-25,Loader,DGBT,True,2026-08-19
18386,HA-11,HA11,Lahore,"Tehsil Office, Data Gunj Baksh Town",LWMC-DaGB,Arm Roll Truck,Container-Based Collection,moving,on,76.602,250.23,31.573312,74.278068,19/08/2026 10:56 AM,19/08/2026 11:00 AM,Reporting,Moving,14.8,False,UC-50,DGBT,Zone-28,Arm Roll,DGBT,True,2026-08-19
19069,LD-09,LD09,Lahore,"Tehsil Office, Data Gunj Baksh Town",LWMC-DaGB,Tractor Loader,Bulk Waste Collection,moving,on,13.771,320.5,31.588715,74.293591,19/08/2026 10:59 AM,19/08/2026 11:00 AM,Reporting,Moving,12.35,False,UC-51,DGBT,Zone-28,Loader,DGBT,True,2026-08-19
-,WR-0039,WR0039,Lahore,"Tehsil Office, Data Gunj Baksh Town",LWMC-DaGB,-,-,still,off,7.714,43.78,31.539148,74.325253,19/08/2026 09:43 AM,19/08/2026 11:00 AM,Reporting,Idle,12.86,False,UC-198,DGBT,Zone-26,Washer Rickshaw,DGBT,True,2026-08-19
19772,S-03,S03,Lahore,"Tehsil Office, Data Gunj Baksh Town",LWMC-DaGB,Mini Dumper,Bulk Waste Collection,moving,on,35.415,149.98,31.573319,74.299468,19/08/2026 10:59 AM,19/08/2026 11:00 AM,Reporting,Parked,12.3,False,UC-57,DGBT,Zone-27,Mini Dumper,DGBT,True,2026-08-19
-,MS-24,MS24,Lahore,"Tehsil Office, Data Gunj Baksh Town",LWMC-DaGB,-,-,still,off,14.898,152.26,31.560662,74.308538,19/08/2026 10:49 AM,19/08/2026 11:00 AM,Reporting,Parked,12.51,False,UC-68,DGBT,Zone-26,Mechanical Sweeper,DGBT,True,2026-08-19
19723,S-73,S73,Lahore,"Tehsil Office, Data Gunj Baksh Town",LWMC-DaGB,Mini Dumper,Bulk Waste Collection,still,off,36.844,169.01,31.547243,74.31592,19/08/2026 10:58 AM,19/08/2026 11:00 AM,Reporting,Parked,13.73,False,UC-198,DGBT,Zone-26,Mini Dumper,DGBT,True,2026-08-19
62124,LR-1483,LR1483,Lahore,"Tehsil Office, Data Gunj Baksh Town",LWMC-DaGB,Loader Rickshaw,Door To Door Collection,moving,on,18.641,110.95,31.592498,74.257672,19/08/2026 10:11 AM,19/08/2026 11:00 AM,Reporting,Parked,12.51,False,UC-5,Ravi Town,Zone-1,Loader Rickshaw,DGBT,False,2026-08-19
19771,S-147,S147,Lahore,"Tehsil Office, Data Gunj Baksh Town",LWMC-DaGB,Mini Dumper,Bulk Waste Collection,moving,on,31.296,162.16,31.590373,74.294224,19/08/2026 10:35 AM,19/08/2026 11:00 AM,Reporting,Parked,12.56,False,UC-49,DGBT,Zone-28,Mini Dumper,DGBT,True,2026-08-19
-,C-13-69,C1369,Lahore,"Tehsil Office, Data Gunj Baksh Town",LWMC-DaGB,-,-,still,off,53.014,282.01,31.537414,74.333821,19/08/2026 10:41 AM,19/08/2026 11:00 AM,Reporting,Moving,28.01,False,UC-198,DGBT,Zone-26,Compactor,DGBT,True,2026-08-19
30806,LR-0756,LR0756,Lahore,"Tehsil Office, Data Gunj Baksh Town",LWMC-DaGB,Loader Rickshaw,Door To Door Collection,moving,on,25.384,108.34,31.560358,74.321321,19/08/2026 10:56 AM,19/08/2026 11:00 AM,Reporting,Parked,12.51,False,UC-61,DGBT,Zone-25,Loader Rickshaw,DGBT,True,2026-08-19
19759,S-328,S328,Lahore,"Tehsil Office, Data Gunj Baksh Town",LWMC-DaGB,Mini Dumper,Bulk Waste Collection,still,off,29.886,120.66,31.539585,74.318808,19/08/2026 10:53 AM,19/08/2026 11:00 AM,Reporting,Parked,12.71,False,UC-83,Samnabad Town,Zone-33,Mini Dumper,DGBT,False,2026-08-19
19737,S-324,S324,Lahore,"Tehsil Office, Data Gunj Baksh Town",LWMC-DaGB,Mini Dumper,Bulk Waste Collection,still,off,37.191,149.06,31.573259,74.292386,19/08/2026 10:50 AM,19/08/2026 11:00 AM,Reporting,Parked,13.37,False,UC-59,DGBT,Zone-29,Mini Dumper,DGBT,True,2026-08-19
19761,S-172,S172,Lahore,"Tehsil Office, Data Gunj Baksh Town",LWMC-DaGB,Mini Dumper,Bulk Waste Collection,moving,on,32.412,193.88,31.529549,74.328166,19/08/2026 10:52 AM,19/08/2026 11:03 AM,Reporting,Parked,12.15,False,UC-199,DGBT,Zone-26,Mini Dumper,DGBT,True,2026-08-19
61584,LR-2799,LR2799,Lahore,"Tehsil Office, Data Gunj Baksh Town",LWMC-DaGB,Loader Rickshaw,Door To Door Collection,moving,on,24.549,150.03,31.555148,74.333984,19/08/2026 10:59 AM,19/08/2026 11:00 AM,Reporting,Parked,12.66,False,UC-185,DGBT,Zone-25,Loader Rickshaw,DGBT,True,2026-08-19
19751,S-242,S242,Lahore,"Tehsil Office, Data Gunj Baksh Town",LWMC-DaGB,Mini Dumper,Bulk Waste Collection,moving,on,23.238,109.71,31.550383,74.314272,19/08/2026 10:57 AM,19/08/2026 11:00 AM,Reporting,Moving,13.47,False,UC-69,DGBT,Zone-26,Mini Dumper,DGBT,True,2026-08-19
61617,LR-2543,LR2543,Lahore,"Tehsil Office, Data Gunj Baksh Town",LWMC-DaGB,Loader Rickshaw,Door To Door Collection,moving,on,22.653,159.53,31.570077,74.329556,19/08/2026 10:47 AM,19/08/2026 11:00 AM,Reporting,Parked,11.89,False,UC-170,DGBT,Zone-24,Loader Rickshaw,DGBT,True,2026-08-19
-,LR-141,LR141,Lahore,"Tehsil Office, Data Gunj Baksh Town",LWMC-DaGB,-,-,still,off,9.598,195.63,31.576784,74.308311,19/08/2026 10:58 AM,19/08/2026 11:00 AM,Reporting,Parked,12.1,False,UC-63,DGBT,Zone-27,Loader Rickshaw,DGBT,True,2026-08-19
19744,S-271,S271,Lahore,"Tehsil Office, Data Gunj Baksh Town",LWMC-DaGB,Mini Dumper,Bulk Waste Collection,moving,on,43.404,158.18,31.57327,74.292032,19/08/2026 10:50 AM,19/08/2026 11:00 AM,Reporting,Parked,11.74,False,UC-59,DGBT,Zone-29,Mini Dumper,DGBT,True,2026-08-19
30115,FTL-24,FTL24,Lahore,"Tehsil Office, Data Gunj Baksh Town",LWMC-DaGB,Tractor Loader,Bulk Waste Collection,still,off,8.93,181.78,31.585374,74.285134,19/08/2026 10:57 AM,19/08/2026 11:00 AM,Reporting,Parked,12.66,False,UC-50,DGBT,Zone-28,Loader,DGBT,True,2026-08-19
60551,C-701,C701,Lahore,"Tehsil Office, Data Gunj Baksh Town",LWMC-DaGB,Compactor (7CM),Container-Based Collection,still,off,,,31.573086,74.291542,19/08/2026 09:35 AM,19/08/2026 11:00 AM,Reporting,No Activity Since Yesterday,25.2,False,UC-59,DGBT,Zone-29,Compactor,DGBT,True,2026-08-19
59667,C13-1074,C131074,Lahore,"Tehsil Office, Data Gunj Baksh Town",LWMC-DaGB,Compactor (13CM),Container-Based Collection,moving,on,31.284,230.88,31.562294,74.304831,19/08/2026 10:58 AM,19/08/2026 11:00 AM,Reporting,Parked,24.18,False,UC-58,DGBT,Zone-27,Compactor,DGBT,True,2026-08-19
19773,S-386,S386,Lahore,"Tehsil Office, Data Gunj Baksh Town",LWMC-DaGB,Mini Dumper,Bulk Waste Collection,still,off,39.759,175.09,31.547197,74.315964,19/08/2026 10:58 AM,19/08/2026 11:00 AM,Reporting,Parked,11.74,False,UC-198,DGBT,Zone-26,Mini Dumper,DGBT,True,2026-08-19
19748,S-333,S333,Lahore,"Tehsil Office, Data Gunj Baksh Town",LWMC-DaGB,Mini Dumper,Bulk Waste Collection,moving,on,25.553,119.09,31.558266,74.282901,19/08/2026 10:56 AM,19/08/2026 11:00 AM,Reporting,Parked,11.84,False,UC-67,DGBT,Zone-30,Mini Dumper,DGBT,True,2026-08-19
19083,R-31,R31,Lahore,"Tehsil Office, Data Gunj Baksh Town",LWMC-DaGB,Rickshaw Shower,Bulk Waste Collection,moving,on,10.421,60.93,31.533365,74.328007,19/08/2026 10:59 AM,19/08/2026 11:00 AM,Reporting,Parked,12.81,False,UC-198,DGBT,Zone-26,Rickshaw,DGBT,True,2026-08-19
61907,LR-1325,LR1325,Lahore,"Tehsil Office, Data Gunj Baksh Town",LWMC-DaGB,Loader Rickshaw,Door To Door Collection,moving,on,26.309,188.19,31.592824,74.255589,19/08/2026 10:59 AM,19/08/2026 11:00 AM,Reporting,Parked,12.81,False,UC-1,Ravi Town,Zone-1,Loader Rickshaw,DGBT,False,2026-08-19
19033,LR-0242,LR0242,Lahore,"Tehsil Office, Data Gunj Baksh Town",LWMC-DaGB,Loader Rickshaw,Bulk Waste Collection,moving,on,22.489,131.11,31.593102,74.260016,19/08/2026 09:55 AM,19/08/2026 11:00 AM,Reporting,Parked,12.05,False,UC-5,Ravi Town,Zone-1,Loader Rickshaw,DGBT,False,2026-08-19
19758,S-350,S350,Lahore,"Tehsil Office, Data Gunj Baksh Town",LWMC-DaGB,Mini Dumper,Bulk Waste Collection,moving,on,34.804,170.65,31.573297,74.292056,19/08/2026 10:48 AM,19/08/2026 11:00 AM,Reporting,Parked,12.1,False,UC-59,DGBT,Zone-29,Mini Dumper,DGBT,True,2026-08-19
19757,S-162,S162,Lahore,"Tehsil Office, Data Gunj Baksh Town",LWMC-DaGB,Mini Dumper,Bulk Waste Collection,still,off,33.983,173.98,31.573189,74.292037,19/08/2026 10:51 AM,19/08/2026 11:00 AM,Reporting,Parked,11.74,False,UC-59,DGBT,Zone-29,Mini Dumper,DGBT,True,2026-08-19
30812,LR-0698,LR0698,Lahore,"Tehsil Office, Data Gunj Baksh Town",LWMC-DaGB,Loader Rickshaw,Door To Door Collection,still,off,14.235,92.01,31.588141,74.301602,19/08/2026 10:51 AM,19/08/2026 11:00 AM,Reporting,Parked,11.79,False,UC-51,DGBT,Zone-28,Loader Rickshaw,DGBT,True,2026-08-19
19760,S-108,S108,Lahore,"Tehsil Office, Data Gunj Baksh Town",LWMC-DaGB,Mini Dumper,Bulk Waste Collection,moving,on,36.753,141.3,31.573199,74.292239,19/08/2026 10:41 AM,19/08/2026 11:00 AM,Reporting,Parked,12.0,False,UC-59,DGBT,Zone-29,Mini Dumper,DGBT,True,2026-08-19
30192,S-45,S45,Lahore,"Tehsil Office, Data Gunj Baksh Town",LWMC-DaGB,Compactor (25CM),Bulk Waste Collection,moving,on,27.701,175.63,31.548742,74.337631,19/08/2026 10:42 AM,19/08/2026 11:00 AM,Reporting,Parked,12.1,False,UC-81,DGBT,Zone-26,Mini Dumper,DGBT,True,2026-08-19
19767,S-101,S101,Lahore,"Tehsil Office, Data Gunj Baksh Town",LWMC-DaGB,Mini Dumper,Bulk Waste Collection,moving,on,35.077,156.91,31.573148,74.292047,19/08/2026 10:53 AM,19/08/2026 11:00 AM,Reporting,Parked,12.0,False,UC-59,DGBT,Zone-29,Mini Dumper,DGBT,True,2026-08-19
18660,C-743,C743,Lahore,"Tehsil Office, Data Gunj Baksh Town",LWMC-DaGB,Compactor (7CM),Container-Based Collection,moving,on,71.246,187.88,31.573324,74.292229,19/08/2026 10:57 AM,19/08/2026 11:00 AM,Reporting,Parked,27.7,False,UC-59,DGBT,Zone-29,Compactor,Ravi Town,False,2026-08-19
-,LR-1485,LR1485,Lahore,"Tehsil Office, Data Gunj Baksh Town",LWMC-DaGB,-,-,still,off,8.715,348.25,31.572523,74.288599,19/08/2026 10:57 AM,19/08/2026 11:00 AM,Reporting,Parked,12.45,False,UC-59,DGBT,Zone-29,Loader Rickshaw,DGBT,True,2026-08-19
18452,CA-155,CA155,Lahore,"Tehsil Office, Data Gunj Baksh Town",LWMC-DaGB,Chain Arm Roll,Container-Based Collection,moving,on,73.136,280.44,31.572626,74.279752,19/08/2026 10:58 AM,19/08/2026 11:00 AM,Reporting,Moving,27.86,False,,,,Chain Arm Roll,DGBT,False,2026-08-19
19735,S-47,S47,Lahore,"Tehsil Office, Data Gunj Baksh Town",LWMC-DaGB,Mini Dumper,Bulk Waste Collection,moving,on,35.922,183.8,31.572638,74.280095,19/08/2026 10:57 AM,19/08/2026 11:00 AM,Reporting,Parked,11.84,False,,,,Mini Dumper,DGBT,False,2026-08-19
41284,LR-1676,LR1676,Lahore,"Tehsil Office, Samnabad Town",LWMC-SaTo,Loader Rickshaw,Door To Door Collection,still,off,35.327,402.53,31.44907,74.205356,19/08/2026 10:57 AM,19/08/2026 11:00 AM,Reporting,Parked,9.7,False,UC-117,Allama Iqbal Town,Zone-41,Loader Rickshaw,Samnabad Town,False,2026-08-19
59471,LR-2662,LR2662,Lahore,"Tehsil Office, Samnabad Town",LWMC-SaTo,Loader Rickshaw,Door To Door Collection,still,off,24.8,233.34,31.518043,74.286778,19/08/2026 10:58 AM,19/08/2026 11:00 AM,Reporting,Parked,14.09,False,UC-213,Samnabad Town,Zone-36,Loader Rickshaw,Samnabad Town,True,2026-08-19
39146,D-46,D46,Lahore,"Tehsil Office, Samnabad Town",LWMC-SaTo,Dumper (7CM),Bulk Waste Collection,still,off,11.763,67.31,31.508414,74.311499,19/08/2026 10:59 AM,19/08/2026 11:00 AM,Reporting,Moving,27.91,False,UC-216,Samnabad Town,Zone-35,Dumper,Samnabad Town,True,2026-08-19
41351,LR-2252,LR2252,Lahore,"Tehsil Office, Samnabad Town",LWMC-SaTo,Loader Rickshaw,Door To Door Collection,moving,on,36.901,156.76,31.526659,74.304923,19/08/2026 10:48 AM,19/08/2026 11:00 AM,Reporting,Parked,11.84,False,UC-88,Samnabad Town,Zone-34,Loader Rickshaw,Samnabad Town,True,2026-08-19
41343,LR-2244,LR2244,Lahore,"Tehsil Office, Samnabad Town",LWMC-SaTo,Loader Rickshaw,Door To Door Collection,moving,on,18.031,375.43,31.533832,74.309796,19/08/2026 10:59 AM,19/08/2026 11:00 AM,Reporting,Parked,12.2,False,UC-91,Samnabad Town,Zone-33,Loader Rickshaw,Samnabad Town,True,2026-08-19
60497,LR-2667,LR2667,Lahore,"Tehsil Office, Samnabad Town",LWMC-SaTo,Loader Rickshaw,Door To Door Collection,still,off,24.054,315.03,31.516833,74.289164,19/08/2026 10:57 AM,19/08/2026 11:00 AM,Reporting,Excess Idling,11.74,False,UC-213,Samnabad Town,Zone-36,Loader Rickshaw,Samnabad Town,True,2026-08-19
-,WR-0028,WR0028,Lahore,"Tehsil Office, Samnabad Town",LWMC-SaTo,-,-,moving,on,20.761,90.88,31.473106,74.295488,19/08/2026 10:31 AM,19/08/2026 11:00 AM,Reporting,Parked,11.89,False,UC-220,Allama Iqbal Town,Zone-39,Washer Rickshaw,Allama Iqbal Town,True,2026-08-19
40360,LR-0818,LR0818,Lahore,"Tehsil Office, Samnabad Town",LWMC-SaTo,Loader Rickshaw,Door To Door Collection,still,off,41.354,418.96,31.539087,74.268547,19/08/2026 10:58 AM,19/08/2026 11:00 AM,Reporting,Parked,11.64,False,UC-100,Samnabad Town,Zone-32,Loader Rickshaw,Samnabad Town,True,2026-08-19
41373,LR-2274,LR2274,Lahore,"Tehsil Office, Samnabad Town",LWMC-SaTo,Loader Rickshaw,Door To Door Collection,still,off,31.449,341.73,31.528351,74.304726,19/08/2026 10:57 AM,19/08/2026 11:00 AM,Reporting,Excess Idling,11.79,False,UC-88,Samnabad Town,Zone-34,Loader Rickshaw,Samnabad Town,True,2026-08-19
39136,C-1366L,C1366L,Lahore,"Tehsil Office, Samnabad Town",LWMC-SaTo,Compactor (13CM),Container-Based Collection,still,off,42.314,292.93,31.493767,74.295451,19/08/2026 10:58 AM,19/08/2026 11:00 AM,Reporting,Parked,26.73,False,UC-220,Allama Iqbal Town,Zone-39,Compactor,Samnabad Town,False,2026-08-19
60433,MFL-50,MFL50,Lahore,"Tehsil Office, Samnabad Town",LWMC-SaTo,Loader,Bulk Waste Collection,still,off,19.159,253.21,31.546337,74.269318,19/08/2026 10:58 AM,19/08/2026 11:00 AM,Reporting,Parked,14.44,False,UC-77,Samnabad Town,Zone-31,Loader,Samnabad Town,True,2026-08-19
60984,LR-2815,LR2815,Lahore,"Tehsil Office, Samnabad Town",LWMC-SaTo,Loader Rickshaw,Door To Door Collection,still,off,17.448,341.68,31.576323,74.271717,19/08/2026 09:42 AM,19/08/2026 11:00 AM,Reporting,Parked,11.03,False,UC-71,Samnabad Town,Zone-31,Loader Rickshaw,Samnabad Town,True,2026-08-19
60431,MFL-87,MFL87,Lahore,"Tehsil Office, Samnabad Town",LWMC-SaTo,Loader,Bulk Waste Collection,still,off,1.467,151.98,31.50641,74.292637,19/08/2026 10:14 AM,19/08/2026 11:00 AM,Reporting,Parked,14.49,False,UC-214,Samnabad Town,Zone-36,Loader,Samnabad Town,True,2026-08-19
39291,LR-0490,LR0490,Lahore,"Tehsil Office, Samnabad Town",LWMC-SaTo,Loader Rickshaw,Door To Door Collection,moving,on,37.786,215.18,31.518521,74.324289,19/08/2026 10:57 AM,19/08/2026 11:00 AM,Reporting,Parked,12.4,False,UC-216,Samnabad Town,Zone-35,Loader Rickshaw,Samnabad Town,True,2026-08-19
40310,LR-0495,LR0495,Lahore,"Tehsil Office, Samnabad Town",LWMC-SaTo,Loader Rickshaw,Door To Door Collection,still,off,40.292,171.23,31.506503,74.313344,19/08/2026 10:41 AM,19/08/2026 11:00 AM,Reporting,Moving,13.78,False,UC-216,Samnabad Town,Zone-35,Loader Rickshaw,Samnabad Town,True,2026-08-19
59995,LR-2445,LR2445,Lahore,"Tehsil Office, Samnabad Town",LWMC-SaTo,Loader Rickshaw,Door To Door Collection,still,off,37.273,240.55,31.533319,74.302576,19/08/2026 10:45 AM,19/08/2026 11:00 AM,Reporting,Parked,0.0,True,UC-91,Samnabad Town,Zone-33,Loader Rickshaw,Samnabad Town,True,2026-08-19
41249,LR-1258,LR1258,Lahore,"Tehsil Office, Samnabad Town",LWMC-SaTo,Loader Rickshaw,Door To Door Collection,moving,on,18.342,184.71,31.536989,74.299118,19/08/2026 10:46 AM,19/08/2026 11:00 AM,Reporting,Parked,11.49,False,UC-90,Samnabad Town,Zone-33,Loader Rickshaw,Samnabad Town,True,2026-08-19
39170,S-195,S195,Lahore,"Tehsil Office, Samnabad Town",LWMC-SaTo,Mini Dumper,Bulk Waste Collection,still,off,45.066,224.46,31.547754,74.278863,19/08/2026 11:00 AM,19/08/2026 11:00 AM,Reporting,Moving,12.76,False,UC-77,Samnabad Town,Zone-31,Mini Dumper,Samnabad Town,True,2026-08-19
41334,LR-2240,LR2240,Lahore,"Tehsil Office, Samnabad Town",LWMC-SaTo,Loader Rickshaw,Door To Door Collection,still,off,40.693,329.58,31.505892,74.311091,19/08/2026 10:53 AM,19/08/2026 11:00 AM,Reporting,Parked,11.89,False,UC-216,Samnabad Town,Zone-35,Loader Rickshaw,Samnabad Town,True,2026-08-19
60826,LR-1184,LR1184,Lahore,"Tehsil Office, Samnabad Town",LWMC-SaTo,Loader Rickshaw,Door To Door Collection,moving,on,38.902,213.21,31.574524,74.274211,19/08/2026 10:59 AM,19/08/2026 11:00 AM,Reporting,Parked,11.49,False,UC-71,Samnabad Town,Zone-31,Loader Rickshaw,Samnabad Town,True,2026-08-19
41371,LR-2272,LR2272,Lahore,"Tehsil Office, Samnabad Town",LWMC-SaTo,Loader Rickshaw,Door To Door Collection,moving,on,15.988,589.86,31.533261,74.316258,19/08/2026 10:39 AM,19/08/2026 11:00 AM,Reporting,Parked,11.89,False,UC-84,Samnabad Town,Zone-34,Loader Rickshaw,Samnabad Town,True,2026-08-19
60629,LR-2809,LR2809,Lahore,"Tehsil Office, Samnabad Town",LWMC-SaTo,Loader Rickshaw,Door To Door Collection,moving,on,22.07,120.31,31.511889,74.278924,19/08/2026 10:56 AM,19/08/2026 11:00 AM,Reporting,Parked,12.76,False,UC-212,Samnabad Town,Zone-36,Loader Rickshaw,Samnabad Town,True,2026-08-19
40327,LR-0974,LR0974,Lahore,"Tehsil Office, Samnabad Town",LWMC-SaTo,Loader Rickshaw,Door To Door Collection,still,off,,593.25,31.463783,74.224836,19/08/2026 09:59 AM,19/08/2026 11:00 AM,Reporting,No Activity Since Yesterday,11.69,False,UC-117,Allama Iqbal Town,Zone-41,Loader Rickshaw,Samnabad Town,False,2026-08-19
60988,LR-2820,LR2820,Lahore,"Tehsil Office, Samnabad Town",LWMC-SaTo,Loader Rickshaw,Door To Door Collection,moving,on,26.537,153.31,31.547556,74.290296,19/08/2026 10:59 AM,19/08/2026 11:00 AM,Reporting,Moving,12.1,False,UC-78,Samnabad Town,Zone-31,Loader Rickshaw,Samnabad Town,True,2026-08-19
41345,LR-2246,LR2246,Lahore,"Tehsil Office, Samnabad Town",LWMC-SaTo,Loader Rickshaw,Door To Door Collection,still,off,11.664,155.33,31.531445,74.294463,19/08/2026 10:58 AM,19/08/2026 11:00 AM,Reporting,Parked,12.71,False,UC-90,Samnabad Town,Zone-33,Loader Rickshaw,Samnabad Town,True,2026-08-19
60778,LR-2651,LR2651,Lahore,"Tehsil Office, Samnabad Town",LWMC-SaTo,Loader Rickshaw,Door To Door Collection,still,off,15.876,289.94,31.538801,74.309522,19/08/2026 10:57 AM,19/08/2026 11:00 AM,Reporting,Moving,13.12,False,UC-83,Samnabad Town,Zone-33,Loader Rickshaw,Samnabad Town,True,2026-08-19
60604,MFL-67,MFL67,Lahore,"Tehsil Office, Samnabad Town",LWMC-SaTo,Loader,Bulk Waste Collection,moving,on,15.743,130.43,31.575869,74.27335,19/08/2026 10:27 AM,19/08/2026 11:00 AM,Reporting,Parked,12.66,False,,,,Loader,Samnabad Town,False,2026-08-19
39293,LR-0492,LR0492,Lahore,"Tehsil Office, Samnabad Town",LWMC-SaTo,Loader Rickshaw,Door To Door Collection,moving,on,32.499,98.53,31.505751,74.292871,19/08/2026 10:40 AM,19/08/2026 11:00 AM,Reporting,Parked,12.15,False,UC-214,Samnabad Town,Zone-36,Loader Rickshaw,Samnabad Town,True,2026-08-19
60388,SD-13,SD13,Lahore,"Tehsil Office, Samnabad Town",LWMC-SaTo,Dumper (10CM),Bulk Waste Collection,moving,on,36.851,147.33,31.515544,74.27612,19/08/2026 11:00 AM,19/08/2026 11:00 AM,Reporting,Moving,27.14,False,UC-98,Allama Iqbal Town,Zone-37,Dumper,Samnabad Town,False,2026-08-19
60821,LR-2660,LR2660,Lahore,"Tehsil Office, Samnabad Town",LWMC-SaTo,Loader Rickshaw,Door To Door Collection,still,off,33.544,250.78,31.519603,74.291222,19/08/2026 10:58 AM,19/08/2026 11:00 AM,Reporting,Parked,11.59,False,UC-218,Samnabad Town,Zone-35,Loader Rickshaw,Samnabad Town,True,2026-08-19
59432,LR-2806,LR2806,Lahore,"Tehsil Office, Samnabad Town",LWMC-SaTo,Loader Rickshaw,Door To Door Collection,still,off,11.43,63.16,31.483728,74.295326,19/08/2026 10:57 AM,19/08/2026 11:00 AM,Reporting,Moving,12.35,False,UC-220,Allama Iqbal Town,Zone-39,Loader Rickshaw,Samnabad Town,False,2026-08-19
60285,LR-2823,LR2823,Lahore,"Tehsil Office, Samnabad Town",LWMC-SaTo,Loader Rickshaw,Door To Door Collection,still,off,25.804,167.44,31.548258,74.296453,19/08/2026 09:45 AM,19/08/2026 11:00 AM,Reporting,Parked,12.35,False,UC-76,Samnabad Town,Zone-31,Loader Rickshaw,Samnabad Town,True,2026-08-19
60799,LR-2652,LR2652,Lahore,"Tehsil Office, Samnabad Town",LWMC-SaTo,Loader Rickshaw,Door To Door Collection,moving,on,32.778,148.03,31.539151,74.308464,19/08/2026 09:39 AM,19/08/2026 11:00 AM,Reporting,Parked,12.51,False,UC-83,Samnabad Town,Zone-33,Loader Rickshaw,Samnabad Town,True,2026-08-19
41233,LR-1182,LR1182,Lahore,"Tehsil Office, Samnabad Town",LWMC-SaTo,Loader Rickshaw,Door To Door Collection,moving,on,37.08,184.34,31.545569,74.267403,19/08/2026 10:49 AM,19/08/2026 11:00 AM,Reporting,Parked,11.54,False,UC-77,Samnabad Town,Zone-31,Loader Rickshaw,Samnabad Town,True,2026-08-19
59967,LR-2811,LR2811,Lahore,"Tehsil Office, Samnabad Town",LWMC-SaTo,Loader Rickshaw,Door To Door Collection,moving,on,25.336,116.54,31.563715,74.274813,19/08/2026 10:24 AM,19/08/2026 11:00 AM,Reporting,Parked,13.22,False,UC-71,Samnabad Town,Zone-31,Loader Rickshaw,Samnabad Town,True,2026-08-19
41356,LR-2257,LR2257,Lahore,"Tehsil Office, Samnabad Town",LWMC-SaTo,Loader Rickshaw,Door To Door Collection,moving,on,27.196,159.63,31.521429,74.302983,19/08/2026 10:51 AM,19/08/2026 11:00 AM,Reporting,Parked,12.51,False,UC-218,Samnabad Town,Zone-35,Loader Rickshaw,Samnabad Town,True,2026-08-19
60641,LR-2437,LR2437,Lahore,"Tehsil Office, Samnabad Town",LWMC-SaTo,Loader Rickshaw,Door To Door Collection,still,off,,,31.463906,74.22497,19/08/2026 09:52 AM,19/08/2026 11:00 AM,Reporting,Parked,12.25,False,UC-117,Allama Iqbal Town,Zone-41,Loader Rickshaw,Samnabad Town,False,2026-08-19
60189,LR-2816,LR2816,Lahore,"Tehsil Office, Samnabad Town",LWMC-SaTo,Loader Rickshaw,Door To Door Collection,moving,on,29.652,164.09,31.553632,74.268333,19/08/2026 10:49 AM,19/08/2026 11:00 AM,Reporting,Parked,12.35,False,UC-93,Samnabad Town,Zone-31,Loader Rickshaw,Samnabad Town,True,2026-08-19
41344,LR-2245,LR2245,Lahore,"Tehsil Office, Samnabad Town",LWMC-SaTo,Loader Rickshaw,Door To Door Collection,still,off,30.289,364.36,31.480262,74.248904,19/08/2026 10:57 AM,19/08/2026 11:00 AM,Reporting,Parked,12.05,False,UC-113,Allama Iqbal Town,Zone-40,Loader Rickshaw,Samnabad Town,False,2026-08-19
60776,LR-1257,LR1257,Lahore,"Tehsil Office, Samnabad Town",LWMC-SaTo,Loader Rickshaw,Door To Door Collection,still,off,28.517,620.51,31.53337,74.302612,19/08/2026 10:57 AM,19/08/2026 11:00 AM,Reporting,Excess Idling,11.64,False,UC-91,Samnabad Town,Zone-33,Loader Rickshaw,Samnabad Town,True,2026-08-19
61002,LR-2817,LR2817,Lahore,"Tehsil Office, Samnabad Town",LWMC-SaTo,Loader Rickshaw,Door To Door Collection,still,off,39.105,205.03,31.552833,74.264626,19/08/2026 10:45 AM,19/08/2026 11:00 AM,Reporting,Parked,12.1,False,UC-93,Samnabad Town,Zone-31,Loader Rickshaw,Samnabad Town,True,2026-08-19
59778,LR-2439,LR2439,Lahore,"Tehsil Office, Samnabad Town",LWMC-SaTo,Loader Rickshaw,Door To Door Collection,still,off,,,31.464014,74.22502,19/08/2026 09:50 AM,19/08/2026 11:00 AM,Reporting,Idle,12.4,False,UC-117,Allama Iqbal Town,Zone-41,Loader Rickshaw,Samnabad Town,False,2026-08-19
41348,LR-2249,LR2249,Lahore,"Tehsil Office, Samnabad Town",LWMC-SaTo,Loader Rickshaw,Door To Door Collection,still,off,35.133,283.51,31.526757,74.303624,19/08/2026 10:57 AM,19/08/2026 11:00 AM,Reporting,Parked,12.15,False,UC-218,Samnabad Town,Zone-35,Loader Rickshaw,Samnabad Town,True,2026-08-19
41236,LR-1185,LR1185,Lahore,"Tehsil Office, Samnabad Town",LWMC-SaTo,Loader Rickshaw,Door To Door Collection,moving,on,29.327,133.46,31.557641,74.276564,19/08/2026 10:57 AM,19/08/2026 11:00 AM,Reporting,Parked,11.49,False,UC-74,DGBT,Zone-30,Loader Rickshaw,Samnabad Town,False,2026-08-19
41329,LR-2179,LR2179,Lahore,"Tehsil Office, Samnabad Town",LWMC-SaTo,Loader Rickshaw,Door To Door Collection,still,off,37.785,178.98,31.539713,74.2817,19/08/2026 10:57 AM,19/08/2026 11:00 AM,Reporting,Parked,12.71,False,UC-80,Samnabad Town,Zone-32,Loader Rickshaw,Samnabad Town,True,2026-08-19
60991,LR-2444,LR2444,Lahore,"Tehsil Office, Samnabad Town",LWMC-SaTo,Loader Rickshaw,Door To Door Collection,moving,on,44.133,573.73,31.495186,74.263766,19/08/2026 10:57 AM,19/08/2026 11:00 AM,Reporting,Parked,11.64,False,UC-112,Allama Iqbal Town,Zone-38,Loader Rickshaw,Samnabad Town,False,2026-08-19
59797,LR-2671,LR2671,Lahore,"Tehsil Office, Samnabad Town",LWMC-SaTo,Loader Rickshaw,Door To Door Collection,moving,on,33.746,380.0,31.506082,74.292799,19/08/2026 11:00 AM,19/08/2026 11:00 AM,Reporting,Excess Idling,11.84,False,UC-214,Samnabad Town,Zone-36,Loader Rickshaw,Samnabad Town,True,2026-08-19
59926,LR-2833,LR2833,Lahore,"Tehsil Office, Samnabad Town",LWMC-SaTo,Loader Rickshaw,Door To Door Collection,moving,on,23.752,263.39,31.517978,74.301097,19/08/2026 10:57 AM,19/08/2026 11:00 AM,Reporting,Moving,13.02,False,UC-219,Samnabad Town,Zone-36,Loader Rickshaw,Samnabad Town,True,2026-08-19
41278,LR-1463,LR1463,Lahore,"Tehsil Office, Samnabad Town",LWMC-SaTo,Loader Rickshaw,Door To Door Collection,moving,on,32.853,215.96,31.506035,74.292938,19/08/2026 10:58 AM,19/08/2026 11:00 AM,Reporting,Parked,11.59,False,UC-214,Samnabad Town,Zone-36,Loader Rickshaw,Samnabad Town,True,2026-08-19
40357,LR-0999,LR0999,Lahore,"Tehsil Office, Samnabad Town",LWMC-SaTo,Loader Rickshaw,Door To Door Collection,still,off,,,31.464116,74.225193,19/08/2026 10:10 AM,19/08/2026 11:00 AM,Reporting,No Activity Since Yesterday,11.43,False,UC-117,Allama Iqbal Town,Zone-41,Loader Rickshaw,Samnabad Town,False,2026-08-19
59769,LR-2438,LR2438,Lahore,"Tehsil Office, Samnabad Town",LWMC-SaTo,Loader Rickshaw,Door To Door Collection,still,off,,,31.463878,74.224968,19/08/2026 09:45 AM,19/08/2026 11:00 AM,Reporting,Moving,13.98,False,UC-117,Allama Iqbal Town,Zone-41,Loader Rickshaw,Samnabad Town,False,2026-08-19
60719,LR-2819,LR2819,Lahore,"Tehsil Office, Samnabad Town",LWMC-SaTo,Loader Rickshaw,Door To Door Collection,moving,on,28.758,304.89,31.556183,74.265714,19/08/2026 10:59 AM,19/08/2026 11:00 AM,Reporting,Moving,13.78,False,UC-93,Samnabad Town,Zone-31,Loader Rickshaw,Samnabad Town,True,2026-08-19
-,VS-50,VS50,Lahore,"Tehsil Office, Samnabad Town",LWMC-SaTo,-,-,still,off,0.156,21.41,31.464381,74.225572,19/08/2026 09:50 AM,19/08/2026 11:00 AM,Reporting,No Activity Since Yesterday,24.29,False,UC-117,Allama Iqbal Town,Zone-41,Vaccume Sweeper,Night Operations,False,2026-08-19
60392,S-122,S122,Lahore,"Tehsil Office, Samnabad Town",LWMC-SaTo,Mini Dumper,Bulk Waste Collection,moving,on,27.059,100.84,31.543279,74.313641,19/08/2026 10:48 AM,19/08/2026 11:00 AM,Reporting,Parked,12.81,False,UC-83,Samnabad Town,Zone-33,Mini Dumper,Samnabad Town,True,2026-08-19
39142,CA-123,CA123,Lahore,"Tehsil Office, Samnabad Town",LWMC-SaTo,Chain Arm Roll,Container-Based Collection,moving,on,91.913,217.61,31.475502,74.227643,19/08/2026 10:58 AM,19/08/2026 11:00 AM,Reporting,Moving,28.42,False,UC-110,Allama Iqbal Town,Zone-41,Chain Arm Roll,Samnabad Town,False,2026-08-19
41372,LR-2273,LR2273,Lahore,"Tehsil Office, Samnabad Town",LWMC-SaTo,Loader Rickshaw,Door To Door Collection,moving,on,33.166,155.59,31.528187,74.304098,19/08/2026 10:49 AM,19/08/2026 11:00 AM,Reporting,Parked,11.64,False,UC-92,Samnabad Town,Zone-35,Loader Rickshaw,Samnabad Town,True,2026-08-19
60491,LR-2658,LR2658,Lahore,"Tehsil Office, Samnabad Town",LWMC-SaTo,Loader Rickshaw,Door To Door Collection,still,off,33.548,323.25,31.524454,74.294333,19/08/2026 10:57 AM,19/08/2026 11:00 AM,Reporting,Parked,13.68,False,UC-218,Samnabad Town,Zone-35,Loader Rickshaw,Samnabad Town,True,2026-08-19
41358,LR-2259,LR2259,Lahore,"Tehsil Office, Samnabad Town",LWMC-SaTo,Loader Rickshaw,Door To Door Collection,still,off,50.121,297.14,31.541739,74.279238,19/08/2026 10:57 AM,19/08/2026 11:00 AM,Reporting,Parked,12.1,False,UC-99,Samnabad Town,Zone-32,Loader Rickshaw,Samnabad Town,True,2026-08-19
41255,LR-1264,LR1264,Lahore,"Tehsil Office, Samnabad Town",LWMC-SaTo,Loader Rickshaw,Door To Door Collection,moving,on,30.603,203.16,31.54113,74.303101,19/08/2026 10:57 AM,19/08/2026 11:00 AM,Reporting,Moving,11.94,False,UC-91,Samnabad Town,Zone-33,Loader Rickshaw,Samnabad Town,True,2026-08-19
59605,LR-0498,LR0498,Lahore,"Tehsil Office, Samnabad Town",LWMC-SaTo,Loader Rickshaw,Door To Door Collection,still,off,35.632,397.44,31.513299,74.314808,19/08/2026 10:55 AM,19/08/2026 11:00 AM,Reporting,Parked,12.51,False,UC-216,Samnabad Town,Zone-35,Loader Rickshaw,Samnabad Town,True,2026-08-19
59786,LR-2447,LR2447,Lahore,"Tehsil Office, Samnabad Town",LWMC-SaTo,Loader Rickshaw,Door To Door Collection,still,off,29.696,363.41,31.525277,74.291506,19/08/2026 10:58 AM,19/08/2026 11:00 AM,Reporting,Excess Idling,12.2,False,UC-218,Samnabad Town,Zone-35,Loader Rickshaw,Samnabad Town,True,2026-08-19
59738,LR-2433,LR2433,Lahore,"Tehsil Office, Samnabad Town",LWMC-SaTo,Loader Rickshaw,Door To Door Collection,moving,on,36.061,607.81,31.500574,74.322243,19/08/2026 10:46 AM,19/08/2026 11:00 AM,Reporting,Excess Idling,11.79,False,UC-208,Gulberg Town,Zone-23,Loader Rickshaw,Samnabad Town,False,2026-08-19
39123,C-1367,C1367,Lahore,"Tehsil Office, Samnabad Town",LWMC-SaTo,Compactor (13CM),Container-Based Collection,still,off,48.569,361.19,31.524824,74.296304,19/08/2026 10:58 AM,19/08/2026 11:00 AM,Reporting,Moving,28.26,False,UC-218,Samnabad Town,Zone-35,Compactor,Samnabad Town,True,2026-08-19
41300,LR-1902,LR1902,Lahore,"Tehsil Office, Samnabad Town",LWMC-SaTo,Loader Rickshaw,Door To Door Collection,moving,on,27.55,100.4,31.549772,74.269328,19/08/2026 10:59 AM,19/08/2026 11:00 AM,Reporting,Parked,12.66,False,UC-77,Samnabad Town,Zone-31,Loader Rickshaw,Samnabad Town,True,2026-08-19
59902,LR-2808,LR2808,Lahore,"Tehsil Office, Samnabad Town",LWMC-SaTo,Loader Rickshaw,Door To Door Collection,moving,on,8.587,94.95,31.505008,74.279102,19/08/2026 10:50 AM,19/08/2026 11:00 AM,Reporting,Moving,12.86,False,UC-215,Samnabad Town,Zone-36,Loader Rickshaw,Samnabad Town,True,2026-08-19
41285,LR-1677,LR1677,Lahore,"Tehsil Office, Samnabad Town",LWMC-SaTo,Loader Rickshaw,Door To Door Collection,still,off,18.048,175.43,31.535703,74.317669,19/08/2026 10:18 AM,19/08/2026 10:30 AM,Reporting,Parked,11.84,False,UC-84,Samnabad Town,Zone-34,Loader Rickshaw,Samnabad Town,True,2026-08-19
59598,M-102,M102,Lahore,"Tehsil Office, Samnabad Town",LWMC-SaTo,Pickup,Container-Based Collection,moving,on,26.051,178.05,31.574957,74.274482,19/08/2026 10:55 AM,19/08/2026 11:00 AM,Reporting,Parked,12.76,False,,,,Foton-Mini Dumper,Samnabad Town,False,2026-08-19
-,WR-0041,WR0041,Lahore,"Tehsil Office, Samnabad Town",LWMC-SaTo,-,-,moving,on,24.009,106.48,31.539901,74.34634,19/08/2026 10:51 AM,19/08/2026 11:00 AM,Reporting,Parked,14.49,False,UC-200,Gulberg Town,Zone-20,Washer Rickshaw,Samnabad Town,False,2026-08-19
61140,LR-1852,LR1852,Lahore,"Tehsil Office, Samnabad Town",LWMC-SaTo,Loader Rickshaw,Door To Door Collection,still,off,44.631,270.05,31.485434,74.256674,19/08/2026 10:59 AM,19/08/2026 11:00 AM,Reporting,Parked,12.2,False,UC-113,Allama Iqbal Town,Zone-40,Loader Rickshaw,Samnabad Town,False,2026-08-19
59736,LR-2431,LR2431,Lahore,"Tehsil Office, Samnabad Town",LWMC-SaTo,Loader Rickshaw,Door To Door Collection,still,off,33.825,219.65,31.51246,74.320006,19/08/2026 10:58 AM,19/08/2026 11:00 AM,Reporting,Parked,9.14,False,UC-208,Gulberg Town,Zone-23,Loader Rickshaw,Samnabad Town,False,2026-08-19
-,S-19,S19,Lahore,"Tehsil Office, Samnabad Town",LWMC-SaTo,-,-,still,off,,,31.465397,74.22546,19/08/2026 09:56 AM,19/08/2026 11:00 AM,Reporting,No Activity Since Yesterday,12.4,False,UC-117,Allama Iqbal Town,Zone-41,Mini Dumper,Samnabad Town,False,2026-08-19
59729,LR-2430,LR2430,Lahore,"Tehsil Office, Samnabad Town",LWMC-SaTo,Loader Rickshaw,Door To Door Collection,still,off,24.503,375.33,31.520007,74.327198,19/08/2026 09:40 AM,19/08/2026 11:00 AM,Reporting,Parked,12.05,False,UC-203,Gulberg Town,Zone-21,Loader Rickshaw,Samnabad Town,False,2026-08-19
41332,LR-2238,LR2238,Lahore,"Tehsil Office, Samnabad Town",LWMC-SaTo,Loader Rickshaw,Door To Door Collection,still,off,25.238,189.4,31.538712,74.269345,19/08/2026 10:57 AM,19/08/2026 11:00 AM,Reporting,Parked,12.05,False,UC-100,Samnabad Town,Zone-32,Loader Rickshaw,Samnabad Town,True,2026-08-19
60773,LR-2831,LR2831,Lahore,"Tehsil Office, Samnabad Town",LWMC-SaTo,Loader Rickshaw,Door To Door Collection,moving,on,49.475,470.44,31.460619,74.221427,19/08/2026 10:35 AM,19/08/2026 11:00 AM,Reporting,Excess Idling,12.86,False,UC-117,Allama Iqbal Town,Zone-41,Loader Rickshaw,Samnabad Town,False,2026-08-19
-,MFT-9,MFT9,Lahore,"Tehsil Office, Samnabad Town",LWMC-SaTo,-,-,still,off,14.68,153.63,31.565564,74.276402,19/08/2026 09:39 AM,19/08/2026 11:00 AM,Reporting,Parked,13.02,False,UC-71,Samnabad Town,Zone-31,Tractor Trolley,Samnabad Town,True,2026-08-19
40311,LR-0496,LR0496,Lahore,"Tehsil Office, Samnabad Town",LWMC-SaTo,Loader Rickshaw,Door To Door Collection,still,off,31.127,139.0,31.518583,74.319756,19/08/2026 10:58 AM,19/08/2026 11:00 AM,Reporting,Parked,12.2,False,UC-216,Samnabad Town,Zone-35,Loader Rickshaw,Samnabad Town,True,2026-08-19
-,LR-2989,LR2989,Lahore,"Tehsil Office, Samnabad Town",LWMC-SaTo,-,-,still,off,0.06,8.78,31.465141,74.225474,19/08/2026 09:36 AM,19/08/2026 10:00 AM,Not Reporting,Parked,0.0,True,UC-117,Allama Iqbal Town,Zone-41,,Samnabad Town,False,2026-08-19
-,LR-2663,LR2663,Lahore,"Tehsil Office, Samnabad Town",LWMC-SaTo,-,-,still,off,32.721,290.16,31.490256,74.260736,19/08/2026 10:53 AM,19/08/2026 11:00 AM,Reporting,Parked,12.3,False,UC-109,Allama Iqbal Town,Zone-38,Loader Rickshaw,Allama Iqbal Town,True,2026-08-19
41219,LR-0779,LR0779,Lahore,"Tehsil Office, Samnabad Town",LWMC-SaTo,Loader Rickshaw,Door To Door Collection,moving,on,30.85,252.65,31.576342,74.27166,19/08/2026 11:00 AM,19/08/2026 11:00 AM,Reporting,Parked,11.54,False,UC-71,Samnabad Town,Zone-31,Loader Rickshaw,Samnabad Town,True,2026-08-19
20233,WR-014,WR014,Lahore,"Tehsil Office, Samnabad Town",LWMC-SaTo,Rickshaw Washer,Washing,moving,on,39.459,134.96,31.460626,74.218099,19/08/2026 10:57 AM,19/08/2026 11:00 AM,Reporting,Parked,11.64,False,UC-117,Allama Iqbal Town,Zone-41,Washer Rickshaw,Samnabad Town,False,2026-08-19
60525,LR-2835,LR2835,Lahore,"Tehsil Office, Samnabad Town",LWMC-SaTo,Loader Rickshaw,Door To Door Collection,moving,on,41.46,535.78,31.522369,74.296809,19/08/2026 10:59 AM,19/08/2026 11:00 AM,Reporting,Excess Idling,11.28,False,UC-218,Samnabad Town,Zone-35,Loader Rickshaw,Samnabad Town,True,2026-08-19
40356,LR-0998,LR0998,Lahore,"Tehsil Office, Samnabad Town",LWMC-SaTo,Loader Rickshaw,Door To Door Collection,moving,on,21.186,132.91,31.535747,74.317723,19/08/2026 11:00 AM,19/08/2026 11:00 AM,Reporting,Parked,11.94,False,UC-84,Samnabad Town,Zone-34,Loader Rickshaw,Samnabad Town,True,2026-08-19
41244,LR-1253,LR1253,Lahore,"Tehsil Office, Samnabad Town",LWMC-SaTo,Loader Rickshaw,Door To Door Collection,still,off,21.659,224.06,31.549077,74.302674,19/08/2026 10:57 AM,19/08/2026 11:00 AM,Reporting,Excess Idling,11.89,False,UC-82,Samnabad Town,Zone-33,Loader Rickshaw,Samnabad Town,True,2026-08-19
60621,LR-2440,LR2440,Lahore,"Tehsil Office, Samnabad Town",LWMC-SaTo,Loader Rickshaw,Door To Door Collection,still,off,,,31.46389,74.224923,19/08/2026 09:58 AM,19/08/2026 11:00 AM,Reporting,Idle,11.69,False,UC-117,Allama Iqbal Town,Zone-41,Loader Rickshaw,Samnabad Town,False,2026-08-19
41352,LR-2253,LR2253,Lahore,"Tehsil Office, Samnabad Town",LWMC-SaTo,Loader Rickshaw,Door To Door Collection,moving,on,29.93,381.6,31.523434,74.304044,19/08/2026 10:59 AM,19/08/2026 11:00 AM,Reporting,Parked,11.79,False,UC-218,Samnabad Town,Zone-35,Loader Rickshaw,Samnabad Town,True,2026-08-19
20232,WR-013,WR013,Lahore,"Tehsil Office, Samnabad Town",LWMC-SaTo,Rickshaw Washer,Washing,still,off,18.05,83.96,31.525038,74.283707,19/08/2026 09:38 AM,19/08/2026 11:00 AM,Reporting,Parked,12.15,False,UC-212,Samnabad Town,Zone-36,Washer Rickshaw,Samnabad Town,True,2026-08-19
39152,D-31,D31,Lahore,"Tehsil Office, Samnabad Town",LWMC-SaTo,Dumper (10CM),Bulk Waste Collection,moving,on,67.23,248.66,31.508833,74.305298,19/08/2026 10:55 AM,19/08/2026 11:00 AM,Reporting,Moving,0.0,True,UC-216,Samnabad Town,Zone-35,Dumper,Samnabad Town,True,2026-08-19
59420,LR-0821,LR0821,Lahore,"Tehsil Office, Samnabad Town",LWMC-SaTo,Loader Rickshaw,Door To Door Collection,still,off,,,31.463506,74.224813,19/08/2026 05:46 AM,19/08/2026 07:00 AM,Reporting,No Activity Since Yesterday,5.77,False,UC-117,Allama Iqbal Town,Zone-41,Loader Rickshaw,Samnabad Town,False,2026-08-19
60818,LR-2435,LR2435,Lahore,"Tehsil Office, Samnabad Town",LWMC-SaTo,Loader Rickshaw,Door To Door Collection,still,off,44.241,187.34,31.481227,74.282762,19/08/2026 10:58 AM,19/08/2026 11:00 AM,Reporting,Parked,12.25,False,UC-114,Allama Iqbal Town,Zone-40,Loader Rickshaw,Samnabad Town,False,2026-08-19
41250,LR-1259,LR1259,Lahore,"Tehsil Office, Samnabad Town",LWMC-SaTo,Loader Rickshaw,Door To Door Collection,moving,on,18.051,305.91,31.533189,74.294283,19/08/2026 10:58 AM,19/08/2026 11:00 AM,Reporting,Parked,11.64,False,UC-90,Samnabad Town,Zone-33,Loader Rickshaw,Samnabad Town,True,2026-08-19
61138,LR-2442,LR2442,Lahore,"Tehsil Office, Samnabad Town",LWMC-SaTo,Loader Rickshaw,Door To Door Collection,moving,on,35.719,186.61,31.534918,74.303608,19/08/2026 10:59 AM,19/08/2026 11:00 AM,Reporting,Parked,13.73,False,UC-91,Samnabad Town,Zone-33,Loader Rickshaw,Samnabad Town,True,2026-08-19
39187,S-247,S247,Lahore,"Tehsil Office, Samnabad Town",LWMC-SaTo,Mini Dumper,Bulk Waste Collection,moving,on,29.438,111.01,31.546507,74.260691,19/08/2026 10:51 AM,19/08/2026 11:00 AM,Reporting,Moving,14.09,False,UC-93,Samnabad Town,Zone-31,Mini Dumper,Samnabad Town,True,2026-08-19
41289,LR-1681,LR1681,Lahore,"Tehsil Office, Samnabad Town",LWMC-SaTo,Loader Rickshaw,Door To Door Collection,moving,on,20.08,110.25,31.489057,74.237273,19/08/2026 10:13 AM,19/08/2026 11:00 AM,Reporting,Parked,11.03,False,UC-110,Allama Iqbal Town,Zone-41,Loader Rickshaw,Samnabad Town,False,2026-08-19
60812,LR-0379,LR0379,Lahore,"Tehsil Office, Samnabad Town",LWMC-SaTo,Loader Rickshaw,Door To Door Collection,still,off,26.704,221.23,31.508757,74.28942,19/08/2026 10:52 AM,19/08/2026 11:00 AM,Reporting,Parked,11.49,False,UC-214,Samnabad Town,Zone-36,Loader Rickshaw,Samnabad Town,True,2026-08-19
40345,LR-0813,LR0813,Lahore,"Tehsil Office, Samnabad Town",LWMC-SaTo,Loader Rickshaw,Door To Door Collection,moving,on,17.977,103.36,31.535757,74.317706,19/08/2026 10:55 AM,19/08/2026 11:00 AM,Reporting,Parked,10.06,False,UC-84,Samnabad Town,Zone-34,Loader Rickshaw,Samnabad Town,True,2026-08-19
-,LR-2832,LR2832,Lahore,"Tehsil Office, Samnabad Town",LWMC-SaTo,-,-,still,off,16.877,82.9,31.410225,74.222471,19/08/2026 10:55 AM,19/08/2026 11:00 AM,Reporting,Moving,10.72,False,UC-269,Nishter Town,Zone-47,Loader Rickshaw,Samnabad Town,False,2026-08-19
-,LR-2429,LR2429,Lahore,"Tehsil Office, Samnabad Town",LWMC-SaTo,-,-,moving,on,26.314,369.26,31.525473,74.267236,19/08/2026 10:58 AM,19/08/2026 11:00 AM,Reporting,Excess Idling,12.05,False,UC-102,Allama Iqbal Town,Zone-37,Loader Rickshaw,Allama Iqbal Town,True,2026-08-19
60618,LR-2436,LR2436,Lahore,"Tehsil Office, Samnabad Town",LWMC-SaTo,Loader Rickshaw,Door To Door Collection,still,off,,,31.463828,74.224964,19/08/2026 09:38 AM,19/08/2026 11:00 AM,Reporting,Moving,12.86,False,UC-117,Allama Iqbal Town,Zone-41,Loader Rickshaw,Samnabad Town,False,2026-08-19
59999,LR-2826,LR2826,Lahore,"Tehsil Office, Samnabad Town",LWMC-SaTo,Loader Rickshaw,Door To Door Collection,still,off,2.057,267.91,31.471496,74.24216,19/08/2026 10:57 AM,19/08/2026 11:00 AM,Reporting,Parked,0.0,True,UC-113,Allama Iqbal Town,Zone-40,Loader Rickshaw,Samnabad Town,False,2026-08-19
59742,LR-2434,LR2434,Lahore,"Tehsil Office, Samnabad Town",LWMC-SaTo,Loader Rickshaw,Door To Door Collection,moving,on,52.728,226.11,31.511277,74.319161,19/08/2026 10:49 AM,19/08/2026 11:00 AM,Reporting,Parked,12.25,False,UC-208,Gulberg Town,Zone-23,Loader Rickshaw,Samnabad Town,False,2026-08-19
23435,LR-0087,LR0087,Lahore,"Tehsil Office, Ravi Town",LWMC-RaTo,Loader Rickshaw,Door To Door Collection,still,off,12.317,218.33,31.610018,74.277273,19/08/2026 10:54 AM,19/08/2026 11:00 AM,Reporting,Parked,11.38,False,UC-4,Ravi Town,Zone-1,Loader Rickshaw,Ravi Town,True,2026-08-19
61274,LR-1606,LR1606,Lahore,"Tehsil Office, Ravi Town",LWMC-RaTo,Loader Rickshaw,Door To Door Collection,moving,on,8.46,257.14,31.590614,74.321169,19/08/2026 10:50 AM,19/08/2026 11:00 AM,Reporting,Parked,12.05,False,UC-17,Ravi Town,Zone-4,Loader Rickshaw,Ravi Town,True,2026-08-19
19323,LR-0437,LR0437,Lahore,"Tehsil Office, Ravi Town",LWMC-RaTo,Loader Rickshaw,Bulk Waste Collection,still,off,13.142,248.65,31.598337,74.306984,19/08/2026 10:58 AM,19/08/2026 11:00 AM,Reporting,Parked,11.74,False,UC-15,Ravi Town,Zone-4,Loader Rickshaw,Ravi Town,True,2026-08-19
61175,LR-1818,LR1818,Lahore,"Tehsil Office, Ravi Town",LWMC-RaTo,Loader Rickshaw,Door To Door Collection,still,off,11.504,308.68,31.583833,74.308133,19/08/2026 10:58 AM,19/08/2026 11:00 AM,Reporting,Parked,12.05,False,UC-37,Ravi Town,Zone-5,Loader Rickshaw,Ravi Town,True,2026-08-19
19958,S-182,S182,Lahore,"Tehsil Office, Ravi Town",LWMC-RaTo,Mini Dumper,Bulk Waste Collection,moving,on,26.419,126.65,31.573419,74.287523,19/08/2026 10:52 AM,19/08/2026 11:00 AM,Reporting,Parked,11.59,False,UC-56,DGBT,Zone-29,Mini Dumper,Ravi Town,False,2026-08-19
-,HA-2,HA2,Lahore,"Tehsil Office, Ravi Town",LWMC-RaTo,-,-,still,off,77.137,299.56,31.573131,74.286847,19/08/2026 10:58 AM,19/08/2026 11:00 AM,Reporting,Parked,25.51,False,UC-56,DGBT,Zone-29,Arm Roll,Ravi Town,False,2026-08-19
61145,LR-1610,LR1610,Lahore,"Tehsil Office, Ravi Town",LWMC-RaTo,Loader Rickshaw,Door To Door Collection,moving,on,9.642,330.38,31.601359,74.316884,19/08/2026 10:57 AM,19/08/2026 11:00 AM,Reporting,Parked,12.05,False,UC-19,Ravi Town,Zone-3,Loader Rickshaw,Ravi Town,True,2026-08-19
18684,C-729,C729,Lahore,"Tehsil Office, Ravi Town",LWMC-RaTo,Compactor (7CM),Container-Based Collection,moving,on,71.459,275.41,31.611533,74.311398,19/08/2026 11:00 AM,19/08/2026 11:00 AM,Reporting,Moving,28.06,False,UC-23,Ravi Town,Zone-3,Compactor,Ravi Town,True,2026-08-19
61559,LR-1503,LR1503,Lahore,"Tehsil Office, Ravi Town",LWMC-RaTo,Loader Rickshaw,Door To Door Collection,moving,on,12.696,70.58,31.609994,74.277406,19/08/2026 10:56 AM,19/08/2026 11:00 AM,Reporting,Parked,11.28,False,UC-4,Ravi Town,Zone-1,Loader Rickshaw,Ravi Town,True,2026-08-19
19301,LR-0162,LR0162,Lahore,"Tehsil Office, Ravi Town",LWMC-RaTo,Loader Rickshaw,Bulk Waste Collection,still,off,17.181,286.06,31.629896,74.281852,19/08/2026 10:57 AM,19/08/2026 11:00 AM,Reporting,Parked,11.94,False,UC-6,Ravi Town,Zone-1,Loader Rickshaw,Ravi Town,True,2026-08-19
61934,LR-2130,LR2130,Lahore,"Tehsil Office, Ravi Town",LWMC-RaTo,Loader Rickshaw,Door To Door Collection,still,off,17.615,193.36,31.624026,74.287078,19/08/2026 11:00 AM,19/08/2026 11:00 AM,Reporting,Parked,11.13,False,UC-7,Ravi Town,Zone-1,Loader Rickshaw,Ravi Town,True,2026-08-19
18476,CA-169,CA169,Lahore,"Tehsil Office, Ravi Town",LWMC-RaTo,Chain Arm Roll,Container-Based Collection,moving,on,80.383,295.58,31.626436,74.30971,19/08/2026 10:58 AM,19/08/2026 11:00 AM,Reporting,Moving,25.77,False,UC-14,Ravi Town,Zone-2,Chain Arm Roll,Ravi Town,True,2026-08-19
61100,LR-1615,LR1615,Lahore,"Tehsil Office, Ravi Town",LWMC-RaTo,Loader Rickshaw,Door To Door Collection,still,off,11.057,303.53,31.590513,74.321276,19/08/2026 10:57 AM,19/08/2026 11:00 AM,Reporting,Parked,11.89,False,UC-17,Ravi Town,Zone-4,Loader Rickshaw,Ravi Town,True,2026-08-19
61544,LR-1946,LR1946,Lahore,"Tehsil Office, Ravi Town",LWMC-RaTo,Loader Rickshaw,Door To Door Collection,still,off,13.149,122.46,31.609992,74.277421,19/08/2026 10:55 AM,19/08/2026 11:00 AM,Reporting,Parked,11.59,False,UC-4,Ravi Town,Zone-1,Loader Rickshaw,Ravi Town,True,2026-08-19
-,C-1378,C1378,Lahore,"Tehsil Office, Ravi Town",LWMC-RaTo,-,-,moving,on,54.219,310.01,31.616619,74.301494,19/08/2026 11:00 AM,19/08/2026 11:00 AM,Reporting,Moving,28.32,False,UC-13,Ravi Town,Zone-2,Compactor,Ravi Town,True,2026-08-19
18680,C-741,C741,Lahore,"Tehsil Office, Ravi Town",LWMC-RaTo,Compactor (7CM),Container-Based Collection,still,off,70.326,286.69,31.646121,74.290491,19/08/2026 11:00 AM,19/08/2026 11:00 AM,Reporting,Parked,25.36,False,UC-9,Ravi Town,Zone-2,Compactor,Ravi Town,True,2026-08-19
23369,LR-430,LR430,Lahore,"Tehsil Office, Ravi Town",LWMC-RaTo,Loader Rickshaw,Door To Door Collection,moving,on,18.506,307.0,31.602158,74.305508,19/08/2026 10:59 AM,19/08/2026 11:00 AM,Reporting,Parked,12.2,False,UC-16,Ravi Town,Zone-4,Loader Rickshaw,Ravi Town,True,2026-08-19
18408,HA-08,HA08,Lahore,"Tehsil Office, Ravi Town",LWMC-RaTo,Arm Roll Truck,Container-Based Collection,still,off,89.822,253.11,31.573908,74.287704,19/08/2026 10:21 AM,19/08/2026 11:00 AM,Reporting,Parked,25.26,False,UC-56,DGBT,Zone-29,Arm Roll,Ravi Town,False,2026-08-19
61195,LR-1235,LR1235,Lahore,"Tehsil Office, Ravi Town",LWMC-RaTo,Loader Rickshaw,Door To Door Collection,still,off,10.531,121.28,31.591018,74.317867,19/08/2026 10:58 AM,19/08/2026 11:00 AM,Reporting,Parked,12.3,False,UC-17,Ravi Town,Zone-4,Loader Rickshaw,Ravi Town,True,2026-08-19
18477,CA-142,CA142,Lahore,"Tehsil Office, Ravi Town",LWMC-RaTo,Chain Arm Roll,Container-Based Collection,moving,on,105.217,303.78,31.611534,74.311274,19/08/2026 10:58 AM,19/08/2026 11:00 AM,Reporting,Parked,28.88,False,UC-23,Ravi Town,Zone-3,Chain Arm Roll,Ravi Town,True,2026-08-19
19298,LR-0164,LR0164,Lahore,"Tehsil Office, Ravi Town",LWMC-RaTo,Loader Rickshaw,Bulk Waste Collection,moving,on,0.012,0.05,31.593039,74.258923,19/08/2026 10:09 AM,19/08/2026 11:00 AM,Reporting,No Activity Since Yesterday,11.33,False,UC-5,Ravi Town,Zone-1,Loader Rickshaw,Ravi Town,True,2026-08-19
-,S-368,S368,Lahore,"Tehsil Office, Ravi Town",LWMC-RaTo,-,-,moving,on,22.313,106.81,31.619949,74.296531,19/08/2026 10:46 AM,19/08/2026 11:00 AM,Reporting,Moving,14.19,False,UC-13,Ravi Town,Zone-2,Mini Dumper,Ravi Town,True,2026-08-19
61731,LR-1507,LR1507,Lahore,"Tehsil Office, Ravi Town",LWMC-RaTo,Loader Rickshaw,Door To Door Collection,still,off,14.183,200.61,31.630998,74.3067,19/08/2026 10:22 AM,19/08/2026 11:00 AM,Reporting,Parked,7.97,False,UC-11,Ravi Town,Zone-2,Loader Rickshaw,Ravi Town,True,2026-08-19
18474,CA-149,CA149,Lahore,"Tehsil Office, Ravi Town",LWMC-RaTo,Chain Arm Roll,Container-Based Collection,moving,on,84.487,250.84,31.584128,74.330025,19/08/2026 10:59 AM,19/08/2026 11:00 AM,Reporting,Parked,25.71,False,UC-30,Ravi Town,Zone-4,Chain Arm Roll,Ravi Town,True,2026-08-19
-,LR-1686,LR1686,Lahore,"Tehsil Office, Ravi Town",LWMC-RaTo,-,-,moving,on,20.04,75.31,31.634111,74.312761,19/08/2026 10:53 AM,19/08/2026 11:00 AM,Reporting,Parked,12.45,False,,,,Loader Rickshaw,Ravi Town,False,2026-08-19
19293,LR-0251,LR0251,Lahore,"Tehsil Office, Ravi Town",LWMC-RaTo,Loader Rickshaw,Bulk Waste Collection,moving,on,9.226,165.03,31.590213,74.321376,19/08/2026 10:48 AM,19/08/2026 11:00 AM,Reporting,Parked,11.69,False,UC-17,Ravi Town,Zone-4,Loader Rickshaw,Ravi Town,True,2026-08-19
23457,LR-0560,LR0560,Lahore,"Tehsil Office, Ravi Town",LWMC-RaTo,Loader Rickshaw,Door To Door Collection,still,off,15.125,60.53,31.611417,74.277989,19/08/2026 10:58 AM,19/08/2026 11:00 AM,Reporting,Excess Idling,11.43,False,UC-4,Ravi Town,Zone-1,Loader Rickshaw,Ravi Town,True,2026-08-19
59373,LR-1783,LR1783,Lahore,"Tehsil Office, Wahgha Town",LWMC-WaTo,Loader Rickshaw,Door To Door Collection,moving,on,27.428,235.38,31.49356,74.494347,19/08/2026 10:59 AM,19/08/2026 11:00 AM,Reporting,Parked,12.81,False,UC-193,Wagha Town,Zone-14,Loader Rickshaw,Wagha Town,True,2026-08-19
59297,LR-2162,LR2162,Lahore,"Tehsil Office, Wahgha Town",LWMC-WaTo,Loader Rickshaw,Door To Door Collection,still,off,21.968,74.46,31.390583,74.565986,19/08/2026 09:14 AM,19/08/2026 09:30 AM,Reporting,Parked,11.89,False,UC-191,Wagha Town,Zone-14,Loader Rickshaw,Wagha Town,True,2026-08-19
59627,LR-2905,LR2905,Lahore,"Tehsil Office, Wahgha Town",LWMC-WaTo,Loader Rickshaw,Door To Door Collection,still,off,18.174,291.63,31.444637,74.569284,19/08/2026 10:58 AM,19/08/2026 11:00 AM,Reporting,Idle,12.66,False,UC-190,Wagha Town,Zone-14,Loader Rickshaw,Wagha Town,True,2026-08-19
23591,LR-0822,LR0822,Lahore,"Tehsil Office, Wahgha Town",LWMC-WaTo,Loader Rickshaw,Door To Door Collection,still,off,19.884,81.59,31.590497,74.396168,19/08/2026 10:22 AM,19/08/2026 11:00 AM,Reporting,Parked,11.64,False,UC-131,Wagha Town,Zone-11,Loader Rickshaw,Wagha Town,True,2026-08-19
60529,WR-0025,WR0025,Lahore,"Tehsil Office, Wahgha Town",LWMC-WaTo,Rickshaw Washer,Washing,still,off,7.242,65.91,31.600413,74.534032,19/08/2026 09:42 AM,19/08/2026 11:00 AM,Reporting,Parked,12.1,False,UC-181,Wagha Town,Zone-13,Washer Rickshaw,Wagha Town,True,2026-08-19
60125,M-83,M83,Lahore,"Tehsil Office, Wahgha Town",LWMC-WaTo,Mini Tipper Diesel,Commercial,moving,on,54.719,170.01,31.596297,74.495974,19/08/2026 10:59 AM,19/08/2026 11:00 AM,Reporting,Excess Idling,12.61,False,UC-177,Wagha Town,Zone-13,Foton-Mini Dumper,Wagha Town,True,2026-08-19
60769,LR-0511,LR0511,Lahore,"Tehsil Office, Wahgha Town",LWMC-WaTo,Loader Rickshaw,Door To Door Collection,still,off,20.559,293.16,31.585831,74.409918,19/08/2026 10:58 AM,19/08/2026 11:00 AM,Reporting,Parked,11.69,False,UC-144,Wagha Town,Zone-12,Loader Rickshaw,Wagha Town,True,2026-08-19
60233,S-20,S20,Lahore,"Tehsil Office, Wahgha Town",LWMC-WaTo,Mini Dumper,Commercial,still,off,38.799,175.61,31.597397,74.402804,19/08/2026 10:13 AM,19/08/2026 11:00 AM,Reporting,Parked,11.74,False,UC-138,Wagha Town,Zone-12,Mini Dumper,Wagha Town,True,2026-08-19
60706,S-291,S291,Lahore,"Tehsil Office, Wahgha Town",LWMC-WaTo,Mini Dumper,Commercial,moving,on,51.421,155.48,31.602467,74.494213,19/08/2026 10:57 AM,19/08/2026 11:00 AM,Reporting,Parked,11.74,False,UC-177,Wagha Town,Zone-13,Mini Dumper,Wagha Town,True,2026-08-19
61445,LR-0931,LR0931,Lahore,"Tehsil Office, Wahgha Town",LWMC-WaTo,Loader Rickshaw,Door To Door Collection,still,off,16.481,77.68,31.589338,74.390332,19/08/2026 10:46 AM,19/08/2026 11:00 AM,Reporting,Parked,11.74,False,UC-131,Wagha Town,Zone-11,Loader Rickshaw,Wagha Town,True,2026-08-19
61450,LR-0934,LR0934,Lahore,"Tehsil Office, Wahgha Town",LWMC-WaTo,Loader Rickshaw,Door To Door Collection,still,off,17.227,325.35,31.588657,74.386682,19/08/2026 10:57 AM,19/08/2026 11:00 AM,Reporting,Parked,12.51,False,UC-133,Wagha Town,Zone-11,Loader Rickshaw,Wagha Town,True,2026-08-19
59243,C-734,C734,Lahore,"Tehsil Office, Wahgha Town",LWMC-WaTo,Compactor (7CM),Container-Based Collection,moving,on,77.604,263.16,31.608622,74.391608,19/08/2026 10:58 AM,19/08/2026 11:00 AM,Reporting,Parked,25.71,False,UC-108,Wagha Town,Zone-13,Compactor,Wagha Town,True,2026-08-19
59700,S-106,S106,Lahore,"Tehsil Office, Wahgha Town",LWMC-WaTo,Mini Dumper,Commercial,moving,on,26.233,134.86,31.608666,74.367627,19/08/2026 10:59 AM,19/08/2026 11:00 AM,Reporting,Parked,11.79,False,UC-108,Wagha Town,Zone-13,Mini Dumper,Wagha Town,True,2026-08-19
59381,LR-2158,LR2158,Lahore,"Tehsil Office, Wahgha Town",LWMC-WaTo,Loader Rickshaw,Door To Door Collection,still,off,10.268,91.04,31.568615,74.442247,19/08/2026 10:57 AM,19/08/2026 11:00 AM,Reporting,Parked,11.74,False,UC-192,Wagha Town,Zone-14,Loader Rickshaw,Wagha Town,True,2026-08-19
59270,M-125,M125,Lahore,"Tehsil Office, Wahgha Town",LWMC-WaTo,Mini Tipper Diesel,Commercial,still,off,33.953,116.06,31.530299,74.547531,19/08/2026 10:59 AM,19/08/2026 11:00 AM,Reporting,Moving,12.91,False,UC-180,Wagha Town,Zone-14,Foton-Mini Dumper,Wagha Town,True,2026-08-19
60332,LR-0402,LR0402,Lahore,"Tehsil Office, Wahgha Town",LWMC-WaTo,Loader Rickshaw,Door To Door Collection,moving,on,11.189,95.04,31.596133,74.495718,19/08/2026 10:58 AM,19/08/2026 11:00 AM,Reporting,Parked,12.0,False,UC-177,Wagha Town,Zone-13,Loader Rickshaw,Wagha Town,True,2026-08-19
59562,LR-1730,LR1730,Lahore,"Tehsil Office, Wahgha Town",LWMC-WaTo,Loader Rickshaw,Door To Door Collection,moving,on,21.898,263.1,31.513697,74.481742,19/08/2026 10:59 AM,19/08/2026 11:00 AM,Reporting,Excess Idling,11.43,False,UC-193,Wagha Town,Zone-14,Loader Rickshaw,Wagha Town,True,2026-08-19
61634,LR-0406,LR0406,Lahore,"Tehsil Office, Wahgha Town",LWMC-WaTo,Loader Rickshaw,Door To Door Collection,moving,on,23.584,339.01,31.594454,74.396604,19/08/2026 10:58 AM,19/08/2026 11:00 AM,Reporting,Parked,11.79,False,UC-134,Wagha Town,Zone-11,Loader Rickshaw,Wagha Town,True,2026-08-19
59632,LR-0152,LR0152,Lahore,"Tehsil Office, Wahgha Town",LWMC-WaTo,Loader Rickshaw,Door To Door Collection,moving,on,49.249,311.94,31.590625,74.436984,19/08/2026 10:59 AM,19/08/2026 11:00 AM,Reporting,Excess Idling,11.43,False,UC-175,Wagha Town,Zone-12,Loader Rickshaw,Wagha Town,True,2026-08-19
25346,LR-0462,LR0462,Lahore,"Tehsil Office, Wahgha Town",LWMC-WaTo,Loader Rickshaw,Door To Door Collection,still,off,22.856,132.26,31.592947,74.421043,19/08/2026 11:00 AM,19/08/2026 11:00 AM,Reporting,Parked,11.38,False,UC-138,Wagha Town,Zone-12,Loader Rickshaw,Wagha Town,True,2026-08-19
23582,LR-0630,LR0630,Lahore,"Tehsil Office, Wahgha Town",LWMC-WaTo,Loader Rickshaw,Door To Door Collection,moving,on,4.823,22.13,31.602354,74.485921,19/08/2026 10:01 AM,19/08/2026 11:00 AM,Reporting,Parked,5.93,False,UC-177,Wagha Town,Zone-13,Loader Rickshaw,Wagha Town,True,2026-08-19
59254,HA-03,HA03,Lahore,"Tehsil Office, Wahgha Town",LWMC-WaTo,Arm Roll Truck,Container-Based Collection,still,off,56.87,331.51,31.609598,74.381889,19/08/2026 10:54 AM,19/08/2026 11:00 AM,Reporting,Parked,24.03,False,UC-108,Wagha Town,Zone-13,Arm Roll,Wagha Town,True,2026-08-19
60267,S-257,S257,Lahore,"Tehsil Office, Wahgha Town",LWMC-WaTo,Mini Dumper,Commercial,still,off,33.333,149.33,31.547724,74.525915,19/08/2026 10:56 AM,19/08/2026 11:00 AM,Reporting,Parked,11.93,False,UC-180,Wagha Town,Zone-14,Mini Dumper,Wagha Town,True,2026-08-19
60632,S-357,S357,Lahore,"Tehsil Office, Wahgha Town",LWMC-WaTo,Mini Dumper,Commercial,still,off,46.532,149.44,31.603227,74.424428,19/08/2026 10:49 AM,19/08/2026 11:00 AM,Reporting,Moving,13.32,False,UC-174,Wagha Town,Zone-12,Mini Dumper,Wagha Town,True,2026-08-19
59418,LR-2305,LR2305,Lahore,"Tehsil Office, Wahgha Town",LWMC-WaTo,Loader Rickshaw,Door To Door Collection,still,off,14.318,53.04,31.518622,74.504039,19/08/2026 10:58 AM,19/08/2026 11:00 AM,Reporting,Parked,11.94,False,UC-180,Wagha Town,Zone-14,Loader Rickshaw,Wagha Town,True,2026-08-19
59366,D-13,D13,Lahore,"Tehsil Office, Wahgha Town",LWMC-WaTo,Dumper (7CM),Bulk Waste Collection,moving,on,97.793,272.46,31.609163,74.380162,19/08/2026 10:53 AM,19/08/2026 11:00 AM,Reporting,Parked,25.66,False,UC-108,Wagha Town,Zone-13,Dumper,Wagha Town,True,2026-08-19
60699,LR-2950,LR2950,Lahore,"Tehsil Office, Wahgha Town",LWMC-WaTo,Loader Rickshaw,Door To Door Collection,moving,on,21.738,116.65,31.639903,74.369247,19/08/2026 10:58 AM,19/08/2026 11:00 AM,Reporting,Parked,12.05,False,UC-108,Wagha Town,Zone-13,,Wagha Town,True,2026-08-19
60340,LR-0948,LR0948,Lahore,"Tehsil Office, Wahgha Town",LWMC-WaTo,Loader Rickshaw,Door To Door Collection,still,off,5.667,66.15,31.59859,74.517941,19/08/2026 10:59 AM,19/08/2026 11:00 AM,Reporting,Parked,10.92,False,UC-181,Wagha Town,Zone-13,Loader Rickshaw,Wagha Town,True,2026-08-19
59234,C-1311,C1311,Lahore,"Tehsil Office, Wahgha Town",LWMC-WaTo,Compactor (13CM),Container-Based Collection,still,off,84.685,324.44,31.443633,74.55698,19/08/2026 10:57 AM,19/08/2026 11:00 AM,Reporting,Parked,25.66,False,UC-190,Wagha Town,Zone-14,Compactor,Wagha Town,True,2026-08-19
59276,M-76,M76,Lahore,"Tehsil Office, Wahgha Town",LWMC-WaTo,Mini Tipper Diesel,Commercial,still,off,53.052,170.25,31.603601,74.400323,19/08/2026 10:40 AM,19/08/2026 11:00 AM,Reporting,Parked,11.18,False,UC-137,Wagha Town,Zone-12,Foton-Mini Dumper,Wagha Town,True,2026-08-19
25332,LR-0404,LR0404,Lahore,"Tehsil Office, Wahgha Town",LWMC-WaTo,Loader Rickshaw,Door To Door Collection,still,off,14.064,251.3,31.600877,74.388198,19/08/2026 10:58 AM,19/08/2026 11:00 AM,Reporting,Excess Idling,11.38,False,UC-132,Wagha Town,Zone-11,Loader Rickshaw,Wagha Town,True,2026-08-19
59261,LR-1833,LR1833,Lahore,"Tehsil Office, Wahgha Town",LWMC-WaTo,Loader Rickshaw,Door To Door Collection,still,off,19.512,245.8,31.477872,74.512798,19/08/2026 10:58 AM,19/08/2026 11:00 AM,Reporting,Parked,11.89,False,UC-189,Wagha Town,Zone-14,Loader Rickshaw,Wagha Town,True,2026-08-19
59251,CA-82,CA82,Lahore,"Tehsil Office, Wahgha Town",LWMC-WaTo,Chain Arm Roll,Container-Based Collection,still,off,0.062,4.08,31.609849,74.381613,19/08/2026 09:34 AM,19/08/2026 11:00 AM,Reporting,No Activity Since Yesterday,24.54,False,UC-108,Wagha Town,Zone-13,Chain Arm Roll,Wagha Town,True,2026-08-19
59694,LR-1778,LR1778,Lahore,"Tehsil Office, Wahgha Town",LWMC-WaTo,Loader Rickshaw,Door To Door Collection,still,off,30.619,243.71,31.485667,74.500461,19/08/2026 10:59 AM,19/08/2026 11:00 AM,Reporting,Parked,11.33,False,UC-193,Wagha Town,Zone-14,Loader Rickshaw,Wagha Town,True,2026-08-19
59353,LR-2164,LR2164,Lahore,"Tehsil Office, Wahgha Town",LWMC-WaTo,Loader Rickshaw,Door To Door Collection,moving,on,21.848,74.78,31.392946,74.509004,19/08/2026 08:50 AM,19/08/2026 09:00 AM,Reporting,Parked,11.79,False,UC-196,Nishter Town,Zone-49,Loader Rickshaw,Wagha Town,False,2026-08-19
18652,C-706,C706,Lahore,"Tehsil Office, Aziz Bhatti Town",LWMC-AzBT,Compactor (7CM),Container-Based Collection,moving,on,87.18,314.05,31.56799,74.407992,19/08/2026 10:58 AM,19/08/2026 11:00 AM,Reporting,Parked,26.07,False,UC-143,Aziz Bhatti Town,Zone-16,Compactor,Aziz Bhatti Town,True,2026-08-19
59347,LR-0329,LR0329,Lahore,"Tehsil Office, Aziz Bhatti Town",LWMC-AzBT,Loader Rickshaw,Door To Door Collection,still,off,15.854,150.63,31.556239,74.432077,19/08/2026 10:58 AM,19/08/2026 11:00 AM,Reporting,Excess Idling,13.47,False,UC-152,Aziz Bhatti Town,Zone-16,Loader Rickshaw,Aziz Bhatti Town,True,2026-08-19
59431,LR-1966,LR1966,Lahore,"Tehsil Office, Aziz Bhatti Town",LWMC-AzBT,Loader Rickshaw,Door To Door Collection,still,off,17.709,199.21,31.562277,74.39932,19/08/2026 11:00 AM,19/08/2026 11:00 AM,Reporting,Parked,11.49,False,UC-148,Aziz Bhatti Town,Zone-17,Loader Rickshaw,Aziz Bhatti Town,True,2026-08-19
59675,LR-0288,LR0288,Lahore,"Tehsil Office, Aziz Bhatti Town",LWMC-AzBT,Loader Rickshaw,Door To Door Collection,still,off,,,31.575177,74.370702,19/08/2026 10:14 AM,19/08/2026 11:00 AM,Reporting,No Activity Since Yesterday,11.84,False,UC-120,Gulberg Town,Zone-19,Loader Rickshaw,Aziz Bhatti Town,False,2026-08-19
59652,WR-0023,WR0023,Lahore,"Tehsil Office, Aziz Bhatti Town",LWMC-AzBT,Road Washer,Door To Door Collection,still,off,15.259,107.26,31.569843,74.415731,19/08/2026 10:10 AM,19/08/2026 11:00 AM,Reporting,Parked,12.4,False,UC-143,Aziz Bhatti Town,Zone-16,Washer Rickshaw,Aziz Bhatti Town,True,2026-08-19
60903,LR-1098,LR1098,Lahore,"Tehsil Office, Aziz Bhatti Town",LWMC-AzBT,Loader Rickshaw,Door To Door Collection,moving,on,37.719,279.39,31.587292,74.404954,19/08/2026 10:59 AM,19/08/2026 11:00 AM,Reporting,Parked,12.1,False,UC-138,Wagha Town,Zone-12,Loader Rickshaw,Aziz Bhatti Town,False,2026-08-19
60165,LR-1915,LR1915,Lahore,"Tehsil Office, Aziz Bhatti Town",LWMC-AzBT,Loader Rickshaw,Door To Door Collection,still,off,0.006,0.11,31.575057,74.37058,19/08/2026 09:47 AM,19/08/2026 11:00 AM,Reporting,No Activity Since Yesterday,11.59,False,UC-120,Gulberg Town,Zone-19,Loader Rickshaw,Aziz Bhatti Town,False,2026-08-19
60495,LR-1645,LR1645,Lahore,"Tehsil Office, Aziz Bhatti Town",LWMC-AzBT,Loader Rickshaw,Door To Door Collection,still,off,20.908,263.05,31.475206,74.433753,19/08/2026 10:57 AM,19/08/2026 11:00 AM,Reporting,Parked,12.91,False,,,,Loader Rickshaw,Aziz Bhatti Town,False,2026-08-19
59658,WR-012,WR012,Lahore,"Tehsil Office, Aziz Bhatti Town",LWMC-AzBT,Road Washer,Washing,moving,on,16.402,509.46,31.560376,74.389268,19/08/2026 10:59 AM,19/08/2026 11:00 AM,Reporting,Parked,12.51,False,UC-184,Aziz Bhatti Town,Zone-18,Washer Rickshaw,Aziz Bhatti Town,True,2026-08-19
59396,LR-1001,LR1001,Lahore,"Tehsil Office, Aziz Bhatti Town",LWMC-AzBT,Loader Rickshaw,Door To Door Collection,still,off,,599.48,31.575286,74.370346,19/08/2026 10:12 AM,19/08/2026 11:00 AM,Reporting,No Activity Since Yesterday,11.79,False,UC-120,Gulberg Town,Zone-19,Loader Rickshaw,Aziz Bhatti Town,False,2026-08-19
60006,LR-1964,LR1964,Lahore,"Tehsil Office, Aziz Bhatti Town",LWMC-AzBT,Loader Rickshaw,Door To Door Collection,moving,on,36.711,351.66,31.587057,74.412994,19/08/2026 10:59 AM,19/08/2026 11:00 AM,Reporting,Parked,12.2,False,UC-144,Wagha Town,Zone-12,Loader Rickshaw,Aziz Bhatti Town,False,2026-08-19
60158,LR-1646,LR1646,Lahore,"Tehsil Office, Aziz Bhatti Town",LWMC-AzBT,Loader Rickshaw,Door To Door Collection,still,off,11.521,181.34,31.557657,74.374142,19/08/2026 10:53 AM,19/08/2026 11:00 AM,Reporting,Parked,11.74,False,,,,Loader Rickshaw,Aziz Bhatti Town,False,2026-08-19
61627,LR-1193,LR1193,Lahore,"Tehsil Office, Aziz Bhatti Town",LWMC-AzBT,Loader Rickshaw,Door To Door Collection,moving,on,31.087,155.63,31.587653,74.409332,19/08/2026 11:00 AM,19/08/2026 11:00 AM,Reporting,Parked,11.59,False,UC-138,Wagha Town,Zone-12,Loader Rickshaw,Aziz Bhatti Town,False,2026-08-19
59501,LR-0745,LR0745,Lahore,"Tehsil Office, Aziz Bhatti Town",LWMC-AzBT,Loader Rickshaw,Door To Door Collection,still,off,,,31.575161,74.370697,19/08/2026 09:42 AM,19/08/2026 11:00 AM,Reporting,No Activity Since Yesterday,11.38,False,UC-120,Gulberg Town,Zone-19,Loader Rickshaw,Aziz Bhatti Town,False,2026-08-19
60919,LR-1954,LR1954,Lahore,"Tehsil Office, Aziz Bhatti Town",LWMC-AzBT,Loader Rickshaw,Door To Door Collection,still,off,13.65,329.13,31.559573,74.392402,19/08/2026 10:57 AM,19/08/2026 11:00 AM,Reporting,Parked,12.35,False,UC-158,Aziz Bhatti Town,Zone-17,Loader Rickshaw,Aziz Bhatti Town,True,2026-08-19
-,LR-169,LR169,Lahore,"Tehsil Office, Nishter Town",LWMC-NiTo,-,-,moving,on,18.548,105.81,31.429408,74.364053,19/08/2026 11:00 AM,19/08/2026 11:00 AM,Reporting,Parked,11.94,False,UC-242,Nishter Town,Zone-45,,Nishter Town,True,2026-08-19
60585,LR-2360,LR2360,Lahore,"Tehsil Office, Nishter Town",LWMC-NiTo,Loader Rickshaw,Door To Door Collection,moving,on,16.364,228.84,31.439768,74.365246,19/08/2026 10:25 AM,19/08/2026 11:00 AM,Reporting,Parked,12.0,False,UC-242,Nishter Town,Zone-45,Loader Rickshaw,Nishter Town,True,2026-08-19
61678,LR-0334,LR0334,Lahore,"Tehsil Office, Nishter Town",LWMC-NiTo,Loader Rickshaw,Door To Door Collection,moving,on,22.089,114.2,31.430477,74.32405,19/08/2026 10:50 AM,19/08/2026 11:00 AM,Reporting,Parked,12.05,False,UC-241,Nishter Town,Zone-47,Loader Rickshaw,Nishter Town,True,2026-08-19
-,LR-0119,LR0119,Lahore,"Tehsil Office, Nishter Town",LWMC-NiTo,-,-,moving,on,21.521,157.81,31.446322,74.364549,19/08/2026 10:59 AM,19/08/2026 11:00 AM,Reporting,Parked,12.0,False,UC-231,Nishter Town,Zone-45,Loader Rickshaw,Nishter Town,True,2026-08-19
-,LR-2735,LR2735,Lahore,"Tehsil Office, Nishter Town",LWMC-NiTo,-,-,moving,on,40.772,175.28,31.416254,74.366112,19/08/2026 10:48 AM,19/08/2026 11:00 AM,Reporting,Parked,11.94,False,UC-246,Nishter Town,Zone-48,Loader Rickshaw,Nishter Town,True,2026-08-19
60486,LR-2722,LR2722,Lahore,"Tehsil Office, Nishter Town",LWMC-NiTo,Loader Rickshaw,Door To Door Collection,moving,on,11.929,201.3,31.456316,74.440098,19/08/2026 10:13 AM,19/08/2026 11:00 AM,Reporting,Parked,11.33,False,UC-194,Wagha Town,Zone-14,Loader Rickshaw,Nishter Town,False,2026-08-19
60307,S-127,S127,Lahore,"Tehsil Office, Nishter Town",LWMC-NiTo,Mini Dumper,Door To Door Collection,still,off,43.991,140.78,31.449389,74.311226,19/08/2026 10:01 AM,19/08/2026 11:00 AM,Reporting,Parked,11.28,False,UC-234,Allama Iqbal Town,Zone-39,Mini Dumper,Nishter Town,False,2026-08-19
60809,LR-1888,LR1888,Lahore,"Tehsil Office, Nishter Town",LWMC-NiTo,Loader Rickshaw,Door To Door Collection,still,off,17.891,292.44,31.446339,74.35407,19/08/2026 10:57 AM,19/08/2026 11:00 AM,Reporting,Idle,12.4,False,UC-229,Nishter Town,Zone-44,Loader Rickshaw,Nishter Town,True,2026-08-19
60875,C-1031,C1031,Lahore,"Tehsil Office, Nishter Town",LWMC-NiTo,Compactor (13CM),Container-Based Collection,still,off,42.424,302.63,31.388605,74.345237,19/08/2026 10:14 AM,19/08/2026 11:00 AM,Reporting,Moving,25.05,False,UC-244,Nishter Town,Zone-48,Compactor,Nishter Town,True,2026-08-19
19888,S-375,S375,Lahore,"Tehsil Office, Nishter Town",LWMC-NiTo,Mini Dumper,Bulk Waste Collection,moving,on,49.563,146.58,31.444839,74.296214,19/08/2026 10:56 AM,19/08/2026 11:00 AM,Reporting,Parked,12.66,False,UC-235,Nishter Town,Zone-46,Mini Dumper,Nishter Town,True,2026-08-19
18674,C-728,C728,Lahore,"Tehsil Office, Nishter Town",LWMC-NiTo,Compactor (7CM),Container-Based Collection,still,off,,,31.44914,74.310949,19/08/2026 09:57 AM,19/08/2026 11:00 AM,Reporting,Parked,27.81,False,UC-234,Allama Iqbal Town,Zone-39,Compactor,Nishter Town,False,2026-08-19
-,LR-1882,LR1882,Lahore,"Tehsil Office, Nishter Town",LWMC-NiTo,-,-,still,off,13.781,205.01,31.443775,74.342936,19/08/2026 10:43 AM,19/08/2026 11:00 AM,Reporting,Parked,10.87,False,UC-229,Nishter Town,Zone-44,Loader Rickshaw,Nishter Town,True,2026-08-19
18592,C-1020,C1020,Lahore,"Tehsil Office, Nishter Town",LWMC-NiTo,Compactor (13CM),Container-Based Collection,still,off,46.368,318.26,31.358823,74.331965,19/08/2026 10:55 AM,19/08/2026 11:00 AM,Reporting,Parked,25.36,False,UC-250,Nishter Town,Zone-48,Compactor,Nishter Town,True,2026-08-19
-,C-1304,C1304,Lahore,"Tehsil Office, Nishter Town",LWMC-NiTo,-,-,moving,on,48.385,319.98,31.338657,74.23705,19/08/2026 11:00 AM,19/08/2026 11:00 AM,Reporting,Moving,28.52,False,UC-270,Nishter Town,Zone-47,Compactor,Nishter Town,True,2026-08-19
60186,LR-0908,LR0908,Lahore,"Tehsil Office, Nishter Town",LWMC-NiTo,Loader Rickshaw,Door To Door Collection,moving,on,16.284,82.04,31.369745,74.427183,19/08/2026 10:58 AM,19/08/2026 11:00 AM,Reporting,Parked,12.1,False,UC-197,Nishter Town,Zone-45,Loader Rickshaw,Nishter Town,True,2026-08-19
60619,LR-2407,LR2407,Lahore,"Tehsil Office, Nishter Town",LWMC-NiTo,Loader Rickshaw,Door To Door Collection,moving,on,13.863,158.91,31.383369,74.471326,19/08/2026 10:58 AM,19/08/2026 11:00 AM,Reporting,Parked,11.94,False,UC-197,Nishter Town,Zone-45,Loader Rickshaw,Nishter Town,True,2026-08-19
61763,LR-1885,LR1885,Lahore,"Tehsil Office, Nishter Town",LWMC-NiTo,Loader Rickshaw,Door To Door Collection,still,off,14.698,260.53,31.453111,74.340078,19/08/2026 10:58 AM,19/08/2026 11:00 AM,Reporting,Parked,11.43,False,UC-228,Nishter Town,Zone-44,Loader Rickshaw,Nishter Town,True,2026-08-19
61392,LR-0081,LR0081,Lahore,"Tehsil Office, Nishter Town",LWMC-NiTo,Loader Rickshaw,Door To Door Collection,moving,on,44.978,186.33,31.388756,74.344281,19/08/2026 10:58 AM,19/08/2026 11:00 AM,Reporting,Parked,11.89,False,UC-251,Nishter Town,Zone-47,Loader Rickshaw,Nishter Town,True,2026-08-19
61365,LR-1760,LR1760,Lahore,"Tehsil Office, Nishter Town",LWMC-NiTo,Loader Rickshaw,Door To Door Collection,still,off,29.235,236.31,31.428691,74.370488,19/08/2026 10:57 AM,19/08/2026 11:00 AM,Reporting,Parked,11.54,False,UC-243,Nishter Town,Zone-44,Loader Rickshaw,Nishter Town,True,2026-08-19
-,LR-2280,LR2280,Lahore,"Tehsil Office, Nishter Town",LWMC-NiTo,-,-,still,off,25.669,124.66,31.443984,74.375724,19/08/2026 10:57 AM,19/08/2026 11:00 AM,Reporting,Parked,12.25,False,UC-231,Nishter Town,Zone-45,Loader Rickshaw,Nishter Town,True,2026-08-19
18590,C13-1097,C131097,Lahore,"Tehsil Office, Nishter Town",LWMC-NiTo,Compactor (13CM),Container-Based Collection,moving,on,50.825,298.89,31.456635,74.351256,19/08/2026 10:57 AM,19/08/2026 11:00 AM,Reporting,Parked,24.49,False,,,,Compactor,Nishter Town,False,2026-08-19
19849,S-15,S15,Lahore,"Tehsil Office, Nishter Town",LWMC-NiTo,Mini Dumper,Bulk Waste Collection,still,off,53.818,444.33,31.456327,74.335853,19/08/2026 10:58 AM,19/08/2026 11:00 AM,Reporting,Idle,13.37,False,UC-233,Allama Iqbal Town,Zone-39,Mini Dumper,Nishter Town,False,2026-08-19
60732,LR-2845,LR2845,Lahore,"Tehsil Office, Nishter Town",LWMC-NiTo,Loader Rickshaw,Door To Door Collection,moving,on,16.189,187.25,31.454073,74.337208,19/08/2026 10:58 AM,19/08/2026 11:00 AM,Reporting,Excess Idling,11.28,False,UC-229,Nishter Town,Zone-44,Loader Rickshaw,Nishter Town,True,2026-08-19
60550,LR-3048,LR3048,Lahore,"Tehsil Office, Nishter Town",LWMC-NiTo,Loader Rickshaw,Door To Door Collection,moving,on,24.391,141.59,31.448802,74.352431,19/08/2026 11:00 AM,19/08/2026 11:00 AM,Reporting,Parked,12.0,False,UC-228,Nishter Town,Zone-44,Loader Rickshaw,Nishter Town,True,2026-08-19
61761,LR-2858,LR2858,Lahore,"Tehsil Office, Nishter Town",LWMC-NiTo,Loader Rickshaw,Door To Door Collection,still,off,17.414,159.4,31.458484,74.345699,19/08/2026 10:58 AM,19/08/2026 11:00 AM,Reporting,Parked,11.89,False,UC-227,Nishter Town,Zone-44,Loader Rickshaw,Nishter Town,True,2026-08-19
-,LR-2343,LR2343,Lahore,"Tehsil Office, Nishter Town",LWMC-NiTo,-,-,still,off,11.305,186.9,31.449929,74.348332,19/08/2026 10:58 AM,19/08/2026 11:00 AM,Reporting,Parked,12.45,False,UC-228,Nishter Town,Zone-44,Loader Rickshaw,Nishter Town,True,2026-08-19
59897,LR-2621,LR2621,Lahore,"Tehsil Office, Allama Iqbal Town",LWMC-AlIT,Loader Rickshaw,Door To Door Collection,still,off,20.787,318.0,31.528522,74.267758,19/08/2026 10:55 AM,19/08/2026 11:00 AM,Reporting,Parked,12.66,False,UC-102,Allama Iqbal Town,Zone-37,Loader Rickshaw,Allama Iqbal Town,True,2026-08-19
60164,LR-2371,LR2371,Lahore,"Tehsil Office, Allama Iqbal Town",LWMC-AlIT,Loader Rickshaw,Door To Door Collection,moving,on,32.389,176.76,31.424579,74.229819,19/08/2026 10:29 AM,19/08/2026 11:00 AM,Reporting,Parked,13.58,False,UC-269,Nishter Town,Zone-47,Loader Rickshaw,Allama Iqbal Town,False,2026-08-19
19664,M-10,M10,Lahore,"Tehsil Office, Allama Iqbal Town",LWMC-AlIT,Mini Dumper,Bulk Waste Collection,still,off,58.673,145.81,31.414077,74.222656,19/08/2026 10:57 AM,19/08/2026 11:00 AM,Reporting,Parked,14.19,False,UC-269,Nishter Town,Zone-47,Foton-Mini Dumper,Allama Iqbal Town,False,2026-08-19
19644,S-17,S17,Lahore,"Tehsil Office, Allama Iqbal Town",LWMC-AlIT,Mini Dumper,Bulk Waste Collection,still,off,25.088,127.95,31.534253,74.273392,19/08/2026 10:55 AM,19/08/2026 11:00 AM,Reporting,Parked,11.59,False,UC-101,Allama Iqbal Town,Zone-37,Mini Dumper,Allama Iqbal Town,True,2026-08-19
60344,LR-0922,LR0922,Lahore,"Tehsil Office, Allama Iqbal Town",LWMC-AlIT,Loader Rickshaw,Door To Door Collection,moving,on,24.999,138.58,31.394517,74.153281,19/08/2026 10:44 AM,19/08/2026 11:00 AM,Reporting,Parked,11.38,False,UC-260,Allama Iqbal Town,Zone-41,Loader Rickshaw,Allama Iqbal Town,True,2026-08-19
22866,LR-0469,LR0469,Lahore,"Tehsil Office, Allama Iqbal Town",LWMC-AlIT,Loader Rickshaw,Door To Door Collection,still,off,,,31.465177,74.225521,19/08/2026 09:59 AM,19/08/2026 11:00 AM,Reporting,No Activity Since Yesterday,11.79,False,UC-117,Allama Iqbal Town,Zone-41,Loader Rickshaw,Allama Iqbal Town,True,2026-08-19
18526,C-1319,C1319,Lahore,"Tehsil Office, Allama Iqbal Town",LWMC-AlIT,Compactor (13CM),Container-Based Collection,moving,on,70.11,358.41,31.416698,74.205215,19/08/2026 10:59 AM,19/08/2026 11:00 AM,Reporting,Idle,25.61,False,UC-259,Allama Iqbal Town,Zone-41,Compactor,Allama Iqbal Town,True,2026-08-19
60112,LR-2754,LR2754,Lahore,"Tehsil Office, Allama Iqbal Town",LWMC-AlIT,Loader Rickshaw,Door To Door Collection,moving,on,14.37,62.88,31.349079,74.238656,19/08/2026 10:54 AM,19/08/2026 11:00 AM,Reporting,Parked,11.64,False,UC-270,Nishter Town,Zone-47,Loader Rickshaw,Allama Iqbal Town,False,2026-08-19
61295,C13-1060,C131060,Lahore,"Tehsil Office, Allama Iqbal Town",LWMC-AlIT,Compactor (25CM),Container-Based Collection,still,off,51.499,335.1,31.465282,74.225307,19/08/2026 10:58 AM,19/08/2026 11:00 AM,Reporting,Excess Idling,25.05,False,UC-117,Allama Iqbal Town,Zone-41,Compactor,DGBT,False,2026-08-19
60515,D-58,D58,Lahore,"Tehsil Office, Allama Iqbal Town",LWMC-AlIT,Dumper (7CM),Bulk Waste Collection,moving,on,56.416,221.63,31.515229,74.276017,19/08/2026 10:58 AM,19/08/2026 11:00 AM,Reporting,Parked,25.31,False,,,,Dumper,Allama Iqbal Town,False,2026-08-19
60552,LR-0518,LR0518,Lahore,"Tehsil Office, Allama Iqbal Town",LWMC-AlIT,Loader Rickshaw,Door To Door Collection,still,off,14.303,324.11,31.534276,74.272006,19/08/2026 10:58 AM,19/08/2026 11:00 AM,Reporting,Idle,11.64,False,UC-101,Allama Iqbal Town,Zone-37,Loader Rickshaw,Allama Iqbal Town,True,2026-08-19
19671,M-58,M58,Lahore,"Tehsil Office, Allama Iqbal Town",LWMC-AlIT,Mini Dumper,Bulk Waste Collection,still,off,25.52,111.34,31.558892,74.335346,19/08/2026 10:58 AM,19/08/2026 11:00 AM,Reporting,Parked,13.27,False,UC-185,DGBT,Zone-25,Foton-Mini Dumper,Allama Iqbal Town,False,2026-08-19
19679,M-66,M66,Lahore,"Tehsil Office, Allama Iqbal Town",LWMC-AlIT,Mini Dumper,Bulk Waste Collection,still,off,49.591,166.4,31.302387,74.077242,19/08/2026 10:52 AM,19/08/2026 11:00 AM,Reporting,Parked,13.42,False,UC-266,Allama Iqbal Town,Zone-42,Foton-Mini Dumper,Allama Iqbal Town,True,2026-08-19
18528,C-1321,C1321,Lahore,"Tehsil Office, Allama Iqbal Town",LWMC-AlIT,Compactor (13CM),Container-Based Collection,still,off,89.818,596.58,31.281375,74.199451,19/08/2026 10:57 AM,19/08/2026 11:00 AM,Reporting,Moving,27.3,False,UC-267,Allama Iqbal Town,Zone-43,Compactor,Allama Iqbal Town,True,2026-08-19
19640,S-393,S393,Lahore,"Tehsil Office, Allama Iqbal Town",LWMC-AlIT,Mini Dumper,Bulk Waste Collection,still,off,40.711,133.36,31.302349,74.217222,19/08/2026 10:58 AM,19/08/2026 11:00 AM,Reporting,Parked,12.45,False,UC-268,Allama Iqbal Town,Zone-43,Mini Dumper,Allama Iqbal Town,True,2026-08-19
19712,S-128,S128,Lahore,"Tehsil Office, Allama Iqbal Town",LWMC-AlIT,Mini Dumper,Bulk Waste Collection,moving,on,60.811,153.15,31.457876,74.217824,19/08/2026 11:00 AM,19/08/2026 11:00 AM,Reporting,Moving,13.12,False,UC-117,Allama Iqbal Town,Zone-41,Mini Dumper,Allama Iqbal Town,True,2026-08-19
60076,LR-2927,LR2927,Lahore,"Tehsil Office, Allama Iqbal Town",LWMC-AlIT,Loader Rickshaw,Door To Door Collection,still,off,17.282,116.28,31.392351,74.278351,19/08/2026 10:57 AM,19/08/2026 11:00 AM,Reporting,Moving,12.56,False,UC-257,Allama Iqbal Town,Zone-40,,Allama Iqbal Town,True,2026-08-19
19665,M-33,M33,Lahore,"Tehsil Office, Allama Iqbal Town",LWMC-AlIT,Mini Dumper,Bulk Waste Collection,still,off,64.282,192.96,31.465043,74.225085,19/08/2026 10:02 AM,19/08/2026 11:00 AM,Reporting,Parked,12.51,False,UC-117,Allama Iqbal Town,Zone-41,Foton-Mini Dumper,Allama Iqbal Town,True,2026-08-19
18655,C-723,C723,Lahore,"Tehsil Office, Allama Iqbal Town",LWMC-AlIT,Compactor (7CM),Container-Based Collection,moving,on,57.334,192.69,31.536311,74.267553,19/08/2026 10:59 AM,19/08/2026 11:00 AM,Reporting,Parked,27.81,False,UC-101,Allama Iqbal Town,Zone-37,Compactor,Allama Iqbal Town,True,2026-08-19
59861,LR-2059,LR2059,Lahore,"Tehsil Office, Allama Iqbal Town",LWMC-AlIT,Loader Rickshaw,Door To Door Collection,moving,on,23.668,129.83,31.524004,74.279002,19/08/2026 10:56 AM,19/08/2026 11:00 AM,Reporting,Parked,11.49,False,UC-97,Allama Iqbal Town,Zone-37,Loader Rickshaw,Allama Iqbal Town,True,2026-08-19
59854,LR-2493,LR2493,Lahore,"Tehsil Office, Allama Iqbal Town",LWMC-AlIT,Loader Rickshaw,Door To Door Collection,still,off,0.006,0.01,31.314221,74.076377,19/08/2026 09:52 AM,19/08/2026 11:00 AM,Reporting,No Activity Since Yesterday,12.05,False,UC-263,Allama Iqbal Town,Zone-42,Loader Rickshaw,Allama Iqbal Town,True,2026-08-19
18658,C-722,C722,Lahore,"Tehsil Office, Allama Iqbal Town",LWMC-AlIT,Compactor (7CM),Container-Based Collection,still,off,84.571,400.18,31.428073,74.183187,19/08/2026 10:58 AM,19/08/2026 11:00 AM,Reporting,Parked,24.95,False,UC-259,Allama Iqbal Town,Zone-41,Compactor,Allama Iqbal Town,True,2026-08-19
60210,LR-2168,LR2168,Lahore,"Tehsil Office, Allama Iqbal Town",LWMC-AlIT,Loader Rickshaw,Door To Door Collection,still,off,28.881,353.35,31.407709,74.197724,19/08/2026 11:00 AM,19/08/2026 11:00 AM,Reporting,Parked,11.74,False,UC-259,Allama Iqbal Town,Zone-41,Loader Rickshaw,Allama Iqbal Town,True,2026-08-19
59842,LR-2029,LR2029,Lahore,"Tehsil Office, Allama Iqbal Town",LWMC-AlIT,Loader Rickshaw,Door To Door Collection,still,off,17.847,352.68,31.534262,74.26728,19/08/2026 10:57 AM,19/08/2026 11:00 AM,Reporting,Parked,11.28,False,UC-101,Allama Iqbal Town,Zone-37,Loader Rickshaw,Allama Iqbal Town,True,2026-08-19
19690,S-94,S94,Lahore,"Tehsil Office, Allama Iqbal Town",LWMC-AlIT,Mini Dumper,Bulk Waste Collection,moving,on,42.892,138.76,31.241881,74.2083,19/08/2026 10:46 AM,19/08/2026 11:00 AM,Reporting,Parked,12.66,False,UC-273,Allama Iqbal Town,Zone-43,Mini Dumper,Allama Iqbal Town,True,2026-08-19
19669,S-367,S367,Lahore,"Tehsil Office, Allama Iqbal Town",LWMC-AlIT,Mini Dumper,Bulk Waste Collection,moving,on,37.002,135.48,31.474268,74.242117,19/08/2026 11:00 AM,19/08/2026 11:00 AM,Reporting,Parked,11.74,False,UC-110,Allama Iqbal Town,Zone-41,Mini Dumper,Allama Iqbal Town,True,2026-08-19
19684,S-89,S89,Lahore,"Tehsil Office, Allama Iqbal Town",LWMC-AlIT,Mini Dumper,Bulk Waste Collection,moving,on,77.478,229.28,31.345743,74.215219,19/08/2026 10:57 AM,19/08/2026 11:00 AM,Reporting,Parked,12.3,False,UC-270,Nishter Town,Zone-47,Mini Dumper,Allama Iqbal Town,False,2026-08-19
59475,D-42,D42,Lahore,"Tehsil Office, Allama Iqbal Town",LWMC-AlIT,Dumper (7CM),Bulk Waste Collection,moving,on,101.937,185.56,31.527034,74.267403,19/08/2026 10:24 AM,19/08/2026 11:00 AM,Reporting,Moving,26.12,False,UC-102,Allama Iqbal Town,Zone-37,Dumper,Allama Iqbal Town,True,2026-08-19
19672,S-200,S200,Lahore,"Tehsil Office, Allama Iqbal Town",LWMC-AlIT,Mini Dumper,Bulk Waste Collection,moving,on,50.409,168.21,31.467839,74.228536,19/08/2026 10:58 AM,19/08/2026 11:00 AM,Reporting,Parked,12.25,False,UC-110,Allama Iqbal Town,Zone-41,Mini Dumper,Allama Iqbal Town,True,2026-08-19
19710,S-139,S139,Lahore,"Tehsil Office, Allama Iqbal Town",LWMC-AlIT,Mini Dumper,Bulk Waste Collection,moving,on,42.142,222.8,31.462524,74.312798,19/08/2026 10:53 AM,19/08/2026 11:00 AM,Reporting,Parked,12.1,False,UC-232,Allama Iqbal Town,Zone-39,Mini Dumper,Allama Iqbal Town,True,2026-08-19
18527,C-1344,C1344,Lahore,"Tehsil Office, Allama Iqbal Town",LWMC-AlIT,Compactor (13CM),Container-Based Collection,still,off,60.565,353.0,31.215177,74.204888,19/08/2026 10:51 AM,19/08/2026 11:00 AM,Reporting,Parked,25.51,False,,,,Compactor,Allama Iqbal Town,False,2026-08-19
59304,D-70,D70,Lahore,"Tehsil Office, Allama Iqbal Town",LWMC-AlIT,Dumper (5CM),Bulk Waste Collection,moving,on,118.346,254.11,31.437458,74.173626,19/08/2026 10:54 AM,19/08/2026 11:00 AM,Reporting,Parked,24.49,False,UC-258,Allama Iqbal Town,Zone-41,Dumper,Allama Iqbal Town,True,2026-08-19
60366,LR-1090,LR1090,Lahore,"Tehsil Office, Allama Iqbal Town",LWMC-AlIT,Loader Rickshaw,Door To Door Collection,still,off,34.393,382.69,31.32043,74.147797,19/08/2026 10:57 AM,19/08/2026 11:00 AM,Not Reporting,No Activity Since Yesterday,0.0,True,UC-264,Allama Iqbal Town,Zone-42,Loader Rickshaw,Allama Iqbal Town,True,2026-08-19
-,WR-0020,WR0020,Lahore,"Tehsil Office, Allama Iqbal Town",LWMC-AlIT,-,-,moving,on,8.175,37.04,31.510984,74.265992,19/08/2026 09:57 AM,19/08/2026 11:00 AM,Reporting,Parked,11.38,False,UC-106,Allama Iqbal Town,Zone-38,Washer Rickshaw,Allama Iqbal Town,True,2026-08-19
59859,LR-2058,LR2058,Lahore,"Tehsil Office, Allama Iqbal Town",LWMC-AlIT,Loader Rickshaw,Door To Door Collection,still,off,26.113,163.36,31.523162,74.280476,19/08/2026 10:43 AM,19/08/2026 11:00 AM,Reporting,Parked,11.03,False,UC-97,Allama Iqbal Town,Zone-37,Loader Rickshaw,Allama Iqbal Town,True,2026-08-19
59600,MFT-11,MFT11,Lahore,"Tehsil Office, Allama Iqbal Town",LWMC-AlIT,Tractor Trolley,Bulk Waste Collection,still,off,8.169,82.81,31.301071,74.198576,19/08/2026 10:13 AM,19/08/2026 11:00 AM,Reporting,Parked,11.43,False,UC-267,Allama Iqbal Town,Zone-43,Tractor Trolley,Allama Iqbal Town,True,2026-08-19
18514,C-1312,C1312,Lahore,"Tehsil Office, Allama Iqbal Town",LWMC-AlIT,Compactor (13CM),Container-Based Collection,moving,on,43.273,331.68,31.452857,74.299575,19/08/2026 10:58 AM,19/08/2026 11:00 AM,Reporting,Moving,27.65,False,UC-235,Nishter Town,Zone-46,Compactor,Allama Iqbal Town,False,2026-08-19
18521,C-1345,C1345,Lahore,"Tehsil Office, Allama Iqbal Town",LWMC-AlIT,Compactor (13CM),Container-Based Collection,still,off,54.421,361.81,31.469724,74.272482,19/08/2026 10:59 AM,19/08/2026 11:00 AM,Reporting,Moving,27.55,False,UC-114,Allama Iqbal Town,Zone-40,Compactor,Allama Iqbal Town,True,2026-08-19
22843,LR-0310,LR0310,Lahore,"Tehsil Office, Allama Iqbal Town",LWMC-AlIT,Loader Rickshaw,Door To Door Collection,moving,on,32.128,160.76,31.465218,74.225357,19/08/2026 10:48 AM,19/08/2026 11:00 AM,Reporting,Parked,11.84,False,UC-117,Allama Iqbal Town,Zone-41,Loader Rickshaw,Allama Iqbal Town,True,2026-08-19
22841,LR-0306,LR0306,Lahore,"Tehsil Office, Allama Iqbal Town",LWMC-AlIT,Loader Rickshaw,Door To Door Collection,still,off,17.516,275.39,31.530131,74.278986,19/08/2026 10:59 AM,19/08/2026 11:00 AM,Reporting,Parked,11.74,False,UC-96,Allama Iqbal Town,Zone-37,Loader Rickshaw,Allama Iqbal Town,True,2026-08-19
60397,LR-0231,LR0231,Lahore,"Tehsil Office, Allama Iqbal Town",LWMC-AlIT,Loader Rickshaw,Door To Door Collection,moving,on,25.643,222.94,31.28081,74.230276,19/08/2026 10:50 AM,19/08/2026 11:00 AM,Reporting,Parked,11.33,False,UC-268,Allama Iqbal Town,Zone-43,Loader Rickshaw,Allama Iqbal Town,True,2026-08-19
59594,MFL-68,MFL68,Lahore,"Tehsil Office, Allama Iqbal Town",LWMC-AlIT,Tractor Loader,Bulk Waste Collection,still,off,32.044,229.71,31.300897,74.198246,19/08/2026 10:57 AM,19/08/2026 11:00 AM,Reporting,Parked,12.4,False,UC-267,Allama Iqbal Town,Zone-43,Loader,Allama Iqbal Town,True,2026-08-19
59825,LR-1749,LR1749,Lahore,"Tehsil Office, Allama Iqbal Town",LWMC-AlIT,Loader Rickshaw,Door To Door Collection,moving,on,22.857,173.05,31.508764,74.262826,19/08/2026 10:59 AM,19/08/2026 11:00 AM,Reporting,Parked,11.49,False,UC-106,Allama Iqbal Town,Zone-38,Loader Rickshaw,Allama Iqbal Town,True,2026-08-19
18525,C-1363,C1363,Lahore,"Tehsil Office, Allama Iqbal Town",LWMC-AlIT,Compactor (13CM),Container-Based Collection,moving,on,62.175,312.18,31.525642,74.279347,19/08/2026 11:00 AM,19/08/2026 11:00 AM,Reporting,Parked,25.2,False,UC-97,Allama Iqbal Town,Zone-37,Compactor,Allama Iqbal Town,True,2026-08-19
19717,S-36,S36,Lahore,"Tehsil Office, Allama Iqbal Town",LWMC-AlIT,Mini Dumper,Bulk Waste Collection,moving,on,25.915,131.69,31.523608,74.275079,19/08/2026 10:58 AM,19/08/2026 11:00 AM,Reporting,Parked,13.37,False,UC-97,Allama Iqbal Town,Zone-37,Mini Dumper,Allama Iqbal Town,True,2026-08-19
22930,LR-0835,LR0835,Lahore,"Tehsil Office, Allama Iqbal Town",LWMC-AlIT,Loader Rickshaw,Door To Door Collection,still,off,20.029,270.26,31.477037,74.293674,19/08/2026 10:58 AM,19/08/2026 11:00 AM,Reporting,Parked,11.38,False,UC-220,Allama Iqbal Town,Zone-39,Loader Rickshaw,Allama Iqbal Town,True,2026-08-19
19705,S-255,S255,Lahore,"Tehsil Office, Allama Iqbal Town",LWMC-AlIT,Mini Dumper,Bulk Waste Collection,moving,on,48.715,189.91,31.475559,74.227823,19/08/2026 10:58 AM,19/08/2026 11:00 AM,Reporting,Parked,12.25,False,UC-110,Allama Iqbal Town,Zone-41,Mini Dumper,Allama Iqbal Town,True,2026-08-19
60284,LR-2410,LR2410,Lahore,"Tehsil Office, Allama Iqbal Town",LWMC-AlIT,Loader Rickshaw,Door To Door Collection,moving,on,,,31.275921,74.253291,19/08/2026 10:19 AM,19/08/2026 11:00 AM,Reporting,No Activity Since Yesterday,9.65,False,UC-268,Allama Iqbal Town,Zone-43,Loader Rickshaw,Allama Iqbal Town,True,2026-08-19
18441,CA-85,CA85,Lahore,"Tehsil Office, Allama Iqbal Town",LWMC-AlIT,Chain Arm Roll,TCP Fleet,moving,on,70.046,273.41,31.554046,74.245828,19/08/2026 10:57 AM,19/08/2026 11:00 AM,Reporting,Parked,26.63,False,,,,Chain Arm Roll,Allama Iqbal Town,False,2026-08-19
19670,M-6,M6,Lahore,"Tehsil Office, Allama Iqbal Town",LWMC-AlIT,Mini Dumper,Bulk Waste Collection,moving,on,23.365,90.71,31.428254,74.22847,19/08/2026 10:59 AM,19/08/2026 11:00 AM,Reporting,Moving,14.14,False,UC-269,Nishter Town,Zone-47,Foton-Mini Dumper,Allama Iqbal Town,False,2026-08-19
19709,S-136,S136,Lahore,"Tehsil Office, Allama Iqbal Town",LWMC-AlIT,Mini Dumper,Bulk Waste Collection,moving,on,54.97,211.28,31.383463,74.229926,19/08/2026 10:39 AM,19/08/2026 11:00 AM,Reporting,Parked,12.05,False,UC-269,Nishter Town,Zone-47,Mini Dumper,Allama Iqbal Town,False,2026-08-19
19682,M-31,M31,Lahore,"Tehsil Office, Allama Iqbal Town",LWMC-AlIT,Mini Dumper,Bulk Waste Collection,still,off,40.407,165.44,31.433311,74.235253,19/08/2026 10:57 AM,19/08/2026 11:00 AM,Reporting,Parked,11.94,False,UC-256,Allama Iqbal Town,Zone-40,Foton-Mini Dumper,Allama Iqbal Town,True,2026-08-19
61867,MFL-82,MFL82,Lahore,"Tehsil Office, Allama Iqbal Town",LWMC-AlIT,Tractor Loader,Bulk Waste Collection,still,off,7.445,337.96,31.494605,74.250242,19/08/2026 10:58 AM,19/08/2026 11:00 AM,Reporting,Idle,13.17,False,UC-109,Allama Iqbal Town,Zone-38,Loader,Allama Iqbal Town,True,2026-08-19
-,LR-3099,LR3099,Lahore,"Tehsil Office, Allama Iqbal Town",LWMC-AlIT,-,-,still,off,16.743,630.5,31.386554,74.361319,19/08/2026 10:58 AM,19/08/2026 11:00 AM,Reporting,Excess Idling,11.94,False,UC-244,Nishter Town,Zone-48,,Allama Iqbal Town,False,2026-08-19
62034,LR-2095,LR2095,Lahore,"Tehsil Office, Shalimar Town",LWMC-ShTo,Loader Rickshaw,Door To Door Collection,still,off,15.484,135.84,31.579207,74.37037,19/08/2026 10:58 AM,19/08/2026 11:00 AM,Reporting,Parked,0.0,True,UC-121,Shalimar Town,Zone-10,Loader Rickshaw,Shalimar Town,True,2026-08-19
-,LR-1551,LR1551,Lahore,"Tehsil Office, Shalimar Town",LWMC-ShTo,-,-,still,off,7.049,34.04,31.576158,74.36739,19/08/2026 10:54 AM,19/08/2026 11:00 AM,Reporting,Parked,11.64,False,UC-119,Gulberg Town,Zone-19,Loader Rickshaw,Shalimar Town,False,2026-08-19
19443,MFL-15,MFL15,Lahore,"Tehsil Office, Shalimar Town",LWMC-ShTo,Tractor Loader,Bulk Waste Collection,still,off,6.614,371.8,31.597547,74.342886,19/08/2026 10:57 AM,19/08/2026 11:00 AM,Reporting,Parked,12.0,False,UC-28,Shalimar Town,Zone-6,Loader,Shalimar Town,True,2026-08-19
61506,S-10,S10,Lahore,"Tehsil Office, Shalimar Town",LWMC-ShTo,Mini Dumper,Door To Door Collection,moving,on,26.519,179.88,31.578289,74.346788,19/08/2026 10:56 AM,19/08/2026 11:00 AM,Reporting,Parked,11.43,False,UC-43,Shalimar Town,Zone-8,Mini Dumper,Shalimar Town,True,2026-08-19
61796,LR-2183,LR2183,Lahore,"Tehsil Office, Shalimar Town",LWMC-ShTo,Loader Rickshaw,Door To Door Collection,still,off,11.317,276.44,31.584724,74.337631,19/08/2026 10:57 AM,19/08/2026 11:00 AM,Reporting,Parked,11.43,False,UC-31,Shalimar Town,Zone-7,Loader Rickshaw,Shalimar Town,True,2026-08-19
61576,S-184,S184,Lahore,"Tehsil Office, Shalimar Town",LWMC-ShTo,Mini Dumper,Door To Door Collection,moving,on,34.073,157.09,31.604704,74.380941,19/08/2026 10:59 AM,19/08/2026 11:00 AM,Reporting,Parked,12.76,False,UC-163,Shalimar Town,Zone-9,Mini Dumper,Shalimar Town,True,2026-08-19
61194,S-105,S105,Lahore,"Tehsil Office, Shalimar Town",LWMC-ShTo,Mini Dumper,Door To Door Collection,still,off,0.161,1.41,31.57393,74.287783,19/08/2026 10:09 AM,19/08/2026 11:00 AM,Reporting,No Activity Since Yesterday,11.54,False,UC-56,DGBT,Zone-29,Mini Dumper,Shalimar Town,False,2026-08-19
61836,LR-2420,LR2420,Lahore,"Tehsil Office, Shalimar Town",LWMC-ShTo,Loader Rickshaw,Door To Door Collection,moving,on,16.215,259.06,31.587672,74.355124,19/08/2026 10:59 AM,19/08/2026 11:00 AM,Reporting,Parked,12.05,False,UC-167,Shalimar Town,Zone-8,Loader Rickshaw,Shalimar Town,True,2026-08-19
61201,LR-2077,LR2077,Lahore,"Tehsil Office, Shalimar Town",LWMC-ShTo,Loader Rickshaw,Door To Door Collection,moving,on,15.768,113.06,31.590111,74.357478,19/08/2026 10:49 AM,19/08/2026 11:00 AM,Reporting,Parked,11.08,False,UC-164,Shalimar Town,Zone-8,Loader Rickshaw,Shalimar Town,True,2026-08-19
61692,MFL-31,MFL31,Lahore,"Tehsil Office, Shalimar Town",LWMC-ShTo,Tractor Front Blade,Bulk Waste Collection,still,off,8.805,334.91,31.609586,74.328263,19/08/2026 10:58 AM,19/08/2026 11:00 AM,Reporting,Excess Idling,10.98,False,UC-23,Ravi Town,Zone-3,Loader,Shalimar Town,False,2026-08-19
23334,LR-0969,LR0969,Lahore,"Tehsil Office, Shalimar Town",LWMC-ShTo,Loader Rickshaw,Door To Door Collection,still,off,11.856,260.3,31.593022,74.374644,19/08/2026 10:57 AM,19/08/2026 11:00 AM,Reporting,Parked,11.54,False,UC-129,Shalimar Town,Zone-9,Loader Rickshaw,Shalimar Town,True,2026-08-19
61075,LR-2604,LR2604,Lahore,"Tehsil Office, Shalimar Town",LWMC-ShTo,Loader Rickshaw,Door To Door Collection,moving,on,13.824,244.75,31.582133,74.333086,19/08/2026 10:40 AM,19/08/2026 11:00 AM,Reporting,Parked,12.05,False,UC-31,Shalimar Town,Zone-7,Loader Rickshaw,Shalimar Town,True,2026-08-19
61196,LR-2079,LR2079,Lahore,"Tehsil Office, Shalimar Town",LWMC-ShTo,Loader Rickshaw,Door To Door Collection,still,off,10.331,138.3,31.597223,74.356979,19/08/2026 10:58 AM,19/08/2026 11:00 AM,Reporting,Parked,12.05,False,UC-161,Shalimar Town,Zone-9,Loader Rickshaw,Shalimar Town,True,2026-08-19
61531,S-326,S326,Lahore,"Tehsil Office, Shalimar Town",LWMC-ShTo,Mini Dumper,Door To Door Collection,moving,on,26.252,137.56,31.606973,74.357991,19/08/2026 10:42 AM,19/08/2026 11:00 AM,Reporting,Moving,13.47,False,UC-161,Shalimar Town,Zone-9,Mini Dumper,Shalimar Town,True,2026-08-19
59869,CA-125,CA125,Lahore,"Tehsil Office, Shalimar Town",LWMC-ShTo,Chain Arm Roll,Bulk Waste Collection,still,off,78.282,297.86,31.608975,74.379764,19/08/2026 10:08 AM,19/08/2026 11:00 AM,Reporting,Moving,27.7,False,UC-108,Wagha Town,Zone-13,Chain Arm Roll,Shalimar Town,False,2026-08-19
25252,LR-0149,LR0149,Lahore,"Tehsil Office, Shalimar Town",LWMC-ShTo,Loader Rickshaw,Door to Door Collection,still,off,8.29,218.9,31.601802,74.367172,19/08/2026 10:58 AM,19/08/2026 11:00 AM,Reporting,Parked,11.74,False,UC-161,Shalimar Town,Zone-9,Loader Rickshaw,Shalimar Town,True,2026-08-19
61595,S-66,S66,Lahore,"Tehsil Office, Shalimar Town",LWMC-ShTo,Mini Dumper,Door To Door Collection,still,off,15.813,57.5,31.5732,74.287259,19/08/2026 10:56 AM,19/08/2026 11:00 AM,Reporting,Parked,12.76,False,UC-56,DGBT,Zone-29,Mini Dumper,Shalimar Town,False,2026-08-19
-,VS-11,VS11,Lahore,"Tehsil Office, Gulberg Town",LWMC-GuTo,-,-,still,off,63.749,316.81,31.464354,74.225642,19/08/2026 09:49 AM,19/08/2026 11:00 AM,Reporting,Parked,25.51,False,UC-117,Allama Iqbal Town,Zone-41,Vaccume Sweeper,Night Operations,False,2026-08-19
-,TLD-03 (MFL-01),TLD03MFL01,Lahore,"Tehsil Office, Gulberg Town",LWMC-GuTo,-,-,still,off,8.062,640.61,31.485414,74.301436,19/08/2026 10:59 AM,19/08/2026 11:00 AM,Reporting,Moving,12.61,False,UC-211,Gulberg Town,Zone-23,,Gulberg Town,True,2026-08-19
-,C-1354,C1354,Lahore,"Tehsil Office, Gulberg Town",LWMC-GuTo,-,-,moving,on,66.307,353.76,31.476,74.306589,19/08/2026 11:00 AM,19/08/2026 11:00 AM,Reporting,Moving,28.06,False,UC-211,Gulberg Town,Zone-23,Compactor,Gulberg Town,True,2026-08-19
22588,LR-0989,LR0989,Lahore,"Tehsil Office, Gulberg Town",LWMC-GuTo,Loader Rickshaw,Door To Door Collection,moving,on,21.636,214.9,31.459974,74.327337,19/08/2026 10:47 AM,19/08/2026 11:00 AM,Reporting,Parked,11.64,False,UC-225,Gulberg Town,Zone-22,Loader Rickshaw,Gulberg Town,True,2026-08-19
22529,LR-0982,LR0982,Lahore,"Tehsil Office, Gulberg Town",LWMC-GuTo,Loader Rickshaw,Door To Door Collection,still,off,11.363,108.84,31.524139,74.344049,19/08/2026 10:54 AM,19/08/2026 11:00 AM,Reporting,Parked,10.92,False,UC-200,Gulberg Town,Zone-20,Loader Rickshaw,Gulberg Town,True,2026-08-19
22553,LR-0644,LR0644,Lahore,"Tehsil Office, Gulberg Town",LWMC-GuTo,Loader Rickshaw,Door To Door Collection,still,off,12.553,80.41,31.516005,74.326867,19/08/2026 10:59 AM,19/08/2026 11:00 AM,Reporting,Parked,11.74,False,UC-208,Gulberg Town,Zone-23,Loader Rickshaw,Gulberg Town,True,2026-08-19
19834,M-41,M41,Lahore,"Tehsil Office, Gulberg Town",LWMC-GuTo,Mini Dumper,Bulk Waste Collection,moving,on,42.953,112.84,31.51629,74.325747,19/08/2026 10:59 AM,19/08/2026 11:00 AM,Reporting,Parked,0.0,True,UC-208,Gulberg Town,Zone-23,Foton-Mini Dumper,Gulberg Town,True,2026-08-19
18670,C-720,C720,Lahore,"Tehsil Office, Gulberg Town",LWMC-GuTo,Compactor (7CM),Container-Based Collection,moving,on,37.013,150.43,31.608781,74.39301,19/08/2026 10:57 AM,19/08/2026 11:00 AM,Reporting,Parked,25.66,False,UC-108,Wagha Town,Zone-13,Compactor,Gulberg Town,False,2026-08-19
61848,LR-2527,LR2527,Lahore,"Tehsil Office, Data Gunj Baksh Town",LWMC-DaGB,Loader Rickshaw,Door To Door Collection,still,off,17.863,94.2,31.594486,74.258287,19/08/2026 10:58 AM,19/08/2026 11:00 AM,Reporting,Parked,11.38,False,UC-5,Ravi Town,Zone-1,Loader Rickshaw,DGBT,False,2026-08-19
61964,LR-0240,LR0240,Lahore,"Tehsil Office, Data Gunj Baksh Town",LWMC-DaGB,Loader Rickshaw,Door To Door Collection,moving,on,21.204,134.4,31.592875,74.255628,19/08/2026 10:59 AM,19/08/2026 11:00 AM,Reporting,Parked,11.54,False,UC-1,Ravi Town,Zone-1,Loader Rickshaw,DGBT,False,2026-08-19
-,LR-2507,LR2507,Lahore,"Tehsil Office, Data Gunj Baksh Town",LWMC-DaGB,-,-,moving,on,24.122,100.08,31.587026,74.257368,19/08/2026 10:58 AM,19/08/2026 11:00 AM,Reporting,Moving,9.6,False,UC-1,Ravi Town,Zone-1,Loader Rickshaw,DGBT,False,2026-08-19
-,LR-2540,LR2540,Lahore,"Tehsil Office, Data Gunj Baksh Town",LWMC-DaGB,-,-,moving,on,31.894,127.29,31.569267,74.323112,19/08/2026 10:58 AM,19/08/2026 11:00 AM,Reporting,Parked,11.84,False,UC-169,DGBT,Zone-24,Loader Rickshaw,DGBT,True,2026-08-19
19724,M-88,M88,Lahore,"Tehsil Office, Data Gunj Baksh Town",LWMC-DaGB,Mini Dumper,Bulk Waste Collection,still,off,74.703,285.06,31.58538,74.285164,19/08/2026 10:48 AM,19/08/2026 11:00 AM,Reporting,Parked,12.86,False,UC-50,DGBT,Zone-28,Foton-Mini Dumper,DGBT,True,2026-08-19
61967,LR-0694,LR0694,Lahore,"Tehsil Office, Data Gunj Baksh Town",LWMC-DaGB,Loader Rickshaw,Door To Door Collection,still,off,13.9,246.55,31.558341,74.299616,19/08/2026 10:49 AM,19/08/2026 11:00 AM,Reporting,Parked,11.23,False,UC-64,DGBT,Zone-30,Loader Rickshaw,DGBT,True,2026-08-19
-,LR-1493,LR1493,Lahore,"Tehsil Office, Data Gunj Baksh Town",LWMC-DaGB,-,-,moving,on,15.128,76.59,31.572427,74.281604,19/08/2026 10:58 AM,19/08/2026 11:00 AM,Reporting,Excess Idling,12.25,False,,,,Loader Rickshaw,DGBT,False,2026-08-19
19763,S-256,S256,Lahore,"Tehsil Office, Data Gunj Baksh Town",LWMC-DaGB,Mini Dumper,Bulk Waste Collection,moving,on,25.831,101.56,31.572513,74.298063,19/08/2026 10:30 AM,19/08/2026 11:00 AM,Reporting,Moving,12.81,False,UC-57,DGBT,Zone-27,Mini Dumper,DGBT,True,2026-08-19
18545,C13-24,C1324,Lahore,"Tehsil Office, Data Gunj Baksh Town",LWMC-DaGB,Compactor (13CM),Container-Based Collection,moving,on,40.211,268.11,31.583864,74.302884,19/08/2026 10:59 AM,19/08/2026 11:00 AM,Reporting,Parked,24.39,False,UC-54,DGBT,Zone-27,Compactor,DGBT,True,2026-08-19
-,C-709,C709,Lahore,"Tehsil Office, Data Gunj Baksh Town",LWMC-DaGB,-,-,still,off,,,31.5727,74.29232,19/08/2026 10:06 AM,19/08/2026 11:00 AM,Reporting,No Activity Since Yesterday,18.52,False,UC-59,DGBT,Zone-29,Compactor,DGBT,True,2026-08-19
-,CA-89,CA89,Lahore,"Tehsil Office, Data Gunj Baksh Town",LWMC-DaGB,-,-,moving,on,79.924,299.26,31.549909,74.314584,19/08/2026 10:59 AM,19/08/2026 11:00 AM,Reporting,Moving,24.18,False,UC-69,DGBT,Zone-26,Chain Arm Roll,DGBT,True,2026-08-19
60372,D-28,D28,Lahore,"Tehsil Office, Data Gunj Baksh Town",LWMC-DaGB,Dumper (10CM),Bulk Waste Collection,still,off,84.227,264.69,31.57855,74.264453,19/08/2026 10:58 AM,19/08/2026 11:00 AM,Reporting,Moving,27.4,False,UC-1,Ravi Town,Zone-1,Dumper,DGBT,False,2026-08-19
19742,M-28,M28,Lahore,"Tehsil Office, Data Gunj Baksh Town",LWMC-DaGB,Mini Dumper,Bulk Waste Collection,still,off,26.047,111.61,31.558964,74.335212,19/08/2026 10:58 AM,19/08/2026 11:00 AM,Reporting,Moving,13.27,False,UC-185,DGBT,Zone-25,Foton-Mini Dumper,DGBT,True,2026-08-19
18661,C-731,C731,Lahore,"Tehsil Office, Data Gunj Baksh Town",LWMC-DaGB,Compactor (7CM),Container-Based Collection,moving,on,65.08,266.66,31.590539,74.306194,19/08/2026 10:58 AM,19/08/2026 11:00 AM,Reporting,Moving,27.35,False,UC-53,DGBT,Zone-28,Compactor,DGBT,True,2026-08-19
19721,M-49,M49,Lahore,"Tehsil Office, Data Gunj Baksh Town",LWMC-DaGB,Mini Dumper,Bulk Waste Collection,still,off,46.147,199.33,31.583719,74.286,19/08/2026 10:54 AM,19/08/2026 11:00 AM,Reporting,Moving,13.27,False,UC-50,DGBT,Zone-28,Foton-Mini Dumper,DGBT,True,2026-08-19
19786,S-339,S339,Lahore,"Tehsil Office, Data Gunj Baksh Town",LWMC-DaGB,Mini Dumper,Bulk Waste Collection,still,off,26.402,111.86,31.558264,74.325702,19/08/2026 10:12 AM,19/08/2026 11:00 AM,Reporting,Parked,13.53,False,UC-81,DGBT,Zone-26,Mini Dumper,DGBT,True,2026-08-19
18540,C13-84,C1384,Lahore,"Tehsil Office, Data Gunj Baksh Town",LWMC-DaGB,Compactor (13CM),Container-Based Collection,moving,on,29.199,249.81,31.569386,74.313713,19/08/2026 10:59 AM,19/08/2026 11:00 AM,Reporting,Parked,24.08,False,UC-62,DGBT,Zone-25,Compactor,DGBT,True,2026-08-19
61961,LR-1475,LR1475,Lahore,"Tehsil Office, Data Gunj Baksh Town",LWMC-DaGB,Loader Rickshaw,Door To Door Collection,moving,on,11.091,220.98,31.580441,74.265013,19/08/2026 10:31 AM,19/08/2026 11:00 AM,Reporting,Parked,12.05,False,UC-1,Ravi Town,Zone-1,Loader Rickshaw,DGBT,False,2026-08-19
19777,S-192,S192,Lahore,"Tehsil Office, Data Gunj Baksh Town",LWMC-DaGB,Mini Dumper,Bulk Waste Collection,moving,on,34.392,151.48,31.54976,74.34027,19/08/2026 10:56 AM,19/08/2026 11:00 AM,Reporting,Parked,11.84,False,UC-81,DGBT,Zone-26,Mini Dumper,DGBT,True,2026-08-19
19080,R-23,R23,Lahore,"Tehsil Office, Data Gunj Baksh Town",LWMC-DaGB,Rickshaw Shower,Bulk Waste Collection,moving,on,12.988,61.54,31.560594,74.322464,19/08/2026 10:59 AM,19/08/2026 11:00 AM,Reporting,Parked,11.59,False,UC-61,DGBT,Zone-25,Rickshaw,DGBT,True,2026-08-19
-,LR-2539,LR2539,Lahore,"Tehsil Office, Data Gunj Baksh Town",LWMC-DaGB,-,-,still,off,30.022,257.51,31.53762,74.329769,19/08/2026 10:58 AM,19/08/2026 11:00 AM,Reporting,Parked,11.43,False,UC-199,DGBT,Zone-26,Loader Rickshaw,DGBT,True,2026-08-19
18534,C13-71,C1371,Lahore,"Tehsil Office, Data Gunj Baksh Town",LWMC-DaGB,Compactor (13CM),Container-Based Collection,moving,on,41.81,324.5,31.562974,74.292926,19/08/2026 10:57 AM,19/08/2026 11:00 AM,Reporting,Idle,27.3,False,UC-65,DGBT,Zone-29,Compactor,DGBT,True,2026-08-19
19774,S-272,S272,Lahore,"Tehsil Office, Data Gunj Baksh Town",LWMC-DaGB,Mini Dumper,Bulk Waste Collection,moving,on,36.822,171.25,31.583918,74.291306,19/08/2026 10:57 AM,19/08/2026 11:00 AM,Reporting,Parked,13.68,False,UC-52,DGBT,Zone-28,Mini Dumper,DGBT,True,2026-08-19
-,MFL-106,MFL106,Lahore,"Tehsil Office, Data Gunj Baksh Town",LWMC-DaGB,-,-,moving,on,22.564,345.76,31.376177,74.351686,19/08/2026 10:58 AM,19/08/2026 11:00 AM,Reporting,Parked,12.76,False,UC-250,Nishter Town,Zone-48,Loader,Nishter Town,True,2026-08-19
-,LR-1490,LR1490,Lahore,"Tehsil Office, Data Gunj Baksh Town",LWMC-DaGB,-,-,moving,on,15.718,91.78,31.573333,74.277252,19/08/2026 10:45 AM,19/08/2026 11:00 AM,Reporting,Parked,12.1,False,,,,Loader Rickshaw,DGBT,False,2026-08-19
18537,C13-13,C1313,Lahore,"Tehsil Office, Data Gunj Baksh Town",LWMC-DaGB,Compactor (13CM),Container-Based Collection,still,off,38.119,286.36,31.573122,74.29166,19/08/2026 10:25 AM,19/08/2026 11:00 AM,Reporting,Parked,24.49,False,UC-59,DGBT,Zone-29,Compactor,DGBT,True,2026-08-19
-,D-45,D45,Lahore,"Tehsil Office, Data Gunj Baksh Town",LWMC-DaGB,-,-,moving,on,65.341,232.78,31.573306,74.278058,19/08/2026 10:41 AM,19/08/2026 11:00 AM,Reporting,Parked,27.33,False,UC-50,DGBT,Zone-28,Dumper,DGBT,True,2026-08-19
18538,C13-35,C1335,Lahore,"Tehsil Office, Data Gunj Baksh Town",LWMC-DaGB,Compactor (13CM),Container-Based Collection,moving,on,69.354,326.33,31.535041,74.340718,19/08/2026 10:59 AM,19/08/2026 11:00 AM,Reporting,Parked,25.46,False,UC-198,DGBT,Zone-26,Compactor,DGBT,True,2026-08-19
62081,LR-1476,LR1476,Lahore,"Tehsil Office, Data Gunj Baksh Town",LWMC-DaGB,Loader Rickshaw,Door To Door Collection,moving,on,10.695,169.76,31.573143,74.291833,19/08/2026 10:48 AM,19/08/2026 11:00 AM,Reporting,Parked,12.1,False,UC-59,DGBT,Zone-29,Loader Rickshaw,DGBT,True,2026-08-19
19082,R-36,R36,Lahore,"Tehsil Office, Data Gunj Baksh Town",LWMC-DaGB,Rickshaw Shower,Bulk Waste Collection,still,off,15.788,90.46,31.559682,74.323928,19/08/2026 10:53 AM,19/08/2026 11:00 AM,Reporting,Parked,11.38,False,UC-61,DGBT,Zone-25,Rickshaw,DGBT,True,2026-08-19
19779,S-197,S197,Lahore,"Tehsil Office, Data Gunj Baksh Town",LWMC-DaGB,Mini Dumper,Bulk Waste Collection,still,off,38.513,173.73,31.573259,74.291883,19/08/2026 10:44 AM,19/08/2026 11:00 AM,Reporting,Parked,12.1,False,UC-59,DGBT,Zone-29,Mini Dumper,DGBT,True,2026-08-19
19764,S-183,S183,Lahore,"Tehsil Office, Data Gunj Baksh Town",LWMC-DaGB,Mini Dumper,Bulk Waste Collection,moving,on,18.444,71.81,31.564234,74.319848,19/08/2026 10:50 AM,19/08/2026 11:00 AM,Reporting,Parked,11.79,False,UC-62,DGBT,Zone-25,Mini Dumper,DGBT,True,2026-08-19
19733,S-33,S33,Lahore,"Tehsil Office, Data Gunj Baksh Town",LWMC-DaGB,Mini Dumper,Bulk Waste Collection,moving,on,30.293,143.21,31.572377,74.282658,19/08/2026 10:57 AM,19/08/2026 11:00 AM,Reporting,Parked,13.42,False,,,,Mini Dumper,DGBT,False,2026-08-19
-,C13-70,C1370,Lahore,"Tehsil Office, Data Gunj Baksh Town",LWMC-DaGB,-,-,still,off,,,31.478552,74.343907,19/08/2026 10:09 AM,19/08/2026 11:00 AM,Reporting,No Activity Since Yesterday,24.44,False,UC-206,Gulberg Town,Zone-22,Compactor,DGBT,False,2026-08-19
18663,C-727,C727,Lahore,"Tehsil Office, Data Gunj Baksh Town",LWMC-DaGB,Compactor (7CM),Container-Based Collection,moving,on,45.651,286.73,31.591659,74.293748,19/08/2026 10:57 AM,19/08/2026 11:00 AM,Reporting,Parked,24.64,False,UC-48,DGBT,Zone-28,Compactor,DGBT,True,2026-08-19
-,ALB-272,ALB272,Lahore,"Tehsil Office, Data Gunj Baksh Town",LWMC-DaGB,-,-,still,off,9.695,70.93,31.539299,74.325155,19/08/2026 10:09 AM,19/08/2026 11:00 AM,Reporting,Parked,26.33,False,UC-198,DGBT,Zone-26,Water Bowser,DGBT,True,2026-08-19
60272,S-18,S18,Lahore,"Tehsil Office, Data Gunj Baksh Town",LWMC-DaGB,Mini Dumper,Bulk Waste Collection,still,off,37.603,169.23,31.573308,74.292117,19/08/2026 10:28 AM,19/08/2026 10:30 AM,Reporting,Parked,12.35,False,UC-59,DGBT,Zone-29,Mini Dumper,DGBT,True,2026-08-19
18662,C-732,C732,Lahore,"Tehsil Office, Data Gunj Baksh Town",LWMC-DaGB,Compactor (7CM),Container-Based Collection,still,off,56.446,323.55,31.573347,74.291527,19/08/2026 10:57 AM,19/08/2026 11:00 AM,Reporting,Moving,26.89,False,UC-59,DGBT,Zone-29,Compactor,DGBT,True,2026-08-19
19725,M-113,M113,Lahore,"Tehsil Office, Data Gunj Baksh Town",LWMC-DaGB,Mini Dumper,Bulk Waste Collection,still,off,50.472,208.06,31.573129,74.292076,19/08/2026 10:59 AM,19/08/2026 11:00 AM,Reporting,Parked,13.68,False,UC-59,DGBT,Zone-29,Foton-Mini Dumper,DGBT,True,2026-08-19
18548,C13-1081,C131081,Lahore,"Tehsil Office, Data Gunj Baksh Town",LWMC-DaGB,Compactor (13CM),Container-Based Collection,moving,on,47.686,320.81,31.57787,74.264278,19/08/2026 10:59 AM,19/08/2026 11:00 AM,Reporting,Parked,24.75,False,UC-1,Ravi Town,Zone-1,Compactor,DGBT,False,2026-08-19
18543,C13-16,C1316,Lahore,"Tehsil Office, Data Gunj Baksh Town",LWMC-DaGB,Compactor (13CM),Container-Based Collection,still,off,39.982,332.94,31.567064,74.324778,19/08/2026 10:57 AM,19/08/2026 11:00 AM,Reporting,Parked,24.85,False,UC-171,DGBT,Zone-25,Compactor,DGBT,True,2026-08-19
-,C-719,C719,Lahore,"Tehsil Office, Data Gunj Baksh Town",LWMC-DaGB,-,-,still,off,77.372,298.66,31.573094,74.291696,19/08/2026 10:50 AM,19/08/2026 11:00 AM,Reporting,Moving,27.19,False,UC-59,DGBT,Zone-29,Compactor,DGBT,True,2026-08-19
61966,LR-1478,LR1478,Lahore,"Tehsil Office, Data Gunj Baksh Town",LWMC-DaGB,Loader Rickshaw,Door To Door Collection,moving,on,8.269,65.26,31.573107,74.291888,19/08/2026 10:59 AM,19/08/2026 11:00 AM,Reporting,Parked,12.35,False,UC-59,DGBT,Zone-29,Loader Rickshaw,DGBT,True,2026-08-19
19781,S-229,S229,Lahore,"Tehsil Office, Data Gunj Baksh Town",LWMC-DaGB,Mini Dumper,Bulk Waste Collection,moving,on,42.636,177.44,31.527796,74.333503,19/08/2026 10:46 AM,19/08/2026 11:00 AM,Reporting,Parked,12.0,False,UC-199,DGBT,Zone-26,Mini Dumper,DGBT,True,2026-08-19
-,WR-006,WR006,Lahore,"Tehsil Office, Data Gunj Baksh Town",LWMC-DaGB,-,-,still,off,8.799,42.91,31.576876,74.306876,19/08/2026 10:06 AM,19/08/2026 11:00 AM,Reporting,Parked,11.59,False,UC-54,DGBT,Zone-27,Washer Rickshaw,DGBT,True,2026-08-19
60674,P-49,P49,Lahore,"Tehsil Office, Data Gunj Baksh Town",LWMC-DaGB,Pickup,Bulk Waste Collection,moving,on,21.769,142.9,31.573849,74.293572,19/08/2026 11:00 AM,19/08/2026 11:00 AM,Reporting,Parked,12.05,False,UC-57,DGBT,Zone-27,Pickup,DGBT,True,2026-08-19
61477,LR-0710,LR0710,Lahore,"Tehsil Office, Data Gunj Baksh Town",LWMC-DaGB,Loader Rickshaw,Door To Door Collection,still,off,29.267,119.73,31.592496,74.255832,19/08/2026 09:45 AM,19/08/2026 11:00 AM,Reporting,Parked,12.81,False,UC-1,Ravi Town,Zone-1,Loader Rickshaw,DGBT,False,2026-08-19
59722,S-322,S322,Lahore,"Tehsil Office, Samnabad Town",LWMC-SaTo,Pickup,Door To Door Collection,moving,on,40.124,87.7,31.481179,74.282774,19/08/2026 10:43 AM,19/08/2026 11:00 AM,Reporting,Parked,12.76,False,UC-114,Allama Iqbal Town,Zone-40,Mini Dumper,Samnabad Town,False,2026-08-19
40365,LR-0656,LR0656,Lahore,"Tehsil Office, Samnabad Town",LWMC-SaTo,Loader Rickshaw,Door To Door Collection,moving,on,39.841,478.6,31.550639,74.266678,19/08/2026 10:59 AM,19/08/2026 11:00 AM,Reporting,Parked,11.38,False,UC-93,Samnabad Town,Zone-31,Loader Rickshaw,Samnabad Town,True,2026-08-19
41303,LR-1845,LR1845,Lahore,"Tehsil Office, Samnabad Town",LWMC-SaTo,Loader Rickshaw,Door To Door Collection,still,off,28.26,198.3,31.571961,74.278386,19/08/2026 10:53 AM,19/08/2026 11:00 AM,Reporting,Parked,12.3,False,UC-71,Samnabad Town,Zone-31,Loader Rickshaw,Samnabad Town,True,2026-08-19
39288,LR-0039,LR0039,Lahore,"Tehsil Office, Samnabad Town",LWMC-SaTo,Loader Rickshaw,Door To Door Collection,moving,on,27.057,111.18,31.535609,74.29412,19/08/2026 10:57 AM,19/08/2026 11:00 AM,Reporting,Parked,13.58,False,UC-89,Samnabad Town,Zone-33,Loader Rickshaw,Samnabad Town,True,2026-08-19
41258,LR-1267,LR1267,Lahore,"Tehsil Office, Samnabad Town",LWMC-SaTo,Loader Rickshaw,Door To Door Collection,moving,on,16.969,375.25,31.529687,74.310348,19/08/2026 10:59 AM,19/08/2026 11:00 AM,Reporting,Excess Idling,11.59,False,UC-88,Samnabad Town,Zone-34,Loader Rickshaw,Samnabad Town,True,2026-08-19
40333,LR-0381,LR0381,Lahore,"Tehsil Office, Samnabad Town",LWMC-SaTo,Loader Rickshaw,Door To Door Collection,moving,on,29.648,178.91,31.506334,74.292791,19/08/2026 10:56 AM,19/08/2026 11:00 AM,Reporting,Parked,12.15,False,UC-214,Samnabad Town,Zone-36,Loader Rickshaw,Samnabad Town,True,2026-08-19
41342,LR-2243,LR2243,Lahore,"Tehsil Office, Samnabad Town",LWMC-SaTo,Loader Rickshaw,Door To Door Collection,moving,on,19.7,537.95,31.540088,74.293054,19/08/2026 10:59 AM,19/08/2026 11:00 AM,Reporting,Parked,11.94,False,UC-89,Samnabad Town,Zone-33,Loader Rickshaw,Samnabad Town,True,2026-08-19
41346,LR-2247,LR2247,Lahore,"Tehsil Office, Samnabad Town",LWMC-SaTo,Loader Rickshaw,Door To Door Collection,still,off,44.24,293.66,31.480329,74.248958,19/08/2026 10:57 AM,19/08/2026 11:00 AM,Reporting,Excess Idling,11.79,False,UC-113,Allama Iqbal Town,Zone-40,Loader Rickshaw,Samnabad Town,False,2026-08-19
40308,LR-0493,LR0493,Lahore,"Tehsil Office, Samnabad Town",LWMC-SaTo,Loader Rickshaw,Door To Door Collection,moving,on,39.008,161.44,31.513391,74.318967,19/08/2026 10:59 AM,19/08/2026 11:00 AM,Reporting,Excess Idling,12.0,False,UC-216,Samnabad Town,Zone-35,Loader Rickshaw,Samnabad Town,True,2026-08-19
-,LEG-1435,LEG1435,Lahore,"Tehsil Office, Samnabad Town",LWMC-SaTo,-,-,moving,on,20.711,146.08,31.459772,74.220223,19/08/2026 10:56 AM,19/08/2026 11:00 AM,Reporting,Parked,12.76,False,UC-117,Allama Iqbal Town,Zone-41,Loader,Samnabad Town,False,2026-08-19
40335,LR-0383,LR0383,Lahore,"Tehsil Office, Samnabad Town",LWMC-SaTo,Loader Rickshaw,Door To Door Collection,moving,on,26.36,319.6,31.510633,74.290457,19/08/2026 10:58 AM,19/08/2026 11:00 AM,Reporting,Excess Idling,11.49,False,UC-214,Samnabad Town,Zone-36,Loader Rickshaw,Samnabad Town,True,2026-08-19
-,WR-0040,WR0040,Lahore,"Tehsil Office, Samnabad Town",LWMC-SaTo,-,-,still,off,21.706,94.71,31.550991,74.300573,19/08/2026 10:47 AM,19/08/2026 11:00 AM,Reporting,Parked,12.0,False,UC-82,Samnabad Town,Zone-33,Washer Rickshaw,Samnabad Town,True,2026-08-19
-,WR-0015,WR0015,Lahore,"Tehsil Office, Samnabad Town",LWMC-SaTo,-,-,moving,on,20.023,104.09,31.486398,74.293142,19/08/2026 10:48 AM,19/08/2026 11:00 AM,Reporting,Parked,11.79,False,UC-220,Allama Iqbal Town,Zone-39,,Samnabad Town,False,2026-08-19
39197,S-299,S299,Lahore,"Tehsil Office, Samnabad Town",LWMC-SaTo,Mini Dumper,Bulk Waste Collection,moving,on,44.071,148.05,31.494267,74.286699,19/08/2026 10:59 AM,19/08/2026 11:00 AM,Reporting,Parked,12.45,False,UC-214,Samnabad Town,Zone-36,Mini Dumper,Samnabad Town,True,2026-08-19
41251,LR-1260,LR1260,Lahore,"Tehsil Office, Samnabad Town",LWMC-SaTo,Loader Rickshaw,Door To Door Collection,still,off,17.295,137.61,31.538474,74.299093,19/08/2026 10:57 AM,19/08/2026 11:00 AM,Reporting,Parked,11.43,False,UC-90,Samnabad Town,Zone-33,Loader Rickshaw,Samnabad Town,True,2026-08-19
59817,S-228,S228,Lahore,"Tehsil Office, Samnabad Town",LWMC-SaTo,Mini Dumper,Door To Door Collection,still,off,27.247,107.46,31.53808,74.271763,19/08/2026 10:48 AM,19/08/2026 11:00 AM,Reporting,Parked,0.0,True,UC-100,Samnabad Town,Zone-32,Mini Dumper,Samnabad Town,True,2026-08-19
41261,LR-1270,LR1270,Lahore,"Tehsil Office, Samnabad Town",LWMC-SaTo,Loader Rickshaw,Door To Door Collection,moving,on,19.365,121.79,31.536748,74.317738,19/08/2026 10:45 AM,19/08/2026 11:00 AM,Reporting,Excess Idling,11.64,False,UC-84,Samnabad Town,Zone-34,Loader Rickshaw,Samnabad Town,True,2026-08-19
41298,LR-1900,LR1900,Lahore,"Tehsil Office, Samnabad Town",LWMC-SaTo,Loader Rickshaw,Door To Door Collection,still,off,42.97,336.44,31.576241,74.27168,19/08/2026 10:57 AM,19/08/2026 11:00 AM,Reporting,Excess Idling,11.43,False,UC-71,Samnabad Town,Zone-31,Loader Rickshaw,Samnabad Town,True,2026-08-19
40358,LR-1000,LR1000,Lahore,"Tehsil Office, Samnabad Town",LWMC-SaTo,Loader Rickshaw,Door To Door Collection,moving,on,21.037,294.18,31.508091,74.315893,19/08/2026 10:58 AM,19/08/2026 11:00 AM,Reporting,Parked,11.43,False,UC-208,Gulberg Town,Zone-23,Loader Rickshaw,Samnabad Town,False,2026-08-19
40324,LR-0971,LR0971,Lahore,"Tehsil Office, Samnabad Town",LWMC-SaTo,Loader Rickshaw,Door To Door Collection,moving,on,18.863,292.71,31.515547,74.281405,19/08/2026 10:58 AM,19/08/2026 11:00 AM,Reporting,Parked,13.68,False,UC-212,Samnabad Town,Zone-36,Loader Rickshaw,Samnabad Town,True,2026-08-19
41234,LR-1183,LR1183,Lahore,"Tehsil Office, Samnabad Town",LWMC-SaTo,Loader Rickshaw,Door To Door Collection,moving,on,49.784,356.6,31.547362,74.267915,19/08/2026 10:58 AM,19/08/2026 11:00 AM,Reporting,Parked,12.1,False,UC-77,Samnabad Town,Zone-31,Loader Rickshaw,Samnabad Town,True,2026-08-19
40339,LR-0925,LR0925,Lahore,"Tehsil Office, Samnabad Town",LWMC-SaTo,Loader Rickshaw,Door To Door Collection,still,off,21.818,140.0,31.502234,74.270088,19/08/2026 10:53 AM,19/08/2026 11:00 AM,Reporting,Parked,12.45,False,UC-215,Samnabad Town,Zone-36,Loader Rickshaw,Samnabad Town,True,2026-08-19
40343,LR-0929,LR0929,Lahore,"Tehsil Office, Samnabad Town",LWMC-SaTo,Loader Rickshaw,Door To Door Collection,still,off,27.851,631.73,31.504909,74.270104,19/08/2026 10:58 AM,19/08/2026 11:00 AM,Reporting,Moving,14.29,False,UC-215,Samnabad Town,Zone-36,Loader Rickshaw,Samnabad Town,True,2026-08-19
19296,LR-0198,LR0198,Lahore,"Tehsil Office, Ravi Town",LWMC-RaTo,Loader Rickshaw,Bulk Waste Collection,moving,on,10.86,162.15,31.590134,74.321442,19/08/2026 10:48 AM,19/08/2026 11:00 AM,Reporting,Parked,11.54,False,UC-17,Ravi Town,Zone-4,Loader Rickshaw,Ravi Town,True,2026-08-19
61357,LR-2479,LR2479,Lahore,"Tehsil Office, Ravi Town",LWMC-RaTo,Loader Rickshaw,Door To Door Collection,moving,on,11.13,77.58,31.601974,74.310985,19/08/2026 10:36 AM,19/08/2026 11:00 AM,Reporting,Parked,12.1,False,UC-16,Ravi Town,Zone-4,Loader Rickshaw,Ravi Town,True,2026-08-19
23442,LR-0094,LR0094,Lahore,"Tehsil Office, Ravi Town",LWMC-RaTo,Loader Rickshaw,Door To Door Collection,moving,on,7.586,475.88,31.581767,74.260376,19/08/2026 10:59 AM,19/08/2026 11:00 AM,Reporting,Excess Idling,9.65,False,UC-1,Ravi Town,Zone-1,Loader Rickshaw,Ravi Town,True,2026-08-19
-,LR-0551,LR0551,Lahore,"Tehsil Office, Ravi Town",LWMC-RaTo,-,-,moving,on,16.561,657.28,31.536383,74.259408,19/08/2026 10:59 AM,19/08/2026 11:00 AM,Reporting,Parked,11.79,False,UC-101,Allama Iqbal Town,Zone-37,Loader Rickshaw,Allama Iqbal Town,True,2026-08-19
61833,LR-1828,LR1828,Lahore,"Tehsil Office, Ravi Town",LWMC-RaTo,Loader Rickshaw,Door To Door Collection,still,off,17.613,658.83,31.615554,74.294139,19/08/2026 10:58 AM,19/08/2026 11:00 AM,Reporting,Excess Idling,9.8,False,UC-13,Ravi Town,Zone-2,Loader Rickshaw,Ravi Town,True,2026-08-19
19316,LR-0424,LR0424,Lahore,"Tehsil Office, Ravi Town",LWMC-RaTo,Loader Rickshaw,Bulk Waste Collection,still,off,23.308,657.51,31.658569,74.305741,19/08/2026 10:58 AM,19/08/2026 11:00 AM,Reporting,Parked,10.16,False,UC-9,Ravi Town,Zone-2,Loader Rickshaw,Ravi Town,True,2026-08-19
61431,FT-25,FT25,Lahore,"Tehsil Office, Ravi Town",LWMC-RaTo,Tractor Trolley,Bulk Waste Collection,moving,on,28.113,545.45,31.609924,74.311223,19/08/2026 10:59 AM,19/08/2026 11:00 AM,Reporting,Moving,14.49,False,UC-23,Ravi Town,Zone-3,Tractor Trolley,Ravi Town,True,2026-08-19
62017,LR-0158,LR0158,Lahore,"Tehsil Office, Ravi Town",LWMC-RaTo,Loader Rickshaw,Door To Door Collection,moving,on,23.889,635.45,31.592553,74.257427,19/08/2026 10:56 AM,19/08/2026 11:00 AM,Reporting,Parked,11.33,False,UC-5,Ravi Town,Zone-1,Loader Rickshaw,Ravi Town,True,2026-08-19
61828,LR-1180,LR1180,Lahore,"Tehsil Office, Ravi Town",LWMC-RaTo,Loader Rickshaw,Door To Door Collection,still,off,17.5,571.04,31.624676,74.297838,19/08/2026 10:58 AM,19/08/2026 11:00 AM,Reporting,Parked,12.2,False,UC-12,Ravi Town,Zone-2,Loader Rickshaw,Ravi Town,True,2026-08-19
19947,S-169,S169,Lahore,"Tehsil Office, Ravi Town",LWMC-RaTo,Mini Dumper,Bulk Waste Collection,moving,on,41.303,153.13,31.607688,74.336018,19/08/2026 10:35 AM,19/08/2026 11:00 AM,Reporting,Parked,13.42,False,,,,Mini Dumper,Ravi Town,False,2026-08-19
61454,LR-1808,LR1808,Lahore,"Tehsil Office, Ravi Town",LWMC-RaTo,Loader Rickshaw,Door To Door Collection,moving,on,17.553,658.41,31.609238,74.308783,19/08/2026 10:58 AM,19/08/2026 11:00 AM,Reporting,Idle,0.0,True,UC-18,Ravi Town,Zone-3,Loader Rickshaw,Ravi Town,True,2026-08-19
-,LR-0261,LR0261,Lahore,"Tehsil Office, Ravi Town",LWMC-RaTo,-,-,moving,on,34.324,591.96,31.591323,74.320367,19/08/2026 10:59 AM,19/08/2026 11:00 AM,Reporting,Parked,0.0,True,UC-17,Ravi Town,Zone-4,Loader Rickshaw,Ravi Town,True,2026-08-19
61141,LR-1631,LR1631,Lahore,"Tehsil Office, Ravi Town",LWMC-RaTo,Loader Rickshaw,Door To Door Collection,still,off,19.842,207.96,31.591242,74.320248,19/08/2026 10:58 AM,19/08/2026 11:00 AM,Reporting,Moving,0.0,True,UC-17,Ravi Town,Zone-4,Loader Rickshaw,Ravi Town,True,2026-08-19
61512,LR-2477,LR2477,Lahore,"Tehsil Office, Ravi Town",LWMC-RaTo,Loader Rickshaw,Door To Door Collection,still,off,20.14,110.08,31.612955,74.268904,19/08/2026 10:58 AM,19/08/2026 11:00 AM,Reporting,Excess Idling,11.74,False,UC-4,Ravi Town,Zone-1,Loader Rickshaw,Ravi Town,True,2026-08-19
-,LR-2475,LR2475,Lahore,"Tehsil Office, Ravi Town",LWMC-RaTo,-,-,still,off,6.787,37.48,31.610504,74.276038,19/08/2026 10:58 AM,19/08/2026 11:00 AM,Reporting,Excess Idling,11.49,False,UC-4,Ravi Town,Zone-1,Loader Rickshaw,Ravi Town,True,2026-08-19
23436,LR-0088,LR0088,Lahore,"Tehsil Office, Ravi Town",LWMC-RaTo,Loader Rickshaw,Door To Door Collection,moving,on,24.387,183.05,31.602415,74.252529,19/08/2026 10:58 AM,19/08/2026 11:00 AM,Reporting,Excess Idling,11.94,False,UC-1,Ravi Town,Zone-1,Loader Rickshaw,Ravi Town,True,2026-08-19
60780,LR-1813,LR1813,Lahore,"Tehsil Office, Ravi Town",LWMC-RaTo,Loader Rickshaw,Door To Door Collection,moving,on,35.314,659.26,31.583937,74.309807,19/08/2026 10:58 AM,19/08/2026 11:00 AM,Reporting,Parked,0.0,True,UC-37,Ravi Town,Zone-5,Loader Rickshaw,Ravi Town,True,2026-08-19
61504,LR-0811,LR0811,Lahore,"Tehsil Office, Ravi Town",LWMC-RaTo,Loader Rickshaw,Door To Door Collection,still,off,10.338,183.93,31.611517,74.272213,19/08/2026 10:48 AM,19/08/2026 11:00 AM,Reporting,Parked,0.0,True,UC-5,Ravi Town,Zone-1,Loader Rickshaw,Ravi Town,True,2026-08-19
-,LR-2478,LR2478,Lahore,"Tehsil Office, Ravi Town",LWMC-RaTo,-,-,still,off,18.571,617.61,31.601951,74.251653,19/08/2026 10:58 AM,19/08/2026 11:00 AM,Reporting,Parked,12.1,False,UC-1,Ravi Town,Zone-1,Loader Rickshaw,Ravi Town,True,2026-08-19
59918,LR-1632,LR1632,Lahore,"Tehsil Office, Ravi Town",LWMC-RaTo,Loader Rickshaw,Door To Door Collection,still,off,17.97,484.3,31.590897,74.317805,19/08/2026 10:59 AM,19/08/2026 11:00 AM,Reporting,Moving,0.0,True,UC-17,Ravi Town,Zone-4,Loader Rickshaw,Ravi Town,True,2026-08-19
62138,LR-2114,LR2114,Lahore,"Tehsil Office, Ravi Town",LWMC-RaTo,Loader Rickshaw,Door To Door Collection,still,off,24.987,218.44,31.62748,74.277733,19/08/2026 10:57 AM,19/08/2026 11:00 AM,Reporting,Idle,0.0,True,UC-7,Ravi Town,Zone-1,Loader Rickshaw,Ravi Town,True,2026-08-19
61257,LR-0065,LR0065,Lahore,"Tehsil Office, Ravi Town",LWMC-RaTo,Loader Rickshaw,Door To Door Collection,moving,on,21.488,162.4,31.592988,74.318758,19/08/2026 10:59 AM,19/08/2026 11:00 AM,Reporting,Moving,0.0,True,UC-17,Ravi Town,Zone-4,Loader Rickshaw,Ravi Town,True,2026-08-19
61255,LR-0591,LR0591,Lahore,"Tehsil Office, Ravi Town",LWMC-RaTo,Loader Rickshaw,Door To Door Collection,still,off,15.778,83.81,31.635788,74.278746,19/08/2026 10:57 AM,19/08/2026 11:00 AM,Reporting,Moving,11.38,False,UC-8,Ravi Town,Zone-2,Loader Rickshaw,Ravi Town,True,2026-08-19
61819,LR-1826,LR1826,Lahore,"Tehsil Office, Ravi Town",LWMC-RaTo,Loader Rickshaw,Door To Door Collection,still,off,19.307,119.06,31.611448,74.296465,19/08/2026 10:58 AM,19/08/2026 11:00 AM,Reporting,Moving,0.0,True,UC-13,Ravi Town,Zone-2,Loader Rickshaw,Ravi Town,True,2026-08-19
61461,LR-1807,LR1807,Lahore,"Tehsil Office, Ravi Town",LWMC-RaTo,Loader Rickshaw,Door To Door Collection,moving,on,25.282,240.55,31.595462,74.327312,19/08/2026 10:59 AM,19/08/2026 11:00 AM,Reporting,Idle,0.0,True,UC-22,Ravi Town,Zone-4,Loader Rickshaw,Ravi Town,True,2026-08-19
19267,LR-0252,LR0252,Lahore,"Tehsil Office, Ravi Town",LWMC-RaTo,Loader Rickshaw,Bulk Waste Collection,still,off,5.25,84.81,31.591085,74.31744,19/08/2026 10:58 AM,19/08/2026 11:00 AM,Reporting,Moving,0.0,True,UC-17,Ravi Town,Zone-4,Loader Rickshaw,Ravi Town,True,2026-08-19
19938,S-181,S181,Lahore,"Tehsil Office, Ravi Town",LWMC-RaTo,Mini Dumper,Bulk Waste Collection,moving,on,47.054,219.11,31.608827,74.268446,19/08/2026 10:59 AM,19/08/2026 11:00 AM,Reporting,Moving,14.55,False,UC-5,Ravi Town,Zone-1,Mini Dumper,Ravi Town,True,2026-08-19
-,LR-1671,LR1671,Lahore,"Tehsil Office, Ravi Town",LWMC-RaTo,-,-,still,off,12.696,63.26,31.622304,74.276884,19/08/2026 10:57 AM,19/08/2026 11:00 AM,Reporting,Idle,12.96,False,UC-3,Ravi Town,Zone-1,Loader Rickshaw,Ravi Town,True,2026-08-19
61956,LR-0806,LR0806,Lahore,"Tehsil Office, Ravi Town",LWMC-RaTo,Loader Rickshaw,Door To Door Collection,moving,on,21.432,168.53,31.612698,74.278655,19/08/2026 10:32 AM,19/08/2026 11:00 AM,Reporting,Moving,0.0,True,UC-4,Ravi Town,Zone-1,Loader Rickshaw,Ravi Town,True,2026-08-19
19926,S-234,S234,Lahore,"Tehsil Office, Ravi Town",LWMC-RaTo,Mini Dumper,Bulk Waste Collection,moving,on,4.667,68.56,31.574849,74.288099,19/08/2026 10:48 AM,19/08/2026 11:00 AM,Reporting,Parked,11.64,False,UC-56,DGBT,Zone-29,Mini Dumper,Ravi Town,False,2026-08-19
61188,LR-0803,LR0803,Lahore,"Tehsil Office, Ravi Town",LWMC-RaTo,Loader Rickshaw,Door To Door Collection,moving,on,18.587,94.11,31.622899,74.271561,19/08/2026 10:58 AM,19/08/2026 11:00 AM,Reporting,Idle,12.56,False,UC-3,Ravi Town,Zone-1,Loader Rickshaw,Ravi Town,True,2026-08-19
19327,LR-0433,LR0433,Lahore,"Tehsil Office, Ravi Town",LWMC-RaTo,Loader Rickshaw,Bulk Waste Collection,still,off,17.211,656.81,31.602132,74.310213,19/08/2026 10:57 AM,19/08/2026 11:00 AM,Reporting,Parked,0.0,True,UC-16,Ravi Town,Zone-4,Loader Rickshaw,Ravi Town,True,2026-08-19
61813,LR-2474,LR2474,Lahore,"Tehsil Office, Ravi Town",LWMC-RaTo,Loader Rickshaw,Door To Door Collection,moving,on,20.661,112.48,31.631091,74.306071,19/08/2026 11:00 AM,19/08/2026 11:00 AM,Reporting,Excess Idling,11.89,False,UC-11,Ravi Town,Zone-2,Loader Rickshaw,Ravi Town,True,2026-08-19
18478,CA-171,CA171,Lahore,"Tehsil Office, Ravi Town",LWMC-RaTo,Chain Arm Roll,Container-Based Collection,moving,on,108.288,388.88,31.60945,74.311115,19/08/2026 10:56 AM,19/08/2026 11:00 AM,Reporting,Idle,28.32,False,UC-18,Ravi Town,Zone-3,Chain Arm Roll,Ravi Town,True,2026-08-19
18475,CA-143,CA143,Lahore,"Tehsil Office, Ravi Town",LWMC-RaTo,Chain Arm Roll,Container-Based Collection,moving,on,97.141,383.28,31.610152,74.304926,19/08/2026 11:00 AM,19/08/2026 11:00 AM,Reporting,Parked,25.1,False,,,,Chain Arm Roll,Ravi Town,False,2026-08-19
61707,LR-2678,LR2678,Lahore,"Tehsil Office, Ravi Town",LWMC-RaTo,Loader Rickshaw,Door To Door Collection,still,off,20.433,97.06,31.639234,74.287206,19/08/2026 10:57 AM,19/08/2026 11:00 AM,Reporting,Idle,12.15,False,UC-10,Ravi Town,Zone-2,Loader Rickshaw,Ravi Town,True,2026-08-19
61402,LR-1612,LR1612,Lahore,"Tehsil Office, Ravi Town",LWMC-RaTo,Loader Rickshaw,Door To Door Collection,still,off,37.329,628.51,31.604158,74.3147,19/08/2026 10:53 AM,19/08/2026 11:00 AM,Reporting,Parked,0.0,True,UC-18,Ravi Town,Zone-3,Loader Rickshaw,Ravi Town,True,2026-08-19
60535,LR-2136,LR2136,Lahore,"Tehsil Office, Ravi Town",LWMC-RaTo,Loader Rickshaw,Door To Door Collection,moving,on,21.819,498.16,31.590763,74.320628,19/08/2026 10:59 AM,19/08/2026 11:00 AM,Reporting,Parked,0.0,True,UC-17,Ravi Town,Zone-4,Loader Rickshaw,Ravi Town,True,2026-08-19
-,LR-0902,LR0902,Lahore,"Tehsil Office, Ravi Town",LWMC-RaTo,-,-,still,off,10.101,622.98,31.602796,74.314116,19/08/2026 10:58 AM,19/08/2026 11:00 AM,Reporting,Excess Idling,11.54,False,UC-19,Ravi Town,Zone-3,Loader Rickshaw,Ravi Town,True,2026-08-19
23458,LR-0561,LR0561,Lahore,"Tehsil Office, Ravi Town",LWMC-RaTo,Loader Rickshaw,Door To Door Collection,still,off,18.023,89.33,31.617037,74.289621,19/08/2026 10:59 AM,19/08/2026 11:00 AM,Reporting,Excess Idling,11.79,False,UC-4,Ravi Town,Zone-1,Loader Rickshaw,Ravi Town,True,2026-08-19
59987,LR-1668,LR1668,Lahore,"Tehsil Office, Ravi Town",LWMC-RaTo,Loader Rickshaw,Door To Door Collection,still,off,17.657,424.35,31.620966,74.269075,19/08/2026 10:59 AM,19/08/2026 11:00 AM,Reporting,Idle,11.23,False,UC-2,Ravi Town,Zone-1,Loader Rickshaw,Ravi Town,True,2026-08-19
19324,LR-0436,LR0436,Lahore,"Tehsil Office, Ravi Town",LWMC-RaTo,Loader Rickshaw,Bulk Waste Collection,moving,on,14.273,605.64,31.609107,74.303588,19/08/2026 10:58 AM,19/08/2026 11:00 AM,Reporting,Parked,0.0,True,UC-16,Ravi Town,Zone-4,Loader Rickshaw,Ravi Town,True,2026-08-19
19954,S-338,S338,Lahore,"Tehsil Office, Ravi Town",LWMC-RaTo,Mini Dumper,Bulk Waste Collection,moving,on,73.745,403.66,31.593523,74.305969,19/08/2026 10:29 AM,19/08/2026 11:00 AM,Reporting,Parked,12.86,False,UC-15,Ravi Town,Zone-4,Mini Dumper,Ravi Town,True,2026-08-19
61384,LR-1222,LR1222,Lahore,"Tehsil Office, Ravi Town",LWMC-RaTo,Loader Rickshaw,Door To Door Collection,still,off,16.721,338.21,31.590833,74.317873,19/08/2026 10:59 AM,19/08/2026 11:00 AM,Reporting,Moving,0.0,True,UC-17,Ravi Town,Zone-4,Loader Rickshaw,Ravi Town,True,2026-08-19
19303,LR-0159,LR0159,Lahore,"Tehsil Office, Ravi Town",LWMC-RaTo,Loader Rickshaw,Bulk Waste Collection,moving,on,34.443,383.16,31.59286,74.258858,19/08/2026 10:59 AM,19/08/2026 11:00 AM,Reporting,Moving,0.0,True,UC-5,Ravi Town,Zone-1,Loader Rickshaw,Ravi Town,True,2026-08-19
59771,LR-0807,LR0807,Lahore,"Tehsil Office, Ravi Town",LWMC-RaTo,Loader Rickshaw,Door To Door Collection,still,off,13.403,153.94,31.610215,74.276008,19/08/2026 10:58 AM,19/08/2026 11:00 AM,Reporting,Idle,0.0,True,UC-5,Ravi Town,Zone-1,Loader Rickshaw,Ravi Town,True,2026-08-19
19320,LR-0420,LR0420,Lahore,"Tehsil Office, Ravi Town",LWMC-RaTo,Loader Rickshaw,Bulk Waste Collection,still,off,28.791,334.51,31.647517,74.28774,19/08/2026 10:57 AM,19/08/2026 11:00 AM,Reporting,Idle,0.0,True,UC-9,Ravi Town,Zone-2,Loader Rickshaw,Ravi Town,True,2026-08-19
61084,LR-1622,LR1622,Lahore,"Tehsil Office, Ravi Town",LWMC-RaTo,Loader Rickshaw,Door To Door Collection,still,off,14.427,126.08,31.591102,74.317248,19/08/2026 10:59 AM,19/08/2026 11:00 AM,Reporting,Parked,0.0,True,UC-17,Ravi Town,Zone-4,Loader Rickshaw,Ravi Town,True,2026-08-19
60113,LR-1803,LR1803,Lahore,"Tehsil Office, Ravi Town",LWMC-RaTo,Loader Rickshaw,Door To Door Collection,still,off,15.84,286.88,31.590978,74.317745,19/08/2026 10:48 AM,19/08/2026 11:00 AM,Reporting,Parked,0.0,True,UC-17,Ravi Town,Zone-4,Loader Rickshaw,Ravi Town,True,2026-08-19
60215,LR-1812,LR1812,Lahore,"Tehsil Office, Ravi Town",LWMC-RaTo,Loader Rickshaw,Door To Door Collection,moving,on,18.737,284.36,31.605648,74.312085,19/08/2026 10:58 AM,19/08/2026 11:00 AM,Reporting,Parked,0.0,True,UC-19,Ravi Town,Zone-3,Loader Rickshaw,Ravi Town,True,2026-08-19
-,LR-0903,LR0903,Lahore,"Tehsil Office, Ravi Town",LWMC-RaTo,-,-,moving,on,15.22,80.79,31.591026,74.31871,19/08/2026 11:00 AM,19/08/2026 11:00 AM,Reporting,Excess Idling,12.05,False,UC-17,Ravi Town,Zone-4,Loader Rickshaw,Ravi Town,True,2026-08-19
-,LR-0258,LR0258,Lahore,"Tehsil Office, Ravi Town",LWMC-RaTo,-,-,moving,on,14.58,136.44,31.585542,74.311713,19/08/2026 10:53 AM,19/08/2026 11:00 AM,Reporting,Parked,0.0,True,UC-38,Ravi Town,Zone-5,Loader Rickshaw,Ravi Town,True,2026-08-19
59958,LR-1604,LR1604,Lahore,"Tehsil Office, Ravi Town",LWMC-RaTo,Loader Rickshaw,Door To Door Collection,still,off,18.25,289.0,31.591257,74.320222,19/08/2026 10:57 AM,19/08/2026 11:00 AM,Reporting,Parked,0.0,True,UC-17,Ravi Town,Zone-4,Loader Rickshaw,Ravi Town,True,2026-08-19
-,LR-0681,LR0681,Lahore,"Tehsil Office, Ravi Town",LWMC-RaTo,-,-,moving,on,7.903,104.5,31.590327,74.326237,19/08/2026 11:00 AM,19/08/2026 11:00 AM,Reporting,Parked,0.0,True,UC-30,Ravi Town,Zone-4,Loader Rickshaw,Ravi Town,True,2026-08-19
61038,LR-1246,LR1246,Lahore,"Tehsil Office, Ravi Town",LWMC-RaTo,Loader Rickshaw,Door To Door Collection,moving,on,14.554,285.81,31.584337,74.32687,19/08/2026 11:00 AM,19/08/2026 11:00 AM,Reporting,Parked,0.0,True,UC-33,Ravi Town,Zone-5,Loader Rickshaw,Ravi Town,True,2026-08-19
19325,LR-0435,LR0435,Lahore,"Tehsil Office, Ravi Town",LWMC-RaTo,Loader Rickshaw,Bulk Waste Collection,still,off,14.201,262.53,31.591012,74.317855,19/08/2026 10:50 AM,19/08/2026 11:00 AM,Reporting,Parked,0.0,True,UC-17,Ravi Town,Zone-4,Loader Rickshaw,Ravi Town,True,2026-08-19
61372,LR-2038,LR2038,Lahore,"Tehsil Office, Ravi Town",LWMC-RaTo,Loader Rickshaw,Door To Door Collection,moving,on,15.83,294.5,31.61091,74.311198,19/08/2026 10:58 AM,19/08/2026 11:00 AM,Reporting,Parked,0.0,True,UC-23,Ravi Town,Zone-3,Loader Rickshaw,Ravi Town,True,2026-08-19
-,LR-0675,LR0675,Lahore,"Tehsil Office, Ravi Town",LWMC-RaTo,-,-,still,off,14.464,104.53,31.598005,74.320755,19/08/2026 10:50 AM,19/08/2026 11:00 AM,Reporting,Parked,0.0,True,UC-22,Ravi Town,Zone-4,Loader Rickshaw,Ravi Town,True,2026-08-19
61265,LR-1599,LR1599,Lahore,"Tehsil Office, Ravi Town",LWMC-RaTo,Loader Rickshaw,Door To Door Collection,moving,on,16.124,308.26,31.598033,74.314435,19/08/2026 10:59 AM,19/08/2026 11:00 AM,Reporting,Parked,0.0,True,UC-17,Ravi Town,Zone-4,Loader Rickshaw,Ravi Town,True,2026-08-19
61116,LR-1627,LR1627,Lahore,"Tehsil Office, Ravi Town",LWMC-RaTo,Loader Rickshaw,Door To Door Collection,still,off,21.319,169.38,31.591192,74.318025,19/08/2026 10:48 AM,19/08/2026 11:00 AM,Reporting,Parked,0.0,True,UC-17,Ravi Town,Zone-4,Loader Rickshaw,Ravi Town,True,2026-08-19
19291,LR-0250,LR0250,Lahore,"Tehsil Office, Ravi Town",LWMC-RaTo,Loader Rickshaw,Bulk Waste Collection,still,off,23.428,350.41,31.586775,74.330575,19/08/2026 10:58 AM,19/08/2026 11:00 AM,Reporting,Parked,0.0,True,UC-30,Ravi Town,Zone-4,Loader Rickshaw,Ravi Town,True,2026-08-19
-,LR-0951,LR0951,Lahore,"Tehsil Office, Ravi Town",LWMC-RaTo,-,-,still,off,18.129,114.41,31.595047,74.30379,19/08/2026 10:49 AM,19/08/2026 11:00 AM,Reporting,Parked,0.0,True,UC-15,Ravi Town,Zone-4,Loader Rickshaw,Ravi Town,True,2026-08-19
-,LR-0138,LR0138,Lahore,"Tehsil Office, Ravi Town",LWMC-RaTo,-,-,still,off,20.93,226.51,31.581342,74.310628,19/08/2026 10:48 AM,19/08/2026 11:00 AM,Reporting,Parked,0.0,True,UC-36,Ravi Town,Zone-5,Loader Rickshaw,Ravi Town,True,2026-08-19
-,LR-0678,LR0678,Lahore,"Tehsil Office, Ravi Town",LWMC-RaTo,-,-,still,off,,,31.591045,74.318108,19/08/2026 10:50 AM,19/08/2026 11:00 AM,,,,,UC-17,Ravi Town,Zone-4,Loader Rickshaw,Ravi Town,True,2026-08-19
60775,LR-1814,LR1814,Lahore,"Tehsil Office, Ravi Town",LWMC-RaTo,Loader Rickshaw,Door To Door Collection,still,off,21.76,180.68,31.591135,74.317858,19/08/2026 10:48 AM,19/08/2026 11:00 AM,Reporting,Parked,0.0,True,UC-17,Ravi Town,Zone-4,Loader Rickshaw,Ravi Town,True,2026-08-19
23380,LR-247,LR247,Lahore,"Tehsil Office, Ravi Town",LWMC-RaTo,Loader Rickshaw,Door To Door Collection,moving,on,16.567,249.58,31.5904,74.333283,19/08/2026 10:59 AM,19/08/2026 11:00 AM,Reporting,Parked,0.0,True,UC-30,Ravi Town,Zone-4,Rickshaw,Ravi Town,True,2026-08-19
-,LR-0257,LR0257,Lahore,"Tehsil Office, Ravi Town",LWMC-RaTo,-,-,moving,on,23.212,307.61,31.588568,74.318125,19/08/2026 11:00 AM,19/08/2026 11:00 AM,Reporting,Parked,0.0,True,UC-38,Ravi Town,Zone-5,Loader Rickshaw,Ravi Town,True,2026-08-19
60763,LR-2036,LR2036,Lahore,"Tehsil Office, Ravi Town",LWMC-RaTo,Loader Rickshaw,Door To Door Collection,still,off,11.989,173.28,31.59113,74.320342,19/08/2026 10:58 AM,19/08/2026 11:00 AM,Reporting,Parked,0.0,True,UC-17,Ravi Town,Zone-4,Loader Rickshaw,Ravi Town,True,2026-08-19
-,LR-0134,LR0134,Lahore,"Tehsil Office, Ravi Town",LWMC-RaTo,-,-,still,off,13.025,95.13,31.581683,74.312485,19/08/2026 10:48 AM,19/08/2026 11:00 AM,Reporting,Parked,0.0,True,UC-36,Ravi Town,Zone-5,Loader Rickshaw,Ravi Town,True,2026-08-19
23450,LR-0553,LR0553,Lahore,"Tehsil Office, Ravi Town",LWMC-RaTo,Loader Rickshaw,Door To Door Collection,moving,on,18.741,292.96,31.617875,74.289987,19/08/2026 10:58 AM,19/08/2026 11:00 AM,Reporting,Parked,0.0,True,UC-4,Ravi Town,Zone-1,Loader Rickshaw,Ravi Town,True,2026-08-19
-,LR-0676,LR0676,Lahore,"Tehsil Office, Ravi Town",LWMC-RaTo,-,-,still,off,16.913,215.34,31.590983,74.317515,19/08/2026 10:47 AM,19/08/2026 11:00 AM,Reporting,Parked,0.0,True,UC-17,Ravi Town,Zone-4,Loader Rickshaw,Ravi Town,True,2026-08-19
59383,LR-2481,LR2481,Lahore,"Tehsil Office, Ravi Town",LWMC-RaTo,Loader Rickshaw,Door To Door Collection,still,off,9.195,50.48,31.601787,74.311139,19/08/2026 10:58 AM,19/08/2026 11:00 AM,Reporting,Excess Idling,8.37,False,UC-16,Ravi Town,Zone-4,Loader Rickshaw,Ravi Town,True,2026-08-19
61209,LR-1232,LR1232,Lahore,"Tehsil Office, Ravi Town",LWMC-RaTo,Loader Rickshaw,Door To Door Collection,moving,on,11.927,169.96,31.59015,74.317873,19/08/2026 10:59 AM,19/08/2026 11:00 AM,Reporting,Parked,0.0,True,UC-17,Ravi Town,Zone-4,Loader Rickshaw,Ravi Town,True,2026-08-19
-,LR-1970,LR1970,Lahore,"Tehsil Office, Ravi Town",LWMC-RaTo,-,-,still,off,39.416,236.34,31.556973,74.32271,19/08/2026 10:59 AM,19/08/2026 11:00 AM,Reporting,Parked,0.0,True,UC-81,DGBT,Zone-26,Loader Rickshaw,DGBT,True,2026-08-19
61313,LR-1226,LR1226,Lahore,"Tehsil Office, Ravi Town",LWMC-RaTo,Loader Rickshaw,Door To Door Collection,moving,on,9.054,288.06,31.588302,74.32439,19/08/2026 10:59 AM,19/08/2026 11:00 AM,Reporting,Parked,0.0,True,UC-17,Ravi Town,Zone-4,Loader Rickshaw,Ravi Town,True,2026-08-19
23441,LR-0093,LR0093,Lahore,"Tehsil Office, Ravi Town",LWMC-RaTo,Loader Rickshaw,Door To Door Collection,moving,on,14.483,69.03,31.612393,74.269538,19/08/2026 10:59 AM,19/08/2026 11:00 AM,Reporting,Idle,12.05,False,UC-1,Ravi Town,Zone-1,Loader Rickshaw,Ravi Town,True,2026-08-19
61087,LR-1819,LR1819,Lahore,"Tehsil Office, Ravi Town",LWMC-RaTo,Loader Rickshaw,Door To Door Collection,moving,on,16.697,140.71,31.584733,74.316222,19/08/2026 10:59 AM,19/08/2026 11:00 AM,Reporting,Parked,0.0,True,UC-38,Ravi Town,Zone-5,Loader Rickshaw,Ravi Town,True,2026-08-19
-,LR-0956,LR0956,Lahore,"Tehsil Office, Ravi Town",LWMC-RaTo,-,-,moving,on,22.657,165.59,31.593395,74.318405,19/08/2026 10:59 AM,19/08/2026 11:00 AM,Reporting,Parked,0.0,True,UC-17,Ravi Town,Zone-4,Loader Rickshaw,Ravi Town,True,2026-08-19
-,LR-0896,LR0896,Lahore,"Tehsil Office, Ravi Town",LWMC-RaTo,-,-,still,off,21.755,289.78,31.600822,74.314215,19/08/2026 10:58 AM,19/08/2026 11:00 AM,Reporting,Parked,0.0,True,UC-19,Ravi Town,Zone-3,Loader Rickshaw,Ravi Town,True,2026-08-19
-,LR-0894,LR0894,Lahore,"Tehsil Office, Ravi Town",LWMC-RaTo,-,-,moving,on,27.139,305.53,31.60009,74.317787,19/08/2026 10:59 AM,19/08/2026 11:00 AM,Reporting,Parked,0.0,True,UC-19,Ravi Town,Zone-3,Loader Rickshaw,Ravi Town,True,2026-08-19
19322,LR-0438,LR0438,Lahore,"Tehsil Office, Ravi Town",LWMC-RaTo,Loader Rickshaw,Bulk Waste Collection,still,off,10.558,236.71,31.599852,74.310532,19/08/2026 10:47 AM,19/08/2026 11:00 AM,Reporting,Parked,0.0,True,UC-16,Ravi Town,Zone-4,Loader Rickshaw,Ravi Town,True,2026-08-19
61137,LR-1811,LR1811,Lahore,"Tehsil Office, Ravi Town",LWMC-RaTo,Loader Rickshaw,Door To Door Collection,still,off,24.035,347.26,31.591147,74.320492,19/08/2026 10:58 AM,19/08/2026 11:00 AM,Reporting,Parked,0.0,True,UC-17,Ravi Town,Zone-4,Loader Rickshaw,Ravi Town,True,2026-08-19
-,LR-1827,LR1827,Lahore,"Tehsil Office, Ravi Town",LWMC-RaTo,-,-,still,off,16.43,175.15,31.619207,74.296708,19/08/2026 10:50 AM,19/08/2026 11:00 AM,Reporting,Parked,0.0,True,UC-13,Ravi Town,Zone-2,Loader Rickshaw,Ravi Town,True,2026-08-19
60504,LR-1815,LR1815,Lahore,"Tehsil Office, Ravi Town",LWMC-RaTo,Loader Rickshaw,Door To Door Collection,moving,on,19.926,346.75,31.59095,74.320583,19/08/2026 10:59 AM,19/08/2026 11:00 AM,Reporting,Parked,0.0,True,UC-17,Ravi Town,Zone-4,Loader Rickshaw,Ravi Town,True,2026-08-19
61339,LR-1227,LR1227,Lahore,"Tehsil Office, Ravi Town",LWMC-RaTo,Loader Rickshaw,Door To Door Collection,still,off,11.755,262.13,31.590793,74.317483,19/08/2026 10:59 AM,19/08/2026 11:00 AM,Reporting,Parked,0.0,True,UC-17,Ravi Town,Zone-4,Loader Rickshaw,Ravi Town,True,2026-08-19
60753,LR-1628,LR1628,Lahore,"Tehsil Office, Ravi Town",LWMC-RaTo,Loader Rickshaw,Door To Door Collection,still,off,13.113,91.63,31.591137,74.317623,19/08/2026 10:49 AM,19/08/2026 11:00 AM,Reporting,Parked,0.0,True,UC-17,Ravi Town,Zone-4,Loader Rickshaw,Ravi Town,True,2026-08-19
61296,LR-2035,LR2035,Lahore,"Tehsil Office, Ravi Town",LWMC-RaTo,Loader Rickshaw,Door To Door Collection,still,off,7.724,304.39,31.590908,74.320385,19/08/2026 10:58 AM,19/08/2026 11:00 AM,Reporting,Parked,0.0,True,UC-17,Ravi Town,Zone-4,Loader Rickshaw,Ravi Town,True,2026-08-19
61376,LR-1239,LR1239,Lahore,"Tehsil Office, Ravi Town",LWMC-RaTo,Loader Rickshaw,Door To Door Collection,moving,on,16.893,309.58,31.605713,74.325728,19/08/2026 10:59 AM,19/08/2026 11:00 AM,Reporting,Parked,0.0,True,UC-21,Ravi Town,Zone-3,Loader Rickshaw,Ravi Town,True,2026-08-19
-,LR-0195,LR0195,Lahore,"Tehsil Office, Ravi Town",LWMC-RaTo,-,-,moving,on,10.042,91.0,31.58014,74.312948,19/08/2026 11:00 AM,19/08/2026 11:00 AM,Reporting,Parked,0.0,True,UC-35,Ravi Town,Zone-5,Loader Rickshaw,Ravi Town,True,2026-08-19
60736,LR-2132,LR2132,Lahore,"Tehsil Office, Ravi Town",LWMC-RaTo,Loader Rickshaw,Door To Door Collection,still,off,20.914,312.85,31.591328,74.32033,19/08/2026 10:58 AM,19/08/2026 11:00 AM,Reporting,Parked,0.0,True,UC-17,Ravi Town,Zone-4,Loader Rickshaw,Ravi Town,True,2026-08-19
-,LR-0256,LR0256,Lahore,"Tehsil Office, Ravi Town",LWMC-RaTo,-,-,still,off,11.722,227.9,31.582938,74.310148,19/08/2026 10:58 AM,19/08/2026 11:00 AM,Reporting,Parked,0.0,True,UC-38,Ravi Town,Zone-5,Loader Rickshaw,Ravi Town,True,2026-08-19
-,LR-0137,LR0137,Lahore,"Tehsil Office, Ravi Town",LWMC-RaTo,-,-,moving,on,13.005,93.2,31.588708,74.318943,19/08/2026 10:59 AM,19/08/2026 11:00 AM,Reporting,Parked,0.0,True,UC-17,Ravi Town,Zone-4,Loader Rickshaw,Ravi Town,True,2026-08-19
60537,LR-2133,LR2133,Lahore,"Tehsil Office, Ravi Town",LWMC-RaTo,Loader Rickshaw,Door To Door Collection,still,off,12.364,223.41,31.59134,74.320117,19/08/2026 11:00 AM,19/08/2026 11:00 AM,Reporting,Parked,0.0,True,UC-17,Ravi Town,Zone-4,Loader Rickshaw,Ravi Town,True,2026-08-19
62029,LR-1501,LR1501,Lahore,"Tehsil Office, Ravi Town",LWMC-RaTo,Loader Rickshaw,Door To Door Collection,still,off,,,31.592703,74.258807,19/08/2026 10:45 AM,19/08/2026 11:00 AM,Reporting,No Activity Since Yesterday,0.0,True,UC-5,Ravi Town,Zone-1,Loader Rickshaw,Ravi Town,True,2026-08-19
61083,LR-1630,LR1630,Lahore,"Tehsil Office, Ravi Town",LWMC-RaTo,Loader Rickshaw,Door To Door Collection,still,off,10.076,231.5,31.591228,74.320327,19/08/2026 10:57 AM,19/08/2026 11:00 AM,Reporting,Parked,0.0,True,UC-17,Ravi Town,Zone-4,Loader Rickshaw,Ravi Town,True,2026-08-19
-,LR-0280,LR0280,Lahore,"Tehsil Office, Ravi Town",LWMC-RaTo,-,-,still,off,25.656,244.93,31.580267,74.312357,19/08/2026 10:49 AM,19/08/2026 11:00 AM,Reporting,Parked,0.0,True,UC-36,Ravi Town,Zone-5,Loader Rickshaw,Ravi Town,True,2026-08-19
61143,LR-1221,LR1221,Lahore,"Tehsil Office, Ravi Town",LWMC-RaTo,Loader Rickshaw,Door To Door Collection,moving,on,17.19,307.83,31.605767,74.317943,19/08/2026 10:59 AM,19/08/2026 11:00 AM,Reporting,Parked,0.0,True,UC-20,Ravi Town,Zone-3,Loader Rickshaw,Ravi Town,True,2026-08-19
-,LR-2112,LR2112,Lahore,"Tehsil Office, Ravi Town",LWMC-RaTo,-,-,still,off,16.871,78.9,31.63427,74.287121,19/08/2026 10:58 AM,19/08/2026 11:00 AM,Reporting,Excess Idling,10.92,False,UC-10,Ravi Town,Zone-2,Loader Rickshaw,Ravi Town,True,2026-08-19
23439,LR-0091,LR0091,Lahore,"Tehsil Office, Ravi Town",LWMC-RaTo,Loader Rickshaw,Door To Door Collection,still,off,11.761,55.23,31.612839,74.268876,19/08/2026 10:57 AM,19/08/2026 11:00 AM,Reporting,Excess Idling,11.79,False,UC-4,Ravi Town,Zone-1,Loader Rickshaw,Ravi Town,True,2026-08-19
59940,LR-1634,LR1634,Lahore,"Tehsil Office, Ravi Town",LWMC-RaTo,Loader Rickshaw,Door To Door Collection,moving,on,24.513,316.28,31.596992,74.301298,19/08/2026 10:59 AM,19/08/2026 11:00 AM,Reporting,Parked,0.0,True,UC-15,Ravi Town,Zone-4,Loader Rickshaw,Ravi Town,True,2026-08-19
-,LR-1502,LR1502,Lahore,"Tehsil Office, Ravi Town",LWMC-RaTo,-,-,still,off,11.947,61.06,31.605064,74.274812,19/08/2026 10:57 AM,19/08/2026 11:00 AM,Reporting,Idle,11.94,False,UC-5,Ravi Town,Zone-1,Loader Rickshaw,Ravi Town,True,2026-08-19
61102,LR-2140,LR2140,Lahore,"Tehsil Office, Ravi Town",LWMC-RaTo,Loader Rickshaw,Door To Door Collection,moving,on,14.042,114.95,31.589967,74.332397,19/08/2026 10:58 AM,19/08/2026 11:00 AM,Reporting,Parked,0.0,True,UC-30,Ravi Town,Zone-4,Loader Rickshaw,Ravi Town,True,2026-08-19
-,LR-0687,LR0687,Lahore,"Tehsil Office, Ravi Town",LWMC-RaTo,-,-,moving,on,9.169,108.04,31.590737,74.323848,19/08/2026 10:58 AM,19/08/2026 11:00 AM,Reporting,Parked,0.0,True,UC-30,Ravi Town,Zone-4,Loader Rickshaw,Ravi Town,True,2026-08-19
61113,LR-1219,LR1219,Lahore,"Tehsil Office, Ravi Town",LWMC-RaTo,Loader Rickshaw,Door To Door Collection,moving,on,17.675,131.0,31.577995,74.322108,19/08/2026 10:52 AM,19/08/2026 11:00 AM,Reporting,Parked,0.0,True,UC-32,Ravi Town,Zone-5,Loader Rickshaw,Ravi Town,True,2026-08-19
60517,LR-1614,LR1614,Lahore,"Tehsil Office, Ravi Town",LWMC-RaTo,Loader Rickshaw,Door To Door Collection,moving,on,22.146,268.64,31.59145,74.319978,19/08/2026 10:58 AM,19/08/2026 11:00 AM,Reporting,Parked,0.0,True,UC-17,Ravi Town,Zone-4,Loader Rickshaw,Ravi Town,True,2026-08-19
59369,LR-1236,LR1236,Lahore,"Tehsil Office, Ravi Town",LWMC-RaTo,Loader Rickshaw,Door To Door Collection,moving,on,15.94,194.65,31.585142,74.316155,19/08/2026 10:59 AM,19/08/2026 11:00 AM,Reporting,Parked,0.0,True,UC-38,Ravi Town,Zone-5,Loader Rickshaw,Ravi Town,True,2026-08-19
60725,LR-1244,LR1244,Lahore,"Tehsil Office, Ravi Town",LWMC-RaTo,Loader Rickshaw,Door To Door Collection,moving,on,14.959,120.2,31.590085,74.31775,19/08/2026 10:59 AM,19/08/2026 11:00 AM,Reporting,Parked,0.0,True,UC-17,Ravi Town,Zone-4,Loader Rickshaw,Ravi Town,True,2026-08-19
61082,LR-2134,LR2134,Lahore,"Tehsil Office, Ravi Town",LWMC-RaTo,Loader Rickshaw,Door To Door Collection,still,off,14.644,153.61,31.580118,74.315215,19/08/2026 10:20 AM,19/08/2026 10:30 AM,Reporting,Parked,0.0,True,UC-35,Ravi Town,Zone-5,Loader Rickshaw,Ravi Town,True,2026-08-19
19332,LR-0157,LR0157,Lahore,"Tehsil Office, Ravi Town",LWMC-RaTo,Loader Rickshaw,Bulk Waste Collection,moving,on,25.447,357.96,31.632948,74.278977,19/08/2026 10:54 AM,19/08/2026 11:00 AM,Reporting,Parked,0.0,True,,,,Loader Rickshaw,Ravi Town,False,2026-08-19
23451,LR-0554,LR0554,Lahore,"Tehsil Office, Ravi Town",LWMC-RaTo,Loader Rickshaw,Door To Door Collection,moving,on,30.319,200.5,31.616547,74.290418,19/08/2026 10:36 AM,19/08/2026 11:00 AM,Reporting,Parked,0.0,True,UC-4,Ravi Town,Zone-1,Loader Rickshaw,Ravi Town,True,2026-08-19
61173,LR-1217,LR1217,Lahore,"Tehsil Office, Ravi Town",LWMC-RaTo,Loader Rickshaw,Door To Door Collection,moving,on,12.885,117.66,31.58523,74.316293,19/08/2026 10:59 AM,19/08/2026 11:00 AM,Reporting,Parked,0.0,True,UC-38,Ravi Town,Zone-5,Loader Rickshaw,Ravi Town,True,2026-08-19
62040,LR-0804,LR0804,Lahore,"Tehsil Office, Ravi Town",LWMC-RaTo,Loader Rickshaw,Door To Door Collection,still,off,19.159,173.91,31.623243,74.280255,19/08/2026 10:57 AM,19/08/2026 11:00 AM,Reporting,Parked,0.0,True,UC-3,Ravi Town,Zone-1,Loader Rickshaw,Ravi Town,True,2026-08-19
61115,LR-1231,LR1231,Lahore,"Tehsil Office, Ravi Town",LWMC-RaTo,Loader Rickshaw,Door To Door Collection,moving,on,12.006,228.93,31.5913,74.317278,19/08/2026 10:58 AM,19/08/2026 11:00 AM,Reporting,Parked,0.0,True,UC-17,Ravi Town,Zone-4,Loader Rickshaw,Ravi Town,True,2026-08-19
60758,LR-1216,LR1216,Lahore,"Tehsil Office, Ravi Town",LWMC-RaTo,Loader Rickshaw,Door To Door Collection,still,off,20.285,184.44,31.59148,74.320455,19/08/2026 10:59 AM,19/08/2026 11:00 AM,Reporting,Parked,0.0,True,UC-17,Ravi Town,Zone-4,Loader Rickshaw,Ravi Town,True,2026-08-19
61399,LR-0067,LR0067,Lahore,"Tehsil Office, Ravi Town",LWMC-RaTo,Loader Rickshaw,Door To Door Collection,still,off,9.733,257.36,31.6086,74.308708,19/08/2026 10:59 AM,19/08/2026 11:00 AM,Reporting,Parked,0.0,True,UC-18,Ravi Town,Zone-3,Loader Rickshaw,Ravi Town,True,2026-08-19
61386,LR-1243,LR1243,Lahore,"Tehsil Office, Ravi Town",LWMC-RaTo,Loader Rickshaw,Door To Door Collection,still,off,0.013,0.33,31.591055,74.317935,19/08/2026 10:48 AM,19/08/2026 11:00 AM,Reporting,No Activity Since Yesterday,0.0,True,UC-17,Ravi Town,Zone-4,Loader Rickshaw,Ravi Town,True,2026-08-19
23437,LR-0089,LR0089,Lahore,"Tehsil Office, Ravi Town",LWMC-RaTo,Loader Rickshaw,Door To Door Collection,moving,on,13.591,75.59,31.610279,74.276688,19/08/2026 10:58 AM,19/08/2026 11:00 AM,Reporting,Excess Idling,11.49,False,UC-4,Ravi Town,Zone-1,Loader Rickshaw,Ravi Town,True,2026-08-19
60772,LR-1237,LR1237,Lahore,"Tehsil Office, Ravi Town",LWMC-RaTo,Loader Rickshaw,Door To Door Collection,moving,on,14.105,112.31,31.591497,74.320472,19/08/2026 10:59 AM,19/08/2026 11:00 AM,Reporting,Parked,0.0,True,UC-17,Ravi Town,Zone-4,Loader Rickshaw,Ravi Town,True,2026-08-19
60524,LR-1600,LR1600,Lahore,"Tehsil Office, Ravi Town",LWMC-RaTo,Loader Rickshaw,Door To Door Collection,still,off,15.99,363.5,31.593017,74.305735,19/08/2026 10:57 AM,19/08/2026 11:00 AM,Reporting,Parked,0.0,True,UC-15,Ravi Town,Zone-4,Loader Rickshaw,Ravi Town,True,2026-08-19
-,LR-0954,LR0954,Lahore,"Tehsil Office, Ravi Town",LWMC-RaTo,-,-,still,off,26.88,323.6,31.59132,74.320247,19/08/2026 10:48 AM,19/08/2026 11:00 AM,Reporting,Parked,0.0,True,UC-17,Ravi Town,Zone-4,Loader Rickshaw,Ravi Town,True,2026-08-19
61460,LR-1806,LR1806,Lahore,"Tehsil Office, Ravi Town",LWMC-RaTo,Loader Rickshaw,Door To Door Collection,still,off,14.483,124.08,31.60404,74.30997,19/08/2026 10:58 AM,19/08/2026 11:00 AM,Reporting,Parked,0.0,True,UC-18,Ravi Town,Zone-3,Loader Rickshaw,Ravi Town,True,2026-08-19
-,LR-0684,LR0684,Lahore,"Tehsil Office, Ravi Town",LWMC-RaTo,-,-,moving,on,13.118,235.61,31.592103,74.32748,19/08/2026 10:58 AM,19/08/2026 11:00 AM,Reporting,Parked,0.0,True,UC-30,Ravi Town,Zone-4,Loader Rickshaw,Ravi Town,True,2026-08-19
-,LR-0680,LR0680,Lahore,"Tehsil Office, Ravi Town",LWMC-RaTo,-,-,moving,on,17.451,174.78,31.590562,74.321317,19/08/2026 10:59 AM,19/08/2026 11:00 AM,Reporting,Parked,0.0,True,UC-17,Ravi Town,Zone-4,Loader Rickshaw,Ravi Town,True,2026-08-19
61170,LR-0810,LR0810,Lahore,"Tehsil Office, Ravi Town",LWMC-RaTo,Loader Rickshaw,Door To Door Collection,still,off,,,31.635017,74.28717,19/08/2026 10:48 AM,19/08/2026 11:00 AM,Reporting,No Activity Since Yesterday,0.0,True,UC-10,Ravi Town,Zone-2,Loader Rickshaw,Ravi Town,True,2026-08-19
-,LR-1589,LR1589,Lahore,"Tehsil Office, Ravi Town",LWMC-RaTo,-,-,still,off,,,31.575345,74.329925,19/08/2026 10:46 AM,19/08/2026 11:00 AM,Reporting,No Activity Since Yesterday,0.0,True,UC-70,DGBT,Zone-24,Loader Rickshaw,DGBT,True,2026-08-19
-,LR-0683,LR0683,Lahore,"Tehsil Office, Ravi Town",LWMC-RaTo,-,-,still,off,25.331,138.21,31.590908,74.317608,19/08/2026 10:49 AM,19/08/2026 11:00 AM,Reporting,Parked,0.0,True,UC-17,Ravi Town,Zone-4,Loader Rickshaw,Ravi Town,True,2026-08-19
61400,LR-0062,LR0062,Lahore,"Tehsil Office, Ravi Town",LWMC-RaTo,Loader Rickshaw,Door To Door Collection,moving,on,19.915,318.3,31.601482,74.330762,19/08/2026 10:59 AM,19/08/2026 11:00 AM,Reporting,Parked,0.0,True,UC-23,Ravi Town,Zone-3,Loader Rickshaw,Ravi Town,True,2026-08-19
61004,LR-2040,LR2040,Lahore,"Tehsil Office, Ravi Town",LWMC-RaTo,Loader Rickshaw,Door To Door Collection,moving,on,15.578,316.61,31.577855,74.315947,19/08/2026 11:00 AM,19/08/2026 11:00 AM,Reporting,Parked,0.0,True,UC-35,Ravi Town,Zone-5,Loader Rickshaw,Ravi Town,True,2026-08-19
59910,LR-1597,LR1597,Lahore,"Tehsil Office, Ravi Town",LWMC-RaTo,Loader Rickshaw,Door To Door Collection,moving,on,16.851,351.06,31.595895,74.317005,19/08/2026 10:58 AM,19/08/2026 11:00 AM,Reporting,Parked,0.0,True,UC-17,Ravi Town,Zone-4,Loader Rickshaw,Ravi Town,True,2026-08-19
61091,LR-1633,LR1633,Lahore,"Tehsil Office, Ravi Town",LWMC-RaTo,Loader Rickshaw,Door To Door Collection,still,off,12.228,83.53,31.591317,74.320435,19/08/2026 10:58 AM,19/08/2026 11:00 AM,Reporting,Parked,0.0,True,UC-17,Ravi Town,Zone-4,Loader Rickshaw,Ravi Town,True,2026-08-19
61189,LR-1596,LR1596,Lahore,"Tehsil Office, Ravi Town",LWMC-RaTo,Loader Rickshaw,Door To Door Collection,still,off,12.272,208.06,31.582543,74.308993,19/08/2026 10:51 AM,19/08/2026 11:00 AM,Reporting,Moving,0.0,True,UC-37,Ravi Town,Zone-5,Loader Rickshaw,Ravi Town,True,2026-08-19
61086,LR-1602,LR1602,Lahore,"Tehsil Office, Ravi Town",LWMC-RaTo,Loader Rickshaw,Door To Door Collection,still,off,24.914,355.39,31.590673,74.320677,19/08/2026 10:59 AM,19/08/2026 11:00 AM,Reporting,Parked,0.0,True,UC-17,Ravi Town,Zone-4,Loader Rickshaw,Ravi Town,True,2026-08-19
61811,LR-1825,LR1825,Lahore,"Tehsil Office, Ravi Town",LWMC-RaTo,Loader Rickshaw,Door To Door Collection,moving,on,26.743,99.16,31.617599,74.28484,19/08/2026 10:59 AM,19/08/2026 11:00 AM,Reporting,Idle,12.0,False,UC-4,Ravi Town,Zone-1,Loader Rickshaw,Ravi Town,True,2026-08-19
-,LR-0263,LR0263,Lahore,"Tehsil Office, Ravi Town",LWMC-RaTo,-,-,still,off,10.044,309.48,31.59146,74.315782,19/08/2026 10:57 AM,19/08/2026 11:00 AM,Reporting,Parked,0.0,True,UC-17,Ravi Town,Zone-4,Loader Rickshaw,Ravi Town,True,2026-08-19
-,LR-0255,LR0255,Lahore,"Tehsil Office, Ravi Town",LWMC-RaTo,-,-,moving,on,19.485,302.0,31.590713,74.320622,19/08/2026 10:59 AM,19/08/2026 11:00 AM,Reporting,Parked,0.0,True,UC-17,Ravi Town,Zone-4,Loader Rickshaw,Ravi Town,True,2026-08-19
61221,LR-1225,LR1225,Lahore,"Tehsil Office, Ravi Town",LWMC-RaTo,Loader Rickshaw,Door To Door Collection,moving,on,13.151,94.81,31.582555,74.328078,19/08/2026 10:59 AM,19/08/2026 11:00 AM,Reporting,Parked,0.0,True,UC-33,Ravi Town,Zone-5,Loader Rickshaw,Ravi Town,True,2026-08-19
61462,LR-1609,LR1609,Lahore,"Tehsil Office, Ravi Town",LWMC-RaTo,Loader Rickshaw,Door To Door Collection,moving,on,19.45,272.61,31.602935,74.321183,19/08/2026 11:00 AM,19/08/2026 11:00 AM,Reporting,Parked,0.0,True,UC-29,Ravi Town,Zone-3,Loader Rickshaw,Ravi Town,True,2026-08-19
-,LR-0677,LR0677,Lahore,"Tehsil Office, Ravi Town",LWMC-RaTo,-,-,still,off,10.908,176.38,31.590967,74.317588,19/08/2026 10:47 AM,19/08/2026 11:00 AM,Reporting,Parked,0.0,True,UC-17,Ravi Town,Zone-4,Loader Rickshaw,Ravi Town,True,2026-08-19
61182,LR-2032,LR2032,Lahore,"Tehsil Office, Ravi Town",LWMC-RaTo,Loader Rickshaw,Door To Door Collection,still,off,14.958,93.28,31.580782,74.326185,19/08/2026 10:57 AM,19/08/2026 11:00 AM,Reporting,Parked,0.0,True,UC-32,Ravi Town,Zone-5,Loader Rickshaw,Ravi Town,True,2026-08-19
19957,S-65,S65,Lahore,"Tehsil Office, Ravi Town",LWMC-RaTo,Mini Dumper,Bulk Waste Collection,moving,on,39.501,316.51,31.605298,74.323811,19/08/2026 10:58 AM,19/08/2026 11:00 AM,Reporting,Excess Idling,12.4,False,UC-21,Ravi Town,Zone-3,Mini Dumper,Ravi Town,True,2026-08-19
23438,LR-0090,LR0090,Lahore,"Tehsil Office, Ravi Town",LWMC-RaTo,Loader Rickshaw,Door To Door Collection,moving,on,17.696,57.78,31.599743,74.245056,19/08/2026 10:56 AM,19/08/2026 11:00 AM,Reporting,Excess Idling,11.49,False,UC-1,Ravi Town,Zone-1,Loader Rickshaw,Ravi Town,True,2026-08-19
-,LR-0895,LR0895,Lahore,"Tehsil Office, Ravi Town",LWMC-RaTo,-,-,still,off,16.796,321.08,31.591092,74.317275,19/08/2026 10:56 AM,19/08/2026 11:00 AM,Reporting,Parked,0.0,True,UC-17,Ravi Town,Zone-4,Loader Rickshaw,Ravi Town,True,2026-08-19
61458,LR-2034,LR2034,Lahore,"Tehsil Office, Ravi Town",LWMC-RaTo,Loader Rickshaw,Door To Door Collection,moving,on,13.724,278.64,31.602207,74.325868,19/08/2026 11:00 AM,19/08/2026 11:00 AM,Reporting,Idle,0.0,True,UC-29,Ravi Town,Zone-3,Loader Rickshaw,Ravi Town,True,2026-08-19
19328,LR-0432,LR0432,Lahore,"Tehsil Office, Ravi Town",LWMC-RaTo,Loader Rickshaw,Bulk Waste Collection,still,off,18.756,341.91,31.591412,74.320148,19/08/2026 10:58 AM,19/08/2026 11:00 AM,Reporting,Parked,0.0,True,UC-17,Ravi Town,Zone-4,Loader Rickshaw,Ravi Town,True,2026-08-19
61019,LR-1224,LR1224,Lahore,"Tehsil Office, Ravi Town",LWMC-RaTo,Loader Rickshaw,Door To Door Collection,still,off,17.441,367.31,31.590003,74.31769,19/08/2026 10:58 AM,19/08/2026 11:00 AM,Reporting,Parked,0.0,True,UC-17,Ravi Town,Zone-4,Loader Rickshaw,Ravi Town,True,2026-08-19
-,LR-1975,LR1975,Lahore,"Tehsil Office, Ravi Town",LWMC-RaTo,-,-,still,off,30.793,358.48,31.567678,74.322747,19/08/2026 10:57 AM,19/08/2026 11:00 AM,Reporting,Parked,0.0,True,UC-169,DGBT,Zone-24,Loader Rickshaw,DGBT,True,2026-08-19
59380,LR-1241,LR1241,Lahore,"Tehsil Office, Ravi Town",LWMC-RaTo,Loader Rickshaw,Door To Door Collection,moving,on,18.955,277.16,31.583757,74.329222,19/08/2026 10:58 AM,19/08/2026 11:00 AM,Reporting,Parked,0.0,True,UC-33,Ravi Town,Zone-5,Loader Rickshaw,Ravi Town,True,2026-08-19
60008,LR-1809,LR1809,Lahore,"Tehsil Office, Ravi Town",LWMC-RaTo,Loader Rickshaw,Door To Door Collection,moving,on,35.887,363.75,31.600755,74.327718,19/08/2026 10:59 AM,19/08/2026 11:00 AM,Reporting,Parked,0.0,True,UC-23,Ravi Town,Zone-3,Loader Rickshaw,Ravi Town,True,2026-08-19
61094,LR-1620,LR1620,Lahore,"Tehsil Office, Ravi Town",LWMC-RaTo,Loader Rickshaw,Door To Door Collection,moving,on,15.623,215.63,31.581397,74.316693,19/08/2026 11:00 AM,19/08/2026 11:00 AM,Reporting,Parked,0.0,True,UC-39,Ravi Town,Zone-5,Loader Rickshaw,Ravi Town,True,2026-08-19
61085,LR-1619,LR1619,Lahore,"Tehsil Office, Ravi Town",LWMC-RaTo,Loader Rickshaw,Door To Door Collection,still,off,11.347,247.16,31.591207,74.317998,19/08/2026 10:50 AM,19/08/2026 11:00 AM,,,,,UC-17,Ravi Town,Zone-4,Loader Rickshaw,Ravi Town,True,2026-08-19
61337,LR-1613,LR1613,Lahore,"Tehsil Office, Ravi Town",LWMC-RaTo,Loader Rickshaw,Door To Door Collection,moving,on,11.889,250.16,31.591285,74.322798,19/08/2026 10:59 AM,19/08/2026 11:00 AM,Reporting,Parked,0.0,True,UC-22,Ravi Town,Zone-4,Loader Rickshaw,Ravi Town,True,2026-08-19
19319,LR-0421,LR0421,Lahore,"Tehsil Office, Ravi Town",LWMC-RaTo,Loader Rickshaw,Bulk Waste Collection,moving,on,19.739,354.11,31.645928,74.304021,19/08/2026 10:57 AM,19/08/2026 11:00 AM,Reporting,Idle,12.2,False,UC-9,Ravi Town,Zone-2,Loader Rickshaw,Ravi Town,True,2026-08-19
61200,LR-1601,LR1601,Lahore,"Tehsil Office, Ravi Town",LWMC-RaTo,Loader Rickshaw,Door To Door Collection,still,off,19.935,298.08,31.591003,74.318195,19/08/2026 10:50 AM,19/08/2026 11:00 AM,Reporting,Parked,0.0,True,UC-17,Ravi Town,Zone-4,Loader Rickshaw,Ravi Town,True,2026-08-19
61121,LR-1218,LR1218,Lahore,"Tehsil Office, Ravi Town",LWMC-RaTo,Loader Rickshaw,Door To Door Collection,moving,on,19.851,326.76,31.584925,74.326402,19/08/2026 10:30 AM,19/08/2026 11:00 AM,Reporting,Parked,0.0,True,UC-33,Ravi Town,Zone-5,Loader Rickshaw,Ravi Town,True,2026-08-19
-,LR-0893,LR0893,Lahore,"Tehsil Office, Ravi Town",LWMC-RaTo,-,-,moving,on,13.591,244.26,31.600398,74.314332,19/08/2026 10:59 AM,19/08/2026 11:00 AM,Reporting,Parked,0.0,True,UC-19,Ravi Town,Zone-3,Loader Rickshaw,Ravi Town,True,2026-08-19
-,LR-0685,LR0685,Lahore,"Tehsil Office, Ravi Town",LWMC-RaTo,-,-,moving,on,12.113,174.94,31.590375,74.326483,19/08/2026 11:00 AM,19/08/2026 11:00 AM,Reporting,Parked,0.0,True,UC-30,Ravi Town,Zone-4,Loader Rickshaw,Ravi Town,True,2026-08-19
61457,LR-1238,LR1238,Lahore,"Tehsil Office, Ravi Town",LWMC-RaTo,Loader Rickshaw,Door To Door Collection,still,off,13.302,123.01,31.604295,74.32335,19/08/2026 11:00 AM,19/08/2026 11:00 AM,Reporting,Parked,0.0,True,UC-20,Ravi Town,Zone-3,Loader Rickshaw,Ravi Town,True,2026-08-19
19288,LR-0249,LR0249,Lahore,"Tehsil Office, Ravi Town",LWMC-RaTo,Loader Rickshaw,Bulk Waste Collection,still,off,16.155,251.4,31.590037,74.331808,19/08/2026 10:58 AM,19/08/2026 11:00 AM,Reporting,Parked,0.0,True,UC-30,Ravi Town,Zone-4,Loader Rickshaw,Ravi Town,True,2026-08-19
19331,LR-0429,LR0429,Lahore,"Tehsil Office, Ravi Town",LWMC-RaTo,Loader Rickshaw,Bulk Waste Collection,moving,on,22.06,324.56,31.60384,74.303537,19/08/2026 10:58 AM,19/08/2026 11:00 AM,Reporting,Parked,0.0,True,UC-15,Ravi Town,Zone-4,Loader Rickshaw,Ravi Town,True,2026-08-19
61079,LR-1223,LR1223,Lahore,"Tehsil Office, Ravi Town",LWMC-RaTo,Loader Rickshaw,Door To Door Collection,moving,on,17.11,187.36,31.590658,74.320687,19/08/2026 10:58 AM,19/08/2026 11:00 AM,Reporting,Parked,0.0,True,UC-17,Ravi Town,Zone-4,Loader Rickshaw,Ravi Town,True,2026-08-19
59382,LR-1248,LR1248,Lahore,"Tehsil Office, Ravi Town",LWMC-RaTo,Loader Rickshaw,Door To Door Collection,still,off,36.953,407.05,31.580555,74.319897,19/08/2026 10:59 AM,19/08/2026 11:00 AM,Reporting,Parked,0.0,True,UC-34,Ravi Town,Zone-5,Loader Rickshaw,Ravi Town,True,2026-08-19
61089,LR-2041,LR2041,Lahore,"Tehsil Office, Ravi Town",LWMC-RaTo,Loader Rickshaw,Door To Door Collection,moving,on,12.193,71.63,31.591303,74.317258,19/08/2026 10:56 AM,19/08/2026 11:00 AM,Reporting,Parked,0.0,True,UC-17,Ravi Town,Zone-4,Loader Rickshaw,Ravi Town,True,2026-08-19
61514,LR-0808,LR0808,Lahore,"Tehsil Office, Ravi Town",LWMC-RaTo,Loader Rickshaw,Door To Door Collection,moving,on,13.045,243.56,31.609665,74.27828,19/08/2026 10:56 AM,19/08/2026 11:00 AM,Reporting,Parked,0.0,True,UC-4,Ravi Town,Zone-1,Loader Rickshaw,Ravi Town,True,2026-08-19
-,LR-0953,LR0953,Lahore,"Tehsil Office, Ravi Town",LWMC-RaTo,-,-,moving,on,25.325,289.93,31.591642,74.319503,19/08/2026 10:57 AM,19/08/2026 11:00 AM,Reporting,Parked,0.0,True,UC-17,Ravi Town,Zone-4,Loader Rickshaw,Ravi Town,True,2026-08-19
61711,LR-2122,LR2122,Lahore,"Tehsil Office, Ravi Town",LWMC-RaTo,Loader Rickshaw,Door To Door Collection,still,off,15.385,59.83,31.633883,74.312896,19/08/2026 10:58 AM,19/08/2026 11:00 AM,Reporting,Excess Idling,11.49,False,,,,Loader Rickshaw,Ravi Town,False,2026-08-19
61101,LR-2137,LR2137,Lahore,"Tehsil Office, Ravi Town",LWMC-RaTo,Loader Rickshaw,Door To Door Collection,still,off,17.921,124.5,31.591065,74.317853,19/08/2026 10:46 AM,19/08/2026 11:00 AM,Reporting,Parked,0.0,True,UC-17,Ravi Town,Zone-4,Loader Rickshaw,Ravi Town,True,2026-08-19
19933,S-232,S232,Lahore,"Tehsil Office, Ravi Town",LWMC-RaTo,Mini Dumper,Bulk Waste Collection,moving,on,22.103,88.43,31.618052,74.289682,19/08/2026 10:59 AM,19/08/2026 11:00 AM,Reporting,Excess Idling,12.45,False,UC-4,Ravi Town,Zone-1,Mini Dumper,Ravi Town,True,2026-08-19
19326,LR-0434,LR0434,Lahore,"Tehsil Office, Ravi Town",LWMC-RaTo,Loader Rickshaw,Bulk Waste Collection,moving,on,8.616,197.83,31.601637,74.310728,19/08/2026 10:58 AM,19/08/2026 11:00 AM,Reporting,Parked,0.0,True,UC-16,Ravi Town,Zone-4,Loader Rickshaw,Ravi Town,True,2026-08-19
60554,LR-1598,LR1598,Lahore,"Tehsil Office, Ravi Town",LWMC-RaTo,Loader Rickshaw,Door To Door Collection,still,off,10.85,298.6,31.591358,74.32017,19/08/2026 10:57 AM,19/08/2026 11:00 AM,Reporting,Parked,0.0,True,UC-17,Ravi Town,Zone-4,Loader Rickshaw,Ravi Town,True,2026-08-19
61745,LR-1824,LR1824,Lahore,"Tehsil Office, Ravi Town",LWMC-RaTo,Loader Rickshaw,Door To Door Collection,still,off,20.073,295.21,31.612652,74.293632,19/08/2026 10:58 AM,19/08/2026 11:00 AM,Reporting,Excess Idling,11.69,False,UC-13,Ravi Town,Zone-2,Loader Rickshaw,Ravi Town,True,2026-08-19
62020,LR-1947,LR1947,Lahore,"Tehsil Office, Ravi Town",LWMC-RaTo,Loader Rickshaw,Door To Door Collection,still,off,,,31.592716,74.258864,19/08/2026 10:57 AM,19/08/2026 11:00 AM,Reporting,No Activity Since Yesterday,10.92,False,UC-5,Ravi Town,Zone-1,Loader Rickshaw,Ravi Town,True,2026-08-19
61533,LR-2042,LR2042,Lahore,"Tehsil Office, Ravi Town",LWMC-RaTo,Loader Rickshaw,Door To Door Collection,still,off,16.058,70.73,31.626059,74.276571,19/08/2026 10:57 AM,19/08/2026 11:00 AM,Reporting,Excess Idling,11.08,False,UC-3,Ravi Town,Zone-1,Loader Rickshaw,Ravi Town,True,2026-08-19
-,LR-0259,LR0259,Lahore,"Tehsil Office, Ravi Town",LWMC-RaTo,-,-,moving,on,34.226,334.1,31.584375,74.310997,19/08/2026 11:00 AM,19/08/2026 11:00 AM,Reporting,Parked,0.0,True,UC-38,Ravi Town,Zone-5,Loader Rickshaw,Ravi Town,True,2026-08-19
59583,LR-2304,LR2304,Lahore,"Tehsil Office, Wahgha Town",LWMC-WaTo,Loader Rickshaw,Door To Door Collection,moving,on,19.991,525.04,31.430219,74.58612,19/08/2026 08:45 AM,19/08/2026 11:00 AM,Reporting,Excess Idling,11.74,False,UC-190,Wagha Town,Zone-14,Loader Rickshaw,Wagha Town,True,2026-08-19
61886,LR-2310,LR2310,Lahore,"Tehsil Office, Wahgha Town",LWMC-WaTo,Loader Rickshaw,Door To Door Collection,still,off,31.138,552.93,31.606232,74.416068,19/08/2026 10:58 AM,19/08/2026 11:00 AM,Reporting,Parked,12.15,False,UC-174,Wagha Town,Zone-12,Loader Rickshaw,Wagha Town,True,2026-08-19
61882,LR-0507,LR0507,Lahore,"Tehsil Office, Wahgha Town",LWMC-WaTo,Loader Rickshaw,Door To Door Collection,moving,on,21.848,649.35,31.584812,74.411809,19/08/2026 10:59 AM,19/08/2026 11:00 AM,Reporting,Excess Idling,11.64,False,UC-144,Wagha Town,Zone-12,Loader Rickshaw,Wagha Town,True,2026-08-19
-,C-25-082,C25082,Lahore,"Tehsil Office, Wahgha Town",LWMC-WaTo,-,-,still,off,44.812,653.06,31.610225,74.381831,19/08/2026 10:57 AM,19/08/2026 11:00 AM,Reporting,Idle,25.51,False,UC-108,Wagha Town,Zone-13,Compactor,Wagha Town,True,2026-08-19
59278,LR-1527,LR1527,Lahore,"Tehsil Office, Wahgha Town",LWMC-WaTo,Loader Rickshaw,Door To Door Collection,still,off,16.603,595.01,31.514229,74.500824,19/08/2026 10:57 AM,19/08/2026 11:00 AM,Reporting,Parked,12.15,False,UC-193,Wagha Town,Zone-14,Loader Rickshaw,Wagha Town,True,2026-08-19
23561,LR-0284,LR0284,Lahore,"Tehsil Office, Wahgha Town",LWMC-WaTo,Loader Rickshaw,Door To Door Collection,still,off,12.335,659.2,31.604594,74.457037,19/08/2026 11:00 AM,19/08/2026 11:00 AM,Reporting,Excess Idling,11.54,False,UC-177,Wagha Town,Zone-13,Loader Rickshaw,Wagha Town,True,2026-08-19
61293,LR-2394,LR2394,Lahore,"Tehsil Office, Wahgha Town",LWMC-WaTo,Loader Rickshaw,Door To Door Collection,still,off,14.601,254.28,31.598563,74.405707,19/08/2026 10:58 AM,19/08/2026 11:00 AM,Reporting,Parked,0.0,True,UC-137,Wagha Town,Zone-12,Loader Rickshaw,Wagha Town,True,2026-08-19
61872,LR-2896,LR2896,Lahore,"Tehsil Office, Wahgha Town",LWMC-WaTo,Loader Rickshaw,Door To Door Collection,still,off,,,31.610337,74.381763,19/08/2026 10:45 AM,19/08/2026 11:00 AM,Reporting,No Activity Since Yesterday,0.0,True,UC-108,Wagha Town,Zone-13,Loader Rickshaw,Wagha Town,True,2026-08-19
23640,LR-1072,LR1072,Lahore,"Tehsil Office, Wahgha Town",LWMC-WaTo,Loader Rickshaw,Door To Door Collection,still,off,8.648,39.18,31.575162,74.527838,19/08/2026 10:57 AM,19/08/2026 11:00 AM,Reporting,Excess Idling,11.43,False,UC-181,Wagha Town,Zone-13,Loader Rickshaw,Wagha Town,True,2026-08-19
-,LR-0276,LR0276,Lahore,"Tehsil Office, Wahgha Town",LWMC-WaTo,-,-,still,off,14.181,56.13,31.602472,74.494124,19/08/2026 10:57 AM,19/08/2026 11:00 AM,Reporting,Parked,11.38,False,UC-177,Wagha Town,Zone-13,Loader Rickshaw,Wagha Town,True,2026-08-19
61307,LR-2885,LR2885,Lahore,"Tehsil Office, Wahgha Town",LWMC-WaTo,Loader Rickshaw,Door To Door Collection,still,off,64.115,246.58,31.59131,74.481205,19/08/2026 10:58 AM,19/08/2026 11:00 AM,Reporting,Parked,0.0,True,UC-178,Wagha Town,Zone-12,Loader Rickshaw,Wagha Town,True,2026-08-19
59358,ND-38,ND38,Lahore,"Tehsil Office, Wahgha Town",LWMC-WaTo,Dumper (5CM),Bulk Waste Collection,moving,on,52.496,190.06,31.614342,74.417473,19/08/2026 10:57 AM,19/08/2026 11:00 AM,Reporting,Moving,0.0,True,UC-174,Wagha Town,Zone-12,Dumper,Wagha Town,True,2026-08-19
59212,LR-2155,LR2155,Lahore,"Tehsil Office, Wahgha Town",LWMC-WaTo,Loader Rickshaw,Door To Door Collection,moving,on,15.65,71.29,31.527933,74.503522,19/08/2026 10:57 AM,19/08/2026 11:00 AM,Reporting,Parked,11.28,False,UC-193,Wagha Town,Zone-14,Loader Rickshaw,Wagha Town,True,2026-08-19
61723,LR-2874,LR2874,Lahore,"Tehsil Office, Wahgha Town",LWMC-WaTo,Loader Rickshaw,Door To Door Collection,still,off,28.513,332.14,31.594438,74.40083,19/08/2026 10:58 AM,19/08/2026 11:00 AM,Reporting,Parked,0.0,True,UC-136,Wagha Town,Zone-11,Loader Rickshaw,Wagha Town,True,2026-08-19
-,MS-47,MS47,Lahore,"Tehsil Office, Wahgha Town",LWMC-WaTo,-,-,moving,on,25.62,342.51,31.608576,74.374437,19/08/2026 10:58 AM,19/08/2026 11:00 AM,Reporting,Excess Idling,13.12,False,UC-108,Wagha Town,Zone-13,Mechanical Sweeper,Night Operations,False,2026-08-19
59601,LR-0282,LR0282,Lahore,"Tehsil Office, Wahgha Town",LWMC-WaTo,Loader Rickshaw,Door To Door Collection,moving,on,0.184,1.21,31.578993,74.503936,19/08/2026 06:04 AM,19/08/2026 06:30 AM,,,,,UC-182,Wagha Town,Zone-13,Loader Rickshaw,Wagha Town,True,2026-08-19
61908,LR-2453,LR2453,Lahore,"Tehsil Office, Wahgha Town",LWMC-WaTo,Loader Rickshaw,Door To Door Collection,moving,on,28.066,85.08,31.593908,74.433097,19/08/2026 10:59 AM,19/08/2026 11:00 AM,Reporting,Excess Idling,12.05,False,UC-175,Wagha Town,Zone-12,Loader Rickshaw,Wagha Town,True,2026-08-19
59257,HA-21,HA21,Lahore,"Tehsil Office, Wahgha Town",LWMC-WaTo,Arm Roll Truck,Container-Based Collection,still,off,67.056,183.15,31.623629,74.421462,19/08/2026 10:58 AM,19/08/2026 11:00 AM,Reporting,Idle,24.69,False,UC-108,Wagha Town,Zone-13,Arm Roll,Wagha Town,True,2026-08-19
61747,LR-2309,LR2309,Lahore,"Tehsil Office, Wahgha Town",LWMC-WaTo,Loader Rickshaw,Door To Door Collection,still,off,,,31.61076,74.381908,19/08/2026 05:04 AM,19/08/2026 05:30 AM,Reporting,No Activity Since Yesterday,0.0,True,UC-108,Wagha Town,Zone-13,Loader Rickshaw,Wagha Town,True,2026-08-19
23603,LR-0883,LR0883,Lahore,"Tehsil Office, Wahgha Town",LWMC-WaTo,Loader Rickshaw,Door To Door Collection,still,off,20.673,139.48,31.589998,74.398207,19/08/2026 10:58 AM,19/08/2026 11:00 AM,Reporting,Excess Idling,11.59,False,UC-136,Wagha Town,Zone-11,Loader Rickshaw,Wagha Town,True,2026-08-19
23644,LR-1076,LR1076,Lahore,"Tehsil Office, Wahgha Town",LWMC-WaTo,Loader Rickshaw,Door To Door Collection,still,off,,,31.610663,74.381908,19/08/2026 10:58 AM,19/08/2026 11:00 AM,Reporting,No Activity Since Yesterday,10.98,False,UC-108,Wagha Town,Zone-13,Loader Rickshaw,Wagha Town,True,2026-08-19
59629,LR-2954,LR2954,Lahore,"Tehsil Office, Wahgha Town",LWMC-WaTo,Loader Rickshaw,Door To Door Collection,moving,on,6.259,46.39,31.585495,74.499763,19/08/2026 11:00 AM,19/08/2026 11:00 AM,Reporting,Parked,12.25,False,UC-183,Wagha Town,Zone-13,,Wagha Town,True,2026-08-19
61869,LR-2395,LR2395,Lahore,"Tehsil Office, Wahgha Town",LWMC-WaTo,Loader Rickshaw,Door To Door Collection,still,off,21.866,181.44,31.589985,74.411715,19/08/2026 10:58 AM,19/08/2026 11:00 AM,Reporting,Parked,0.0,True,UC-138,Wagha Town,Zone-12,Loader Rickshaw,Wagha Town,True,2026-08-19
25324,LR-0396,LR0396,Lahore,"Tehsil Office, Wahgha Town",LWMC-WaTo,Loader Rickshaw,Door To Door Collection,still,off,16.048,80.71,31.610772,74.383149,19/08/2026 10:59 AM,19/08/2026 11:00 AM,Reporting,Excess Idling,11.49,False,UC-108,Wagha Town,Zone-13,Loader Rickshaw,Wagha Town,True,2026-08-19
23629,LR-1061,LR1061,Lahore,"Tehsil Office, Wahgha Town",LWMC-WaTo,Loader Rickshaw,Door To Door Collection,moving,on,24.641,329.06,31.608615,74.380513,19/08/2026 10:58 AM,19/08/2026 11:00 AM,Reporting,Parked,0.0,True,UC-108,Wagha Town,Zone-13,Loader Rickshaw,Wagha Town,True,2026-08-19
59409,LR-1780,LR1780,Lahore,"Tehsil Office, Wahgha Town",LWMC-WaTo,Loader Rickshaw,Door To Door Collection,still,off,25.163,87.2,31.490602,74.493465,19/08/2026 10:58 AM,19/08/2026 11:00 AM,Reporting,Parked,12.4,False,UC-193,Wagha Town,Zone-14,Loader Rickshaw,Wagha Town,True,2026-08-19
59349,LR-1843,LR1843,Lahore,"Tehsil Office, Wahgha Town",LWMC-WaTo,Loader Rickshaw,Door To Door Collection,moving,on,22.43,283.48,31.522791,74.542752,19/08/2026 10:59 AM,19/08/2026 11:00 AM,Reporting,Excess Idling,11.64,False,UC-180,Wagha Town,Zone-14,Loader Rickshaw,Wagha Town,True,2026-08-19
61269,LR-0510,LR0510,Lahore,"Tehsil Office, Wahgha Town",LWMC-WaTo,Loader Rickshaw,Door To Door Collection,moving,on,24.472,143.36,31.601308,74.401373,19/08/2026 11:00 AM,19/08/2026 11:00 AM,Reporting,Parked,0.0,True,UC-137,Wagha Town,Zone-12,Loader Rickshaw,Wagha Town,True,2026-08-19
23581,LR-0629,LR0629,Lahore,"Tehsil Office, Wahgha Town",LWMC-WaTo,Loader Rickshaw,Door To Door Collection,moving,on,16.388,66.81,31.610603,74.476789,19/08/2026 11:00 AM,19/08/2026 11:00 AM,Reporting,Excess Idling,11.28,False,UC-177,Wagha Town,Zone-13,Loader Rickshaw,Wagha Town,True,2026-08-19
61315,LR-2899,LR2899,Lahore,"Tehsil Office, Wahgha Town",LWMC-WaTo,Loader Rickshaw,Door To Door Collection,still,off,7.098,97.16,31.620198,74.363417,19/08/2026 10:53 AM,19/08/2026 11:00 AM,Reporting,Parked,0.0,True,UC-108,Wagha Town,Zone-13,Loader Rickshaw,Wagha Town,True,2026-08-19
61889,LR-2872,LR2872,Lahore,"Tehsil Office, Wahgha Town",LWMC-WaTo,Loader Rickshaw,Door To Door Collection,moving,on,28.269,325.05,31.604052,74.400525,19/08/2026 11:00 AM,19/08/2026 11:00 AM,Reporting,Parked,0.0,True,UC-137,Wagha Town,Zone-12,Loader Rickshaw,Wagha Town,True,2026-08-19
61913,LR-2452,LR2452,Lahore,"Tehsil Office, Wahgha Town",LWMC-WaTo,Loader Rickshaw,Door To Door Collection,still,off,62.757,138.16,31.597067,74.485758,19/08/2026 10:58 AM,19/08/2026 11:00 AM,Reporting,Excess Idling,11.89,False,UC-177,Wagha Town,Zone-13,Loader Rickshaw,Wagha Town,True,2026-08-19
60543,LR-2951,LR2951,Lahore,"Tehsil Office, Wahgha Town",LWMC-WaTo,Loader Rickshaw,Door To Door Collection,still,off,21.436,143.15,31.639205,74.36736,19/08/2026 10:55 AM,19/08/2026 11:00 AM,Reporting,Parked,0.0,True,UC-108,Wagha Town,Zone-13,,Wagha Town,True,2026-08-19
61438,LR-2388,LR2388,Lahore,"Tehsil Office, Wahgha Town",LWMC-WaTo,Loader Rickshaw,Door To Door Collection,moving,on,25.826,340.88,31.599935,74.384938,19/08/2026 10:59 AM,19/08/2026 11:00 AM,Reporting,Parked,0.0,True,UC-132,Wagha Town,Zone-11,Loader Rickshaw,Wagha Town,True,2026-08-19
61888,LR-0100,LR0100,Lahore,"Tehsil Office, Wahgha Town",LWMC-WaTo,Loader Rickshaw,Door To Door Collection,moving,on,20.876,95.5,31.605192,74.413183,19/08/2026 10:59 AM,19/08/2026 11:00 AM,Reporting,Excess Idling,12.15,False,UC-174,Wagha Town,Zone-12,Loader Rickshaw,Wagha Town,True,2026-08-19
61446,LR-0939,LR0939,Lahore,"Tehsil Office, Wahgha Town",LWMC-WaTo,Loader Rickshaw,Door To Door Collection,still,off,8.584,271.13,31.592616,74.391372,19/08/2026 10:58 AM,19/08/2026 11:00 AM,Reporting,Excess Idling,11.43,False,UC-133,Wagha Town,Zone-11,Loader Rickshaw,Wagha Town,True,2026-08-19
61299,LR-2448,LR2448,Lahore,"Tehsil Office, Wahgha Town",LWMC-WaTo,Loader Rickshaw,Door To Door Collection,still,off,,,31.609838,74.381733,19/08/2026 10:57 AM,19/08/2026 11:00 AM,Reporting,No Activity Since Yesterday,10.26,False,UC-108,Wagha Town,Zone-13,Loader Rickshaw,Wagha Town,True,2026-08-19
61870,LR-2312,LR2312,Lahore,"Tehsil Office, Wahgha Town",LWMC-WaTo,Loader Rickshaw,Door To Door Collection,still,off,,,31.610582,74.381795,19/08/2026 10:37 AM,19/08/2026 11:00 AM,Reporting,No Activity Since Yesterday,0.0,True,UC-108,Wagha Town,Zone-13,Loader Rickshaw,Wagha Town,True,2026-08-19
59393,LR-1533,LR1533,Lahore,"Tehsil Office, Wahgha Town",LWMC-WaTo,Loader Rickshaw,Door To Door Collection,still,off,13.476,229.86,31.528098,74.503505,19/08/2026 10:59 AM,19/08/2026 11:00 AM,Reporting,Moving,13.63,False,UC-193,Wagha Town,Zone-14,Loader Rickshaw,Wagha Town,True,2026-08-19
61880,LR-0513,LR0513,Lahore,"Tehsil Office, Wahgha Town",LWMC-WaTo,Loader Rickshaw,Door To Door Collection,moving,on,29.887,324.88,31.60936,74.380547,19/08/2026 11:00 AM,19/08/2026 11:00 AM,Reporting,Parked,0.0,True,UC-108,Wagha Town,Zone-13,Loader Rickshaw,Wagha Town,True,2026-08-19
59221,LR-2156,LR2156,Lahore,"Tehsil Office, Wahgha Town",LWMC-WaTo,Loader Rickshaw,Door To Door Collection,moving,on,28.371,132.55,31.549727,74.488278,19/08/2026 10:59 AM,19/08/2026 11:00 AM,Reporting,Excess Idling,11.64,False,UC-192,Wagha Town,Zone-14,Loader Rickshaw,Wagha Town,True,2026-08-19
59273,M-133,M133,Lahore,"Tehsil Office, Wahgha Town",LWMC-WaTo,Mini Tipper Diesel,Commercial,moving,on,38.609,129.53,31.610877,74.382833,19/08/2026 10:59 AM,19/08/2026 11:00 AM,Reporting,Moving,0.0,True,UC-108,Wagha Town,Zone-13,Foton-Mini Dumper,Wagha Town,True,2026-08-19
61647,LR-2391,LR2391,Lahore,"Tehsil Office, Wahgha Town",LWMC-WaTo,Loader Rickshaw,Door To Door Collection,still,off,23.901,120.68,31.59328,74.394913,19/08/2026 10:58 AM,19/08/2026 11:00 AM,Reporting,Excess Idling,0.0,True,UC-131,Wagha Town,Zone-11,Loader Rickshaw,Wagha Town,True,2026-08-19
59214,LR-1841,LR1841,Lahore,"Tehsil Office, Wahgha Town",LWMC-WaTo,Loader Rickshaw,Door To Door Collection,moving,on,19.631,89.36,31.548958,74.524678,19/08/2026 10:58 AM,19/08/2026 11:00 AM,Reporting,Parked,12.1,False,UC-180,Wagha Town,Zone-14,Loader Rickshaw,Wagha Town,True,2026-08-19
59356,LR-2161,LR2161,Lahore,"Tehsil Office, Wahgha Town",LWMC-WaTo,Loader Rickshaw,Door To Door Collection,still,off,17.657,87.91,31.530488,74.545739,19/08/2026 10:58 AM,19/08/2026 11:00 AM,Reporting,Excess Idling,0.0,True,UC-180,Wagha Town,Zone-14,Loader Rickshaw,Wagha Town,True,2026-08-19
59372,LR-2159,LR2159,Lahore,"Tehsil Office, Wahgha Town",LWMC-WaTo,Loader Rickshaw,Door To Door Collection,still,off,15.419,69.33,31.529993,74.545495,19/08/2026 10:58 AM,19/08/2026 11:00 AM,Reporting,Parked,12.15,False,UC-180,Wagha Town,Zone-14,Loader Rickshaw,Wagha Town,True,2026-08-19
25323,LR-0395,LR0395,Lahore,"Tehsil Office, Wahgha Town",LWMC-WaTo,Loader Rickshaw,Door To Door Collection,still,off,14.741,145.98,31.603442,74.391768,19/08/2026 10:59 AM,19/08/2026 11:00 AM,Reporting,Parked,0.0,True,UC-132,Wagha Town,Zone-11,Loader Rickshaw,Wagha Town,True,2026-08-19
61451,LR-1277,LR1277,Lahore,"Tehsil Office, Wahgha Town",LWMC-WaTo,Loader Rickshaw,Door To Door Collection,still,off,23.531,119.11,31.594393,74.387125,19/08/2026 10:47 AM,19/08/2026 11:00 AM,Reporting,Parked,0.0,True,UC-133,Wagha Town,Zone-11,Loader Rickshaw,Wagha Town,True,2026-08-19
59523,LR-1931,LR1931,Lahore,"Tehsil Office, Wahgha Town",LWMC-WaTo,Loader Rickshaw,Door To Door Collection,still,off,11.122,182.98,31.601853,74.451469,19/08/2026 10:46 AM,19/08/2026 11:00 AM,Reporting,Excess Idling,12.0,False,UC-177,Wagha Town,Zone-13,Loader Rickshaw,Wagha Town,True,2026-08-19
59588,LR-2949,LR2949,Lahore,"Tehsil Office, Wahgha Town",LWMC-WaTo,Loader Rickshaw,Door To Door Collection,still,off,36.31,244.73,31.644918,74.377902,19/08/2026 11:00 AM,19/08/2026 11:00 AM,Reporting,Parked,0.0,True,UC-108,Wagha Town,Zone-13,,Wagha Town,True,2026-08-19
25365,LR-0267,LR0267,Lahore,"Tehsil Office, Wahgha Town",LWMC-WaTo,Loader Rickshaw,Door To Door Collection,moving,on,0.661,116.73,31.610815,74.381788,19/08/2026 10:59 AM,19/08/2026 11:00 AM,Reporting,No Activity Since Yesterday,0.0,True,UC-108,Wagha Town,Zone-13,Loader Rickshaw,Wagha Town,True,2026-08-19
23573,LR-0375,LR0375,Lahore,"Tehsil Office, Wahgha Town",LWMC-WaTo,Loader Rickshaw,Door To Door Collection,still,off,7.712,24.81,31.636172,74.505749,19/08/2026 08:54 AM,19/08/2026 09:00 AM,Reporting,Parked,11.49,False,UC-179,Wagha Town,Zone-13,Loader Rickshaw,Wagha Town,True,2026-08-19
59394,LR-2306,LR2306,Lahore,"Tehsil Office, Wahgha Town",LWMC-WaTo,Loader Rickshaw,Door To Door Collection,moving,on,18.822,115.9,31.532088,74.559954,19/08/2026 08:13 AM,19/08/2026 08:30 AM,Reporting,Parked,13.37,False,UC-180,Wagha Town,Zone-14,Loader Rickshaw,Wagha Town,True,2026-08-19
61883,LR-2397,LR2397,Lahore,"Tehsil Office, Wahgha Town",LWMC-WaTo,Loader Rickshaw,Door To Door Collection,moving,on,28.639,132.76,31.587575,74.431858,19/08/2026 10:58 AM,19/08/2026 11:00 AM,Reporting,Excess Idling,0.0,True,UC-144,Wagha Town,Zone-12,Loader Rickshaw,Wagha Town,True,2026-08-19
59330,LR-2154,LR2154,Lahore,"Tehsil Office, Wahgha Town",LWMC-WaTo,Loader Rickshaw,Door To Door Collection,still,off,12.862,69.15,31.514653,74.500548,19/08/2026 10:57 AM,19/08/2026 11:00 AM,Reporting,Excess Idling,12.2,False,UC-193,Wagha Town,Zone-14,Loader Rickshaw,Wagha Town,True,2026-08-19
59386,LR-1781,LR1781,Lahore,"Tehsil Office, Wahgha Town",LWMC-WaTo,Loader Rickshaw,Door To Door Collection,still,off,32.723,135.96,31.47815,74.513755,19/08/2026 10:58 AM,19/08/2026 11:00 AM,Reporting,Parked,12.2,False,UC-189,Wagha Town,Zone-14,Loader Rickshaw,Wagha Town,True,2026-08-19
59681,LR-2165,LR2165,Lahore,"Tehsil Office, Wahgha Town",LWMC-WaTo,Loader Rickshaw,Door To Door Collection,moving,on,18.575,131.53,31.542263,74.577576,19/08/2026 08:31 AM,19/08/2026 09:00 AM,Reporting,Parked,11.38,False,UC-180,Wagha Town,Zone-14,Loader Rickshaw,Wagha Town,True,2026-08-19
59258,LR-1782,LR1782,Lahore,"Tehsil Office, Wahgha Town",LWMC-WaTo,Loader Rickshaw,Door To Door Collection,still,off,25.254,97.53,31.434139,74.52526,19/08/2026 10:59 AM,19/08/2026 11:00 AM,Reporting,Parked,12.15,False,UC-191,Wagha Town,Zone-14,Loader Rickshaw,Wagha Town,True,2026-08-19
59352,LR-2153,LR2153,Lahore,"Tehsil Office, Wahgha Town",LWMC-WaTo,Loader Rickshaw,Door To Door Collection,still,off,27.233,140.8,31.506532,74.498802,19/08/2026 10:58 AM,19/08/2026 11:00 AM,Reporting,Idle,11.43,False,UC-193,Wagha Town,Zone-14,Loader Rickshaw,Wagha Town,True,2026-08-19
59608,LR-1729,LR1729,Lahore,"Tehsil Office, Wahgha Town",LWMC-WaTo,Loader Rickshaw,Door To Door Collection,moving,on,27.232,292.46,31.395822,74.536039,19/08/2026 10:55 AM,19/08/2026 11:00 AM,Reporting,Parked,0.0,True,UC-191,Wagha Town,Zone-14,Loader Rickshaw,Wagha Town,True,2026-08-19
59336,LR-2298,LR2298,Lahore,"Tehsil Office, Wahgha Town",LWMC-WaTo,Loader Rickshaw,Door To Door Collection,still,off,20.194,236.91,31.443692,74.569045,19/08/2026 10:57 AM,19/08/2026 11:00 AM,Reporting,Parked,10.72,False,UC-190,Wagha Town,Zone-14,Loader Rickshaw,Wagha Town,True,2026-08-19
59266,LR-2301,LR2301,Lahore,"Tehsil Office, Wahgha Town",LWMC-WaTo,Loader Rickshaw,Door To Door Collection,still,off,27.889,159.25,31.488735,74.505164,19/08/2026 10:58 AM,19/08/2026 11:00 AM,Reporting,Parked,11.84,False,UC-193,Wagha Town,Zone-14,Loader Rickshaw,Wagha Town,True,2026-08-19
59310,LR-2148,LR2148,Lahore,"Tehsil Office, Wahgha Town",LWMC-WaTo,Loader Rickshaw,Door To Door Collection,still,off,26.098,116.25,31.441164,74.54499,19/08/2026 10:58 AM,19/08/2026 11:00 AM,Reporting,Idle,11.38,False,UC-191,Wagha Town,Zone-14,Loader Rickshaw,Wagha Town,True,2026-08-19
59646,LR-2166,LR2166,Lahore,"Tehsil Office, Wahgha Town",LWMC-WaTo,Loader Rickshaw,Door To Door Collection,still,off,29.909,116.4,31.431337,74.523404,19/08/2026 10:58 AM,19/08/2026 11:00 AM,Reporting,Parked,12.0,False,UC-191,Wagha Town,Zone-14,Loader Rickshaw,Wagha Town,True,2026-08-19
61437,LR-2389,LR2389,Lahore,"Tehsil Office, Wahgha Town",LWMC-WaTo,Loader Rickshaw,Door To Door Collection,still,off,19.913,168.59,31.600217,74.383713,19/08/2026 10:59 AM,19/08/2026 11:00 AM,Reporting,Moving,0.0,True,UC-132,Wagha Town,Zone-11,Loader Rickshaw,Wagha Town,True,2026-08-19
59296,LR-2151,LR2151,Lahore,"Tehsil Office, Wahgha Town",LWMC-WaTo,Loader Rickshaw,Door To Door Collection,still,off,36.002,225.28,31.521504,74.461564,19/08/2026 10:58 AM,19/08/2026 11:00 AM,Reporting,Parked,11.84,False,UC-193,Wagha Town,Zone-14,Loader Rickshaw,Wagha Town,True,2026-08-19
59253,LR-2157,LR2157,Lahore,"Tehsil Office, Wahgha Town",LWMC-WaTo,Loader Rickshaw,Door To Door Collection,still,off,26.494,112.31,31.490737,74.522969,19/08/2026 10:59 AM,19/08/2026 11:00 AM,Reporting,Idle,12.0,False,UC-189,Wagha Town,Zone-14,Loader Rickshaw,Wagha Town,True,2026-08-19
59047,C-713,C713,Lahore,"Tehsil Office, Aziz Bhatti Town",LWMC-AzBT,Compactor (7CM),Container-Based Collection,moving,on,70.918,213.33,31.608612,74.366972,19/08/2026 10:58 AM,19/08/2026 11:00 AM,Reporting,Moving,0.0,True,UC-108,Wagha Town,Zone-13,Compactor,Aziz Bhatti Town,False,2026-08-19
59458,LR-2771,LR2771,Lahore,"Tehsil Office, Aziz Bhatti Town",LWMC-AzBT,Loader Rickshaw,Door To Door Collection,moving,on,34.694,483.3,31.577194,74.467402,19/08/2026 10:58 AM,19/08/2026 11:00 AM,Reporting,Moving,11.59,False,UC-152,Aziz Bhatti Town,Zone-16,Loader Rickshaw,Aziz Bhatti Town,True,2026-08-19
-,SD-08,SD08,Lahore,"Tehsil Office, Aziz Bhatti Town",LWMC-AzBT,-,-,moving,on,184.744,514.36,31.577718,74.270023,19/08/2026 10:58 AM,19/08/2026 11:00 AM,Reporting,Moving,26.84,False,,,,Dumper,Aziz Bhatti Town,False,2026-08-19
-,LR-2518,LR2518,Lahore,"Tehsil Office, Aziz Bhatti Town",LWMC-AzBT,-,-,still,off,19.197,131.68,31.593968,74.258446,19/08/2026 10:58 AM,19/08/2026 11:00 AM,Reporting,Idle,12.4,False,UC-5,Ravi Town,Zone-1,Loader Rickshaw,DGBT,False,2026-08-19
-,SMA-179,SMA179,Lahore,"Tehsil Office, Aziz Bhatti Town",LWMC-AzBT,-,-,still,off,150.794,658.06,31.627518,74.4201,19/08/2026 10:57 AM,19/08/2026 11:00 AM,Reporting,Moving,26.02,False,UC-108,Wagha Town,Zone-13,,Aziz Bhatti Town,False,2026-08-19
60263,LR-2893,LR2893,Lahore,"Tehsil Office, Aziz Bhatti Town",LWMC-AzBT,Loader Rickshaw,Door To Door Collection,still,off,31.447,650.13,31.561085,74.394553,19/08/2026 10:57 AM,19/08/2026 11:00 AM,Reporting,Excess Idling,11.18,False,UC-158,Aziz Bhatti Town,Zone-17,Loader Rickshaw,Aziz Bhatti Town,True,2026-08-19
59351,LR-1124,LR1124,Lahore,"Tehsil Office, Aziz Bhatti Town",LWMC-AzBT,Loader Rickshaw,Door To Door Collection,still,off,,657.86,31.575244,74.370839,19/08/2026 10:57 AM,19/08/2026 11:00 AM,Reporting,No Activity Since Yesterday,11.28,False,UC-120,Gulberg Town,Zone-19,Loader Rickshaw,Aziz Bhatti Town,False,2026-08-19
59427,LR-1909,LR1909,Lahore,"Tehsil Office, Aziz Bhatti Town",LWMC-AzBT,Loader Rickshaw,Door To Door Collection,moving,on,37.086,658.43,31.608883,74.392676,19/08/2026 10:59 AM,19/08/2026 11:00 AM,Reporting,Excess Idling,11.49,False,UC-108,Wagha Town,Zone-13,Loader Rickshaw,Aziz Bhatti Town,False,2026-08-19
60256,LR-2591,LR2591,Lahore,"Tehsil Office, Aziz Bhatti Town",LWMC-AzBT,Loader Rickshaw,Door To Door Collection,moving,on,39.414,624.58,31.585284,74.413117,19/08/2026 10:59 AM,19/08/2026 11:00 AM,Reporting,Parked,12.35,False,UC-144,Wagha Town,Zone-12,Loader Rickshaw,Aziz Bhatti Town,False,2026-08-19
59395,LR-0572,LR0572,Lahore,"Tehsil Office, Aziz Bhatti Town",LWMC-AzBT,Loader Rickshaw,Door To Door Collection,still,off,15.296,605.89,31.559397,74.372658,19/08/2026 10:58 AM,19/08/2026 11:00 AM,Reporting,Parked,12.0,False,UC-187,Aziz Bhatti Town,Zone-18,Loader Rickshaw,Aziz Bhatti Town,True,2026-08-19
59492,LR-1119,LR1119,Lahore,"Tehsil Office, Aziz Bhatti Town",LWMC-AzBT,Loader Rickshaw,Door To Door Collection,still,off,22.117,502.96,31.582936,74.422076,19/08/2026 10:56 AM,19/08/2026 11:00 AM,Reporting,Excess Idling,12.51,False,UC-144,Wagha Town,Zone-12,Loader Rickshaw,Aziz Bhatti Town,False,2026-08-19
59618,LR-1003,LR1003,Lahore,"Tehsil Office, Aziz Bhatti Town",LWMC-AzBT,Loader Rickshaw,Door To Door Collection,moving,on,18.231,641.31,31.566011,74.380641,19/08/2026 10:58 AM,19/08/2026 11:00 AM,Reporting,Parked,11.18,False,UC-122,Gulberg Town,Zone-19,Loader Rickshaw,Aziz Bhatti Town,False,2026-08-19
60278,LR-1409,LR1409,Lahore,"Tehsil Office, Aziz Bhatti Town",LWMC-AzBT,Loader Rickshaw,Door To Door Collection,moving,on,15.415,410.21,31.54724,74.423692,19/08/2026 10:58 AM,19/08/2026 11:00 AM,Reporting,Excess Idling,11.59,False,UC-151,Aziz Bhatti Town,Zone-17,Loader Rickshaw,Aziz Bhatti Town,True,2026-08-19
59476,LR-1642,LR1642,Lahore,"Tehsil Office, Aziz Bhatti Town",LWMC-AzBT,Loader Rickshaw,Door To Door Collection,moving,on,16.417,483.78,31.550345,74.417313,19/08/2026 11:00 AM,19/08/2026 11:00 AM,Reporting,Excess Idling,11.79,False,UC-152,Aziz Bhatti Town,Zone-16,Loader Rickshaw,Aziz Bhatti Town,True,2026-08-19
59421,LR-0200,LR0200,Lahore,"Tehsil Office, Aziz Bhatti Town",LWMC-AzBT,Loader Rickshaw,Door To Door Collection,still,off,14.675,402.51,31.571414,74.400955,19/08/2026 10:58 AM,19/08/2026 11:00 AM,Reporting,Parked,11.54,False,UC-141,Aziz Bhatti Town,Zone-15,Loader Rickshaw,Aziz Bhatti Town,True,2026-08-19
59707,LR-1388,LR1388,Lahore,"Tehsil Office, Aziz Bhatti Town",LWMC-AzBT,Loader Rickshaw,Door To Door Collection,moving,on,23.647,479.14,31.585562,74.394843,19/08/2026 10:59 AM,19/08/2026 11:00 AM,Reporting,Excess Idling,12.0,False,UC-139,Aziz Bhatti Town,Zone-15,Loader Rickshaw,Aziz Bhatti Town,True,2026-08-19
60714,LR-1118,LR1118,Lahore,"Tehsil Office, Aziz Bhatti Town",LWMC-AzBT,Loader Rickshaw,Door To Door Collection,still,off,,526.53,31.574921,74.370569,19/08/2026 10:58 AM,19/08/2026 11:00 AM,Reporting,No Activity Since Yesterday,11.03,False,UC-120,Gulberg Town,Zone-19,Loader Rickshaw,Aziz Bhatti Town,False,2026-08-19
59302,LR-2770,LR2770,Lahore,"Tehsil Office, Aziz Bhatti Town",LWMC-AzBT,Loader Rickshaw,Door To Door Collection,still,off,21.905,634.38,31.572164,74.452082,19/08/2026 10:47 AM,19/08/2026 11:00 AM,Reporting,Moving,8.78,False,UC-152,Aziz Bhatti Town,Zone-16,Loader Rickshaw,Aziz Bhatti Town,True,2026-08-19
60221,LR-1958,LR1958,Lahore,"Tehsil Office, Aziz Bhatti Town",LWMC-AzBT,Loader Rickshaw,Door To Door Collection,still,off,15.887,480.35,31.558046,74.392551,19/08/2026 10:58 AM,19/08/2026 11:00 AM,Reporting,Parked,11.33,False,UC-158,Aziz Bhatti Town,Zone-17,Loader Rickshaw,Aziz Bhatti Town,True,2026-08-19
59505,LR-0333,LR0333,Lahore,"Tehsil Office, Aziz Bhatti Town",LWMC-AzBT,Loader Rickshaw,Door To Door Collection,still,off,21.136,442.51,31.552233,74.418248,19/08/2026 10:59 AM,19/08/2026 11:00 AM,Reporting,Moving,11.59,False,UC-152,Aziz Bhatti Town,Zone-16,Loader Rickshaw,Aziz Bhatti Town,True,2026-08-19
59365,LR-2772,LR2772,Lahore,"Tehsil Office, Aziz Bhatti Town",LWMC-AzBT,Loader Rickshaw,Door To Door Collection,still,off,27.416,508.51,31.575326,74.460382,19/08/2026 10:58 AM,19/08/2026 11:00 AM,Reporting,Idle,10.92,False,UC-152,Aziz Bhatti Town,Zone-16,Loader Rickshaw,Aziz Bhatti Town,True,2026-08-19
60022,LR-2593,LR2593,Lahore,"Tehsil Office, Aziz Bhatti Town",LWMC-AzBT,Loader Rickshaw,Door To Door Collection,moving,on,44.201,656.26,31.609748,74.367968,19/08/2026 11:00 AM,19/08/2026 11:00 AM,Reporting,Excess Idling,12.0,False,UC-108,Wagha Town,Zone-13,Loader Rickshaw,Aziz Bhatti Town,False,2026-08-19
60309,LR-1658,LR1658,Lahore,"Tehsil Office, Aziz Bhatti Town",LWMC-AzBT,Loader Rickshaw,Door To Door Collection,still,off,14.356,370.36,31.552462,74.409398,19/08/2026 10:57 AM,19/08/2026 11:00 AM,Reporting,Parked,11.03,False,UC-149,Aziz Bhatti Town,Zone-17,Loader Rickshaw,Aziz Bhatti Town,True,2026-08-19
60311,LR-1095,LR1095,Lahore,"Tehsil Office, Aziz Bhatti Town",LWMC-AzBT,Loader Rickshaw,Door To Door Collection,moving,on,43.995,169.21,31.579327,74.413563,19/08/2026 11:00 AM,19/08/2026 11:00 AM,Reporting,Excess Idling,11.43,False,UC-143,Aziz Bhatti Town,Zone-16,Loader Rickshaw,Aziz Bhatti Town,True,2026-08-19
60234,LR-1955,LR1955,Lahore,"Tehsil Office, Aziz Bhatti Town",LWMC-AzBT,Loader Rickshaw,Door To Door Collection,still,off,19.486,286.18,31.559792,74.391753,19/08/2026 11:00 AM,19/08/2026 11:00 AM,Reporting,Excess Idling,11.89,False,UC-158,Aziz Bhatti Town,Zone-17,Loader Rickshaw,Aziz Bhatti Town,True,2026-08-19
59048,A-73,A73,Lahore,"Tehsil Office, Aziz Bhatti Town",LWMC-AzBT,Arm Roll Truck,Container-Based Collection,moving,on,68.733,236.66,31.573013,74.435152,19/08/2026 10:58 AM,19/08/2026 11:00 AM,Reporting,Parked,0.0,True,UC-152,Aziz Bhatti Town,Zone-16,Arm Roll,Aziz Bhatti Town,True,2026-08-19
59788,S-76,S76,Lahore,"Tehsil Office, Aziz Bhatti Town",LWMC-AzBT,Mini Dumper,Bulk Waste Collection,moving,on,52.512,170.43,31.588103,74.413585,19/08/2026 10:57 AM,19/08/2026 11:00 AM,Reporting,Parked,0.0,True,UC-138,Wagha Town,Zone-12,Mini Dumper,Aziz Bhatti Town,False,2026-08-19
59770,S-372,S372,Lahore,"Tehsil Office, Aziz Bhatti Town",LWMC-AzBT,Mini Dumper,Bulk Waste Collection,moving,on,46.942,164.3,31.586072,74.401647,19/08/2026 11:00 AM,19/08/2026 11:00 AM,Reporting,Moving,0.0,True,UC-139,Aziz Bhatti Town,Zone-15,Mini Dumper,Aziz Bhatti Town,True,2026-08-19
59624,LR-1637,LR1637,Lahore,"Tehsil Office, Aziz Bhatti Town",LWMC-AzBT,Loader Rickshaw,Door To Door Collection,still,off,18.493,87.96,31.546239,74.421036,19/08/2026 10:58 AM,19/08/2026 11:00 AM,Reporting,Excess Idling,12.1,False,UC-151,Aziz Bhatti Town,Zone-17,Loader Rickshaw,Aziz Bhatti Town,True,2026-08-19
59732,S-137,S137,Lahore,"Tehsil Office, Aziz Bhatti Town",LWMC-AzBT,Mini Dumper,Bulk Waste Collection,moving,on,43.256,127.78,31.609575,74.381702,19/08/2026 10:58 AM,19/08/2026 11:00 AM,Reporting,Parked,0.0,True,UC-108,Wagha Town,Zone-13,Mini Dumper,Aziz Bhatti Town,False,2026-08-19
59316,LR-2584,LR2584,Lahore,"Tehsil Office, Aziz Bhatti Town",LWMC-AzBT,Loader Rickshaw,Door To Door Collection,moving,on,21.083,78.88,31.573996,74.440493,19/08/2026 11:00 AM,19/08/2026 11:00 AM,Reporting,Moving,13.27,False,UC-152,Aziz Bhatti Town,Zone-16,Loader Rickshaw,Aziz Bhatti Town,True,2026-08-19
59807,S-97,S97,Lahore,"Tehsil Office, Aziz Bhatti Town",LWMC-AzBT,Mini Dumper,Bulk Waste Collection,still,off,,,31.623215,74.421407,19/08/2026 10:49 AM,19/08/2026 11:00 AM,Reporting,No Activity Since Yesterday,0.0,True,UC-108,Wagha Town,Zone-13,Mini Dumper,Aziz Bhatti Town,False,2026-08-19
59567,M-57,M57,Lahore,"Tehsil Office, Aziz Bhatti Town",LWMC-AzBT,Mini Tipper Diesel,Bulk Waste Collection,moving,on,37.497,145.18,31.567385,74.403717,19/08/2026 10:58 AM,19/08/2026 11:00 AM,Reporting,Parked,0.0,True,UC-142,Aziz Bhatti Town,Zone-15,Foton-Mini Dumper,Aziz Bhatti Town,True,2026-08-19
59773,S-390,S390,Lahore,"Tehsil Office, Aziz Bhatti Town",LWMC-AzBT,Mini Dumper,Bulk Waste Collection,moving,on,39.203,162.55,31.570615,74.422835,19/08/2026 10:57 AM,19/08/2026 11:00 AM,Reporting,Moving,0.0,True,UC-146,Aziz Bhatti Town,Zone-16,Mini Dumper,Aziz Bhatti Town,True,2026-08-19
60092,LR-1908,LR1908,Lahore,"Tehsil Office, Aziz Bhatti Town",LWMC-AzBT,Loader Rickshaw,Door To Door Collection,moving,on,16.879,52.53,31.562803,74.418515,19/08/2026 10:59 AM,19/08/2026 11:00 AM,Reporting,Parked,12.66,False,UC-147,Aziz Bhatti Town,Zone-16,Loader Rickshaw,Aziz Bhatti Town,True,2026-08-19
59748,S-188,S188,Lahore,"Tehsil Office, Aziz Bhatti Town",LWMC-AzBT,Mini Dumper,Bulk Waste Collection,still,off,25.238,108.43,31.57873,74.43497,19/08/2026 10:45 AM,19/08/2026 11:00 AM,Reporting,Parked,0.0,True,UC-145,Aziz Bhatti Town,Zone-16,Mini Dumper,Aziz Bhatti Town,True,2026-08-19
61404,LR-2460,LR2460,Lahore,"Tehsil Office, Aziz Bhatti Town",LWMC-AzBT,Loader Rickshaw,Door To Door Collection,moving,on,36.096,132.71,31.604004,74.400027,19/08/2026 10:59 AM,19/08/2026 11:00 AM,Reporting,Excess Idling,12.0,False,,,,Loader Rickshaw,Aziz Bhatti Town,False,2026-08-19
59805,S-93,S93,Lahore,"Tehsil Office, Aziz Bhatti Town",LWMC-AzBT,Mini Dumper,Bulk Waste Collection,moving,on,37.185,135.86,31.608553,74.380702,19/08/2026 11:00 AM,19/08/2026 11:00 AM,Reporting,Parked,0.0,True,UC-108,Wagha Town,Zone-13,Mini Dumper,Aziz Bhatti Town,False,2026-08-19
59554,CA-145,CA145,Lahore,"Tehsil Office, Aziz Bhatti Town",LWMC-AzBT,Chain Arm Roll,Container-Based Collection,still,off,100.674,330.88,31.557007,74.40753,19/08/2026 10:58 AM,19/08/2026 11:00 AM,Reporting,Parked,0.0,True,UC-148,Aziz Bhatti Town,Zone-17,Chain Arm Roll,Aziz Bhatti Town,True,2026-08-19
18511,C13-1062,C131062,Lahore,"Tehsil Office, Aziz Bhatti Town",LWMC-AzBT,Compactor (13CM),Container-Based Collection,still,off,56.333,182.98,31.602453,74.400967,19/08/2026 10:57 AM,19/08/2026 11:00 AM,Reporting,Parked,0.0,True,UC-137,Wagha Town,Zone-12,Compactor,Aziz Bhatti Town,False,2026-08-19
59585,LR-0584,LR0584,Lahore,"Tehsil Office, Aziz Bhatti Town",LWMC-AzBT,Loader Rickshaw,Door To Door Collection,moving,on,10.396,51.23,31.559001,74.370753,19/08/2026 10:59 AM,19/08/2026 11:00 AM,Reporting,Excess Idling,10.92,False,UC-187,Aziz Bhatti Town,Zone-18,Loader Rickshaw,Aziz Bhatti Town,True,2026-08-19
59720,S-118,S118,Lahore,"Tehsil Office, Aziz Bhatti Town",LWMC-AzBT,Mini Dumper,Bulk Waste Collection,moving,on,32.984,155.61,31.567398,74.429473,19/08/2026 10:54 AM,19/08/2026 11:00 AM,Reporting,Parked,0.0,True,UC-152,Aziz Bhatti Town,Zone-16,Mini Dumper,Aziz Bhatti Town,True,2026-08-19
18509,C13-1068,C131068,Lahore,"Tehsil Office, Aziz Bhatti Town",LWMC-AzBT,Compactor (13CM),Container-Based Collection,still,off,,,31.62376,74.421228,19/08/2026 10:41 AM,19/08/2026 11:00 AM,Reporting,No Activity Since Yesterday,0.0,True,UC-108,Wagha Town,Zone-13,Compactor,Aziz Bhatti Town,False,2026-08-19
59798,S-87,S87,Lahore,"Tehsil Office, Aziz Bhatti Town",LWMC-AzBT,Mini Dumper,Bulk Waste Collection,still,off,31.103,127.31,31.566382,74.433945,19/08/2026 10:59 AM,19/08/2026 11:00 AM,Reporting,Parked,0.0,True,UC-152,Aziz Bhatti Town,Zone-16,Mini Dumper,Aziz Bhatti Town,True,2026-08-19
60273,LR-2589,LR2589,Lahore,"Tehsil Office, Aziz Bhatti Town",LWMC-AzBT,Loader Rickshaw,Door To Door Collection,still,off,42.007,123.88,31.572142,74.412363,19/08/2026 10:58 AM,19/08/2026 11:00 AM,Reporting,Excess Idling,12.15,False,UC-143,Aziz Bhatti Town,Zone-16,Loader Rickshaw,Aziz Bhatti Town,True,2026-08-19
60952,LR-1640,LR1640,Lahore,"Tehsil Office, Aziz Bhatti Town",LWMC-AzBT,Loader Rickshaw,Door To Door Collection,still,off,0.03,1.1,31.575296,74.370433,19/08/2026 10:58 AM,19/08/2026 11:00 AM,Reporting,No Activity Since Yesterday,12.2,False,UC-120,Gulberg Town,Zone-19,Loader Rickshaw,Aziz Bhatti Town,False,2026-08-19
59413,LR-2459,LR2459,Lahore,"Tehsil Office, Aziz Bhatti Town",LWMC-AzBT,Loader Rickshaw,Door To Door Collection,moving,on,34.698,147.71,31.599398,74.401451,19/08/2026 10:58 AM,19/08/2026 11:00 AM,Reporting,Excess Idling,11.89,False,UC-137,Wagha Town,Zone-12,Loader Rickshaw,Aziz Bhatti Town,False,2026-08-19
60026,LR-0718,LR0718,Lahore,"Tehsil Office, Aziz Bhatti Town",LWMC-AzBT,Loader Rickshaw,Door To Door Collection,still,off,0.006,,31.575232,74.370578,19/08/2026 10:58 AM,19/08/2026 11:00 AM,Reporting,No Activity Since Yesterday,12.05,False,UC-120,Gulberg Town,Zone-19,Loader Rickshaw,Aziz Bhatti Town,False,2026-08-19
59303,LR-0191,LR0191,Lahore,"Tehsil Office, Aziz Bhatti Town",LWMC-AzBT,Loader Rickshaw,Door To Door Collection,still,off,,,31.575272,74.370509,19/08/2026 10:57 AM,19/08/2026 11:00 AM,Reporting,No Activity Since Yesterday,9.8,False,UC-120,Gulberg Town,Zone-19,Loader Rickshaw,Aziz Bhatti Town,False,2026-08-19
59762,S-341,S341,Lahore,"Tehsil Office, Aziz Bhatti Town",LWMC-AzBT,Mini Dumper,Bulk Waste Collection,moving,on,33.144,142.81,31.608645,74.391855,19/08/2026 10:58 AM,19/08/2026 11:00 AM,Reporting,Parked,0.0,True,UC-108,Wagha Town,Zone-13,Mini Dumper,Aziz Bhatti Town,False,2026-08-19
59726,S-131,S131,Lahore,"Tehsil Office, Aziz Bhatti Town",LWMC-AzBT,Mini Dumper,Bulk Waste Collection,moving,on,46.294,151.41,31.60868,74.397185,19/08/2026 10:59 AM,19/08/2026 11:00 AM,Reporting,Moving,0.0,True,UC-108,Wagha Town,Zone-13,Mini Dumper,Aziz Bhatti Town,False,2026-08-19
59510,LR-2592,LR2592,Lahore,"Tehsil Office, Aziz Bhatti Town",LWMC-AzBT,Loader Rickshaw,Door To Door Collection,still,off,25.17,79.83,31.569847,74.412038,19/08/2026 10:57 AM,19/08/2026 11:00 AM,Reporting,Excess Idling,12.4,False,UC-143,Aziz Bhatti Town,Zone-16,Loader Rickshaw,Aziz Bhatti Town,True,2026-08-19
-,LR2387,LR2387,Lahore,"Tehsil Office, Aziz Bhatti Town",LWMC-AzBT,-,-,moving,on,41.262,165.3,31.552191,74.406634,19/08/2026 10:59 AM,19/08/2026 11:00 AM,Reporting,Excess Idling,11.89,False,UC-149,Aziz Bhatti Town,Zone-17,Loader Rickshaw,Aziz Bhatti Town,True,2026-08-19
60710,LR-2373,LR2373,Lahore,"Tehsil Office, Aziz Bhatti Town",LWMC-AzBT,Loader Rickshaw,Door To Door Collection,moving,on,43.504,126.09,31.542534,74.407297,19/08/2026 10:59 AM,19/08/2026 11:00 AM,Reporting,Excess Idling,11.79,False,UC-150,Aziz Bhatti Town,Zone-17,Loader Rickshaw,Aziz Bhatti Town,True,2026-08-19
60530,LR-0332,LR0332,Lahore,"Tehsil Office, Aziz Bhatti Town",LWMC-AzBT,Loader Rickshaw,Door To Door Collection,still,off,,,31.575147,74.370754,19/08/2026 10:58 AM,19/08/2026 11:00 AM,Reporting,No Activity Since Yesterday,11.89,False,UC-120,Gulberg Town,Zone-19,Loader Rickshaw,Aziz Bhatti Town,False,2026-08-19
59558,D-65,D65,Lahore,"Tehsil Office, Aziz Bhatti Town",LWMC-AzBT,Dumper (10CM),Bulk Waste Collection,still,off,94.781,227.88,31.57042,74.390865,19/08/2026 10:49 AM,19/08/2026 11:00 AM,Reporting,Moving,0.0,True,UC-142,Aziz Bhatti Town,Zone-15,Dumper,Aziz Bhatti Town,True,2026-08-19
-,LR-2519,LR2519,Lahore,"Tehsil Office, Aziz Bhatti Town",LWMC-AzBT,-,-,still,off,17.988,80.15,31.594668,74.258474,19/08/2026 10:58 AM,19/08/2026 11:00 AM,Reporting,Excess Idling,11.74,False,UC-5,Ravi Town,Zone-1,Loader Rickshaw,DGBT,False,2026-08-19
59619,MFL-81,MFL81,Lahore,"Tehsil Office, Aziz Bhatti Town",LWMC-AzBT,Loader,Bulk Waste Collection,still,off,3.005,354.78,31.61067,74.383227,19/08/2026 10:59 AM,19/08/2026 11:00 AM,Reporting,Excess Idling,0.0,True,UC-108,Wagha Town,Zone-13,Loader,Aziz Bhatti Town,False,2026-08-19
60261,LR-1194,LR1194,Lahore,"Tehsil Office, Aziz Bhatti Town",LWMC-AzBT,Loader Rickshaw,Door To Door Collection,still,off,,,31.574914,74.370522,19/08/2026 10:58 AM,19/08/2026 11:00 AM,Reporting,No Activity Since Yesterday,11.33,False,UC-120,Gulberg Town,Zone-19,Loader Rickshaw,Aziz Bhatti Town,False,2026-08-19
59753,S-298,S298,Lahore,"Tehsil Office, Aziz Bhatti Town",LWMC-AzBT,Mini Dumper,Bulk Waste Collection,moving,on,53.3,207.15,31.592985,74.433417,19/08/2026 10:58 AM,19/08/2026 11:00 AM,Reporting,Moving,0.0,True,UC-175,Wagha Town,Zone-12,Mini Dumper,Aziz Bhatti Town,False,2026-08-19
59566,M-45,M45,Lahore,"Tehsil Office, Aziz Bhatti Town",LWMC-AzBT,Mini Tipper Diesel,Bulk Waste Collection,still,off,42.941,315.75,31.576547,74.46097,19/08/2026 10:57 AM,19/08/2026 11:00 AM,Reporting,Moving,0.0,True,UC-152,Aziz Bhatti Town,Zone-16,Foton-Mini Dumper,Aziz Bhatti Town,True,2026-08-19
59777,S-395,S395,Lahore,"Tehsil Office, Aziz Bhatti Town",LWMC-AzBT,Mini Dumper,Bulk Waste Collection,moving,on,35.598,152.5,31.613525,74.411242,19/08/2026 10:59 AM,19/08/2026 11:00 AM,Reporting,Parked,0.0,True,UC-174,Wagha Town,Zone-12,Mini Dumper,Aziz Bhatti Town,False,2026-08-19
59785,S-68,S68,Lahore,"Tehsil Office, Aziz Bhatti Town",LWMC-AzBT,Mini Dumper,Bulk Waste Collection,moving,on,44.692,191.46,31.58046,74.451185,19/08/2026 10:59 AM,19/08/2026 11:00 AM,Reporting,Parked,0.0,True,UC-145,Aziz Bhatti Town,Zone-16,Mini Dumper,Aziz Bhatti Town,True,2026-08-19
59042,C25-081,C25081,Lahore,"Tehsil Office, Aziz Bhatti Town",LWMC-AzBT,Compactor (25CM),Container-Based Collection,moving,on,62.145,327.53,31.610878,74.382808,19/08/2026 10:58 AM,19/08/2026 11:00 AM,Reporting,Moving,0.0,True,UC-108,Wagha Town,Zone-13,Compactor,Aziz Bhatti Town,False,2026-08-19
59831,S-61,S61,Lahore,"Tehsil Office, Aziz Bhatti Town",LWMC-AzBT,Mini Dumper,Bulk Waste Collection,still,off,51.402,161.59,31.579277,74.441742,19/08/2026 10:53 AM,19/08/2026 11:00 AM,Reporting,Parked,0.0,True,UC-175,Wagha Town,Zone-12,Mini Dumper,Aziz Bhatti Town,False,2026-08-19
60718,LR-1111,LR1111,Lahore,"Tehsil Office, Aziz Bhatti Town",LWMC-AzBT,Loader Rickshaw,Door To Door Collection,moving,on,49.813,153.41,31.580132,74.43056,19/08/2026 10:51 AM,19/08/2026 11:00 AM,Reporting,Excess Idling,11.59,False,UC-145,Aziz Bhatti Town,Zone-16,Loader Rickshaw,Aziz Bhatti Town,True,2026-08-19
18436,CA-115,CA115,Lahore,"Tehsil Office, Aziz Bhatti Town",LWMC-AzBT,Chain Arm Roll,Container-Based Collection,still,off,,,31.623703,74.421378,19/08/2026 10:49 AM,19/08/2026 11:00 AM,Reporting,No Activity Since Yesterday,0.0,True,UC-108,Wagha Town,Zone-13,Chain Arm Roll,Aziz Bhatti Town,False,2026-08-19
59412,LR-2458,LR2458,Lahore,"Tehsil Office, Aziz Bhatti Town",LWMC-AzBT,Loader Rickshaw,Door To Door Collection,still,off,36.195,114.43,31.585308,74.421692,19/08/2026 10:57 AM,19/08/2026 11:00 AM,Reporting,Parked,12.05,False,UC-143,Aziz Bhatti Town,Zone-16,Loader Rickshaw,Aziz Bhatti Town,True,2026-08-19
60269,LR-1411,LR1411,Lahore,"Tehsil Office, Aziz Bhatti Town",LWMC-AzBT,Loader Rickshaw,Door To Door Collection,moving,on,29.06,112.4,31.561018,74.372168,19/08/2026 10:58 AM,19/08/2026 11:00 AM,Reporting,Excess Idling,13.42,False,UC-119,Gulberg Town,Zone-19,Loader Rickshaw,Aziz Bhatti Town,False,2026-08-19
60915,LR-1651,LR1651,Lahore,"Tehsil Office, Aziz Bhatti Town",LWMC-AzBT,Loader Rickshaw,Door To Door Collection,still,off,19.078,75.66,31.54935,74.423866,19/08/2026 10:58 AM,19/08/2026 11:00 AM,Reporting,Excess Idling,11.54,False,UC-151,Aziz Bhatti Town,Zone-17,Loader Rickshaw,Aziz Bhatti Town,True,2026-08-19
59781,S-41,S41,Lahore,"Tehsil Office, Aziz Bhatti Town",LWMC-AzBT,Mini Dumper,Bulk Waste Collection,still,off,18.719,145.33,31.557765,74.411423,19/08/2026 10:50 AM,19/08/2026 11:00 AM,Reporting,Parked,0.0,True,UC-147,Aziz Bhatti Town,Zone-16,Mini Dumper,Aziz Bhatti Town,True,2026-08-19
-,M-78-,M78,Lahore,"Tehsil Office, Aziz Bhatti Town",LWMC-AzBT,-,-,still,off,49.553,193.18,31.611205,74.383232,19/08/2026 10:58 AM,19/08/2026 11:00 AM,Reporting,Moving,0.0,True,UC-108,Wagha Town,Zone-13,Foton-Mini Dumper,Aziz Bhatti Town,False,2026-08-19
59759,S-317,S317,Lahore,"Tehsil Office, Aziz Bhatti Town",LWMC-AzBT,Mini Dumper,Bulk Waste Collection,moving,on,44.865,153.58,31.559252,74.372295,19/08/2026 10:57 AM,19/08/2026 11:00 AM,Reporting,Parked,0.0,True,UC-187,Aziz Bhatti Town,Zone-18,Mini Dumper,Aziz Bhatti Town,True,2026-08-19
60950,LR-2462,LR2462,Lahore,"Tehsil Office, Aziz Bhatti Town",LWMC-AzBT,Loader Rickshaw,Door To Door Collection,still,off,54.951,145.4,31.579732,74.367794,19/08/2026 10:59 AM,19/08/2026 11:00 AM,Reporting,Parked,11.59,False,UC-126,Shalimar Town,Zone-9,Loader Rickshaw,Aziz Bhatti Town,False,2026-08-19
59293,LR-0192,LR0192,Lahore,"Tehsil Office, Aziz Bhatti Town",LWMC-AzBT,Loader Rickshaw,Door To Door Collection,still,off,16.986,95.38,31.544344,74.405511,19/08/2026 10:58 AM,19/08/2026 11:00 AM,Reporting,Excess Idling,11.38,False,UC-150,Aziz Bhatti Town,Zone-17,Loader Rickshaw,Aziz Bhatti Town,True,2026-08-19
60131,LR-1953,LR1953,Lahore,"Tehsil Office, Aziz Bhatti Town",LWMC-AzBT,Loader Rickshaw,Door To Door Collection,moving,on,27.88,79.93,31.586591,74.401619,19/08/2026 10:55 AM,19/08/2026 11:00 AM,Reporting,Excess Idling,11.59,False,UC-139,Aziz Bhatti Town,Zone-15,Loader Rickshaw,Aziz Bhatti Town,True,2026-08-19
60496,LR-0193,LR0193,Lahore,"Tehsil Office, Aziz Bhatti Town",LWMC-AzBT,Loader Rickshaw,Door To Door Collection,still,off,17.516,71.83,31.552276,74.413935,19/08/2026 10:58 AM,19/08/2026 11:00 AM,Reporting,Excess Idling,12.05,False,UC-150,Aziz Bhatti Town,Zone-17,Loader Rickshaw,Aziz Bhatti Town,True,2026-08-19
-,LR-1519,LR1519,Lahore,"Tehsil Office, Aziz Bhatti Town",LWMC-AzBT,-,-,still,off,15.252,48.81,31.297314,74.180472,19/08/2026 11:00 AM,19/08/2026 11:00 AM,Reporting,Excess Idling,11.89,False,UC-267,Allama Iqbal Town,Zone-43,Loader Rickshaw,Allama Iqbal Town,True,2026-08-19
62171,S-99,S99,Lahore,"Tehsil Office, Aziz Bhatti Town",LWMC-AzBT,Mini Dumper,Bulk Waste Collection,still,off,,,31.609172,74.380265,19/08/2026 10:50 AM,19/08/2026 11:03 AM,Reporting,No Activity Since Yesterday,0.0,True,UC-108,Wagha Town,Zone-13,Mini Dumper,Aziz Bhatti Town,False,2026-08-19
59575,M-99,M99,Lahore,"Tehsil Office, Aziz Bhatti Town",LWMC-AzBT,Mini Tipper Diesel,Bulk Waste Collection,moving,on,51.18,183.18,31.575763,74.397217,19/08/2026 10:59 AM,19/08/2026 11:00 AM,Reporting,Parked,0.0,True,UC-141,Aziz Bhatti Town,Zone-15,Foton-Mini Dumper,Aziz Bhatti Town,True,2026-08-19
59557,D-39,D39,Lahore,"Tehsil Office, Aziz Bhatti Town",LWMC-AzBT,Dumper (10CM),Bulk Waste Collection,moving,on,124.266,240.41,31.609197,74.38014,19/08/2026 10:58 AM,19/08/2026 11:00 AM,Reporting,Idle,0.0,True,UC-108,Wagha Town,Zone-13,Dumper,Aziz Bhatti Town,False,2026-08-19
59764,S-345,S345,Lahore,"Tehsil Office, Aziz Bhatti Town",LWMC-AzBT,Mini Dumper,Bulk Waste Collection,still,off,24.174,129.38,31.552368,74.413895,19/08/2026 10:58 AM,19/08/2026 11:00 AM,Reporting,Moving,0.0,True,UC-150,Aziz Bhatti Town,Zone-17,Mini Dumper,Aziz Bhatti Town,True,2026-08-19
59573,M-89,M89,Lahore,"Tehsil Office, Aziz Bhatti Town",LWMC-AzBT,Mini Tipper Diesel,Bulk Waste Collection,still,off,48.48,195.41,31.545638,74.416357,19/08/2026 10:59 AM,19/08/2026 11:00 AM,Reporting,Parked,0.0,True,UC-150,Aziz Bhatti Town,Zone-17,Foton-Mini Dumper,Aziz Bhatti Town,True,2026-08-19
59457,LR-1654,LR1654,Lahore,"Tehsil Office, Aziz Bhatti Town",LWMC-AzBT,Loader Rickshaw,Door To Door Collection,still,off,,,31.57504,74.370815,19/08/2026 10:57 AM,19/08/2026 11:00 AM,Reporting,No Activity Since Yesterday,11.33,False,UC-120,Gulberg Town,Zone-19,Loader Rickshaw,Aziz Bhatti Town,False,2026-08-19
59739,S-159,S159,Lahore,"Tehsil Office, Aziz Bhatti Town",LWMC-AzBT,Mini Dumper,Bulk Waste Collection,moving,on,24.127,134.31,31.573803,74.435397,19/08/2026 10:54 AM,19/08/2026 11:00 AM,Reporting,Parked,0.0,True,UC-145,Aziz Bhatti Town,Zone-16,Mini Dumper,Aziz Bhatti Town,True,2026-08-19
59332,LR-2585,LR2585,Lahore,"Tehsil Office, Aziz Bhatti Town",LWMC-AzBT,Loader Rickshaw,Door To Door Collection,still,off,22.046,74.51,31.573028,74.459076,19/08/2026 10:58 AM,19/08/2026 11:00 AM,Reporting,Excess Idling,12.25,False,UC-152,Aziz Bhatti Town,Zone-16,Loader Rickshaw,Aziz Bhatti Town,True,2026-08-19
59536,C-1314,C1314,Lahore,"Tehsil Office, Aziz Bhatti Town",LWMC-AzBT,Compactor (13CM),Container-Based Collection,moving,on,51.91,260.19,31.56817,74.435375,19/08/2026 10:53 AM,19/08/2026 11:00 AM,Reporting,Idle,0.0,True,UC-192,Wagha Town,Zone-14,Compactor,Aziz Bhatti Town,False,2026-08-19
59400,LR-2590,LR2590,Lahore,"Tehsil Office, Aziz Bhatti Town",LWMC-AzBT,Loader Rickshaw,Door To Door Collection,still,off,38.595,135.66,31.581424,74.419723,19/08/2026 10:58 AM,19/08/2026 11:00 AM,Reporting,Excess Idling,11.84,False,UC-143,Aziz Bhatti Town,Zone-16,Loader Rickshaw,Aziz Bhatti Town,True,2026-08-19
59751,S-277,S277,Lahore,"Tehsil Office, Aziz Bhatti Town",LWMC-AzBT,Mini Dumper,Bulk Waste Collection,still,off,0.009,0.01,31.623562,74.421522,19/08/2026 10:35 AM,19/08/2026 11:00 AM,Reporting,No Activity Since Yesterday,0.0,True,UC-108,Wagha Town,Zone-13,Mini Dumper,Aziz Bhatti Town,False,2026-08-19
60257,LR-0720,LR0720,Lahore,"Tehsil Office, Aziz Bhatti Town",LWMC-AzBT,Loader Rickshaw,Door To Door Collection,moving,on,31.732,194.5,31.603722,74.400251,19/08/2026 11:00 AM,19/08/2026 11:00 AM,Reporting,Excess Idling,11.03,False,,,,Loader Rickshaw,Aziz Bhatti Town,False,2026-08-19
59334,LR-2385,LR2385,Lahore,"Tehsil Office, Aziz Bhatti Town",LWMC-AzBT,Loader Rickshaw,Door To Door Collection,still,off,24.598,82.84,31.608459,74.388931,19/08/2026 10:58 AM,19/08/2026 11:00 AM,Reporting,Parked,11.64,False,UC-108,Wagha Town,Zone-13,Loader Rickshaw,Aziz Bhatti Town,False,2026-08-19
59486,LR-1120,LR1120,Lahore,"Tehsil Office, Aziz Bhatti Town",LWMC-AzBT,Loader Rickshaw,Door To Door Collection,still,off,35.384,135.41,31.576382,74.413133,19/08/2026 10:58 AM,19/08/2026 11:00 AM,Reporting,Excess Idling,11.33,False,UC-143,Aziz Bhatti Town,Zone-16,Loader Rickshaw,Aziz Bhatti Town,True,2026-08-19
59756,S-311,S311,Lahore,"Tehsil Office, Aziz Bhatti Town",LWMC-AzBT,Mini Dumper,Bulk Waste Collection,still,off,,,31.623582,74.421653,19/08/2026 10:49 AM,19/08/2026 11:00 AM,Reporting,No Activity Since Yesterday,0.0,True,UC-108,Wagha Town,Zone-13,Mini Dumper,Aziz Bhatti Town,False,2026-08-19
59792,S-77,S77,Lahore,"Tehsil Office, Aziz Bhatti Town",LWMC-AzBT,Mini Dumper,Bulk Waste Collection,moving,on,41.39,145.76,31.558937,74.380018,19/08/2026 10:58 AM,19/08/2026 11:00 AM,Reporting,Parked,0.0,True,UC-184,Aziz Bhatti Town,Zone-18,Mini Dumper,Aziz Bhatti Town,True,2026-08-19
59620,MFL-86,MFL86,Lahore,"Tehsil Office, Aziz Bhatti Town",LWMC-AzBT,Loader,Bulk Waste Collection,moving,on,11.186,378.05,31.570295,74.390833,19/08/2026 10:57 AM,19/08/2026 11:00 AM,Reporting,Excess Idling,0.0,True,UC-142,Aziz Bhatti Town,Zone-15,Loader,Aziz Bhatti Town,True,2026-08-19
59569,M-67,M67,Lahore,"Tehsil Office, Aziz Bhatti Town",LWMC-AzBT,Mini Tipper Diesel,Bulk Waste Collection,moving,on,46.524,263.5,31.549233,74.366448,19/08/2026 10:59 AM,19/08/2026 11:00 AM,Reporting,Parked,0.0,True,,,,Foton-Mini Dumper,Aziz Bhatti Town,False,2026-08-19
59538,C-1359,C1359,Lahore,"Tehsil Office, Aziz Bhatti Town",LWMC-AzBT,Compactor (13CM),Container-Based Collection,moving,on,82.981,302.71,31.609127,74.380093,19/08/2026 10:59 AM,19/08/2026 11:00 AM,Reporting,Moving,0.0,True,UC-108,Wagha Town,Zone-13,Compactor,Aziz Bhatti Town,False,2026-08-19
59570,M-68,M68,Lahore,"Tehsil Office, Aziz Bhatti Town",LWMC-AzBT,Mini Tipper Diesel,Bulk Waste Collection,moving,on,54.709,184.69,31.582522,74.412385,19/08/2026 10:58 AM,19/08/2026 11:00 AM,Reporting,Parked,0.0,True,UC-140,Aziz Bhatti Town,Zone-15,Foton-Mini Dumper,Aziz Bhatti Town,True,2026-08-19
60298,LR-1920,LR1920,Lahore,"Tehsil Office, Aziz Bhatti Town",LWMC-AzBT,Loader Rickshaw,Door To Door Collection,still,off,35.362,143.96,31.570448,74.400371,19/08/2026 10:58 AM,19/08/2026 11:00 AM,Reporting,Excess Idling,11.84,False,UC-142,Aziz Bhatti Town,Zone-15,Loader Rickshaw,Aziz Bhatti Town,True,2026-08-19
59230,LR-1650,LR1650,Lahore,"Tehsil Office, Aziz Bhatti Town",LWMC-AzBT,Loader Rickshaw,Door To Door Collection,still,off,16.995,338.26,31.552693,74.423622,19/08/2026 10:58 AM,19/08/2026 11:00 AM,Reporting,Excess Idling,11.59,False,UC-152,Aziz Bhatti Town,Zone-16,Loader Rickshaw,Aziz Bhatti Town,True,2026-08-19
18506,C13-1067,C131067,Lahore,"Tehsil Office, Aziz Bhatti Town",LWMC-AzBT,Compactor (13CM),Container-Based Collection,still,off,,,31.623322,74.421213,19/08/2026 10:48 AM,19/08/2026 11:00 AM,Reporting,No Activity Since Yesterday,0.0,True,UC-108,Wagha Town,Zone-13,Compactor,Aziz Bhatti Town,False,2026-08-19
59489,LR-1093,LR1093,Lahore,"Tehsil Office, Aziz Bhatti Town",LWMC-AzBT,Loader Rickshaw,Door To Door Collection,still,off,,,31.575273,74.370804,19/08/2026 07:30 AM,19/08/2026 08:00 AM,Reporting,No Activity Since Yesterday,10.98,False,UC-120,Gulberg Town,Zone-19,Loader Rickshaw,Aziz Bhatti Town,False,2026-08-19
60544,LR-2768,LR2768,Lahore,"Tehsil Office, Aziz Bhatti Town",LWMC-AzBT,Loader Rickshaw,Door To Door Collection,moving,on,39.038,196.03,31.582541,74.449012,19/08/2026 10:57 AM,19/08/2026 11:00 AM,Reporting,Excess Idling,8.94,False,UC-145,Aziz Bhatti Town,Zone-16,Loader Rickshaw,Aziz Bhatti Town,True,2026-08-19
59537,C-1358,C1358,Lahore,"Tehsil Office, Aziz Bhatti Town",LWMC-AzBT,Compactor (13CM),Container-Based Collection,moving,on,71.315,300.18,31.56472,74.393683,19/08/2026 10:57 AM,19/08/2026 11:00 AM,Reporting,Moving,0.0,True,UC-146,Aziz Bhatti Town,Zone-16,Compactor,Aziz Bhatti Town,True,2026-08-19
59635,ND-103,ND103,Lahore,"Tehsil Office, Aziz Bhatti Town",LWMC-AzBT,Dumper (15CM),Bulk Waste Collection,still,off,91.513,267.33,31.55597,74.420263,19/08/2026 10:54 AM,19/08/2026 11:00 AM,Reporting,Moving,0.0,True,,,,Dumper,Aziz Bhatti Town,False,2026-08-19
18651,C-740,C740,Lahore,"Tehsil Office, Aziz Bhatti Town",LWMC-AzBT,Compactor (7CM),Container-Based Collection,still,off,98.31,316.08,31.575047,74.442223,19/08/2026 10:59 AM,19/08/2026 11:00 AM,Reporting,Parked,0.0,True,UC-145,Aziz Bhatti Town,Zone-16,Compactor,Aziz Bhatti Town,True,2026-08-19
59795,S-83,S83,Lahore,"Tehsil Office, Aziz Bhatti Town",LWMC-AzBT,Mini Dumper,Bulk Waste Collection,still,off,38.738,131.58,31.555277,74.364262,19/08/2026 10:59 AM,19/08/2026 11:00 AM,Reporting,Parked,0.0,True,UC-186,Aziz Bhatti Town,Zone-18,Mini Dumper,Aziz Bhatti Town,True,2026-08-19
60492,LR-2792,LR2792,Lahore,"Tehsil Office, Aziz Bhatti Town",LWMC-AzBT,Loader Rickshaw,Door To Door Collection,still,off,,,31.574926,74.370494,19/08/2026 10:57 AM,19/08/2026 11:00 AM,Reporting,No Activity Since Yesterday,11.08,False,UC-120,Gulberg Town,Zone-19,Loader Rickshaw,Aziz Bhatti Town,False,2026-08-19
59428,LR-0746,LR0746,Lahore,"Tehsil Office, Aziz Bhatti Town",LWMC-AzBT,Loader Rickshaw,Door To Door Collection,still,off,22.106,69.65,31.547553,74.360486,19/08/2026 10:57 AM,19/08/2026 11:00 AM,Reporting,Parked,11.18,False,UC-188,Aziz Bhatti Town,Zone-18,Loader Rickshaw,Aziz Bhatti Town,True,2026-08-19
59565,M-131,M131,Lahore,"Tehsil Office, Aziz Bhatti Town",LWMC-AzBT,Mini Tipper Diesel,Bulk Waste Collection,moving,on,28.055,134.05,31.607698,74.424907,19/08/2026 10:58 AM,19/08/2026 11:00 AM,Reporting,Parked,0.0,True,UC-174,Wagha Town,Zone-12,Foton-Mini Dumper,Aziz Bhatti Town,False,2026-08-19
59651,S-05,S05,Lahore,"Tehsil Office, Aziz Bhatti Town",LWMC-AzBT,Mini Dumper,Bulk Waste Collection,moving,on,35.306,110.28,31.585215,74.496108,19/08/2026 10:57 AM,19/08/2026 11:00 AM,Reporting,Moving,0.0,True,UC-183,Wagha Town,Zone-13,Mini Dumper,Aziz Bhatti Town,False,2026-08-19
59836,S-91,S91,Lahore,"Tehsil Office, Aziz Bhatti Town",LWMC-AzBT,Mini Dumper,Bulk Waste Collection,still,off,,,31.623547,74.421408,19/08/2026 10:47 AM,19/08/2026 11:00 AM,Reporting,No Activity Since Yesterday,0.0,True,UC-108,Wagha Town,Zone-13,Mini Dumper,Aziz Bhatti Town,False,2026-08-19
-,LR-2915,LR2915,Lahore,"Tehsil Office, Aziz Bhatti Town",LWMC-AzBT,-,-,still,off,26.184,75.65,31.443348,74.292277,19/08/2026 10:56 AM,19/08/2026 11:00 AM,Reporting,Excess Idling,12.25,False,UC-222,Allama Iqbal Town,Zone-39,,Aziz Bhatti Town,False,2026-08-19
-,LR-2933,LR2933,Lahore,"Tehsil Office, Aziz Bhatti Town",LWMC-AzBT,-,-,moving,on,7.589,94.83,31.468799,74.269403,19/08/2026 10:58 AM,19/08/2026 11:00 AM,Reporting,Moving,14.09,False,UC-115,Allama Iqbal Town,Zone-40,,Aziz Bhatti Town,False,2026-08-19
59564,M-130,M130,Lahore,"Tehsil Office, Aziz Bhatti Town",LWMC-AzBT,Mini Tipper Diesel,Bulk Waste Collection,moving,on,41.459,135.61,31.567457,74.408492,19/08/2026 10:58 AM,19/08/2026 11:00 AM,Reporting,Parked,0.0,True,UC-146,Aziz Bhatti Town,Zone-16,Foton-Mini Dumper,Aziz Bhatti Town,True,2026-08-19
59497,LR-1917,LR1917,Lahore,"Tehsil Office, Aziz Bhatti Town",LWMC-AzBT,Loader Rickshaw,Door To Door Collection,still,off,13.353,71.41,31.578529,74.402487,19/08/2026 10:58 AM,19/08/2026 11:00 AM,Reporting,Excess Idling,11.59,False,UC-140,Aziz Bhatti Town,Zone-15,Loader Rickshaw,Aziz Bhatti Town,True,2026-08-19
59714,S-107,S107,Lahore,"Tehsil Office, Aziz Bhatti Town",LWMC-AzBT,Mini Dumper,Bulk Waste Collection,moving,on,31.052,161.58,31.580253,74.412605,19/08/2026 10:51 AM,19/08/2026 11:00 AM,Reporting,Parked,0.0,True,UC-140,Aziz Bhatti Town,Zone-15,Mini Dumper,Aziz Bhatti Town,True,2026-08-19
59617,MFL-60,MFL60,Lahore,"Tehsil Office, Aziz Bhatti Town",LWMC-AzBT,Loader,Bulk Waste Collection,still,off,22.448,218.09,31.5562,74.420223,19/08/2026 10:59 AM,19/08/2026 11:00 AM,Reporting,Parked,0.0,True,UC-152,Aziz Bhatti Town,Zone-16,Loader,Aziz Bhatti Town,True,2026-08-19
60142,WR-0034,WR0034,Lahore,"Tehsil Office, Nishter Town",LWMC-NiTo,Rickshaw Washer,Bulk Waste Collection,still,off,25.158,221.58,31.370642,74.365238,19/08/2026 10:58 AM,19/08/2026 11:00 AM,Reporting,Parked,11.79,False,UC-247,Nishter Town,Zone-48,Washer Rickshaw,Nishter Town,True,2026-08-19
60853,LR-1361,LR1361,Lahore,"Tehsil Office, Nishter Town",LWMC-NiTo,Loader Rickshaw,Door To Door Collection,still,off,12.621,348.96,31.464296,74.342593,19/08/2026 10:57 AM,19/08/2026 11:00 AM,Reporting,Parked,11.59,False,UC-227,Nishter Town,Zone-44,Loader Rickshaw,Nishter Town,True,2026-08-19
18593,C13-1064,C131064,Lahore,"Tehsil Office, Nishter Town",LWMC-NiTo,Compactor (13CM),Container-Based Collection,moving,on,67.966,655.71,31.437527,74.355845,19/08/2026 10:57 AM,19/08/2026 11:00 AM,Reporting,Parked,0.0,True,UC-243,Nishter Town,Zone-44,Compactor,DGBT,False,2026-08-19
60463,LR-1367,LR1367,Lahore,"Tehsil Office, Nishter Town",LWMC-NiTo,Loader Rickshaw,Door To Door Collection,still,off,,427.8,31.368016,74.365092,19/08/2026 10:57 AM,19/08/2026 11:00 AM,Reporting,No Activity Since Yesterday,12.81,False,UC-248,Nishter Town,Zone-49,Loader Rickshaw,Nishter Town,True,2026-08-19
18470,C05-139,C05139,Lahore,"Tehsil Office, Nishter Town",LWMC-NiTo,Chain Arm Roll,Container-Based Collection,still,off,53.225,658.04,31.38802,74.349576,19/08/2026 10:58 AM,19/08/2026 11:00 AM,Reporting,Moving,28.72,False,UC-244,Nishter Town,Zone-48,Chain Arm Roll,Nishter Town,True,2026-08-19
60520,LR-0181,LR0181,Lahore,"Tehsil Office, Nishter Town",LWMC-NiTo,Loader Rickshaw,Door To Door Collection,moving,on,22.643,637.7,31.388268,74.345073,19/08/2026 10:59 AM,19/08/2026 11:00 AM,Reporting,Idle,12.61,False,UC-244,Nishter Town,Zone-48,Loader Rickshaw,Nishter Town,True,2026-08-19
18591,C13-1094,C131094,Lahore,"Tehsil Office, Nishter Town",LWMC-NiTo,Compactor (13CM),Container-Based Collection,moving,on,25.551,659.83,31.44286,74.397963,19/08/2026 11:00 AM,19/08/2026 11:00 AM,Reporting,Moving,27.65,False,UC-254,Nishter Town,Zone-45,Compactor,Shalimar Town,False,2026-08-19
60663,LR-1937,LR1937,Lahore,"Tehsil Office, Nishter Town",LWMC-NiTo,Loader Rickshaw,Door To Door Collection,still,off,30.936,651.08,31.420157,74.304403,19/08/2026 10:57 AM,19/08/2026 11:00 AM,Reporting,Excess Idling,11.79,False,UC-240,Nishter Town,Zone-46,Loader Rickshaw,Nishter Town,True,2026-08-19
60153,LR-0905,LR0905,Lahore,"Tehsil Office, Nishter Town",LWMC-NiTo,Loader Rickshaw,Door To Door Collection,still,off,17.949,534.29,31.447031,74.434942,19/08/2026 10:57 AM,19/08/2026 11:00 AM,Reporting,Excess Idling,11.74,False,UC-197,Nishter Town,Zone-45,Loader Rickshaw,Nishter Town,True,2026-08-19
-,LR-2860,LR2860,Lahore,"Tehsil Office, Nishter Town",LWMC-NiTo,-,-,still,off,0.005,44.64,31.275903,74.253422,19/08/2026 12:51 AM,19/08/2026 01:00 AM,Reporting,No Activity Since Yesterday,0.0,True,UC-268,Allama Iqbal Town,Zone-43,Loader Rickshaw,Nishter Town,False,2026-08-19
60360,LR-3040,LR3040,Lahore,"Tehsil Office, Nishter Town",LWMC-NiTo,Loader Rickshaw,Door To Door Collection,still,off,29.93,657.61,31.320847,74.411451,19/08/2026 10:57 AM,19/08/2026 11:00 AM,Reporting,Excess Idling,11.59,False,UC-253,Nishter Town,Zone-49,Loader Rickshaw,Nishter Town,True,2026-08-19
60757,LR-0182,LR0182,Lahore,"Tehsil Office, Nishter Town",LWMC-NiTo,Loader Rickshaw,Door To Door Collection,still,off,,542.0,31.367993,74.364764,19/08/2026 10:57 AM,19/08/2026 11:00 AM,Reporting,No Activity Since Yesterday,8.12,False,UC-248,Nishter Town,Zone-49,Loader Rickshaw,Nishter Town,True,2026-08-19
61748,LR-1756,LR1756,Lahore,"Tehsil Office, Nishter Town",LWMC-NiTo,Loader Rickshaw,Door To Door Collection,still,off,1.591,253.78,31.454929,74.335253,19/08/2026 09:33 AM,19/08/2026 11:00 AM,Reporting,Excess Idling,10.82,False,UC-233,Allama Iqbal Town,Zone-39,Loader Rickshaw,Nishter Town,False,2026-08-19
60675,LR-2200,LR2200,Lahore,"Tehsil Office, Nishter Town",LWMC-NiTo,Loader Rickshaw,Door To Door Collection,moving,on,21.164,658.98,31.442493,74.305467,19/08/2026 10:59 AM,19/08/2026 11:00 AM,Reporting,Parked,13.17,False,UC-239,Nishter Town,Zone-46,Loader Rickshaw,Nishter Town,True,2026-08-19
61241,LR-1755,LR1755,Lahore,"Tehsil Office, Nishter Town",LWMC-NiTo,Loader Rickshaw,Door To Door Collection,still,off,21.082,413.64,31.379289,74.3589,19/08/2026 10:58 AM,19/08/2026 11:00 AM,Reporting,Excess Idling,11.54,False,UC-244,Nishter Town,Zone-48,Loader Rickshaw,Nishter Town,True,2026-08-19
19856,S-280,S280,Lahore,"Tehsil Office, Nishter Town",LWMC-NiTo,Mini Dumper,Bulk Waste Collection,still,off,45.493,162.51,31.446593,74.392977,19/08/2026 10:49 AM,19/08/2026 11:00 AM,Reporting,Parked,0.0,True,UC-249,Nishter Town,Zone-45,Mini Dumper,Nishter Town,True,2026-08-19
18672,C-748,C748,Lahore,"Tehsil Office, Nishter Town",LWMC-NiTo,Compactor (7CM),Container-Based Collection,moving,on,100.192,307.86,31.308005,74.39592,19/08/2026 10:58 AM,19/08/2026 11:00 AM,Reporting,Parked,0.0,True,UC-252,Nishter Town,Zone-49,Compactor,Nishter Town,True,2026-08-19
19869,M-108,M108,Lahore,"Tehsil Office, Nishter Town",LWMC-NiTo,Mini Dumper,Bulk Waste Collection,still,off,,,31.478658,74.343822,19/08/2026 10:46 AM,19/08/2026 11:00 AM,Reporting,No Activity Since Yesterday,0.0,True,UC-206,Gulberg Town,Zone-22,Foton-Mini Dumper,Nishter Town,False,2026-08-19
61033,LR-0102,LR0102,Lahore,"Tehsil Office, Nishter Town",LWMC-NiTo,Loader Rickshaw,Door To Door Collection,moving,on,24.925,72.71,31.410535,74.378429,19/08/2026 10:58 AM,19/08/2026 11:00 AM,Reporting,Excess Idling,11.89,False,UC-254,Nishter Town,Zone-45,Loader Rickshaw,Nishter Town,True,2026-08-19
61024,C13-85,C1385,Lahore,"Tehsil Office, Nishter Town",LWMC-NiTo,Compactor (13CM),Bulk Waste Collection,moving,on,81.368,319.31,31.429708,74.306548,19/08/2026 10:58 AM,19/08/2026 11:00 AM,Reporting,Idle,0.0,True,UC-240,Nishter Town,Zone-46,Compactor,Nishter Town,True,2026-08-19
60892,C10-192,C10192,Lahore,"Tehsil Office, Nishter Town",LWMC-NiTo,Dumper (10CM),Bulk Waste Collection,moving,on,45.764,143.06,31.376198,74.35133,19/08/2026 10:58 AM,19/08/2026 11:00 AM,Reporting,Idle,0.0,True,UC-250,Nishter Town,Zone-48,Dumper,Nishter Town,True,2026-08-19
-,LR-1884,LR1884,Lahore,"Tehsil Office, Nishter Town",LWMC-NiTo,-,-,still,off,18.686,72.48,31.446413,74.358907,19/08/2026 10:59 AM,19/08/2026 11:00 AM,Reporting,Excess Idling,11.79,False,UC-230,Nishter Town,Zone-44,Loader Rickshaw,Nishter Town,True,2026-08-19
19899,M-101,M101,Lahore,"Tehsil Office, Nishter Town",LWMC-NiTo,Mini Dumper,Bulk Waste Collection,still,off,63.218,186.19,31.478612,74.344018,19/08/2026 10:50 AM,19/08/2026 11:00 AM,Reporting,Parked,0.0,True,UC-206,Gulberg Town,Zone-22,Foton-Mini Dumper,Nishter Town,False,2026-08-19
19884,S-225,S225,Lahore,"Tehsil Office, Nishter Town",LWMC-NiTo,Mini Dumper,Bulk Waste Collection,moving,on,38.432,199.16,31.449073,74.354288,19/08/2026 10:59 AM,19/08/2026 11:00 AM,Reporting,Parked,0.0,True,,,,Mini Dumper,Samnabad Town,False,2026-08-19
61266,LR-2351,LR2351,Lahore,"Tehsil Office, Nishter Town",LWMC-NiTo,Loader Rickshaw,Door To Door Collection,still,off,,,31.438755,74.355303,19/08/2026 10:50 AM,19/08/2026 11:00 AM,Reporting,No Activity Since Yesterday,0.0,True,UC-243,Nishter Town,Zone-44,Loader Rickshaw,Nishter Town,True,2026-08-19
-,LR-0105,LR0105,Lahore,"Tehsil Office, Nishter Town",LWMC-NiTo,-,-,moving,on,17.217,306.03,31.443613,74.306945,19/08/2026 10:57 AM,19/08/2026 11:00 AM,Reporting,Parked,0.0,True,UC-239,Nishter Town,Zone-46,Loader Rickshaw,Nishter Town,True,2026-08-19
61039,LR-3030,LR3030,Lahore,"Tehsil Office, Nishter Town",LWMC-NiTo,Loader Rickshaw,Door To Door Collection,still,off,20.541,88.68,31.373617,74.352772,19/08/2026 10:57 AM,19/08/2026 11:00 AM,Reporting,Excess Idling,11.59,False,UC-250,Nishter Town,Zone-48,Loader Rickshaw,Nishter Town,True,2026-08-19
61280,LR-2854,LR2854,Lahore,"Tehsil Office, Nishter Town",LWMC-NiTo,Loader Rickshaw,Door To Door Collection,still,off,37.546,106.2,31.388271,74.274438,19/08/2026 10:57 AM,19/08/2026 11:00 AM,Reporting,Excess Idling,11.74,False,UC-257,Allama Iqbal Town,Zone-40,Loader Rickshaw,Nishter Town,False,2026-08-19
19891,S-284,S284,Lahore,"Tehsil Office, Nishter Town",LWMC-NiTo,Mini Dumper,Bulk Waste Collection,moving,on,66.081,239.66,31.45822,74.350642,19/08/2026 10:57 AM,19/08/2026 11:00 AM,Reporting,Parked,0.0,True,,,,Mini Dumper,Nishter Town,False,2026-08-19
61044,LR-1525,LR1525,Lahore,"Tehsil Office, Nishter Town",LWMC-NiTo,Loader Rickshaw,Door To Door Collection,moving,on,18.671,83.13,31.388293,74.362156,19/08/2026 11:00 AM,19/08/2026 11:00 AM,Reporting,Parked,11.84,False,UC-244,Nishter Town,Zone-48,Loader Rickshaw,Nishter Town,True,2026-08-19
-,LR-0614,LR0614,Lahore,"Tehsil Office, Nishter Town",LWMC-NiTo,-,-,still,off,,,31.484878,74.30221,19/08/2026 10:47 AM,19/08/2026 11:00 AM,Reporting,No Activity Since Yesterday,0.0,True,UC-211,Gulberg Town,Zone-23,Loader Rickshaw,Gulberg Town,True,2026-08-19
19861,S-201,S201,Lahore,"Tehsil Office, Nishter Town",LWMC-NiTo,Mini Dumper,Bulk Waste Collection,moving,on,50.033,158.13,31.410095,74.39059,19/08/2026 10:58 AM,19/08/2026 11:00 AM,Reporting,Moving,0.0,True,UC-254,Nishter Town,Zone-45,Mini Dumper,Nishter Town,True,2026-08-19
-,LR-1773,LR1773,Lahore,"Tehsil Office, Nishter Town",LWMC-NiTo,-,-,still,off,12.972,45.88,31.443778,74.356019,19/08/2026 10:57 AM,19/08/2026 11:00 AM,Reporting,Excess Idling,11.54,False,UC-230,Nishter Town,Zone-44,Loader Rickshaw,Nishter Town,True,2026-08-19
61997,LR-1763,LR1763,Lahore,"Tehsil Office, Nishter Town",LWMC-NiTo,Loader Rickshaw,Door To Door Collection,still,off,13.332,67.45,31.349926,74.372463,19/08/2026 10:58 AM,19/08/2026 11:00 AM,Reporting,Moving,12.4,False,UC-248,Nishter Town,Zone-49,Loader Rickshaw,Nishter Town,True,2026-08-19
-,S-369,S369,Lahore,"Tehsil Office, Nishter Town",LWMC-NiTo,-,-,still,off,71.995,146.68,31.478658,74.34401,19/08/2026 10:46 AM,19/08/2026 11:00 AM,Reporting,Parked,0.0,True,UC-206,Gulberg Town,Zone-22,Mini Dumper,Nishter Town,False,2026-08-19
19883,S-22,S22,Lahore,"Tehsil Office, Nishter Town",LWMC-NiTo,Mini Dumper,Bulk Waste Collection,moving,on,57.263,232.15,31.441822,74.317612,19/08/2026 10:58 AM,19/08/2026 11:00 AM,Reporting,Parked,0.0,True,UC-233,Allama Iqbal Town,Zone-39,Mini Dumper,Nishter Town,False,2026-08-19
61056,LR-0870,LR0870,Lahore,"Tehsil Office, Nishter Town",LWMC-NiTo,Loader Rickshaw,Door To Door Collection,still,off,,,31.363082,74.36743,19/08/2026 10:44 AM,19/08/2026 11:00 AM,Reporting,No Activity Since Yesterday,0.0,True,UC-248,Nishter Town,Zone-49,Loader Rickshaw,Nishter Town,True,2026-08-19
19895,S-126,S126,Lahore,"Tehsil Office, Nishter Town",LWMC-NiTo,Mini Dumper,Bulk Waste Collection,still,off,64.533,229.83,31.449458,74.311417,19/08/2026 10:48 AM,19/08/2026 11:00 AM,Reporting,Parked,0.0,True,UC-234,Allama Iqbal Town,Zone-39,Mini Dumper,Nishter Town,False,2026-08-19
59876,D-71,D71,Lahore,"Tehsil Office, Nishter Town",LWMC-NiTo,Dumper (10CM),Bulk Waste Collection,still,off,7.749,89.76,31.478668,74.343978,19/08/2026 10:46 AM,19/08/2026 11:00 AM,Reporting,Parked,0.0,True,UC-206,Gulberg Town,Zone-22,Dumper,Nishter Town,False,2026-08-19
19857,S-309,S309,Lahore,"Tehsil Office, Nishter Town",LWMC-NiTo,Mini Dumper,Bulk Waste Collection,still,off,,,31.478193,74.344052,19/08/2026 10:47 AM,19/08/2026 11:00 AM,Reporting,No Activity Since Yesterday,0.0,True,UC-206,Gulberg Town,Zone-22,Mini Dumper,Nishter Town,False,2026-08-19
19868,S-09,S09,Lahore,"Tehsil Office, Nishter Town",LWMC-NiTo,Mini Dumper,Bulk Waste Collection,moving,on,39.225,146.94,31.360933,74.424525,19/08/2026 10:57 AM,19/08/2026 11:00 AM,Reporting,Moving,0.0,True,UC-197,Nishter Town,Zone-45,Mini Dumper,Nishter Town,True,2026-08-19
19890,S-13,S13,Lahore,"Tehsil Office, Nishter Town",LWMC-NiTo,Mini Dumper,Bulk Waste Collection,still,off,,,31.449343,74.311338,19/08/2026 10:49 AM,19/08/2026 11:00 AM,Reporting,No Activity Since Yesterday,0.0,True,UC-234,Allama Iqbal Town,Zone-39,Mini Dumper,Nishter Town,False,2026-08-19
19874,S-60,S60,Lahore,"Tehsil Office, Nishter Town",LWMC-NiTo,Mini Dumper,Bulk Waste Collection,moving,on,49.326,145.81,31.426423,74.37055,19/08/2026 10:59 AM,19/08/2026 11:00 AM,Reporting,Parked,0.0,True,UC-243,Nishter Town,Zone-44,Mini Dumper,Nishter Town,True,2026-08-19
19901,S-35,S35,Lahore,"Tehsil Office, Nishter Town",LWMC-NiTo,Mini Dumper,Bulk Waste Collection,moving,on,30.164,100.25,31.449123,74.353583,19/08/2026 10:56 AM,19/08/2026 11:00 AM,Reporting,Parked,0.0,True,,,,Mini Dumper,Nishter Town,False,2026-08-19
60878,LR-2199,LR2199,Lahore,"Tehsil Office, Nishter Town",LWMC-NiTo,Loader Rickshaw,Door To Door Collection,moving,on,22.755,332.96,31.43247,74.302863,19/08/2026 10:59 AM,19/08/2026 11:00 AM,Reporting,Parked,0.0,True,UC-238,Nishter Town,Zone-46,Loader Rickshaw,Nishter Town,True,2026-08-19
60735,LR-0185,LR0185,Lahore,"Tehsil Office, Nishter Town",LWMC-NiTo,Loader Rickshaw,Door To Door Collection,moving,on,34.67,135.34,31.438761,74.370647,19/08/2026 10:59 AM,19/08/2026 11:00 AM,Reporting,Parked,11.94,False,UC-231,Nishter Town,Zone-45,Loader Rickshaw,Nishter Town,True,2026-08-19
19877,S-129,S129,Lahore,"Tehsil Office, Nishter Town",LWMC-NiTo,Mini Dumper,Bulk Waste Collection,moving,on,52.577,167.94,31.388583,74.344212,19/08/2026 10:55 AM,19/08/2026 11:00 AM,Reporting,Parked,0.0,True,UC-251,Nishter Town,Zone-47,Mini Dumper,Nishter Town,True,2026-08-19
61324,LR-1774,LR1774,Lahore,"Tehsil Office, Nishter Town",LWMC-NiTo,Loader Rickshaw,Door To Door Collection,still,off,15.552,59.14,31.349979,74.372644,19/08/2026 10:58 AM,19/08/2026 11:00 AM,Reporting,Parked,11.08,False,UC-248,Nishter Town,Zone-49,Loader Rickshaw,Nishter Town,True,2026-08-19
61767,LR-3025,LR3025,Lahore,"Tehsil Office, Nishter Town",LWMC-NiTo,Loader Rickshaw,Door To Door Collection,still,off,11.153,59.16,31.443509,74.375805,19/08/2026 10:56 AM,19/08/2026 11:00 AM,Reporting,Excess Idling,11.03,False,UC-231,Nishter Town,Zone-45,Loader Rickshaw,Nishter Town,True,2026-08-19
61769,LR-1752,LR1752,Lahore,"Tehsil Office, Nishter Town",LWMC-NiTo,Loader Rickshaw,Door To Door Collection,still,off,,,31.426195,74.357108,19/08/2026 10:47 AM,19/08/2026 11:00 AM,Reporting,No Activity Since Yesterday,0.0,True,UC-243,Nishter Town,Zone-44,Loader Rickshaw,Nishter Town,True,2026-08-19
19879,S-220,S220,Lahore,"Tehsil Office, Nishter Town",LWMC-NiTo,Mini Dumper,Bulk Waste Collection,still,off,37.463,109.13,31.446917,74.35452,19/08/2026 10:57 AM,19/08/2026 11:00 AM,Reporting,Parked,0.0,True,UC-230,Nishter Town,Zone-44,Mini Dumper,Nishter Town,True,2026-08-19
61380,LR-0319,LR0319,Lahore,"Tehsil Office, Nishter Town",LWMC-NiTo,Loader Rickshaw,Door To Door Collection,still,off,,,31.455109,74.33518,19/08/2026 10:57 AM,19/08/2026 11:00 AM,Reporting,No Activity Since Yesterday,11.94,False,UC-233,Allama Iqbal Town,Zone-39,Loader Rickshaw,Nishter Town,False,2026-08-19
61329,LR-0116,LR0116,Lahore,"Tehsil Office, Nishter Town",LWMC-NiTo,Loader Rickshaw,Door To Door Collection,moving,on,27.439,97.11,31.422428,74.354731,19/08/2026 10:53 AM,19/08/2026 11:00 AM,Reporting,Parked,11.89,False,UC-243,Nishter Town,Zone-44,Loader Rickshaw,Nishter Town,True,2026-08-19
18472,CA-162,CA162,Lahore,"Tehsil Office, Nishter Town",LWMC-NiTo,Chain Arm Roll,Container-Based Collection,still,off,,,31.44929,74.311158,19/08/2026 10:48 AM,19/08/2026 11:00 AM,Reporting,No Activity Since Yesterday,0.0,True,UC-234,Allama Iqbal Town,Zone-39,Chain Arm Roll,Nishter Town,False,2026-08-19
-,LR-0506,LR0506,Lahore,"Tehsil Office, Nishter Town",LWMC-NiTo,-,-,still,off,19.749,213.05,31.604398,74.40975,19/08/2026 10:55 AM,19/08/2026 11:00 AM,Reporting,Parked,0.0,True,UC-137,Wagha Town,Zone-12,Loader Rickshaw,Wagha Town,True,2026-08-19
-,LR-417,LR417,Lahore,"Tehsil Office, Nishter Town",LWMC-NiTo,-,-,still,off,29.12,79.09,31.422326,74.456649,19/08/2026 10:57 AM,19/08/2026 11:00 AM,Reporting,Parked,12.05,False,UC-195,Nishter Town,Zone-49,Loader Rickshaw,Nishter Town,True,2026-08-19
60531,LR-0085,LR0085,Lahore,"Tehsil Office, Nishter Town",LWMC-NiTo,Loader Rickshaw,Door To Door Collection,still,off,23.427,74.61,31.380683,74.385962,19/08/2026 10:57 AM,19/08/2026 11:00 AM,Reporting,Idle,11.84,False,UC-244,Nishter Town,Zone-48,Loader Rickshaw,Nishter Town,True,2026-08-19
60981,LR-2842,LR2842,Lahore,"Tehsil Office, Nishter Town",LWMC-NiTo,Loader Rickshaw,Door To Door Collection,still,off,25.14,407.66,31.411571,74.369493,19/08/2026 10:57 AM,19/08/2026 11:00 AM,Reporting,Idle,10.41,False,UC-245,Nishter Town,Zone-48,Loader Rickshaw,Nishter Town,True,2026-08-19
60083,D33,D33,Lahore,"Tehsil Office, Nishter Town",LWMC-NiTo,Dumper (10CM),Bulk Waste Collection,still,off,72.114,253.15,31.447887,74.43708,19/08/2026 10:56 AM,19/08/2026 11:00 AM,Reporting,Moving,0.0,True,UC-197,Nishter Town,Zone-45,Dumper,Nishter Town,True,2026-08-19
19887,S-124,S124,Lahore,"Tehsil Office, Nishter Town",LWMC-NiTo,Mini Dumper,Bulk Waste Collection,still,off,62.558,151.4,31.447658,74.313865,19/08/2026 10:47 AM,19/08/2026 11:00 AM,Reporting,Parked,0.0,True,UC-239,Nishter Town,Zone-46,Mini Dumper,Nishter Town,True,2026-08-19
19862,S-202,S202,Lahore,"Tehsil Office, Nishter Town",LWMC-NiTo,Mini Dumper,Bulk Waste Collection,still,off,58.835,181.36,31.449485,74.31131,19/08/2026 10:49 AM,19/08/2026 11:00 AM,Reporting,Parked,0.0,True,UC-234,Allama Iqbal Town,Zone-39,Mini Dumper,Nishter Town,False,2026-08-19
61394,LR-2852,LR2852,Lahore,"Tehsil Office, Nishter Town",LWMC-NiTo,Loader Rickshaw,Door To Door Collection,still,off,28.415,84.45,31.389295,74.340658,19/08/2026 10:58 AM,19/08/2026 11:00 AM,Reporting,Excess Idling,11.79,False,UC-251,Nishter Town,Zone-47,Loader Rickshaw,Nishter Town,True,2026-08-19
19863,S-218,S218,Lahore,"Tehsil Office, Nishter Town",LWMC-NiTo,Mini Dumper,Bulk Waste Collection,still,off,5.118,34.1,31.478605,74.344045,19/08/2026 10:31 AM,19/08/2026 11:00 AM,Reporting,Parked,0.0,True,UC-206,Gulberg Town,Zone-22,Mini Dumper,Nishter Town,False,2026-08-19
61364,LR-2837,LR2837,Lahore,"Tehsil Office, Nishter Town",LWMC-NiTo,Loader Rickshaw,Door To Door Collection,still,off,24.748,82.95,31.40381,74.372648,19/08/2026 10:58 AM,19/08/2026 11:00 AM,Reporting,Parked,12.25,False,UC-245,Nishter Town,Zone-48,Loader Rickshaw,Nishter Town,True,2026-08-19
60679,LR-1521,LR1521,Lahore,"Tehsil Office, Nishter Town",LWMC-NiTo,Loader Rickshaw,Door To Door Collection,still,off,,,31.448693,74.341235,19/08/2026 10:47 AM,19/08/2026 11:00 AM,Reporting,No Activity Since Yesterday,0.0,True,UC-229,Nishter Town,Zone-44,Loader Rickshaw,Nishter Town,True,2026-08-19
18471,CA-81,CA81,Lahore,"Tehsil Office, Nishter Town",LWMC-NiTo,Chain Arm Roll,Container-Based Collection,moving,on,65.309,312.43,31.419307,74.358612,19/08/2026 10:58 AM,19/08/2026 11:00 AM,Reporting,Moving,0.0,True,UC-246,Nishter Town,Zone-48,Chain Arm Roll,Nishter Town,True,2026-08-19
18673,C-747,C747,Lahore,"Tehsil Office, Nishter Town",LWMC-NiTo,Compactor (7CM),Container-Based Collection,moving,on,112.326,343.64,31.447068,74.320487,19/08/2026 10:58 AM,19/08/2026 11:00 AM,Reporting,Parked,0.0,True,UC-233,Allama Iqbal Town,Zone-39,Compactor,Nishter Town,False,2026-08-19
18676,C-702,C702,Lahore,"Tehsil Office, Nishter Town",LWMC-NiTo,Compactor (7CM),Container-Based Collection,moving,on,66.783,321.55,31.428553,74.366325,19/08/2026 10:58 AM,19/08/2026 11:00 AM,Reporting,Parked,0.0,True,UC-242,Nishter Town,Zone-45,Compactor,Nishter Town,True,2026-08-19
-,M-94,M94,Lahore,"Tehsil Office, Nishter Town",LWMC-NiTo,-,-,moving,on,69.727,159.76,31.368563,74.199127,19/08/2026 10:11 AM,19/08/2026 11:00 AM,Reporting,Parked,12.61,False,UC-260,Allama Iqbal Town,Zone-41,Foton-Mini Dumper,Nishter Town,False,2026-08-19
60876,LR-0115,LR0115,Lahore,"Tehsil Office, Nishter Town",LWMC-NiTo,Loader Rickshaw,Door To Door Collection,still,off,20.416,68.83,31.423443,74.305429,19/08/2026 10:58 AM,19/08/2026 11:00 AM,Reporting,Moving,13.22,False,UC-240,Nishter Town,Zone-46,Loader Rickshaw,Nishter Town,True,2026-08-19
-,LR-2696,LR2696,Lahore,"Tehsil Office, Nishter Town",LWMC-NiTo,-,-,still,off,17.365,64.61,31.431252,74.301976,19/08/2026 10:57 AM,19/08/2026 11:00 AM,Reporting,Parked,0.0,True,UC-240,Nishter Town,Zone-46,Loader Rickshaw,Nishter Town,True,2026-08-19
61238,LR-1775,LR1775,Lahore,"Tehsil Office, Nishter Town",LWMC-NiTo,Loader Rickshaw,Door To Door Collection,moving,on,37.39,122.98,31.388079,74.34905,19/08/2026 10:58 AM,19/08/2026 11:00 AM,Reporting,Idle,11.69,False,UC-244,Nishter Town,Zone-48,Loader Rickshaw,Nishter Town,True,2026-08-19
60205,MFL-63,MFL63,Lahore,"Tehsil Office, Nishter Town",LWMC-NiTo,Tractor Loader,Bulk Waste Collection,still,off,,,31.449207,74.311175,19/08/2026 10:55 AM,19/08/2026 11:00 AM,Reporting,No Activity Since Yesterday,,False,UC-234,Allama Iqbal Town,Zone-39,Loader,Nishter Town,False,2026-08-19
61328,LR-2725,LR2725,Lahore,"Tehsil Office, Nishter Town",LWMC-NiTo,Loader Rickshaw,Door To Door Collection,moving,on,19.267,109.01,31.2816,74.357147,19/08/2026 11:00 AM,19/08/2026 11:00 AM,Reporting,Parked,11.59,False,UC-252,Nishter Town,Zone-49,Loader Rickshaw,Nishter Town,True,2026-08-19
60343,MFL-72,MFL72,Lahore,"Tehsil Office, Nishter Town",LWMC-NiTo,Tractor Loader,Bulk Waste Collection,still,off,29.186,292.83,31.448033,74.437063,19/08/2026 10:58 AM,19/08/2026 11:00 AM,Reporting,Parked,0.0,True,UC-197,Nishter Town,Zone-45,Loader,Nishter Town,True,2026-08-19
60445,LR-0079,LR0079,Lahore,"Tehsil Office, Nishter Town",LWMC-NiTo,Loader Rickshaw,Door To Door Collection,still,off,,,31.374723,74.360233,19/08/2026 10:46 AM,19/08/2026 11:00 AM,Reporting,No Activity Since Yesterday,0.0,True,UC-250,Nishter Town,Zone-48,Loader Rickshaw,Nishter Town,True,2026-08-19
19897,S-216,S216,Lahore,"Tehsil Office, Nishter Town",LWMC-NiTo,Mini Dumper,Bulk Waste Collection,moving,on,82.961,239.63,31.430635,74.311175,19/08/2026 10:58 AM,19/08/2026 11:00 AM,Reporting,Parked,0.0,True,UC-233,Allama Iqbal Town,Zone-39,Mini Dumper,Nishter Town,False,2026-08-19
-,LR-1762,LR1762,Lahore,"Tehsil Office, Nishter Town",LWMC-NiTo,-,-,moving,on,29.177,123.43,31.443727,74.375706,19/08/2026 10:59 AM,19/08/2026 11:00 AM,Reporting,Moving,14.14,False,UC-231,Nishter Town,Zone-45,Loader Rickshaw,Nishter Town,True,2026-08-19
60739,LR-0107,LR0107,Lahore,"Tehsil Office, Nishter Town",LWMC-NiTo,Loader Rickshaw,Door To Door Collection,still,off,23.187,98.41,31.388486,74.346008,19/08/2026 10:58 AM,19/08/2026 11:00 AM,Reporting,Excess Idling,12.4,False,UC-244,Nishter Town,Zone-48,Loader Rickshaw,Nishter Town,True,2026-08-19
19872,M-128,M128,Lahore,"Tehsil Office, Nishter Town",LWMC-NiTo,Mini Dumper,Bulk Waste Collection,still,off,42.709,155.81,31.390478,74.315777,19/08/2026 10:46 AM,19/08/2026 11:00 AM,Reporting,Moving,0.0,True,UC-251,Nishter Town,Zone-47,Foton-Mini Dumper,Nishter Town,True,2026-08-19
19896,M-100,M100,Lahore,"Tehsil Office, Nishter Town",LWMC-NiTo,Mini Dumper,Bulk Waste Collection,moving,on,33.052,201.11,31.387867,74.363287,19/08/2026 10:58 AM,19/08/2026 11:00 AM,Reporting,Parked,0.0,True,UC-244,Nishter Town,Zone-48,Foton-Mini Dumper,Nishter Town,True,2026-08-19
60685,LR-2004,LR2004,Lahore,"Tehsil Office, Nishter Town",LWMC-NiTo,Loader Rickshaw,Door To Door Collection,still,off,16.433,97.23,31.388613,74.344955,19/08/2026 10:58 AM,19/08/2026 11:00 AM,Reporting,Excess Idling,0.0,True,UC-244,Nishter Town,Zone-48,Loader Rickshaw,Nishter Town,True,2026-08-19
61743,LR-1936,LR1936,Lahore,"Tehsil Office, Nishter Town",LWMC-NiTo,Loader Rickshaw,Door To Door Collection,moving,on,29.483,275.08,31.440402,74.374153,19/08/2026 10:59 AM,19/08/2026 11:00 AM,Reporting,Parked,0.0,True,UC-231,Nishter Town,Zone-45,Loader Rickshaw,Nishter Town,True,2026-08-19
-,LR-3036,LR3036,Lahore,"Tehsil Office, Nishter Town",LWMC-NiTo,-,-,still,off,,,31.532256,74.360709,19/08/2026 10:57 AM,19/08/2026 11:00 AM,Reporting,Idle,11.38,False,UC-200,Gulberg Town,Zone-20,Loader Rickshaw,Nishter Town,False,2026-08-19
19880,S-209,S209,Lahore,"Tehsil Office, Nishter Town",LWMC-NiTo,Mini Dumper,Bulk Waste Collection,moving,on,34.098,125.61,31.37822,74.352538,19/08/2026 10:59 AM,19/08/2026 11:00 AM,Reporting,Parked,0.0,True,UC-250,Nishter Town,Zone-48,Mini Dumper,Nishter Town,True,2026-08-19
60345,MFL-73,MFL73,Lahore,"Tehsil Office, Nishter Town",LWMC-NiTo,Tractor Loader,Bulk Waste Collection,still,off,12.033,271.41,31.449685,74.366518,19/08/2026 10:58 AM,19/08/2026 11:00 AM,Reporting,Parked,0.0,True,UC-231,Nishter Town,Zone-45,Loader,Nishter Town,True,2026-08-19
19865,S-370,S370,Lahore,"Tehsil Office, Nishter Town",LWMC-NiTo,Mini Dumper,Bulk Waste Collection,still,off,,,31.449447,74.311233,19/08/2026 10:49 AM,19/08/2026 11:00 AM,Reporting,No Activity Since Yesterday,0.0,True,UC-234,Allama Iqbal Town,Zone-39,Mini Dumper,Nishter Town,False,2026-08-19
60705,LR-0120,LR0120,Lahore,"Tehsil Office, Nishter Town",LWMC-NiTo,Loader Rickshaw,Door To Door Collection,still,off,36.978,107.18,31.320266,74.410842,19/08/2026 10:57 AM,19/08/2026 11:00 AM,Reporting,Excess Idling,12.1,False,UC-253,Nishter Town,Zone-49,Loader Rickshaw,Nishter Town,True,2026-08-19
18468,CA-83,CA83,Lahore,"Tehsil Office, Nishter Town",LWMC-NiTo,Chain Arm Roll,Container-Based Collection,moving,on,54.455,166.11,31.397265,74.3614,19/08/2026 10:58 AM,19/08/2026 11:00 AM,Reporting,Parked,0.0,True,UC-244,Nishter Town,Zone-48,Chain Arm Roll,Nishter Town,True,2026-08-19
19893,S-39,S39,Lahore,"Tehsil Office, Nishter Town",LWMC-NiTo,Mini Dumper,Bulk Waste Collection,moving,on,48.766,146.83,31.41147,74.361812,19/08/2026 10:59 AM,19/08/2026 11:00 AM,Reporting,Parked,0.0,True,UC-245,Nishter Town,Zone-48,Mini Dumper,Nishter Town,True,2026-08-19
19871,S-132,S132,Lahore,"Tehsil Office, Nishter Town",LWMC-NiTo,Mini Dumper,Bulk Waste Collection,moving,on,46.363,149.98,31.394587,74.309155,19/08/2026 10:59 AM,19/08/2026 11:00 AM,Reporting,Parked,0.0,True,UC-251,Nishter Town,Zone-47,Mini Dumper,Nishter Town,True,2026-08-19
19876,S-293,S293,Lahore,"Tehsil Office, Nishter Town",LWMC-NiTo,Mini Dumper,Bulk Waste Collection,moving,on,42.967,88.88,31.479118,74.344342,19/08/2026 10:56 AM,19/08/2026 11:00 AM,Reporting,Parked,0.0,True,UC-206,Gulberg Town,Zone-22,Mini Dumper,Nishter Town,False,2026-08-19
60178,LR-0906,LR0906,Lahore,"Tehsil Office, Nishter Town",LWMC-NiTo,Loader Rickshaw,Door To Door Collection,moving,on,12.677,46.16,31.418188,74.398543,19/08/2026 11:00 AM,19/08/2026 11:00 AM,Reporting,Parked,11.43,False,UC-254,Nishter Town,Zone-45,Loader Rickshaw,Nishter Town,True,2026-08-19
61332,LR-1758,LR1758,Lahore,"Tehsil Office, Nishter Town",LWMC-NiTo,Loader Rickshaw,Door To Door Collection,still,off,18.591,62.53,31.393271,74.311553,19/08/2026 10:58 AM,19/08/2026 11:00 AM,Reporting,Excess Idling,11.69,False,UC-251,Nishter Town,Zone-47,Loader Rickshaw,Nishter Town,True,2026-08-19
60709,LR-2690,LR2690,Lahore,"Tehsil Office, Nishter Town",LWMC-NiTo,Loader Rickshaw,Door To Door Collection,still,off,15.511,54.03,31.459693,74.346852,19/08/2026 10:57 AM,19/08/2026 11:00 AM,Reporting,Parked,12.1,False,UC-227,Nishter Town,Zone-44,Loader Rickshaw,Nishter Town,True,2026-08-19
61057,LR-0109,LR0109,Lahore,"Tehsil Office, Nishter Town",LWMC-NiTo,Loader Rickshaw,Door To Door Collection,still,off,11.87,31.11,31.407343,74.364895,19/08/2026 10:45 AM,19/08/2026 11:00 AM,Reporting,Parked,0.0,True,UC-246,Nishter Town,Zone-48,Loader Rickshaw,Nishter Town,True,2026-08-19
-,CH-RP150K09648,CHRP150K09648,Lahore,"Tehsil Office, Nishter Town",LWMC-NiTo,-,-,moving,on,12.559,213.76,31.455347,74.312287,19/08/2026 10:57 AM,19/08/2026 11:00 AM,Reporting,Moving,0.0,True,UC-234,Allama Iqbal Town,Zone-39,,Nishter Town,False,2026-08-19
61273,LR-1889,LR1889,Lahore,"Tehsil Office, Nishter Town",LWMC-NiTo,Loader Rickshaw,Door To Door Collection,moving,on,15.283,65.73,31.453209,74.351054,19/08/2026 10:57 AM,19/08/2026 11:00 AM,Reporting,Parked,11.89,False,UC-228,Nishter Town,Zone-44,Loader Rickshaw,Nishter Town,True,2026-08-19
60586,LR-2352,LR2352,Lahore,"Tehsil Office, Nishter Town",LWMC-NiTo,Loader Rickshaw,Door To Door Collection,still,off,30.191,201.59,31.44043,74.38807,19/08/2026 10:57 AM,19/08/2026 11:00 AM,Reporting,Idle,0.0,True,UC-254,Nishter Town,Zone-45,Loader Rickshaw,Nishter Town,True,2026-08-19
-,LR-0002,LR0002,Lahore,"Tehsil Office, Nishter Town",LWMC-NiTo,-,-,moving,on,36.468,522.58,31.421467,74.357933,19/08/2026 10:59 AM,19/08/2026 11:00 AM,Reporting,Idle,0.0,True,UC-243,Nishter Town,Zone-44,Loader Rickshaw,Nishter Town,True,2026-08-19
-,LR-2213,LR2213,Lahore,"Tehsil Office, Nishter Town",LWMC-NiTo,-,-,moving,on,17.081,165.43,31.445868,74.298523,19/08/2026 10:50 AM,19/08/2026 11:00 AM,Reporting,Parked,13.63,False,UC-235,Nishter Town,Zone-46,Loader Rickshaw,Nishter Town,True,2026-08-19
18585,C-1309,C1309,Lahore,"Tehsil Office, Nishter Town",LWMC-NiTo,Compactor (13CM),Container-Based Collection,still,off,126.97,552.16,31.440668,74.300153,19/08/2026 10:58 AM,19/08/2026 11:00 AM,Reporting,Moving,28.37,False,UC-235,Nishter Town,Zone-46,Compactor,Nishter Town,True,2026-08-19
-,LR-1892,LR1892,Lahore,"Tehsil Office, Nishter Town",LWMC-NiTo,-,-,still,off,12.591,51.35,31.461417,74.343566,19/08/2026 10:57 AM,19/08/2026 11:00 AM,Reporting,Parked,11.64,False,UC-227,Nishter Town,Zone-44,Loader Rickshaw,Nishter Town,True,2026-08-19
-,LR-3046,LR3046,Lahore,"Tehsil Office, Nishter Town",LWMC-NiTo,-,-,moving,on,17.326,155.98,31.432816,74.179758,19/08/2026 10:58 AM,19/08/2026 11:00 AM,Reporting,Parked,12.1,False,UC-258,Allama Iqbal Town,Zone-41,Loader Rickshaw,Nishter Town,False,2026-08-19
19848,M-65,M65,Lahore,"Tehsil Office, Nishter Town",LWMC-NiTo,Mini Dumper,Bulk Waste Collection,still,off,42.372,207.66,31.356428,74.464308,19/08/2026 10:57 AM,19/08/2026 11:00 AM,Reporting,Parked,12.71,False,UC-196,Nishter Town,Zone-49,Foton-Mini Dumper,Nishter Town,True,2026-08-19
61744,LR-0335,LR0335,Lahore,"Tehsil Office, Nishter Town",LWMC-NiTo,Loader Rickshaw,Door To Door Collection,moving,on,23.218,118.81,31.448163,74.388819,19/08/2026 10:59 AM,19/08/2026 11:00 AM,Reporting,Moving,15.31,False,UC-249,Nishter Town,Zone-45,Loader Rickshaw,Nishter Town,True,2026-08-19
-,LR-0108,LR0108,Lahore,"Tehsil Office, Nishter Town",LWMC-NiTo,-,-,moving,on,14.592,93.11,31.437938,74.309492,19/08/2026 10:56 AM,19/08/2026 11:00 AM,Reporting,Parked,13.12,False,UC-237,Nishter Town,Zone-46,Loader Rickshaw,Nishter Town,True,2026-08-19
-,LR-0009,LR0009,Lahore,"Tehsil Office, Nishter Town",LWMC-NiTo,-,-,still,off,38.635,288.78,31.425595,74.372137,19/08/2026 10:47 AM,19/08/2026 11:00 AM,Reporting,Moving,14.55,False,UC-243,Nishter Town,Zone-44,Loader Rickshaw,Nishter Town,True,2026-08-19
-,LR-2693,LR2693,Lahore,"Tehsil Office, Nishter Town",LWMC-NiTo,-,-,still,off,12.064,78.2,31.45772,74.305278,19/08/2026 10:58 AM,19/08/2026 11:00 AM,Reporting,Parked,12.56,False,UC-235,Nishter Town,Zone-46,Loader Rickshaw,Nishter Town,True,2026-08-19
60729,LR-2358,LR2358,Lahore,"Tehsil Office, Nishter Town",LWMC-NiTo,Loader Rickshaw,Door To Door Collection,still,off,19.693,150.58,31.453983,74.370843,19/08/2026 10:57 AM,19/08/2026 11:00 AM,Reporting,Parked,0.0,True,UC-249,Nishter Town,Zone-45,Loader Rickshaw,Nishter Town,True,2026-08-19
-,LR-0103,LR0103,Lahore,"Tehsil Office, Nishter Town",LWMC-NiTo,-,-,still,off,35.888,425.96,31.418283,74.362243,19/08/2026 10:58 AM,19/08/2026 11:00 AM,Reporting,Parked,12.1,False,UC-246,Nishter Town,Zone-48,Loader Rickshaw,Nishter Town,True,2026-08-19
60566,LR-1772,LR1772,Lahore,"Tehsil Office, Nishter Town",LWMC-NiTo,Loader Rickshaw,Door To Door Collection,still,off,11.422,49.48,31.372869,74.361622,19/08/2026 10:57 AM,19/08/2026 11:00 AM,Reporting,Excess Idling,11.79,False,UC-250,Nishter Town,Zone-48,Loader Rickshaw,Nishter Town,True,2026-08-19
60116,C-1388,C1388,Lahore,"Tehsil Office, Nishter Town",LWMC-NiTo,Compactor (13CM),Bulk Waste Collection,moving,on,104.263,580.23,31.442762,74.39685,19/08/2026 10:51 AM,19/08/2026 11:00 AM,Reporting,Moving,28.62,False,UC-249,Nishter Town,Zone-45,Compactor,Nishter Town,True,2026-08-19
19894,S-46,S46,Lahore,"Tehsil Office, Nishter Town",LWMC-NiTo,Mini Dumper,Bulk Waste Collection,moving,on,1.006,9.38,31.478572,74.343986,19/08/2026 10:07 AM,19/08/2026 11:00 AM,Reporting,Parked,12.3,False,UC-206,Gulberg Town,Zone-22,Mini Dumper,Nishter Town,False,2026-08-19
60896,D-40,D40,Lahore,"Tehsil Office, Nishter Town",LWMC-NiTo,Dumper (10CM),Bulk Waste Collection,moving,on,24.077,102.51,31.393268,74.36035,19/08/2026 10:59 AM,19/08/2026 11:00 AM,Reporting,Moving,0.0,True,UC-244,Nishter Town,Zone-48,Dumper,Nishter Town,True,2026-08-19
18584,C-1390,C1390,Lahore,"Tehsil Office, Nishter Town",LWMC-NiTo,Compactor (13CM),Container-Based Collection,still,off,122.161,546.48,31.292124,74.403526,19/08/2026 10:57 AM,19/08/2026 11:00 AM,Reporting,Idle,28.26,False,UC-253,Nishter Town,Zone-49,Compactor,Nishter Town,True,2026-08-19
-,LR-1891,LR1891,Lahore,"Tehsil Office, Nishter Town",LWMC-NiTo,-,-,moving,on,12.945,93.34,31.44006,74.374847,19/08/2026 10:59 AM,19/08/2026 11:00 AM,Reporting,Excess Idling,0.0,True,UC-231,Nishter Town,Zone-45,Loader Rickshaw,Nishter Town,True,2026-08-19
18588,C-1389,C1389,Lahore,"Tehsil Office, Nishter Town",LWMC-NiTo,Compactor (13CM),Container-Based Collection,moving,on,141.02,525.38,31.461847,74.340608,19/08/2026 11:00 AM,19/08/2026 11:00 AM,Reporting,Moving,28.01,False,UC-227,Nishter Town,Zone-44,Compactor,Nishter Town,True,2026-08-19
18395,ISA-296,ISA296,Lahore,"Tehsil Office, Nishter Town",LWMC-NiTo,Arm Roll Truck,Container-Based Collection,still,off,159.938,351.58,31.449307,74.311048,19/08/2026 10:57 AM,19/08/2026 11:00 AM,Reporting,Moving,0.0,True,UC-234,Allama Iqbal Town,Zone-39,Arm Roll,Nishter Town,False,2026-08-19
61350,LR-2863,LR2863,Lahore,"Tehsil Office, Nishter Town",LWMC-NiTo,Loader Rickshaw,Door To Door Collection,moving,on,16.135,520.18,31.451629,74.299255,19/08/2026 10:57 AM,19/08/2026 11:00 AM,Reporting,Parked,11.89,False,UC-235,Nishter Town,Zone-46,Loader Rickshaw,Nishter Town,True,2026-08-19
61360,LR-2706,LR2706,Lahore,"Tehsil Office, Nishter Town",LWMC-NiTo,Loader Rickshaw,Door To Door Collection,still,off,19.08,87.36,31.440327,74.353819,19/08/2026 10:57 AM,19/08/2026 11:00 AM,Reporting,Parked,11.94,False,UC-229,Nishter Town,Zone-44,Loader Rickshaw,Nishter Town,True,2026-08-19
60055,SD-18,SD18,Lahore,"Tehsil Office, Nishter Town",LWMC-NiTo,Dumper (10CM),Bulk Waste Collection,still,off,70.594,225.13,31.388691,74.344557,19/08/2026 10:08 AM,19/08/2026 11:00 AM,Reporting,Moving,28.16,False,UC-251,Nishter Town,Zone-47,Dumper,Nishter Town,True,2026-08-19
60870,LR-2689,LR2689,Lahore,"Tehsil Office, Nishter Town",LWMC-NiTo,Loader Rickshaw,Door To Door Collection,moving,on,21.595,99.53,31.446188,74.361592,19/08/2026 10:59 AM,19/08/2026 11:00 AM,Reporting,Excess Idling,12.3,False,UC-230,Nishter Town,Zone-44,Loader Rickshaw,Nishter Town,True,2026-08-19
61340,LR-0785,LR0785,Lahore,"Tehsil Office, Nishter Town",LWMC-NiTo,Loader Rickshaw,Door To Door Collection,moving,on,24.135,181.56,31.374597,74.347192,19/08/2026 10:59 AM,19/08/2026 11:00 AM,Reporting,Idle,0.0,True,UC-250,Nishter Town,Zone-48,Loader Rickshaw,Nishter Town,True,2026-08-19
-,LR-0114,LR0114,Lahore,"Tehsil Office, Nishter Town",LWMC-NiTo,-,-,moving,on,23.022,386.3,31.448729,74.36837,19/08/2026 11:00 AM,19/08/2026 11:00 AM,Reporting,Moving,14.04,False,UC-231,Nishter Town,Zone-45,Loader Rickshaw,Nishter Town,True,2026-08-19
-,LR-2222,LR2222,Lahore,"Tehsil Office, Nishter Town",LWMC-NiTo,-,-,still,off,26.683,96.2,31.418932,74.305794,19/08/2026 10:58 AM,19/08/2026 11:00 AM,Reporting,Excess Idling,11.79,False,UC-240,Nishter Town,Zone-46,Loader Rickshaw,Nishter Town,True,2026-08-19
-,LR-3026,LR3026,Lahore,"Tehsil Office, Nishter Town",LWMC-NiTo,-,-,moving,on,26.857,137.23,31.426484,74.289928,19/08/2026 10:53 AM,19/08/2026 11:00 AM,Reporting,Idle,10.92,False,UC-240,Nishter Town,Zone-46,Loader Rickshaw,Nishter Town,True,2026-08-19
-,LR-2212,LR2212,Lahore,"Tehsil Office, Nishter Town",LWMC-NiTo,-,-,moving,on,18.598,659.06,31.423663,74.352569,19/08/2026 10:59 AM,19/08/2026 11:00 AM,Reporting,Parked,12.35,False,UC-243,Nishter Town,Zone-44,Loader Rickshaw,Nishter Town,True,2026-08-19
-,LR-2345,LR2345,Lahore,"Tehsil Office, Nishter Town",LWMC-NiTo,-,-,moving,on,21.599,78.46,31.43764,74.36065,19/08/2026 10:59 AM,19/08/2026 11:00 AM,Reporting,Idle,12.05,False,UC-242,Nishter Town,Zone-45,Loader Rickshaw,Nishter Town,True,2026-08-19
60545,LR-2731,LR2731,Lahore,"Tehsil Office, Nishter Town",LWMC-NiTo,Loader Rickshaw,Door To Door Collection,still,off,19.291,293.46,31.453013,74.381289,19/08/2026 10:57 AM,19/08/2026 11:00 AM,Reporting,Moving,11.13,False,UC-249,Nishter Town,Zone-45,Loader Rickshaw,Nishter Town,True,2026-08-19
19889,M-103,M103,Lahore,"Tehsil Office, Nishter Town",LWMC-NiTo,Mini Dumper,Bulk Waste Collection,moving,on,77.792,231.16,31.438475,74.345288,19/08/2026 10:53 AM,19/08/2026 11:00 AM,Reporting,Moving,0.0,True,UC-229,Nishter Town,Zone-44,Foton-Mini Dumper,Nishter Town,True,2026-08-19
61354,LR-2356,LR2356,Lahore,"Tehsil Office, Nishter Town",LWMC-NiTo,Loader Rickshaw,Door To Door Collection,moving,on,12.553,331.53,31.45637,74.337529,19/08/2026 10:58 AM,19/08/2026 11:00 AM,Reporting,Parked,11.54,False,UC-228,Nishter Town,Zone-44,Loader Rickshaw,Nishter Town,True,2026-08-19
61203,LR-1767,LR1767,Lahore,"Tehsil Office, Nishter Town",LWMC-NiTo,Loader Rickshaw,Door To Door Collection,moving,on,23.158,114.46,31.441446,74.375414,19/08/2026 10:59 AM,19/08/2026 11:00 AM,Reporting,Parked,11.84,False,UC-231,Nishter Town,Zone-45,Loader Rickshaw,Nishter Town,True,2026-08-19
60700,LR-2707,LR2707,Lahore,"Tehsil Office, Nishter Town",LWMC-NiTo,Loader Rickshaw,Door To Door Collection,moving,on,17.904,87.68,31.421653,74.353486,19/08/2026 10:57 AM,19/08/2026 11:00 AM,Reporting,Parked,12.35,False,UC-243,Nishter Town,Zone-44,Loader Rickshaw,Nishter Town,True,2026-08-19
61677,LR-0786,LR0786,Lahore,"Tehsil Office, Nishter Town",LWMC-NiTo,Loader Rickshaw,Door To Door Collection,still,off,11.338,124.2,31.388715,74.344782,19/08/2026 10:46 AM,19/08/2026 11:00 AM,Reporting,Parked,0.0,True,,,,Loader Rickshaw,Nishter Town,False,2026-08-19
60054,LR-2913,LR2913,Lahore,"Tehsil Office, Allama Iqbal Town",LWMC-AlIT,Loader Rickshaw,Door To Door Collection,still,off,26.924,185.03,31.458147,74.301475,19/08/2026 10:58 AM,19/08/2026 11:00 AM,Reporting,Parked,12.0,False,UC-222,Allama Iqbal Town,Zone-39,,Allama Iqbal Town,True,2026-08-19
60371,LR-0476,LR0476,Lahore,"Tehsil Office, Allama Iqbal Town",LWMC-AlIT,Loader Rickshaw,Door To Door Collection,still,off,13.47,164.33,31.24356,74.21053,19/08/2026 09:16 AM,19/08/2026 09:30 AM,Reporting,Parked,0.0,True,UC-273,Allama Iqbal Town,Zone-43,Loader Rickshaw,Allama Iqbal Town,True,2026-08-19
60190,LR-2008,LR2008,Lahore,"Tehsil Office, Allama Iqbal Town",LWMC-AlIT,Loader Rickshaw,Door To Door Collection,still,off,25.674,359.08,31.381752,74.154221,19/08/2026 10:58 AM,19/08/2026 11:00 AM,Reporting,Parked,12.15,False,UC-260,Allama Iqbal Town,Zone-41,Loader Rickshaw,Allama Iqbal Town,True,2026-08-19
22846,LR-0439,LR0439,Lahore,"Tehsil Office, Allama Iqbal Town",LWMC-AlIT,Loader Rickshaw,Door To Door Collection,moving,on,23.238,100.7,31.399568,74.2757,19/08/2026 11:00 AM,19/08/2026 11:00 AM,Reporting,Excess Idling,8.94,False,UC-257,Allama Iqbal Town,Zone-40,Loader Rickshaw,Allama Iqbal Town,True,2026-08-19
22834,LR-0273,LR0273,Lahore,"Tehsil Office, Allama Iqbal Town",LWMC-AlIT,Loader Rickshaw,Door To Door Collection,moving,on,27.71,241.93,31.46205,74.206591,19/08/2026 10:59 AM,19/08/2026 11:00 AM,Reporting,Idle,9.45,False,UC-117,Allama Iqbal Town,Zone-41,Loader Rickshaw,Allama Iqbal Town,True,2026-08-19
19018,LEG-1709,LEG1709,Lahore,"Tehsil Office, Allama Iqbal Town",LWMC-AlIT,Loader,Bulk Waste Collection,still,off,9.907,218.3,31.331916,74.251887,19/08/2026 10:58 AM,19/08/2026 11:00 AM,Reporting,Idle,12.0,False,UC-270,Nishter Town,Zone-47,Loader,Allama Iqbal Town,False,2026-08-19
60406,LR-0228,LR0228,Lahore,"Tehsil Office, Allama Iqbal Town",LWMC-AlIT,Loader Rickshaw,Door To Door Collection,still,off,28.84,336.5,31.283493,74.284437,19/08/2026 10:58 AM,19/08/2026 11:00 AM,Reporting,Parked,0.0,True,UC-268,Allama Iqbal Town,Zone-43,Loader Rickshaw,Allama Iqbal Town,True,2026-08-19
22939,LR-0844,LR0844,Lahore,"Tehsil Office, Allama Iqbal Town",LWMC-AlIT,Loader Rickshaw,Door To Door Collection,moving,on,39.883,135.48,31.482621,74.285852,19/08/2026 10:58 AM,19/08/2026 11:00 AM,Reporting,Idle,8.94,False,UC-220,Allama Iqbal Town,Zone-39,Loader Rickshaw,Allama Iqbal Town,True,2026-08-19
60121,LR-2966,LR2966,Lahore,"Tehsil Office, Allama Iqbal Town",LWMC-AlIT,Loader Rickshaw,Door To Door Collection,moving,on,31.272,138.25,31.465023,74.290513,19/08/2026 11:00 AM,19/08/2026 11:00 AM,Reporting,Excess Idling,12.3,False,,,,,Allama Iqbal Town,False,2026-08-19
22961,LR-1010,LR1010,Lahore,"Tehsil Office, Allama Iqbal Town",LWMC-AlIT,Loader Rickshaw,Door To Door Collection,still,off,28.002,377.81,31.479902,74.213323,19/08/2026 10:58 AM,19/08/2026 11:00 AM,Reporting,Idle,0.0,True,,,,Loader Rickshaw,Allama Iqbal Town,False,2026-08-19
23004,LR-1153,LR1153,Lahore,"Tehsil Office, Allama Iqbal Town",LWMC-AlIT,Loader Rickshaw,Door To Door Collection,still,off,33.208,286.23,31.28868,74.081197,19/08/2026 10:57 AM,19/08/2026 11:00 AM,Reporting,Parked,0.0,True,UC-266,Allama Iqbal Town,Zone-42,Loader Rickshaw,Allama Iqbal Town,True,2026-08-19
-,LR-0241,LR0241,Lahore,"Tehsil Office, Allama Iqbal Town",LWMC-AlIT,-,-,moving,on,19.913,335.73,31.57314,74.291712,19/08/2026 10:59 AM,19/08/2026 11:00 AM,Reporting,Parked,0.0,True,UC-59,DGBT,Zone-29,Loader Rickshaw,DGBT,True,2026-08-19
59767,LR-1693,LR1693,Lahore,"Tehsil Office, Allama Iqbal Town",LWMC-AlIT,Loader Rickshaw,Door To Door Collection,still,off,20.084,79.53,31.537271,74.265484,19/08/2026 10:58 AM,19/08/2026 11:00 AM,Reporting,Excess Idling,12.66,False,UC-101,Allama Iqbal Town,Zone-37,Loader Rickshaw,Allama Iqbal Town,True,2026-08-19
59628,LR-1435,LR1435,Lahore,"Tehsil Office, Allama Iqbal Town",LWMC-AlIT,Loader Rickshaw,Door To Door Collection,moving,on,41.354,334.53,31.306913,74.053855,19/08/2026 10:58 AM,19/08/2026 11:00 AM,Reporting,Parked,0.0,True,UC-265,Allama Iqbal Town,Zone-42,Loader Rickshaw,Allama Iqbal Town,True,2026-08-19
60417,LR-1086,LR1086,Lahore,"Tehsil Office, Allama Iqbal Town",LWMC-AlIT,Loader Rickshaw,Door To Door Collection,still,off,,,31.27588,74.253053,19/08/2026 10:45 AM,19/08/2026 11:00 AM,Reporting,No Activity Since Yesterday,0.0,True,UC-268,Allama Iqbal Town,Zone-43,Loader Rickshaw,Allama Iqbal Town,True,2026-08-19
22959,LR-1008,LR1008,Lahore,"Tehsil Office, Allama Iqbal Town",LWMC-AlIT,Loader Rickshaw,Door To Door Collection,still,off,17.556,63.01,31.488303,74.262961,19/08/2026 10:57 AM,19/08/2026 11:00 AM,Reporting,Idle,12.05,False,UC-112,Allama Iqbal Town,Zone-38,Loader Rickshaw,Allama Iqbal Town,True,2026-08-19
59941,LR-2645,LR2645,Lahore,"Tehsil Office, Allama Iqbal Town",LWMC-AlIT,Loader Rickshaw,Door To Door Collection,still,off,32.93,114.86,31.455183,74.29896,19/08/2026 10:58 AM,19/08/2026 11:00 AM,Reporting,Excess Idling,12.0,False,UC-222,Allama Iqbal Town,Zone-39,Loader Rickshaw,Allama Iqbal Town,True,2026-08-19
18654,C-738,C738,Lahore,"Tehsil Office, Allama Iqbal Town",LWMC-AlIT,Compactor (7CM),Container-Based Collection,moving,on,90.859,168.94,31.523922,74.283087,19/08/2026 10:59 AM,19/08/2026 11:00 AM,Reporting,Excess Idling,25.1,False,,,,Compactor,Allama Iqbal Town,False,2026-08-19
23016,LR-1165,LR1165,Lahore,"Tehsil Office, Allama Iqbal Town",LWMC-AlIT,Loader Rickshaw,Door To Door Collection,still,off,23.565,334.81,31.332362,74.105153,19/08/2026 10:58 AM,19/08/2026 11:00 AM,Reporting,Parked,0.0,True,UC-262,Allama Iqbal Town,Zone-42,Loader Rickshaw,Allama Iqbal Town,True,2026-08-19
22820,LR-0214,LR0214,Lahore,"Tehsil Office, Allama Iqbal Town",LWMC-AlIT,Loader Rickshaw,Door To Door Collection,still,off,31.925,122.81,31.403232,74.227599,19/08/2026 10:57 AM,19/08/2026 11:00 AM,Reporting,Excess Idling,11.64,False,UC-269,Nishter Town,Zone-47,Loader Rickshaw,Allama Iqbal Town,False,2026-08-19
23003,LR-1152,LR1152,Lahore,"Tehsil Office, Allama Iqbal Town",LWMC-AlIT,Loader Rickshaw,Door To Door Collection,still,off,39.377,295.89,31.30945,74.051567,19/08/2026 10:59 AM,19/08/2026 11:00 AM,Reporting,Parked,0.0,True,UC-265,Allama Iqbal Town,Zone-42,Loader Rickshaw,Allama Iqbal Town,True,2026-08-19
-,LR-2985,LR2985,Lahore,"Tehsil Office, Allama Iqbal Town",LWMC-AlIT,-,-,moving,on,17.201,64.58,31.411434,74.355734,19/08/2026 10:58 AM,19/08/2026 11:00 AM,Reporting,Idle,12.4,False,UC-246,Nishter Town,Zone-48,,Allama Iqbal Town,False,2026-08-19
19718,S-140,S140,Lahore,"Tehsil Office, Allama Iqbal Town",LWMC-AlIT,Mini Dumper,Bulk Waste Collection,still,off,23.763,89.0,31.533907,74.267525,19/08/2026 10:32 AM,19/08/2026 11:00 AM,Reporting,Parked,12.15,False,UC-101,Allama Iqbal Town,Zone-37,Mini Dumper,Allama Iqbal Town,True,2026-08-19
61061,LR-1104,LR1104,Lahore,"Tehsil Office, Allama Iqbal Town",LWMC-AlIT,Loader Rickshaw,Door To Door Collection,still,off,,,31.27591,74.253315,19/08/2026 10:50 AM,19/08/2026 11:00 AM,Reporting,No Activity Since Yesterday,0.0,True,UC-268,Allama Iqbal Town,Zone-43,Loader Rickshaw,Allama Iqbal Town,True,2026-08-19
59340,LR-1377,LR1377,Lahore,"Tehsil Office, Allama Iqbal Town",LWMC-AlIT,Loader Rickshaw,Door To Door Collection,still,off,20.698,305.13,31.415227,74.162268,19/08/2026 10:57 AM,19/08/2026 11:00 AM,Reporting,Parked,0.0,True,UC-261,Allama Iqbal Town,Zone-41,Loader Rickshaw,Allama Iqbal Town,True,2026-08-19
60184,LR-2143,LR2143,Lahore,"Tehsil Office, Allama Iqbal Town",LWMC-AlIT,Loader Rickshaw,Door To Door Collection,still,off,14.58,57.81,31.388317,74.098279,19/08/2026 10:58 AM,19/08/2026 11:00 AM,Reporting,Excess Idling,11.89,False,UC-261,Allama Iqbal Town,Zone-41,Loader Rickshaw,Allama Iqbal Town,True,2026-08-19
59925,LR-2636,LR2636,Lahore,"Tehsil Office, Allama Iqbal Town",LWMC-AlIT,Loader Rickshaw,Door To Door Collection,still,off,,,31.464734,74.225016,19/08/2026 10:57 AM,19/08/2026 11:00 AM,Reporting,No Activity Since Yesterday,11.23,False,UC-117,Allama Iqbal Town,Zone-41,Loader Rickshaw,Allama Iqbal Town,True,2026-08-19
19708,M-25,M25,Lahore,"Tehsil Office, Allama Iqbal Town",LWMC-AlIT,Mini Dumper,Bulk Waste Collection,moving,on,26.158,150.75,31.488575,74.254807,19/08/2026 10:59 AM,19/08/2026 11:00 AM,Reporting,Parked,0.0,True,UC-111,Allama Iqbal Town,Zone-38,Foton-Mini Dumper,Allama Iqbal Town,True,2026-08-19
59602,LR-1434,LR1434,Lahore,"Tehsil Office, Allama Iqbal Town",LWMC-AlIT,Loader Rickshaw,Door To Door Collection,still,off,35.527,290.83,31.30861,74.05668,19/08/2026 10:58 AM,19/08/2026 11:00 AM,Reporting,Parked,0.0,True,UC-265,Allama Iqbal Town,Zone-42,Loader Rickshaw,Allama Iqbal Town,True,2026-08-19
60419,LR-1511,LR1511,Lahore,"Tehsil Office, Allama Iqbal Town",LWMC-AlIT,Loader Rickshaw,Door To Door Collection,still,off,33.457,260.68,31.302022,74.17402,19/08/2026 10:55 AM,19/08/2026 11:00 AM,Reporting,Parked,0.0,True,UC-267,Allama Iqbal Town,Zone-43,Loader Rickshaw,Allama Iqbal Town,True,2026-08-19
59991,LR-2752,LR2752,Lahore,"Tehsil Office, Allama Iqbal Town",LWMC-AlIT,Loader Rickshaw,Door To Door Collection,moving,on,23.562,96.34,31.465336,74.243776,19/08/2026 10:58 AM,19/08/2026 11:00 AM,Reporting,Excess Idling,12.56,False,UC-113,Allama Iqbal Town,Zone-40,,Allama Iqbal Town,True,2026-08-19
60376,LR-1744,LR1744,Lahore,"Tehsil Office, Allama Iqbal Town",LWMC-AlIT,Loader Rickshaw,Door To Door Collection,still,off,17.199,357.51,31.334745,74.242045,19/08/2026 10:58 AM,19/08/2026 11:00 AM,Reporting,Moving,0.0,True,UC-270,Nishter Town,Zone-47,Loader Rickshaw,Allama Iqbal Town,False,2026-08-19
59355,LR-1436,LR1436,Lahore,"Tehsil Office, Allama Iqbal Town",LWMC-AlIT,Loader Rickshaw,Door To Door Collection,moving,on,33.218,335.53,31.296367,74.070792,19/08/2026 10:59 AM,19/08/2026 11:00 AM,Reporting,Parked,0.0,True,UC-266,Allama Iqbal Town,Zone-42,Loader Rickshaw,Allama Iqbal Town,True,2026-08-19
60349,LR-0217,LR0217,Lahore,"Tehsil Office, Allama Iqbal Town",LWMC-AlIT,Loader Rickshaw,Door To Door Collection,moving,on,20.01,86.33,31.40519,74.225632,19/08/2026 10:59 AM,19/08/2026 11:00 AM,Reporting,Moving,14.34,False,UC-269,Nishter Town,Zone-47,Loader Rickshaw,Allama Iqbal Town,False,2026-08-19
22780,LR-0043,LR0043,Lahore,"Tehsil Office, Allama Iqbal Town",LWMC-AlIT,Loader Rickshaw,Door To Door Collection,still,off,27.184,104.5,31.527647,74.264643,19/08/2026 10:58 AM,19/08/2026 11:00 AM,Reporting,Excess Idling,12.35,False,UC-103,Allama Iqbal Town,Zone-38,Loader Rickshaw,Allama Iqbal Town,True,2026-08-19
22868,LR-0471,LR0471,Lahore,"Tehsil Office, Allama Iqbal Town",LWMC-AlIT,Loader Rickshaw,Door To Door Collection,still,off,52.216,152.26,31.430981,74.210522,19/08/2026 10:58 AM,19/08/2026 11:00 AM,Reporting,Excess Idling,11.74,False,UC-259,Allama Iqbal Town,Zone-41,Loader Rickshaw,Allama Iqbal Town,True,2026-08-19
22951,LR-0919,LR0919,Lahore,"Tehsil Office, Allama Iqbal Town",LWMC-AlIT,Loader Rickshaw,Door To Door Collection,moving,on,27.384,266.18,31.386986,74.141556,19/08/2026 11:00 AM,19/08/2026 11:00 AM,Reporting,Parked,0.0,True,UC-261,Allama Iqbal Town,Zone-41,Loader Rickshaw,Allama Iqbal Town,True,2026-08-19
60087,LR-1433,LR1433,Lahore,"Tehsil Office, Allama Iqbal Town",LWMC-AlIT,Loader Rickshaw,Door To Door Collection,still,off,30.58,264.0,31.247157,74.211605,19/08/2026 10:46 AM,19/08/2026 11:00 AM,Reporting,Moving,0.0,True,UC-273,Allama Iqbal Town,Zone-43,Loader Rickshaw,Allama Iqbal Town,True,2026-08-19
60030,LR-2763,LR2763,Lahore,"Tehsil Office, Allama Iqbal Town",LWMC-AlIT,Loader Rickshaw,Door To Door Collection,moving,on,26.394,123.26,31.461526,74.215906,19/08/2026 10:58 AM,19/08/2026 11:00 AM,Reporting,Parked,0.0,True,UC-117,Allama Iqbal Town,Zone-41,Loader Rickshaw,Allama Iqbal Town,True,2026-08-19
22883,LR-0526,LR0526,Lahore,"Tehsil Office, Allama Iqbal Town",LWMC-AlIT,Loader Rickshaw,Door To Door Collection,still,off,,,31.464224,74.2251,19/08/2026 10:58 AM,19/08/2026 11:00 AM,Reporting,No Activity Since Yesterday,11.89,False,UC-117,Allama Iqbal Town,Zone-41,Loader Rickshaw,Allama Iqbal Town,True,2026-08-19
23019,LR-1168,LR1168,Lahore,"Tehsil Office, Allama Iqbal Town",LWMC-AlIT,Loader Rickshaw,Door To Door Collection,still,off,31.5,303.48,31.305628,74.053772,19/08/2026 10:57 AM,19/08/2026 11:00 AM,Reporting,Parked,0.0,True,UC-265,Allama Iqbal Town,Zone-42,Loader Rickshaw,Allama Iqbal Town,True,2026-08-19
60405,LR-0468,LR0468,Lahore,"Tehsil Office, Allama Iqbal Town",LWMC-AlIT,Loader Rickshaw,Door To Door Collection,still,off,18.312,83.38,31.250936,74.213493,19/08/2026 10:58 AM,19/08/2026 11:00 AM,Reporting,Excess Idling,11.89,False,UC-273,Allama Iqbal Town,Zone-43,Loader Rickshaw,Allama Iqbal Town,True,2026-08-19
59835,LR-1987,LR1987,Lahore,"Tehsil Office, Allama Iqbal Town",LWMC-AlIT,Loader Rickshaw,Door To Door Collection,still,off,25.929,223.28,31.479897,74.289208,19/08/2026 10:54 AM,19/08/2026 11:00 AM,Reporting,Parked,0.0,True,UC-220,Allama Iqbal Town,Zone-39,Loader Rickshaw,Allama Iqbal Town,True,2026-08-19
22779,LR-0042,LR0042,Lahore,"Tehsil Office, Allama Iqbal Town",LWMC-AlIT,Loader Rickshaw,Door To Door Collection,still,off,24.474,132.13,31.518632,74.256679,19/08/2026 10:58 AM,19/08/2026 11:00 AM,Reporting,Excess Idling,11.33,False,UC-103,Allama Iqbal Town,Zone-38,Loader Rickshaw,Allama Iqbal Town,True,2026-08-19
22880,LR-0523,LR0523,Lahore,"Tehsil Office, Allama Iqbal Town",LWMC-AlIT,Loader Rickshaw,Door To Door Collection,moving,on,31.005,346.8,31.46647,74.309521,19/08/2026 11:00 AM,19/08/2026 11:00 AM,Reporting,Parked,11.49,False,UC-232,Allama Iqbal Town,Zone-39,Loader Rickshaw,Allama Iqbal Town,True,2026-08-19
22869,LR-0472,LR0472,Lahore,"Tehsil Office, Allama Iqbal Town",LWMC-AlIT,Loader Rickshaw,Door To Door Collection,still,off,33.847,203.53,31.4284,74.276813,19/08/2026 10:47 AM,19/08/2026 11:00 AM,Reporting,Parked,0.0,True,UC-257,Allama Iqbal Town,Zone-40,Loader Rickshaw,Allama Iqbal Town,True,2026-08-19
23007,LR-1156,LR1156,Lahore,"Tehsil Office, Allama Iqbal Town",LWMC-AlIT,Loader Rickshaw,Door To Door Collection,moving,on,42.489,166.25,31.306977,74.049572,19/08/2026 10:59 AM,19/08/2026 11:00 AM,Reporting,Parked,0.0,True,UC-265,Allama Iqbal Town,Zone-42,Loader Rickshaw,Allama Iqbal Town,True,2026-08-19
59776,LR-1697,LR1697,Lahore,"Tehsil Office, Allama Iqbal Town",LWMC-AlIT,Loader Rickshaw,Door To Door Collection,moving,on,26.003,90.21,31.491245,74.270372,19/08/2026 10:59 AM,19/08/2026 11:00 AM,Reporting,Excess Idling,12.51,False,UC-112,Allama Iqbal Town,Zone-38,Loader Rickshaw,Allama Iqbal Town,True,2026-08-19
59326,LR-1432,LR1432,Lahore,"Tehsil Office, Allama Iqbal Town",LWMC-AlIT,Loader Rickshaw,Door To Door Collection,moving,on,34.858,319.16,31.296778,74.069707,19/08/2026 10:58 AM,19/08/2026 11:00 AM,Reporting,Parked,0.0,True,UC-266,Allama Iqbal Town,Zone-42,Loader Rickshaw,Allama Iqbal Town,True,2026-08-19
60171,LR-2990,LR2990,Lahore,"Tehsil Office, Allama Iqbal Town",LWMC-AlIT,Loader Rickshaw,Door To Door Collection,moving,on,24.792,107.15,31.471843,74.297933,19/08/2026 10:58 AM,19/08/2026 11:00 AM,Reporting,Excess Idling,12.45,False,UC-221,Allama Iqbal Town,Zone-39,,Allama Iqbal Town,True,2026-08-19
22782,LR-0045,LR0045,Lahore,"Tehsil Office, Allama Iqbal Town",LWMC-AlIT,Loader Rickshaw,Door To Door Collection,moving,on,24.374,102.45,31.528377,74.260333,19/08/2026 10:58 AM,19/08/2026 11:00 AM,Reporting,Excess Idling,11.64,False,UC-103,Allama Iqbal Town,Zone-38,Loader Rickshaw,Allama Iqbal Town,True,2026-08-19
59761,LR-1690,LR1690,Lahore,"Tehsil Office, Allama Iqbal Town",LWMC-AlIT,Loader Rickshaw,Door To Door Collection,still,off,28.537,96.45,31.513632,74.256887,19/08/2026 10:58 AM,19/08/2026 11:00 AM,Reporting,Excess Idling,11.69,False,UC-103,Allama Iqbal Town,Zone-38,Loader Rickshaw,Allama Iqbal Town,True,2026-08-19
60393,LR-1748,LR1748,Lahore,"Tehsil Office, Allama Iqbal Town",LWMC-AlIT,Loader Rickshaw,Door To Door Collection,still,off,27.436,339.3,31.33702,74.243207,19/08/2026 10:58 AM,19/08/2026 11:00 AM,Reporting,Parked,0.0,True,UC-270,Nishter Town,Zone-47,Loader Rickshaw,Allama Iqbal Town,False,2026-08-19
22932,LR-0837,LR0837,Lahore,"Tehsil Office, Allama Iqbal Town",LWMC-AlIT,Loader Rickshaw,Door To Door Collection,moving,on,14.452,55.18,31.480676,74.291489,19/08/2026 10:58 AM,19/08/2026 11:00 AM,Reporting,Moving,11.28,False,UC-220,Allama Iqbal Town,Zone-39,Loader Rickshaw,Allama Iqbal Town,True,2026-08-19
60043,LR-2908,LR2908,Lahore,"Tehsil Office, Allama Iqbal Town",LWMC-AlIT,Loader Rickshaw,Door To Door Collection,moving,on,19.533,58.23,31.482541,74.251562,19/08/2026 10:59 AM,19/08/2026 11:00 AM,Reporting,Excess Idling,12.61,False,UC-111,Allama Iqbal Town,Zone-38,,Allama Iqbal Town,True,2026-08-19
60239,LR-2021,LR2021,Lahore,"Tehsil Office, Allama Iqbal Town",LWMC-AlIT,Loader Rickshaw,Door To Door Collection,still,off,43.637,259.64,31.252675,74.221177,19/08/2026 10:59 AM,19/08/2026 11:00 AM,Reporting,Parked,0.0,True,UC-272,Allama Iqbal Town,Zone-43,Loader Rickshaw,Allama Iqbal Town,True,2026-08-19
60093,LR-2959,LR2959,Lahore,"Tehsil Office, Allama Iqbal Town",LWMC-AlIT,Loader Rickshaw,Door To Door Collection,still,off,0.206,2.39,31.465137,74.225745,19/08/2026 10:57 AM,19/08/2026 11:00 AM,Reporting,No Activity Since Yesterday,7.66,False,UC-117,Allama Iqbal Town,Zone-41,,Allama Iqbal Town,True,2026-08-19
18440,CA-161,CA161,Lahore,"Tehsil Office, Allama Iqbal Town",LWMC-AlIT,Chain Arm Roll,Container-Based Collection,moving,on,151.366,338.39,31.47457,74.227832,19/08/2026 10:58 AM,19/08/2026 11:00 AM,Reporting,Parked,0.0,True,UC-110,Allama Iqbal Town,Zone-41,Chain Arm Roll,Allama Iqbal Town,True,2026-08-19
60300,LR-0473,LR0473,Lahore,"Tehsil Office, Allama Iqbal Town",LWMC-AlIT,Loader Rickshaw,Door To Door Collection,moving,on,33.783,364.11,31.245772,74.206175,19/08/2026 10:59 AM,19/08/2026 11:00 AM,Reporting,Parked,0.0,True,UC-273,Allama Iqbal Town,Zone-43,Loader Rickshaw,Allama Iqbal Town,True,2026-08-19
60378,LR-1158,LR1158,Lahore,"Tehsil Office, Allama Iqbal Town",LWMC-AlIT,Loader Rickshaw,Door To Door Collection,moving,on,33.522,302.3,31.272577,74.18788,19/08/2026 10:58 AM,19/08/2026 11:00 AM,Reporting,Moving,0.0,True,UC-273,Allama Iqbal Town,Zone-43,Loader Rickshaw,Allama Iqbal Town,True,2026-08-19
60413,LR-1087,LR1087,Lahore,"Tehsil Office, Allama Iqbal Town",LWMC-AlIT,Loader Rickshaw,Door To Door Collection,moving,on,33.687,141.98,31.284212,74.192605,19/08/2026 10:58 AM,19/08/2026 11:00 AM,Reporting,Moving,0.0,True,UC-267,Allama Iqbal Town,Zone-43,Loader Rickshaw,Allama Iqbal Town,True,2026-08-19
59937,LR-2643,LR2643,Lahore,"Tehsil Office, Allama Iqbal Town",LWMC-AlIT,Loader Rickshaw,Door To Door Collection,still,off,26.562,87.36,31.465213,74.225617,19/08/2026 10:58 AM,19/08/2026 11:00 AM,Reporting,Excess Idling,11.43,False,UC-117,Allama Iqbal Town,Zone-41,Loader Rickshaw,Allama Iqbal Town,True,2026-08-19
59971,LR-2744,LR2744,Lahore,"Tehsil Office, Allama Iqbal Town",LWMC-AlIT,Loader Rickshaw,Door To Door Collection,still,off,32.193,352.41,31.478949,74.216024,19/08/2026 10:57 AM,19/08/2026 11:00 AM,Reporting,Excess Idling,11.43,False,UC-117,Allama Iqbal Town,Zone-41,,Allama Iqbal Town,True,2026-08-19
59848,LR-2052,LR2052,Lahore,"Tehsil Office, Allama Iqbal Town",LWMC-AlIT,Loader Rickshaw,Door To Door Collection,still,off,15.33,52.43,31.532604,74.284422,19/08/2026 10:57 AM,19/08/2026 11:00 AM,Reporting,Excess Idling,11.28,False,UC-95,Allama Iqbal Town,Zone-37,Loader Rickshaw,Allama Iqbal Town,True,2026-08-19
22999,LR-1088,LR1088,Lahore,"Tehsil Office, Allama Iqbal Town",LWMC-AlIT,Loader Rickshaw,Door To Door Collection,moving,on,32.236,311.18,31.30079,74.175927,19/08/2026 10:58 AM,19/08/2026 11:00 AM,Reporting,Parked,0.0,True,UC-267,Allama Iqbal Town,Zone-43,Loader Rickshaw,Allama Iqbal Town,True,2026-08-19
59943,LR-2646,LR2646,Lahore,"Tehsil Office, Allama Iqbal Town",LWMC-AlIT,Loader Rickshaw,Door To Door Collection,still,off,39.293,178.51,31.46423,74.311477,19/08/2026 10:59 AM,19/08/2026 11:00 AM,Reporting,Parked,0.0,True,UC-232,Allama Iqbal Town,Zone-39,Loader Rickshaw,Allama Iqbal Town,True,2026-08-19
59896,LR-2620,LR2620,Lahore,"Tehsil Office, Allama Iqbal Town",LWMC-AlIT,Loader Rickshaw,Door To Door Collection,moving,on,16.755,63.31,31.534478,74.268078,19/08/2026 11:00 AM,19/08/2026 11:00 AM,Reporting,Excess Idling,11.74,False,UC-101,Allama Iqbal Town,Zone-37,Loader Rickshaw,Allama Iqbal Town,True,2026-08-19
23002,LR-1151,LR1151,Lahore,"Tehsil Office, Allama Iqbal Town",LWMC-AlIT,Loader Rickshaw,Door To Door Collection,still,off,35.664,305.21,31.30512,74.098315,19/08/2026 10:57 AM,19/08/2026 11:00 AM,Reporting,Parked,0.0,True,UC-266,Allama Iqbal Town,Zone-42,Loader Rickshaw,Allama Iqbal Town,True,2026-08-19
22802,LR-0226,LR0226,Lahore,"Tehsil Office, Allama Iqbal Town",LWMC-AlIT,Loader Rickshaw,Door To Door Collection,still,off,32.097,109.75,31.301711,74.220359,19/08/2026 10:57 AM,19/08/2026 11:00 AM,Reporting,Excess Idling,11.84,False,UC-268,Allama Iqbal Town,Zone-43,Loader Rickshaw,Allama Iqbal Town,True,2026-08-19
59463,LR-1164,LR1164,Lahore,"Tehsil Office, Allama Iqbal Town",LWMC-AlIT,Loader Rickshaw,Door To Door Collection,still,off,36.287,342.19,31.348352,74.13161,19/08/2026 10:58 AM,19/08/2026 11:00 AM,Reporting,Parked,0.0,True,UC-262,Allama Iqbal Town,Zone-42,Loader Rickshaw,Allama Iqbal Town,True,2026-08-19
-,LR1440,LR1440,Lahore,"Tehsil Office, Allama Iqbal Town",LWMC-AlIT,-,-,moving,on,36.318,328.53,31.310798,74.080582,19/08/2026 10:58 AM,19/08/2026 11:00 AM,Not Reporting,No Activity Since Yesterday,,False,UC-265,Allama Iqbal Town,Zone-42,Loader Rickshaw,Allama Iqbal Town,True,2026-08-19
23020,LR-1169,LR1169,Lahore,"Tehsil Office, Allama Iqbal Town",LWMC-AlIT,Loader Rickshaw,Door To Door Collection,moving,on,25.522,360.85,31.329503,74.084145,19/08/2026 10:59 AM,19/08/2026 11:00 AM,Reporting,Moving,0.0,True,UC-263,Allama Iqbal Town,Zone-42,Loader Rickshaw,Allama Iqbal Town,True,2026-08-19
59735,LR-1450,LR1450,Lahore,"Tehsil Office, Allama Iqbal Town",LWMC-AlIT,Loader Rickshaw,Door To Door Collection,still,off,10.689,44.76,31.483523,74.235011,19/08/2026 10:59 AM,19/08/2026 11:00 AM,Reporting,Idle,12.3,False,UC-110,Allama Iqbal Town,Zone-41,Loader Rickshaw,Allama Iqbal Town,True,2026-08-19
23013,LR-1162,LR1162,Lahore,"Tehsil Office, Allama Iqbal Town",LWMC-AlIT,Loader Rickshaw,Door To Door Collection,moving,on,28.712,324.98,31.331542,74.11034,19/08/2026 10:59 AM,19/08/2026 11:00 AM,Reporting,Moving,0.0,True,UC-262,Allama Iqbal Town,Zone-42,Loader Rickshaw,Allama Iqbal Town,True,2026-08-19
18445,CA-122,CA122,Lahore,"Tehsil Office, Allama Iqbal Town",LWMC-AlIT,Chain Arm Roll,Container-Based Collection,still,off,82.041,242.88,31.272522,74.188258,19/08/2026 10:57 AM,19/08/2026 11:00 AM,Reporting,Moving,0.0,True,UC-273,Allama Iqbal Town,Zone-43,Chain Arm Roll,Allama Iqbal Town,True,2026-08-19
60420,LR-1515,LR1515,Lahore,"Tehsil Office, Allama Iqbal Town",LWMC-AlIT,Loader Rickshaw,Door To Door Collection,moving,on,36.327,353.73,31.322293,74.149573,19/08/2026 10:59 AM,19/08/2026 11:00 AM,Reporting,Moving,0.0,True,UC-264,Allama Iqbal Town,Zone-42,Loader Rickshaw,Allama Iqbal Town,True,2026-08-19
22844,LR-0311,LR0311,Lahore,"Tehsil Office, Allama Iqbal Town",LWMC-AlIT,Loader Rickshaw,Door To Door Collection,still,off,0.181,147.84,31.465169,74.225736,19/08/2026 10:58 AM,19/08/2026 11:00 AM,Reporting,No Activity Since Yesterday,11.33,False,UC-117,Allama Iqbal Town,Zone-41,Loader Rickshaw,Allama Iqbal Town,True,2026-08-19
59846,LR-2031,LR2031,Lahore,"Tehsil Office, Allama Iqbal Town",LWMC-AlIT,Loader Rickshaw,Door To Door Collection,moving,on,19.706,88.91,31.534716,74.26718,19/08/2026 10:59 AM,19/08/2026 11:00 AM,Reporting,Excess Idling,12.0,False,UC-101,Allama Iqbal Town,Zone-37,Loader Rickshaw,Allama Iqbal Town,True,2026-08-19
23021,LR-1170,LR1170,Lahore,"Tehsil Office, Allama Iqbal Town",LWMC-AlIT,Loader Rickshaw,Door To Door Collection,still,off,31.023,274.75,31.276855,74.049528,19/08/2026 10:57 AM,19/08/2026 11:00 AM,Reporting,Parked,0.0,True,UC-263,Allama Iqbal Town,Zone-42,Loader Rickshaw,Allama Iqbal Town,True,2026-08-19
-,LR-0244,LR0244,Lahore,"Tehsil Office, Allama Iqbal Town",LWMC-AlIT,-,-,still,off,18.011,280.35,31.592513,74.25936,19/08/2026 10:56 AM,19/08/2026 11:00 AM,Reporting,Parked,0.0,True,UC-5,Ravi Town,Zone-1,Loader Rickshaw,DGBT,False,2026-08-19
23008,LR-1157,LR1157,Lahore,"Tehsil Office, Allama Iqbal Town",LWMC-AlIT,Loader Rickshaw,Door To Door Collection,moving,on,42.344,286.21,31.3074,74.052328,19/08/2026 10:59 AM,19/08/2026 11:00 AM,Reporting,Parked,0.0,True,UC-265,Allama Iqbal Town,Zone-42,Loader Rickshaw,Allama Iqbal Town,True,2026-08-19
60422,LR-1513,LR1513,Lahore,"Tehsil Office, Allama Iqbal Town",LWMC-AlIT,Loader Rickshaw,Door To Door Collection,still,off,39.438,360.81,31.297522,74.135663,19/08/2026 10:57 AM,19/08/2026 11:00 AM,Reporting,Moving,0.0,True,UC-264,Allama Iqbal Town,Zone-42,Loader Rickshaw,Allama Iqbal Town,True,2026-08-19
22878,LR-0519,LR0519,Lahore,"Tehsil Office, Allama Iqbal Town",LWMC-AlIT,Loader Rickshaw,Door To Door Collection,still,off,,,31.463259,74.225085,19/08/2026 10:57 AM,19/08/2026 11:00 AM,Reporting,No Activity Since Yesterday,9.55,False,UC-117,Allama Iqbal Town,Zone-41,Loader Rickshaw,Allama Iqbal Town,True,2026-08-19
23005,LR-1154,LR1154,Lahore,"Tehsil Office, Allama Iqbal Town",LWMC-AlIT,Loader Rickshaw,Door To Door Collection,still,off,40.221,360.16,31.331463,74.111823,19/08/2026 10:59 AM,19/08/2026 11:00 AM,Reporting,Parked,0.0,True,UC-262,Allama Iqbal Town,Zone-42,Loader Rickshaw,Allama Iqbal Town,True,2026-08-19
59850,LR-2053,LR2053,Lahore,"Tehsil Office, Allama Iqbal Town",LWMC-AlIT,Loader Rickshaw,Door To Door Collection,moving,on,22.347,121.38,31.532862,74.28296,19/08/2026 10:58 AM,19/08/2026 11:00 AM,Reporting,Parked,0.0,True,UC-95,Allama Iqbal Town,Zone-37,Loader Rickshaw,Allama Iqbal Town,True,2026-08-19
60316,LR-0464,LR0464,Lahore,"Tehsil Office, Allama Iqbal Town",LWMC-AlIT,Loader Rickshaw,Door To Door Collection,still,off,,,31.276035,74.253153,19/08/2026 10:46 AM,19/08/2026 11:00 AM,Reporting,No Activity Since Yesterday,0.0,True,UC-268,Allama Iqbal Town,Zone-43,Loader Rickshaw,Allama Iqbal Town,True,2026-08-19
22850,LR-0443,LR0443,Lahore,"Tehsil Office, Allama Iqbal Town",LWMC-AlIT,Loader Rickshaw,Door To Door Collection,still,off,15.189,36.96,31.401516,74.264612,19/08/2026 10:57 AM,19/08/2026 11:00 AM,Reporting,Excess Idling,11.84,False,UC-257,Allama Iqbal Town,Zone-40,Loader Rickshaw,Allama Iqbal Town,True,2026-08-19
60141,LR-2991,LR2991,Lahore,"Tehsil Office, Allama Iqbal Town",LWMC-AlIT,Loader Rickshaw,Door To Door Collection,still,off,29.026,153.33,31.534787,74.267172,19/08/2026 10:59 AM,19/08/2026 11:00 AM,Reporting,Excess Idling,12.51,False,UC-101,Allama Iqbal Town,Zone-37,,Allama Iqbal Town,True,2026-08-19
59858,LR-2057,LR2057,Lahore,"Tehsil Office, Allama Iqbal Town",LWMC-AlIT,Loader Rickshaw,Door To Door Collection,moving,on,28.561,99.7,31.520056,74.27067,19/08/2026 10:59 AM,19/08/2026 11:00 AM,Reporting,Excess Idling,11.69,False,UC-98,Allama Iqbal Town,Zone-37,Loader Rickshaw,Allama Iqbal Town,True,2026-08-19
59928,LR-2638,LR2638,Lahore,"Tehsil Office, Allama Iqbal Town",LWMC-AlIT,Loader Rickshaw,Door To Door Collection,still,off,17.281,67.36,31.477067,74.295746,19/08/2026 10:58 AM,19/08/2026 11:00 AM,Reporting,Excess Idling,11.59,False,UC-220,Allama Iqbal Town,Zone-39,Loader Rickshaw,Allama Iqbal Town,True,2026-08-19
59599,LR-1439,LR1439,Lahore,"Tehsil Office, Allama Iqbal Town",LWMC-AlIT,Loader Rickshaw,Door To Door Collection,moving,on,39.534,329.76,31.301248,74.073333,19/08/2026 10:59 AM,19/08/2026 11:00 AM,Reporting,Parked,0.0,True,UC-266,Allama Iqbal Town,Zone-42,Loader Rickshaw,Allama Iqbal Town,True,2026-08-19
60122,LR-2968,LR2968,Lahore,"Tehsil Office, Allama Iqbal Town",LWMC-AlIT,Loader Rickshaw,Door To Door Collection,moving,on,36.778,139.03,31.446411,74.291849,19/08/2026 10:58 AM,19/08/2026 11:00 AM,Reporting,Excess Idling,12.1,False,UC-222,Allama Iqbal Town,Zone-39,,Allama Iqbal Town,True,2026-08-19
22965,LR-1014,LR1014,Lahore,"Tehsil Office, Allama Iqbal Town",LWMC-AlIT,Loader Rickshaw,Door To Door Collection,moving,on,42.011,308.1,31.506483,74.241568,19/08/2026 10:58 AM,19/08/2026 11:00 AM,Reporting,Parked,0.0,True,UC-106,Allama Iqbal Town,Zone-38,Loader Rickshaw,Allama Iqbal Town,True,2026-08-19
60082,LR-2931,LR2931,Lahore,"Tehsil Office, Allama Iqbal Town",LWMC-AlIT,Loader Rickshaw,Door To Door Collection,moving,on,33.889,156.63,31.457757,74.295146,19/08/2026 10:57 AM,19/08/2026 11:00 AM,Reporting,Excess Idling,12.66,False,UC-222,Allama Iqbal Town,Zone-39,,Allama Iqbal Town,True,2026-08-19
59621,LR-1438,LR1438,Lahore,"Tehsil Office, Allama Iqbal Town",LWMC-AlIT,Loader Rickshaw,Door To Door Collection,still,off,34.615,318.26,31.331412,74.111742,19/08/2026 10:58 AM,19/08/2026 11:00 AM,Reporting,Parked,0.0,True,UC-262,Allama Iqbal Town,Zone-42,Loader Rickshaw,Allama Iqbal Town,True,2026-08-19
59780,D-43,D43,Lahore,"Tehsil Office, Allama Iqbal Town",LWMC-AlIT,Dumper (7CM),Bulk Waste Collection,still,off,76.193,176.3,31.52694,74.267583,19/08/2026 10:59 AM,19/08/2026 11:00 AM,Reporting,Moving,0.0,True,UC-102,Allama Iqbal Town,Zone-37,Dumper,Allama Iqbal Town,True,2026-08-19
59763,LR-1691,LR1691,Lahore,"Tehsil Office, Allama Iqbal Town",LWMC-AlIT,Loader Rickshaw,Door To Door Collection,still,off,,,31.465031,74.224982,19/08/2026 10:57 AM,19/08/2026 11:00 AM,Reporting,No Activity Since Yesterday,10.67,False,UC-117,Allama Iqbal Town,Zone-41,Loader Rickshaw,Allama Iqbal Town,True,2026-08-19
22807,LR-0229,LR0229,Lahore,"Tehsil Office, Allama Iqbal Town",LWMC-AlIT,Loader Rickshaw,Door To Door Collection,still,off,36.988,146.59,31.47555,74.227794,19/08/2026 10:59 AM,19/08/2026 11:00 AM,Reporting,Idle,11.54,False,UC-110,Allama Iqbal Town,Zone-41,Loader Rickshaw,Allama Iqbal Town,True,2026-08-19
60061,LR-2917,LR2917,Lahore,"Tehsil Office, Allama Iqbal Town",LWMC-AlIT,Loader Rickshaw,Door To Door Collection,still,off,30.149,94.16,31.433991,74.221761,19/08/2026 10:57 AM,19/08/2026 11:00 AM,Reporting,Excess Idling,12.1,False,UC-116,Allama Iqbal Town,Zone-41,,Allama Iqbal Town,True,2026-08-19
22842,LR-0307,LR0307,Lahore,"Tehsil Office, Allama Iqbal Town",LWMC-AlIT,Loader Rickshaw,Door To Door Collection,still,off,23.262,90.95,31.53055,74.274485,19/08/2026 10:59 AM,19/08/2026 11:00 AM,Reporting,Excess Idling,12.25,False,UC-102,Allama Iqbal Town,Zone-37,Loader Rickshaw,Allama Iqbal Town,True,2026-08-19
22830,LR-0210,LR0210,Lahore,"Tehsil Office, Allama Iqbal Town",LWMC-AlIT,Loader Rickshaw,Door To Door Collection,moving,on,42.875,366.06,31.264837,74.2246,19/08/2026 10:59 AM,19/08/2026 11:00 AM,Reporting,Excess Idling,10.06,False,UC-268,Allama Iqbal Town,Zone-43,Loader Rickshaw,Allama Iqbal Town,True,2026-08-19
59741,LR-1540,LR1540,Lahore,"Tehsil Office, Allama Iqbal Town",LWMC-AlIT,Loader Rickshaw,Door To Door Collection,still,off,24.362,85.95,31.513084,74.269751,19/08/2026 10:57 AM,19/08/2026 11:00 AM,Reporting,Excess Idling,11.89,False,UC-98,Allama Iqbal Town,Zone-37,Loader Rickshaw,Allama Iqbal Town,True,2026-08-19
60339,LR-0915,LR0915,Lahore,"Tehsil Office, Allama Iqbal Town",LWMC-AlIT,Loader Rickshaw,Door To Door Collection,moving,on,18.07,201.19,31.385674,74.149482,19/08/2026 10:59 AM,19/08/2026 11:00 AM,Reporting,Excess Idling,12.56,False,UC-260,Allama Iqbal Town,Zone-41,Loader Rickshaw,Allama Iqbal Town,True,2026-08-19
59268,LR-1546,LR1546,Lahore,"Tehsil Office, Allama Iqbal Town",LWMC-AlIT,Loader Rickshaw,Door To Door Collection,still,off,,,31.27594,74.252963,19/08/2026 10:48 AM,19/08/2026 11:00 AM,Reporting,No Activity Since Yesterday,0.0,True,UC-268,Allama Iqbal Town,Zone-43,Loader Rickshaw,Allama Iqbal Town,True,2026-08-19
59804,LR-1726,LR1726,Lahore,"Tehsil Office, Allama Iqbal Town",LWMC-AlIT,Loader Rickshaw,Door To Door Collection,still,off,35.436,138.51,31.498405,74.25096,19/08/2026 10:58 AM,19/08/2026 11:00 AM,Reporting,Idle,11.69,False,UC-109,Allama Iqbal Town,Zone-38,Loader Rickshaw,Allama Iqbal Town,True,2026-08-19
60327,LR-1734,LR1734,Lahore,"Tehsil Office, Allama Iqbal Town",LWMC-AlIT,Loader Rickshaw,Door To Door Collection,still,off,,,31.336593,74.242653,19/08/2026 10:47 AM,19/08/2026 11:00 AM,Reporting,No Activity Since Yesterday,0.0,True,UC-270,Nishter Town,Zone-47,Loader Rickshaw,Allama Iqbal Town,False,2026-08-19
22894,LR-0537,LR0537,Lahore,"Tehsil Office, Allama Iqbal Town",LWMC-AlIT,Loader Rickshaw,Door To Door Collection,still,off,19.445,77.83,31.476557,74.28506,19/08/2026 10:58 AM,19/08/2026 11:00 AM,Reporting,Parked,12.15,False,UC-221,Allama Iqbal Town,Zone-39,Loader Rickshaw,Allama Iqbal Town,True,2026-08-19
19714,S-166,S166,Lahore,"Tehsil Office, Allama Iqbal Town",LWMC-AlIT,Mini Dumper,Bulk Waste Collection,moving,on,16.677,43.89,31.465028,74.224768,19/08/2026 01:19 AM,19/08/2026 02:08 AM,Reporting,Moving,13.17,False,UC-117,Allama Iqbal Town,Zone-41,Mini Dumper,Allama Iqbal Town,True,2026-08-19
18512,C-1360L,C1360L,Lahore,"Tehsil Office, Allama Iqbal Town",LWMC-AlIT,Compactor (13CM),Container-Based Collection,moving,on,121.32,548.91,31.489739,74.290511,19/08/2026 11:00 AM,19/08/2026 11:00 AM,Reporting,Moving,26.38,False,UC-220,Allama Iqbal Town,Zone-39,Compactor,Allama Iqbal Town,True,2026-08-19
18524,C-1361,C1361,Lahore,"Tehsil Office, Allama Iqbal Town",LWMC-AlIT,Compactor (13CM),Container-Based Collection,still,off,77.53,450.35,31.465287,74.225316,19/08/2026 10:54 AM,19/08/2026 11:00 AM,Reporting,Moving,27.35,False,UC-117,Allama Iqbal Town,Zone-41,Compactor,Allama Iqbal Town,True,2026-08-19
22893,LR-0536,LR0536,Lahore,"Tehsil Office, Allama Iqbal Town",LWMC-AlIT,Loader Rickshaw,Door To Door Collection,moving,on,26.562,404.14,31.443452,74.292595,19/08/2026 10:33 AM,19/08/2026 11:00 AM,Reporting,Parked,12.35,False,UC-222,Allama Iqbal Town,Zone-39,Loader Rickshaw,Allama Iqbal Town,True,2026-08-19
60342,LR-0212,LR0212,Lahore,"Tehsil Office, Allama Iqbal Town",LWMC-AlIT,Loader Rickshaw,Door To Door Collection,moving,on,27.681,98.25,31.396493,74.229983,19/08/2026 10:57 AM,19/08/2026 11:00 AM,Reporting,Moving,13.27,False,UC-269,Nishter Town,Zone-47,Loader Rickshaw,Allama Iqbal Town,False,2026-08-19
22927,LR-0832,LR0832,Lahore,"Tehsil Office, Allama Iqbal Town",LWMC-AlIT,Loader Rickshaw,Door To Door Collection,still,off,33.587,143.08,31.460518,74.31291,19/08/2026 10:57 AM,19/08/2026 11:00 AM,Reporting,Excess Idling,0.0,True,UC-232,Allama Iqbal Town,Zone-39,Loader Rickshaw,Allama Iqbal Town,True,2026-08-19
19696,S-53,S53,Lahore,"Tehsil Office, Allama Iqbal Town",LWMC-AlIT,Mini Dumper,Bulk Waste Collection,moving,on,66.957,189.05,31.442763,74.19678,19/08/2026 11:00 AM,19/08/2026 11:00 AM,Reporting,Parked,0.0,True,UC-258,Allama Iqbal Town,Zone-41,Mini Dumper,Allama Iqbal Town,True,2026-08-19
22983,LR-1102,LR1102,Lahore,"Tehsil Office, Allama Iqbal Town",LWMC-AlIT,Loader Rickshaw,Door To Door Collection,still,off,0.331,3.53,31.275873,74.253293,19/08/2026 10:57 AM,19/08/2026 11:00 AM,Reporting,No Activity Since Yesterday,0.0,True,UC-268,Allama Iqbal Town,Zone-43,Loader Rickshaw,Allama Iqbal Town,True,2026-08-19
-,SD-12,SD12,Lahore,"Tehsil Office, Allama Iqbal Town",LWMC-AlIT,-,-,still,off,97.484,361.6,31.578052,74.334838,19/08/2026 10:57 AM,19/08/2026 11:00 AM,Reporting,Moving,27.81,False,UC-118,Gulberg Town,Zone-19,Dumper,Rajgarh Circle-1,False,2026-08-19
60401,LR0203,LR0203,Lahore,"Tehsil Office, Allama Iqbal Town",LWMC-AlIT,Loader Rickshaw,Door To Door Collection,moving,on,34.465,155.23,31.304398,74.215527,19/08/2026 10:50 AM,19/08/2026 11:00 AM,Reporting,Parked,0.0,True,UC-268,Allama Iqbal Town,Zone-43,Loader Rickshaw,Allama Iqbal Town,True,2026-08-19
22986,LR-1105,LR1105,Lahore,"Tehsil Office, Allama Iqbal Town",LWMC-AlIT,Loader Rickshaw,Door To Door Collection,moving,on,24.221,104.76,31.252188,74.226108,19/08/2026 10:59 AM,19/08/2026 11:00 AM,Reporting,Idle,0.0,True,UC-272,Allama Iqbal Town,Zone-43,Loader Rickshaw,Allama Iqbal Town,True,2026-08-19
23010,LR-1159,LR1159,Lahore,"Tehsil Office, Allama Iqbal Town",LWMC-AlIT,Loader Rickshaw,Door To Door Collection,still,off,55.334,200.06,31.272237,74.097083,19/08/2026 10:58 AM,19/08/2026 11:00 AM,Reporting,Moving,0.0,True,UC-266,Allama Iqbal Town,Zone-42,Loader Rickshaw,Allama Iqbal Town,True,2026-08-19
19700,S-233,S233,Lahore,"Tehsil Office, Allama Iqbal Town",LWMC-AlIT,Mini Dumper,Bulk Waste Collection,still,off,39.001,588.04,31.465275,74.224883,19/08/2026 10:16 AM,19/08/2026 11:00 AM,Reporting,Excess Idling,12.0,False,UC-117,Allama Iqbal Town,Zone-41,Mini Dumper,Allama Iqbal Town,True,2026-08-19
59740,LR-1538,LR1538,Lahore,"Tehsil Office, Allama Iqbal Town",LWMC-AlIT,Loader Rickshaw,Door To Door Collection,still,off,33.408,658.0,31.534833,74.267142,19/08/2026 10:58 AM,19/08/2026 11:00 AM,Reporting,Excess Idling,0.0,True,UC-101,Allama Iqbal Town,Zone-37,Loader Rickshaw,Allama Iqbal Town,True,2026-08-19
60251,LR-0221,LR0221,Lahore,"Tehsil Office, Allama Iqbal Town",LWMC-AlIT,Loader Rickshaw,Door To Door Collection,moving,on,36.689,163.96,31.296767,74.217738,19/08/2026 10:29 AM,19/08/2026 10:30 AM,Reporting,Excess Idling,0.0,True,UC-267,Allama Iqbal Town,Zone-43,Loader Rickshaw,Allama Iqbal Town,True,2026-08-19
59855,LR-2055,LR2055,Lahore,"Tehsil Office, Allama Iqbal Town",LWMC-AlIT,Loader Rickshaw,Door To Door Collection,still,off,23.404,637.11,31.532993,74.282383,19/08/2026 10:54 AM,19/08/2026 11:00 AM,Reporting,Moving,0.0,True,UC-95,Allama Iqbal Town,Zone-37,Loader Rickshaw,Allama Iqbal Town,True,2026-08-19
60206,LR-2484,LR2484,Lahore,"Tehsil Office, Allama Iqbal Town",LWMC-AlIT,Loader Rickshaw,Door To Door Collection,moving,on,12.179,91.53,31.439974,74.170001,19/08/2026 10:59 AM,19/08/2026 11:00 AM,Reporting,Excess Idling,12.05,False,UC-258,Allama Iqbal Town,Zone-41,Loader Rickshaw,Allama Iqbal Town,True,2026-08-19
-,LR-2958,LR2958,Lahore,"Tehsil Office, Allama Iqbal Town",LWMC-AlIT,-,-,moving,on,21.869,216.81,31.447562,74.373014,19/08/2026 10:59 AM,19/08/2026 11:00 AM,Reporting,Parked,12.56,False,UC-231,Nishter Town,Zone-45,,Allama Iqbal Town,False,2026-08-19
18522,C-1330,C1330,Lahore,"Tehsil Office, Allama Iqbal Town",LWMC-AlIT,Compactor (13CM),Container-Based Collection,moving,on,84.744,441.91,31.470688,74.240234,19/08/2026 11:00 AM,19/08/2026 11:00 AM,Reporting,Moving,27.35,False,UC-110,Allama Iqbal Town,Zone-41,Compactor,Allama Iqbal Town,True,2026-08-19
59845,LR-1441,LR1441,Lahore,"Tehsil Office, Allama Iqbal Town",LWMC-AlIT,Loader Rickshaw,Door To Door Collection,moving,on,43.607,397.26,31.305047,74.063132,19/08/2026 10:58 AM,19/08/2026 11:00 AM,Reporting,Parked,0.0,True,UC-265,Allama Iqbal Town,Zone-42,Loader Rickshaw,Allama Iqbal Town,True,2026-08-19
59469,LR-1163,LR1163,Lahore,"Tehsil Office, Allama Iqbal Town",LWMC-AlIT,Loader Rickshaw,Door To Door Collection,moving,on,23.34,658.23,31.330133,74.102387,19/08/2026 10:58 AM,19/08/2026 11:00 AM,Reporting,Parked,0.0,True,UC-262,Allama Iqbal Town,Zone-42,Loader Rickshaw,Allama Iqbal Town,True,2026-08-19
22856,LR-0449,LR0449,Lahore,"Tehsil Office, Allama Iqbal Town",LWMC-AlIT,Loader Rickshaw,Door To Door Collection,still,off,39.907,259.58,31.43679,74.252989,19/08/2026 10:57 AM,19/08/2026 11:00 AM,Reporting,Parked,11.38,False,UC-256,Allama Iqbal Town,Zone-40,Loader Rickshaw,Allama Iqbal Town,True,2026-08-19
59787,LR-1702,LR1702,Lahore,"Tehsil Office, Allama Iqbal Town",LWMC-AlIT,Loader Rickshaw,Door To Door Collection,moving,on,36.843,181.16,31.479123,74.215523,19/08/2026 10:56 AM,19/08/2026 11:00 AM,Reporting,Idle,0.0,True,UC-117,Allama Iqbal Town,Zone-41,Loader Rickshaw,Allama Iqbal Town,True,2026-08-19
22899,LR-0542,LR0542,Lahore,"Tehsil Office, Allama Iqbal Town",LWMC-AlIT,Loader Rickshaw,Door To Door Collection,moving,on,23.185,171.48,31.475532,74.289001,19/08/2026 10:59 AM,19/08/2026 11:00 AM,Reporting,Parked,11.74,False,UC-220,Allama Iqbal Town,Zone-39,Loader Rickshaw,Allama Iqbal Town,True,2026-08-19
-,CH-8S202167,CH8S202167,Lahore,"Tehsil Office, Allama Iqbal Town",LWMC-AlIT,-,-,moving,on,84.908,575.95,31.42456,74.228755,19/08/2026 10:58 AM,19/08/2026 11:00 AM,Reporting,Moving,0.0,True,UC-269,Nishter Town,Zone-47,,Allama Iqbal Town,False,2026-08-19
-,LR-2993,LR2993,Lahore,"Tehsil Office, Allama Iqbal Town",LWMC-AlIT,-,-,moving,on,18.089,155.19,31.438436,74.37156,19/08/2026 11:00 AM,19/08/2026 11:00 AM,Reporting,Parked,12.1,False,UC-231,Nishter Town,Zone-45,,Allama Iqbal Town,False,2026-08-19
18515,C-1362,C1362,Lahore,"Tehsil Office, Allama Iqbal Town",LWMC-AlIT,Compactor (13CM),Container-Based Collection,moving,on,47.459,285.48,31.499807,74.265799,19/08/2026 10:58 AM,19/08/2026 11:00 AM,Reporting,Moving,27.45,False,UC-105,Allama Iqbal Town,Zone-38,Compactor,Allama Iqbal Town,True,2026-08-19
23017,LR-1166,LR1166,Lahore,"Tehsil Office, Allama Iqbal Town",LWMC-AlIT,Loader Rickshaw,Door To Door Collection,still,off,21.905,549.68,31.332687,74.090488,19/08/2026 10:58 AM,19/08/2026 11:00 AM,Reporting,Moving,0.0,True,UC-263,Allama Iqbal Town,Zone-42,Loader Rickshaw,Allama Iqbal Town,True,2026-08-19
59816,LR-1740,LR1740,Lahore,"Tehsil Office, Allama Iqbal Town",LWMC-AlIT,Loader Rickshaw,Door To Door Collection,moving,on,29.526,659.33,31.516698,74.267515,19/08/2026 11:00 AM,19/08/2026 11:00 AM,Reporting,Moving,0.0,True,UC-103,Allama Iqbal Town,Zone-38,Loader Rickshaw,Allama Iqbal Town,True,2026-08-19
60386,LR-0054,LR0054,Lahore,"Tehsil Office, Allama Iqbal Town",LWMC-AlIT,Loader Rickshaw,Door To Door Collection,moving,on,45.538,557.39,31.228824,74.203079,19/08/2026 10:51 AM,19/08/2026 11:00 AM,Reporting,Parked,6.49,False,UC-272,Allama Iqbal Town,Zone-43,Loader Rickshaw,Allama Iqbal Town,True,2026-08-19
59812,LR-1736,LR1736,Lahore,"Tehsil Office, Allama Iqbal Town",LWMC-AlIT,Loader Rickshaw,Door To Door Collection,moving,on,25.591,657.71,31.508372,74.267678,19/08/2026 10:57 AM,19/08/2026 11:00 AM,Reporting,Idle,11.03,False,UC-105,Allama Iqbal Town,Zone-38,Loader Rickshaw,Allama Iqbal Town,True,2026-08-19
59833,LR-1986,LR1986,Lahore,"Tehsil Office, Allama Iqbal Town",LWMC-AlIT,Loader Rickshaw,Door To Door Collection,still,off,16.228,584.68,31.461711,74.309914,19/08/2026 10:55 AM,19/08/2026 11:00 AM,Reporting,Parked,11.89,False,UC-232,Allama Iqbal Town,Zone-39,Loader Rickshaw,Allama Iqbal Town,True,2026-08-19
59882,LR-2611,LR2611,Lahore,"Tehsil Office, Allama Iqbal Town",LWMC-AlIT,Loader Rickshaw,Door To Door Collection,moving,on,26.781,456.89,31.531896,74.273302,19/08/2026 11:00 AM,19/08/2026 11:00 AM,Reporting,Parked,0.0,True,UC-101,Allama Iqbal Town,Zone-37,Loader Rickshaw,Allama Iqbal Town,True,2026-08-19
59983,LR-2748,LR2748,Lahore,"Tehsil Office, Allama Iqbal Town",LWMC-AlIT,Loader Rickshaw,Door To Door Collection,still,off,35.761,657.13,31.465378,74.308464,19/08/2026 10:57 AM,19/08/2026 11:00 AM,Reporting,Excess Idling,11.38,False,UC-232,Allama Iqbal Town,Zone-39,,Allama Iqbal Town,True,2026-08-19
61649,MFL-21,MFL21,Lahore,"Tehsil Office, Allama Iqbal Town",LWMC-AlIT,Tractor Trolley,Bulk Waste Collection,still,off,10.711,626.89,31.475438,74.228026,19/08/2026 10:57 AM,19/08/2026 11:00 AM,Reporting,Excess Idling,12.2,False,UC-110,Allama Iqbal Town,Zone-41,Loader,Gulberg Town,False,2026-08-19
-,MF-60,MF60,Lahore,"Tehsil Office, Allama Iqbal Town",LWMC-AlIT,-,-,moving,on,11.098,641.81,31.32958,74.108316,19/08/2026 10:42 AM,19/08/2026 11:00 AM,Reporting,Excess Idling,12.91,False,UC-262,Allama Iqbal Town,Zone-42,,Allama Iqbal Town,True,2026-08-19
60347,LR-1024,LR1024,Lahore,"Tehsil Office, Allama Iqbal Town",LWMC-AlIT,Loader Rickshaw,Door To Door Collection,moving,on,7.213,607.51,31.4369,74.176577,19/08/2026 11:00 AM,19/08/2026 11:00 AM,Reporting,Moving,14.24,False,UC-258,Allama Iqbal Town,Zone-41,Loader Rickshaw,Allama Iqbal Town,True,2026-08-19
60127,LR-2018,LR2018,Lahore,"Tehsil Office, Allama Iqbal Town",LWMC-AlIT,Loader Rickshaw,Door To Door Collection,moving,on,25.233,657.85,31.271128,74.246838,19/08/2026 10:58 AM,19/08/2026 11:00 AM,Reporting,Excess Idling,12.76,False,UC-268,Allama Iqbal Town,Zone-43,Loader Rickshaw,Allama Iqbal Town,True,2026-08-19
59822,LR-1742,LR1742,Lahore,"Tehsil Office, Allama Iqbal Town",LWMC-AlIT,Loader Rickshaw,Door To Door Collection,still,off,30.658,383.43,31.511207,74.265568,19/08/2026 10:57 AM,19/08/2026 11:00 AM,Reporting,Excess Idling,11.69,False,UC-106,Allama Iqbal Town,Zone-38,Loader Rickshaw,Allama Iqbal Town,True,2026-08-19
22828,LR-0208,LR0208,Lahore,"Tehsil Office, Allama Iqbal Town",LWMC-AlIT,Loader Rickshaw,Door To Door Collection,still,off,30.316,466.68,31.457456,74.299663,19/08/2026 10:57 AM,19/08/2026 11:00 AM,Reporting,Idle,11.43,False,UC-222,Allama Iqbal Town,Zone-39,Loader Rickshaw,Allama Iqbal Town,True,2026-08-19
22922,LR-0622,LR0622,Lahore,"Tehsil Office, Allama Iqbal Town",LWMC-AlIT,Loader Rickshaw,Door To Door Collection,still,off,27.811,649.0,31.470614,74.259604,19/08/2026 10:58 AM,19/08/2026 11:00 AM,Reporting,Idle,11.38,False,UC-114,Allama Iqbal Town,Zone-40,Loader Rickshaw,Allama Iqbal Town,True,2026-08-19
59796,LR-1722,LR1722,Lahore,"Tehsil Office, Allama Iqbal Town",LWMC-AlIT,Loader Rickshaw,Door To Door Collection,still,off,27.759,643.88,31.459583,74.227343,19/08/2026 10:57 AM,19/08/2026 11:00 AM,Reporting,Idle,11.43,False,UC-116,Allama Iqbal Town,Zone-41,Loader Rickshaw,Allama Iqbal Town,True,2026-08-19
22934,LR-0839,LR0839,Lahore,"Tehsil Office, Allama Iqbal Town",LWMC-AlIT,Loader Rickshaw,Door To Door Collection,still,off,23.663,657.73,31.460405,74.313388,19/08/2026 10:58 AM,19/08/2026 11:00 AM,Reporting,Moving,11.79,False,UC-232,Allama Iqbal Town,Zone-39,Loader Rickshaw,Allama Iqbal Town,True,2026-08-19
22792,LR-0172,LR0172,Lahore,"Tehsil Office, Allama Iqbal Town",LWMC-AlIT,Loader Rickshaw,Door To Door Collection,still,off,11.822,587.08,31.476063,74.24035,19/08/2026 10:00 AM,19/08/2026 10:30 AM,Reporting,Parked,11.49,False,UC-110,Allama Iqbal Town,Zone-41,Loader Rickshaw,Allama Iqbal Town,True,2026-08-19
60051,LR-2912,LR2912,Lahore,"Tehsil Office, Allama Iqbal Town",LWMC-AlIT,Loader Rickshaw,Door To Door Collection,moving,on,21.7,418.61,31.495065,74.267569,19/08/2026 10:59 AM,19/08/2026 11:00 AM,Reporting,Parked,12.76,False,UC-112,Allama Iqbal Town,Zone-38,,Allama Iqbal Town,True,2026-08-19
59909,LR-2628,LR2628,Lahore,"Tehsil Office, Allama Iqbal Town",LWMC-AlIT,Loader Rickshaw,Door To Door Collection,still,off,36.462,656.93,31.465158,74.224805,19/08/2026 10:57 AM,19/08/2026 11:00 AM,Reporting,Excess Idling,11.13,False,UC-117,Allama Iqbal Town,Zone-41,Loader Rickshaw,Allama Iqbal Town,True,2026-08-19
59783,LR-1700,LR1700,Lahore,"Tehsil Office, Allama Iqbal Town",LWMC-AlIT,Loader Rickshaw,Door To Door Collection,moving,on,24.606,376.8,31.461367,74.268259,19/08/2026 10:58 AM,19/08/2026 11:00 AM,Reporting,Moving,10.62,False,UC-115,Allama Iqbal Town,Zone-40,Loader Rickshaw,Allama Iqbal Town,True,2026-08-19
59893,LR-2618,LR2618,Lahore,"Tehsil Office, Allama Iqbal Town",LWMC-AlIT,Loader Rickshaw,Door To Door Collection,still,off,18.072,657.29,31.532891,74.275577,19/08/2026 10:58 AM,19/08/2026 11:00 AM,Reporting,Excess Idling,12.15,False,UC-101,Allama Iqbal Town,Zone-37,Loader Rickshaw,Allama Iqbal Town,True,2026-08-19
59844,LR-2030,LR2030,Lahore,"Tehsil Office, Allama Iqbal Town",LWMC-AlIT,Loader Rickshaw,Door To Door Collection,still,off,18.867,656.1,31.530217,74.268752,19/08/2026 10:56 AM,19/08/2026 11:00 AM,Reporting,Excess Idling,12.86,False,UC-102,Allama Iqbal Town,Zone-37,Loader Rickshaw,Allama Iqbal Town,True,2026-08-19
61321,LR-0048,LR0048,Lahore,"Tehsil Office, Allama Iqbal Town",LWMC-AlIT,Loader Rickshaw,Door To Door Collection,still,off,30.951,656.95,31.5182,74.26067,19/08/2026 10:57 AM,19/08/2026 11:00 AM,Reporting,Excess Idling,11.38,False,UC-103,Allama Iqbal Town,Zone-38,Loader Rickshaw,Allama Iqbal Town,True,2026-08-19
60065,LR-2919,LR2919,Lahore,"Tehsil Office, Allama Iqbal Town",LWMC-AlIT,Loader Rickshaw,Door To Door Collection,moving,on,8.576,588.64,31.479795,74.213342,19/08/2026 11:00 AM,19/08/2026 11:00 AM,Reporting,Excess Idling,12.3,False,,,,,Allama Iqbal Town,False,2026-08-19
60099,LR-2963,LR2963,Lahore,"Tehsil Office, Allama Iqbal Town",LWMC-AlIT,Loader Rickshaw,Door To Door Collection,moving,on,18.489,553.35,31.470984,74.290804,19/08/2026 10:58 AM,19/08/2026 11:00 AM,Reporting,Excess Idling,12.91,False,UC-221,Allama Iqbal Town,Zone-39,,Allama Iqbal Town,True,2026-08-19
22887,LR-0530,LR0530,Lahore,"Tehsil Office, Allama Iqbal Town",LWMC-AlIT,Loader Rickshaw,Door To Door Collection,moving,on,28.286,660.04,31.480193,74.288976,19/08/2026 11:00 AM,19/08/2026 11:00 AM,Reporting,Excess Idling,12.1,False,UC-220,Allama Iqbal Town,Zone-39,Loader Rickshaw,Allama Iqbal Town,True,2026-08-19
-,WR-0029,WR0029,Lahore,"Tehsil Office, Allama Iqbal Town",LWMC-AlIT,-,-,still,off,0.01,482.83,31.465183,74.225451,19/08/2026 09:04 AM,19/08/2026 10:00 AM,Reporting,No Activity Since Yesterday,10.57,False,UC-117,Allama Iqbal Town,Zone-41,Washer Rickshaw,Allama Iqbal Town,True,2026-08-19
22960,LR-1009,LR1009,Lahore,"Tehsil Office, Allama Iqbal Town",LWMC-AlIT,Loader Rickshaw,Door To Door Collection,moving,on,32.063,659.08,31.490862,74.261784,19/08/2026 11:00 AM,19/08/2026 11:00 AM,Reporting,Excess Idling,11.74,False,UC-112,Allama Iqbal Town,Zone-38,Loader Rickshaw,Allama Iqbal Town,True,2026-08-19
60166,LR-2987,LR2987,Lahore,"Tehsil Office, Allama Iqbal Town",LWMC-AlIT,Loader Rickshaw,Door To Door Collection,still,off,22.14,471.28,31.482663,74.240068,19/08/2026 10:42 AM,19/08/2026 11:00 AM,Reporting,Parked,12.45,False,UC-110,Allama Iqbal Town,Zone-41,,Allama Iqbal Town,True,2026-08-19
60258,LR-1082,LR1082,Lahore,"Tehsil Office, Allama Iqbal Town",LWMC-AlIT,Loader Rickshaw,Door To Door Collection,still,off,24.67,632.38,31.300537,74.197362,19/08/2026 10:58 AM,19/08/2026 11:00 AM,Reporting,Parked,12.86,False,UC-267,Allama Iqbal Town,Zone-43,Loader Rickshaw,Allama Iqbal Town,True,2026-08-19
59808,LR-1731,LR1731,Lahore,"Tehsil Office, Allama Iqbal Town",LWMC-AlIT,Loader Rickshaw,Door To Door Collection,moving,on,25.143,653.29,31.507022,74.267126,19/08/2026 10:57 AM,19/08/2026 11:00 AM,Reporting,Excess Idling,11.69,False,UC-105,Allama Iqbal Town,Zone-38,Loader Rickshaw,Allama Iqbal Town,True,2026-08-19
22949,LR-0917,LR0917,Lahore,"Tehsil Office, Allama Iqbal Town",LWMC-AlIT,Loader Rickshaw,Door To Door Collection,moving,on,21.739,362.86,31.381548,74.167027,19/08/2026 10:50 AM,19/08/2026 11:00 AM,Reporting,Excess Idling,9.96,False,UC-260,Allama Iqbal Town,Zone-41,Loader Rickshaw,Allama Iqbal Town,True,2026-08-19
22822,LR-0202,LR0202,Lahore,"Tehsil Office, Allama Iqbal Town",LWMC-AlIT,Loader Rickshaw,Door To Door Collection,still,off,26.511,657.39,31.467571,74.302466,19/08/2026 10:57 AM,19/08/2026 11:00 AM,Reporting,Excess Idling,11.13,False,UC-222,Allama Iqbal Town,Zone-39,Loader Rickshaw,Allama Iqbal Town,True,2026-08-19
59966,LR-2739,LR2739,Lahore,"Tehsil Office, Allama Iqbal Town",LWMC-AlIT,Loader Rickshaw,Door To Door Collection,still,off,33.935,657.53,31.448817,74.206925,19/08/2026 10:58 AM,19/08/2026 11:00 AM,Reporting,Excess Idling,12.3,False,UC-117,Allama Iqbal Town,Zone-41,Loader Rickshaw,Allama Iqbal Town,True,2026-08-19
59803,LR-1725,LR1725,Lahore,"Tehsil Office, Allama Iqbal Town",LWMC-AlIT,Loader Rickshaw,Door To Door Collection,still,off,,657.25,31.465132,74.225787,19/08/2026 10:57 AM,19/08/2026 11:00 AM,Reporting,No Activity Since Yesterday,11.23,False,UC-117,Allama Iqbal Town,Zone-41,Loader Rickshaw,Allama Iqbal Town,True,2026-08-19
61537,LR-2381,LR2381,Lahore,"Tehsil Office, Shalimar Town",LWMC-ShTo,Loader Rickshaw,Door To Door Collection,still,off,12.268,657.39,31.589672,74.3374,19/08/2026 10:57 AM,19/08/2026 11:00 AM,Reporting,Excess Idling,10.47,False,UC-47,Shalimar Town,Zone-7,Loader Rickshaw,Shalimar Town,True,2026-08-19
25309,LR-0849,LR0849,Lahore,"Tehsil Office, Shalimar Town",LWMC-ShTo,Loader Rickshaw,Door to Door Collection,still,off,17.345,657.86,31.580214,74.386222,19/08/2026 10:58 AM,19/08/2026 11:00 AM,Reporting,Parked,9.29,False,UC-153,Shalimar Town,Zone-10,Loader Rickshaw,Shalimar Town,True,2026-08-19
60931,LR-2184,LR2184,Lahore,"Tehsil Office, Shalimar Town",LWMC-ShTo,Loader Rickshaw,Door To Door Collection,moving,on,13.469,408.44,31.581533,74.337646,19/08/2026 10:59 AM,19/08/2026 11:00 AM,Reporting,Parked,12.05,False,UC-31,Shalimar Town,Zone-7,Loader Rickshaw,Shalimar Town,True,2026-08-19
60577,LR-2329,LR2329,Lahore,"Tehsil Office, Shalimar Town",LWMC-ShTo,Loader Rickshaw,Door To Door Collection,still,off,15.349,514.03,31.589102,74.363807,19/08/2026 09:20 AM,19/08/2026 09:30 AM,Reporting,Parked,0.0,True,UC-162,Shalimar Town,Zone-9,Loader Rickshaw,Shalimar Town,True,2026-08-19
61996,LR-2795,LR2795,Lahore,"Tehsil Office, Shalimar Town",LWMC-ShTo,Loader Rickshaw,Door To Door Collection,moving,on,24.544,573.1,31.580595,74.365159,19/08/2026 10:57 AM,19/08/2026 11:00 AM,Reporting,Excess Idling,11.79,False,UC-126,Shalimar Town,Zone-9,Loader Rickshaw,Shalimar Town,True,2026-08-19
62187,LR-2091,LR2091,Lahore,"Tehsil Office, Shalimar Town",LWMC-ShTo,Loader Rickshaw,Door To Door Collection,still,off,28.398,654.43,31.609792,74.381436,19/08/2026 10:57 AM,19/08/2026 11:03 AM,Reporting,Excess Idling,11.33,False,UC-108,Wagha Town,Zone-13,Loader Rickshaw,Shalimar Town,False,2026-08-19
61497,LR-1549,LR1549,Lahore,"Tehsil Office, Shalimar Town",LWMC-ShTo,Loader Rickshaw,Door To Door Collection,still,off,20.656,330.89,31.601998,74.345257,19/08/2026 10:59 AM,19/08/2026 11:00 AM,Reporting,Excess Idling,11.89,False,UC-26,Shalimar Town,Zone-6,Loader Rickshaw,Shalimar Town,True,2026-08-19
60580,LR-2320,LR2320,Lahore,"Tehsil Office, Shalimar Town",LWMC-ShTo,Loader Rickshaw,Door To Door Collection,still,off,26.974,504.01,31.594261,74.376814,19/08/2026 10:58 AM,19/08/2026 11:00 AM,Reporting,Parked,11.43,False,UC-130,Shalimar Town,Zone-10,Loader Rickshaw,Shalimar Town,True,2026-08-19
61580,LR-2326,LR2326,Lahore,"Tehsil Office, Shalimar Town",LWMC-ShTo,Loader Rickshaw,Door To Door Collection,moving,on,16.003,496.55,31.607614,74.352773,19/08/2026 10:41 AM,19/08/2026 11:00 AM,Reporting,Parked,11.28,False,UC-24,Shalimar Town,Zone-6,Loader Rickshaw,Shalimar Town,True,2026-08-19
60907,LR-2191,LR2191,Lahore,"Tehsil Office, Shalimar Town",LWMC-ShTo,Loader Rickshaw,Door To Door Collection,moving,on,15.283,538.35,31.588012,74.344979,19/08/2026 11:00 AM,19/08/2026 11:00 AM,Reporting,Excess Idling,11.38,False,UC-46,Shalimar Town,Zone-7,Loader Rickshaw,Shalimar Town,True,2026-08-19
-,LR-2607,LR2607,Lahore,"Tehsil Office, Shalimar Town",LWMC-ShTo,-,-,moving,on,25.719,643.04,31.585006,74.36021,19/08/2026 10:59 AM,19/08/2026 11:00 AM,Reporting,Parked,12.2,False,UC-165,Shalimar Town,Zone-9,Loader Rickshaw,Shalimar Town,True,2026-08-19
61597,LR-2881,LR2881,Lahore,"Tehsil Office, Shalimar Town",LWMC-ShTo,Loader Rickshaw,Door To Door Collection,still,off,19.228,657.21,31.611598,74.344716,19/08/2026 10:58 AM,19/08/2026 11:00 AM,Reporting,Parked,11.49,False,UC-25,Shalimar Town,Zone-6,Loader Rickshaw,Shalimar Town,True,2026-08-19
25303,LR-0857,LR0857,Lahore,"Tehsil Office, Shalimar Town",LWMC-ShTo,Loader Rickshaw,Door To Door Collection,still,off,13.179,657.76,31.610356,74.38147,19/08/2026 10:57 AM,19/08/2026 11:00 AM,Reporting,Excess Idling,9.65,False,UC-108,Wagha Town,Zone-13,Loader Rickshaw,Shalimar Town,False,2026-08-19
61858,LR-2944,LR2944,Lahore,"Tehsil Office, Shalimar Town",LWMC-ShTo,Loader Rickshaw,Door To Door Collection,still,off,11.771,412.93,31.603007,74.363933,19/08/2026 10:59 AM,19/08/2026 11:00 AM,Reporting,Parked,11.33,False,UC-161,Shalimar Town,Zone-9,Loader Rickshaw,Shalimar Town,True,2026-08-19
61098,S-397,S397,Lahore,"Tehsil Office, Shalimar Town",LWMC-ShTo,Mini Dumper,Door To Door Collection,still,off,21.571,150.9,31.581183,74.333558,19/08/2026 10:00 AM,19/08/2026 11:00 AM,Reporting,Parked,12.56,False,UC-31,Shalimar Town,Zone-7,Mini Dumper,Shalimar Town,True,2026-08-19
61859,LR-2110,LR2110,Lahore,"Tehsil Office, Shalimar Town",LWMC-ShTo,Loader Rickshaw,Door To Door Collection,still,off,19.535,547.61,31.607173,74.358055,19/08/2026 10:58 AM,19/08/2026 11:00 AM,Reporting,Excess Idling,11.59,False,UC-161,Shalimar Town,Zone-9,Loader Rickshaw,Shalimar Town,True,2026-08-19
-,LR-2396,LR2396,Lahore,"Tehsil Office, Shalimar Town",LWMC-ShTo,-,-,still,off,27.119,330.56,31.593042,74.420852,19/08/2026 10:58 AM,19/08/2026 11:00 AM,Reporting,Excess Idling,0.0,True,UC-138,Wagha Town,Zone-12,Loader Rickshaw,Wagha Town,True,2026-08-19
61026,LR-1797,LR1797,Lahore,"Tehsil Office, Shalimar Town",LWMC-ShTo,Loader Rickshaw,Door To Door Collection,moving,on,14.142,597.79,31.581278,74.334908,19/08/2026 10:59 AM,19/08/2026 11:00 AM,Reporting,Parked,0.0,True,UC-31,Shalimar Town,Zone-7,Loader Rickshaw,Shalimar Town,True,2026-08-19
18487,CA-168,CA168,Lahore,"Tehsil Office, Shalimar Town",LWMC-ShTo,Chain Arm Roll,Container-Based Collection,still,off,0.783,612.85,31.573545,74.287875,19/08/2026 10:48 AM,19/08/2026 11:00 AM,Reporting,No Activity Since Yesterday,0.0,True,UC-56,DGBT,Zone-29,Chain Arm Roll,Shalimar Town,False,2026-08-19
25292,LR-0580,LR0580,Lahore,"Tehsil Office, Shalimar Town",LWMC-ShTo,Loader Rickshaw,Door To Door Collection,moving,on,12.325,224.5,31.58134,74.370335,19/08/2026 10:59 AM,19/08/2026 11:00 AM,Reporting,Idle,0.0,True,UC-125,Shalimar Town,Zone-10,Loader Rickshaw,Shalimar Town,True,2026-08-19
62095,LR-2333,LR2333,Lahore,"Tehsil Office, Shalimar Town",LWMC-ShTo,Loader Rickshaw,Door To Door Collection,still,off,0.793,8.58,31.61109,74.381415,19/08/2026 10:58 AM,19/08/2026 11:00 AM,Reporting,Excess Idling,0.0,True,UC-108,Wagha Town,Zone-13,Loader Rickshaw,Shalimar Town,False,2026-08-19
25246,LR-0130,LR0130,Lahore,"Tehsil Office, Shalimar Town",LWMC-ShTo,Loader Rickshaw,Door To Door Collection,still,off,1.599,10.31,31.610865,74.38172,19/08/2026 10:57 AM,19/08/2026 11:00 AM,Reporting,Excess Idling,0.0,True,UC-108,Wagha Town,Zone-13,Loader Rickshaw,Shalimar Town,False,2026-08-19
61106,S-394,S394,Lahore,"Tehsil Office, Shalimar Town",LWMC-ShTo,Mini Dumper,Door To Door Collection,still,off,41.201,306.78,31.587564,74.342927,19/08/2026 10:59 AM,19/08/2026 11:00 AM,Reporting,Parked,13.27,False,UC-46,Shalimar Town,Zone-7,Mini Dumper,Shalimar Town,True,2026-08-19
29371,C-745,C745,Lahore,"Tehsil Office, Shalimar Town",LWMC-ShTo,Compactor (25CM),Bulk Waste Collection,moving,on,83.09,338.56,31.610222,74.305055,19/08/2026 10:58 AM,19/08/2026 11:00 AM,Reporting,Moving,0.0,True,,,,Compactor,Shalimar Town,False,2026-08-19
25254,LR-0123,LR0123,Lahore,"Tehsil Office, Shalimar Town",LWMC-ShTo,Loader Rickshaw,Door To Door Collection,moving,on,25.614,185.34,31.604695,74.363495,19/08/2026 10:59 AM,19/08/2026 11:00 AM,Reporting,Excess Idling,0.0,True,UC-161,Shalimar Town,Zone-9,Loader Rickshaw,Shalimar Town,True,2026-08-19
18491,CA-156,CA156,Lahore,"Tehsil Office, Shalimar Town",LWMC-ShTo,Chain Arm Roll,Container-Based Collection,moving,on,105.974,356.6,31.603143,74.298037,19/08/2026 10:57 AM,19/08/2026 11:00 AM,Reporting,Parked,28.93,False,UC-48,DGBT,Zone-28,Chain Arm Roll,Shalimar Town,False,2026-08-19
25305,LR-0861,LR0861,Lahore,"Tehsil Office, Shalimar Town",LWMC-ShTo,Loader Rickshaw,Door To Door Collection,still,off,19.477,125.33,31.602103,74.348042,19/08/2026 10:58 AM,19/08/2026 11:00 AM,Reporting,Excess Idling,0.0,True,UC-24,Shalimar Town,Zone-6,Loader Rickshaw,Shalimar Town,True,2026-08-19
61806,LR-2211,LR2211,Lahore,"Tehsil Office, Shalimar Town",LWMC-ShTo,Loader Rickshaw,Door To Door Collection,moving,on,19.705,496.68,31.58193,74.337867,19/08/2026 10:59 AM,19/08/2026 11:00 AM,Reporting,Excess Idling,0.0,True,UC-46,Shalimar Town,Zone-7,Loader Rickshaw,Shalimar Town,True,2026-08-19
61055,LR-2374,LR2374,Lahore,"Tehsil Office, Shalimar Town",LWMC-ShTo,Loader Rickshaw,Door To Door Collection,moving,on,16.221,109.75,31.59347,74.344042,19/08/2026 10:59 AM,19/08/2026 11:00 AM,Reporting,Excess Idling,0.0,True,UC-41,Shalimar Town,Zone-7,Loader Rickshaw,Shalimar Town,True,2026-08-19
20254,MFT-10,MFT10,Lahore,"Tehsil Office, Shalimar Town",LWMC-ShTo,Tractor Trolley,Bulk Waste Collection,moving,on,32.907,260.38,31.597028,74.359465,19/08/2026 10:58 AM,19/08/2026 11:00 AM,Reporting,Idle,0.0,True,UC-161,Shalimar Town,Zone-9,Tractor Trolley,Shalimar Town,True,2026-08-19
-,LR-2084,LR2084,Lahore,"Tehsil Office, Shalimar Town",LWMC-ShTo,-,-,moving,on,15.239,105.93,31.585027,74.360297,19/08/2026 10:59 AM,19/08/2026 11:00 AM,Reporting,Excess Idling,0.0,True,UC-165,Shalimar Town,Zone-9,Loader Rickshaw,Shalimar Town,True,2026-08-19
61825,LR-2594,LR2594,Lahore,"Tehsil Office, Shalimar Town",LWMC-ShTo,Loader Rickshaw,Door To Door Collection,moving,on,16.375,74.81,31.588296,74.357813,19/08/2026 10:59 AM,19/08/2026 11:00 AM,Reporting,Excess Idling,11.69,False,UC-164,Shalimar Town,Zone-8,Loader Rickshaw,Shalimar Town,True,2026-08-19
25310,LR-0850,LR0850,Lahore,"Tehsil Office, Shalimar Town",LWMC-ShTo,Loader Rickshaw,Door To Door Collection,still,off,17.696,88.03,31.579591,74.383975,19/08/2026 10:57 AM,19/08/2026 11:00 AM,Reporting,Excess Idling,11.59,False,UC-153,Shalimar Town,Zone-10,Loader Rickshaw,Shalimar Town,True,2026-08-19
23353,LR-1213,LR1213,Lahore,"Tehsil Office, Shalimar Town",LWMC-ShTo,Loader Rickshaw,Door To Door Collection,still,off,23.745,356.85,31.595978,74.381708,19/08/2026 10:58 AM,19/08/2026 11:00 AM,Reporting,Parked,0.0,True,UC-130,Shalimar Town,Zone-10,Loader Rickshaw,Shalimar Town,True,2026-08-19
23349,LR-1209,LR1209,Lahore,"Tehsil Office, Shalimar Town",LWMC-ShTo,Loader Rickshaw,Door To Door Collection,still,off,17.603,181.8,31.594537,74.353005,19/08/2026 10:49 AM,19/08/2026 11:00 AM,Reporting,Parked,0.0,True,UC-28,Shalimar Town,Zone-6,Loader Rickshaw,Shalimar Town,True,2026-08-19
61166,M-38,M38,Lahore,"Tehsil Office, Shalimar Town",LWMC-ShTo,Mini Dumper,Bulk Waste Collection,still,off,34.719,143.46,31.581127,74.337565,19/08/2026 10:58 AM,19/08/2026 11:00 AM,Reporting,Parked,0.0,True,UC-31,Shalimar Town,Zone-7,Foton-Mini Dumper,Shalimar Town,True,2026-08-19
61855,LR-0121,LR0121,Lahore,"Tehsil Office, Shalimar Town",LWMC-ShTo,Loader Rickshaw,Door To Door Collection,moving,on,15.666,267.58,31.604112,74.36212,19/08/2026 10:59 AM,19/08/2026 11:00 AM,Reporting,Parked,0.0,True,UC-161,Shalimar Town,Zone-9,Loader Rickshaw,Shalimar Town,True,2026-08-19
61494,LR-1291,LR1291,Lahore,"Tehsil Office, Shalimar Town",LWMC-ShTo,Loader Rickshaw,Door To Door Collection,moving,on,17.489,232.01,31.594223,74.352943,19/08/2026 10:58 AM,19/08/2026 11:00 AM,Reporting,Parked,0.0,True,UC-166,Shalimar Town,Zone-8,Loader Rickshaw,Shalimar Town,True,2026-08-19
61367,LR-2069,LR2069,Lahore,"Tehsil Office, Shalimar Town",LWMC-ShTo,Loader Rickshaw,Door To Door Collection,moving,on,19.821,90.81,31.585138,74.349121,19/08/2026 10:47 AM,19/08/2026 11:00 AM,Reporting,Excess Idling,11.38,False,UC-167,Shalimar Town,Zone-8,Loader Rickshaw,Shalimar Town,True,2026-08-19
61064,LR-1302,LR1302,Lahore,"Tehsil Office, Shalimar Town",LWMC-ShTo,Loader Rickshaw,Door To Door Collection,moving,on,15.272,302.14,31.582408,74.339055,19/08/2026 10:57 AM,19/08/2026 11:00 AM,Reporting,Parked,0.0,True,UC-46,Shalimar Town,Zone-7,Loader Rickshaw,Shalimar Town,True,2026-08-19
18490,CA-175,CA175,Lahore,"Tehsil Office, Shalimar Town",LWMC-ShTo,Chain Arm Roll,Container-Based Collection,still,off,135.953,364.03,31.595717,74.346738,19/08/2026 10:57 AM,19/08/2026 11:00 AM,Reporting,Moving,0.0,True,UC-28,Shalimar Town,Zone-6,Chain Arm Roll,Shalimar Town,True,2026-08-19
19478,LR-0155,LR0155,Lahore,"Tehsil Office, Shalimar Town",LWMC-ShTo,Loader Rickshaw,Door To Door Collection,still,off,31.613,262.78,31.59398,74.435995,19/08/2026 10:59 AM,19/08/2026 11:00 AM,Reporting,Parked,0.0,True,UC-175,Wagha Town,Zone-12,Loader Rickshaw,Wagha Town,True,2026-08-19
29230,C-1375,C1375,Lahore,"Tehsil Office, Shalimar Town",LWMC-ShTo,Compactor (13CM),Bulk Waste Collection,still,off,45.31,198.06,31.572922,74.287062,19/08/2026 10:45 AM,19/08/2026 11:00 AM,Reporting,Idle,0.0,True,UC-56,DGBT,Zone-29,Compactor,Shalimar Town,False,2026-08-19
61031,LR-1301,LR1301,Lahore,"Tehsil Office, Shalimar Town",LWMC-ShTo,Loader Rickshaw,Door To Door Collection,still,off,17.814,371.1,31.588028,74.338355,19/08/2026 10:56 AM,19/08/2026 11:00 AM,Reporting,Parked,0.0,True,UC-46,Shalimar Town,Zone-7,Loader Rickshaw,Shalimar Town,True,2026-08-19
61554,LR-2428,LR2428,Lahore,"Tehsil Office, Shalimar Town",LWMC-ShTo,Loader Rickshaw,Door To Door Collection,still,off,9.994,147.23,31.606155,74.351383,19/08/2026 10:58 AM,19/08/2026 11:00 AM,Reporting,Parked,0.0,True,UC-24,Shalimar Town,Zone-6,Loader Rickshaw,Shalimar Town,True,2026-08-19
62178,LR-2292,LR2292,Lahore,"Tehsil Office, Shalimar Town",LWMC-ShTo,Loader Rickshaw,Door To Door Collection,still,off,24.184,300.03,31.610607,74.381623,19/08/2026 10:46 AM,19/08/2026 11:03 AM,Reporting,Parked,0.0,True,UC-108,Wagha Town,Zone-13,Loader Rickshaw,Shalimar Town,False,2026-08-19
25260,LR-0150,LR0150,Lahore,"Tehsil Office, Shalimar Town",LWMC-ShTo,Loader Rickshaw,Door To Door Collection,still,off,13.009,73.76,31.603333,74.365973,19/08/2026 10:58 AM,19/08/2026 11:00 AM,Reporting,Excess Idling,11.74,False,UC-161,Shalimar Town,Zone-9,Loader Rickshaw,Shalimar Town,True,2026-08-19
61046,LR-2208,LR2208,Lahore,"Tehsil Office, Shalimar Town",LWMC-ShTo,Loader Rickshaw,Door To Door Collection,still,off,0.09,28.31,31.610433,74.381618,19/08/2026 10:57 AM,19/08/2026 11:00 AM,Reporting,No Activity Since Yesterday,0.0,True,UC-108,Wagha Town,Zone-13,Loader Rickshaw,Shalimar Town,False,2026-08-19
61652,CA-88,CA88,Lahore,"Tehsil Office, Shalimar Town",LWMC-ShTo,Chain Arm Roll,Bulk Waste Collection,moving,on,139.023,277.06,31.605631,74.365691,19/08/2026 10:58 AM,19/08/2026 11:00 AM,Reporting,Moving,25.31,False,UC-161,Shalimar Town,Zone-9,Chain Arm Roll,Shalimar Town,True,2026-08-19
61074,LR-2185,LR2185,Lahore,"Tehsil Office, Shalimar Town",LWMC-ShTo,Loader Rickshaw,Door To Door Collection,still,off,11.721,193.26,31.584892,74.334577,19/08/2026 10:57 AM,19/08/2026 11:00 AM,Reporting,Parked,11.28,False,UC-30,Ravi Town,Zone-4,Loader Rickshaw,Shalimar Town,False,2026-08-19
61604,LR-2100,LR2100,Lahore,"Tehsil Office, Shalimar Town",LWMC-ShTo,Loader Rickshaw,Door To Door Collection,still,off,25.365,147.3,31.609698,74.381437,19/08/2026 10:47 AM,19/08/2026 11:00 AM,Reporting,Parked,0.0,True,UC-108,Wagha Town,Zone-13,Loader Rickshaw,Shalimar Town,False,2026-08-19
25290,LR-0570,LR0570,Lahore,"Tehsil Office, Shalimar Town",LWMC-ShTo,Loader Rickshaw,Door To Door Collection,still,off,17.731,293.11,31.598902,74.334233,19/08/2026 10:58 AM,19/08/2026 11:00 AM,Reporting,Parked,0.0,True,UC-45,Shalimar Town,Zone-6,Loader Rickshaw,Shalimar Town,True,2026-08-19
61062,LR-2187,LR2187,Lahore,"Tehsil Office, Shalimar Town",LWMC-ShTo,Loader Rickshaw,Door To Door Collection,still,off,14.691,257.18,31.581205,74.337363,19/08/2026 10:59 AM,19/08/2026 11:00 AM,Reporting,Parked,0.0,True,UC-31,Shalimar Town,Zone-7,Loader Rickshaw,Shalimar Town,True,2026-08-19
61190,LR-2075,LR2075,Lahore,"Tehsil Office, Shalimar Town",LWMC-ShTo,Loader Rickshaw,Door To Door Collection,still,off,24.175,143.75,31.582973,74.347278,19/08/2026 10:46 AM,19/08/2026 11:00 AM,Reporting,Parked,0.0,True,UC-43,Shalimar Town,Zone-8,Loader Rickshaw,Shalimar Town,True,2026-08-19
61851,LR-2295,LR2295,Lahore,"Tehsil Office, Shalimar Town",LWMC-ShTo,Loader Rickshaw,Door To Door Collection,still,off,29.056,261.86,31.609778,74.381457,19/08/2026 10:45 AM,19/08/2026 11:00 AM,Reporting,Parked,0.0,True,UC-108,Wagha Town,Zone-13,Loader Rickshaw,Shalimar Town,False,2026-08-19
18631,C-1374,C1374,Lahore,"Tehsil Office, Shalimar Town",LWMC-ShTo,Compactor (13CM),Container-Based Collection,still,off,45.484,297.41,31.573318,74.288135,19/08/2026 10:50 AM,19/08/2026 11:00 AM,Reporting,Moving,0.0,True,UC-56,DGBT,Zone-29,Compactor,Shalimar Town,False,2026-08-19
60439,LR-0487,LR0487,Lahore,"Tehsil Office, Shalimar Town",LWMC-ShTo,Loader Rickshaw,Door To Door Collection,still,off,14.172,97.48,31.59243,74.36594,19/08/2026 10:59 AM,19/08/2026 11:00 AM,Reporting,Parked,0.0,True,UC-162,Shalimar Town,Zone-9,Loader Rickshaw,Shalimar Town,True,2026-08-19
25253,LR-0122,LR0122,Lahore,"Tehsil Office, Shalimar Town",LWMC-ShTo,Loader Rickshaw,Door To Door Collection,moving,on,13.156,68.08,31.607027,74.358073,19/08/2026 10:58 AM,19/08/2026 11:00 AM,Reporting,Excess Idling,12.25,False,UC-161,Shalimar Town,Zone-9,Loader Rickshaw,Shalimar Town,True,2026-08-19
-,C-1333,C1333,Lahore,"Tehsil Office, Shalimar Town",LWMC-ShTo,-,-,moving,on,44.536,330.94,31.573658,74.290882,19/08/2026 10:59 AM,19/08/2026 11:00 AM,Reporting,Parked,0.0,True,UC-56,DGBT,Zone-29,Compactor,Shalimar Town,False,2026-08-19
25283,LR-0563,LR0563,Lahore,"Tehsil Office, Shalimar Town",LWMC-ShTo,Loader Rickshaw,Door To Door Collection,still,off,0.015,340.03,31.610772,74.381625,19/08/2026 10:56 AM,19/08/2026 11:00 AM,Reporting,No Activity Since Yesterday,7.97,False,UC-108,Wagha Town,Zone-13,Loader Rickshaw,Shalimar Town,False,2026-08-19
60594,M-117,M117,Lahore,"Tehsil Office, Shalimar Town",LWMC-ShTo,Mini Dumper,Bulk Waste Collection,moving,on,52.461,171.51,31.56903,74.383273,19/08/2026 10:58 AM,19/08/2026 11:00 AM,Reporting,Parked,0.0,True,UC-156,Shalimar Town,Zone-10,Foton-Mini Dumper,Shalimar Town,True,2026-08-19
61012,LR-2209,LR2209,Lahore,"Tehsil Office, Shalimar Town",LWMC-ShTo,Loader Rickshaw,Door To Door Collection,moving,on,14.532,247.8,31.5875,74.335117,19/08/2026 10:59 AM,19/08/2026 11:00 AM,Reporting,Parked,0.0,True,UC-47,Shalimar Town,Zone-7,Loader Rickshaw,Shalimar Town,True,2026-08-19
61073,LR-1299,LR1299,Lahore,"Tehsil Office, Shalimar Town",LWMC-ShTo,Loader Rickshaw,Door To Door Collection,still,off,20.42,161.38,31.590257,74.349402,19/08/2026 10:58 AM,19/08/2026 11:00 AM,Reporting,Parked,0.0,True,UC-40,Shalimar Town,Zone-7,Loader Rickshaw,Shalimar Town,True,2026-08-19
23342,LR-1202,LR1202,Lahore,"Tehsil Office, Shalimar Town",LWMC-ShTo,Loader Rickshaw,Door To Door Collection,moving,on,21.901,265.16,31.598878,74.342518,19/08/2026 10:59 AM,19/08/2026 11:00 AM,Reporting,Parked,0.0,True,UC-27,Shalimar Town,Zone-6,Loader Rickshaw,Shalimar Town,True,2026-08-19
61058,LR-2206,LR2206,Lahore,"Tehsil Office, Shalimar Town",LWMC-ShTo,Loader Rickshaw,Door To Door Collection,still,off,16.539,214.25,31.593073,74.344278,19/08/2026 10:45 AM,19/08/2026 11:00 AM,Reporting,Parked,0.0,True,UC-41,Shalimar Town,Zone-7,Loader Rickshaw,Shalimar Town,True,2026-08-19
25267,LR-0354,LR0354,Lahore,"Tehsil Office, Shalimar Town",LWMC-ShTo,Loader Rickshaw,Door To Door Collection,still,off,,200.11,31.609458,74.38039,19/08/2026 10:58 AM,19/08/2026 11:00 AM,Reporting,No Activity Since Yesterday,0.0,True,UC-108,Wagha Town,Zone-13,Loader Rickshaw,Shalimar Town,False,2026-08-19
-,C-1373,C1373,Lahore,"Tehsil Office, Shalimar Town",LWMC-ShTo,-,-,moving,on,48.118,355.23,31.586458,74.384392,19/08/2026 10:58 AM,19/08/2026 11:00 AM,Reporting,Parked,0.0,True,UC-130,Shalimar Town,Zone-10,Compactor,Shalimar Town,True,2026-08-19
61517,LR-1792,LR1792,Lahore,"Tehsil Office, Shalimar Town",LWMC-ShTo,Loader Rickshaw,Door To Door Collection,still,off,16.254,70.04,31.611248,74.339986,19/08/2026 10:57 AM,19/08/2026 11:00 AM,Reporting,Excess Idling,12.15,False,UC-25,Shalimar Town,Zone-6,Loader Rickshaw,Shalimar Town,True,2026-08-19
60808,S-25,S25,Lahore,"Tehsil Office, Shalimar Town",LWMC-ShTo,Mini Dumper,Door To Door Collection,still,off,22.482,114.13,31.589422,74.345642,19/08/2026 10:49 AM,19/08/2026 11:00 AM,Reporting,Parked,0.0,True,UC-40,Shalimar Town,Zone-7,Mini Dumper,Shalimar Town,True,2026-08-19
25308,LR-0848,LR0848,Lahore,"Tehsil Office, Shalimar Town",LWMC-ShTo,Loader Rickshaw,Door to Door Collection,still,off,19.9,171.68,31.582777,74.384393,19/08/2026 10:45 AM,19/08/2026 11:00 AM,Reporting,Parked,0.0,True,UC-153,Shalimar Town,Zone-10,Loader Rickshaw,Shalimar Town,True,2026-08-19
25262,LR-0348,LR0348,Lahore,"Tehsil Office, Shalimar Town",LWMC-ShTo,Loader Rickshaw,Door To Door Collection,moving,on,16.702,398.93,31.603317,74.357798,19/08/2026 10:58 AM,19/08/2026 11:00 AM,Reporting,Parked,0.0,True,UC-161,Shalimar Town,Zone-9,Loader Rickshaw,Shalimar Town,True,2026-08-19
25279,LR-0486,LR0486,Lahore,"Tehsil Office, Shalimar Town",LWMC-ShTo,Loader Rickshaw,Door To Door Collection,still,off,11.811,265.26,31.601288,74.380232,19/08/2026 10:57 AM,19/08/2026 11:00 AM,Reporting,Idle,11.59,False,UC-163,Shalimar Town,Zone-9,Loader Rickshaw,Shalimar Town,True,2026-08-19
61536,LR-0124,LR0124,Lahore,"Tehsil Office, Shalimar Town",LWMC-ShTo,Loader Rickshaw,Door To Door Collection,still,off,11.538,214.36,31.59534,74.360992,19/08/2026 10:58 AM,19/08/2026 11:00 AM,Reporting,Parked,0.0,True,UC-162,Shalimar Town,Zone-9,Loader Rickshaw,Shalimar Town,True,2026-08-19
23341,LR-1201,LR1201,Lahore,"Tehsil Office, Shalimar Town",LWMC-ShTo,Loader Rickshaw,Door To Door Collection,still,off,21.646,315.23,31.592702,74.356198,19/08/2026 10:57 AM,19/08/2026 11:00 AM,Reporting,Parked,0.0,True,UC-166,Shalimar Town,Zone-8,Loader Rickshaw,Shalimar Town,True,2026-08-19
59710,D-54,D54,Lahore,"Tehsil Office, Shalimar Town",LWMC-ShTo,Dumper (5CM),Bulk Waste Collection,moving,on,58.766,160.69,31.59647,74.342418,19/08/2026 10:57 AM,19/08/2026 11:00 AM,Reporting,Parked,0.0,True,UC-28,Shalimar Town,Zone-6,Dumper,Shalimar Town,True,2026-08-19
-,LR-2390,LR2390,Lahore,"Tehsil Office, Shalimar Town",LWMC-ShTo,-,-,moving,on,23.531,134.8,31.595257,74.395545,19/08/2026 10:59 AM,19/08/2026 11:00 AM,Reporting,Parked,0.0,True,UC-134,Wagha Town,Zone-11,Loader Rickshaw,Wagha Town,True,2026-08-19
61628,LR-2425,LR2425,Lahore,"Tehsil Office, Shalimar Town",LWMC-ShTo,Loader Rickshaw,Door To Door Collection,still,off,14.914,377.16,31.603593,74.337262,19/08/2026 10:57 AM,19/08/2026 11:00 AM,Reporting,Parked,0.0,True,UC-27,Shalimar Town,Zone-6,Loader Rickshaw,Shalimar Town,True,2026-08-19
59744,D-55,D55,Lahore,"Tehsil Office, Shalimar Town",LWMC-ShTo,Dumper (5CM),Bulk Waste Collection,still,off,,,31.60886,74.379885,19/08/2026 10:46 AM,19/08/2026 11:00 AM,Reporting,Moving,0.0,True,UC-108,Wagha Town,Zone-13,Dumper,Shalimar Town,False,2026-08-19
25257,LR-0127,LR0127,Lahore,"Tehsil Office, Shalimar Town",LWMC-ShTo,Loader Rickshaw,Door To Door Collection,still,off,13.795,293.73,31.602923,74.37701,19/08/2026 10:59 AM,19/08/2026 11:00 AM,Reporting,Parked,0.0,True,UC-163,Shalimar Town,Zone-9,Loader Rickshaw,Shalimar Town,True,2026-08-19
20253,MFT-01,MFT01,Lahore,"Tehsil Office, Shalimar Town",LWMC-ShTo,Tractor Trolley,Bulk Waste Collection,still,off,5.055,9.91,31.579503,74.340632,19/08/2026 10:49 AM,19/08/2026 11:00 AM,Reporting,Parked,0.0,True,UC-44,Shalimar Town,Zone-8,Tractor Trolley,Shalimar Town,True,2026-08-19
29221,C-707,C707,Lahore,"Tehsil Office, Shalimar Town",LWMC-ShTo,Compactor (13CM),Bulk Waste Collection,still,off,,,31.573612,74.287517,19/08/2026 10:46 AM,19/08/2026 11:00 AM,Reporting,No Activity Since Yesterday,0.0,True,UC-56,DGBT,Zone-29,Compactor,Shalimar Town,False,2026-08-19
61078,LR-1796,LR1796,Lahore,"Tehsil Office, Shalimar Town",LWMC-ShTo,Loader Rickshaw,Door To Door Collection,still,off,17.216,207.53,31.586557,74.347142,19/08/2026 10:59 AM,19/08/2026 11:00 AM,Reporting,Parked,0.0,True,UC-42,Shalimar Town,Zone-7,Loader Rickshaw,Shalimar Town,True,2026-08-19
61624,LR-2423,LR2423,Lahore,"Tehsil Office, Shalimar Town",LWMC-ShTo,Loader Rickshaw,Door To Door Collection,still,off,20.344,139.13,31.606028,74.337578,19/08/2026 10:58 AM,19/08/2026 11:00 AM,Reporting,Excess Idling,0.0,True,UC-27,Shalimar Town,Zone-6,Loader Rickshaw,Shalimar Town,True,2026-08-19
60590,M-16,M16,Lahore,"Tehsil Office, Shalimar Town",LWMC-ShTo,Mini Dumper,Bulk Waste Collection,still,off,60.917,162.69,31.594525,74.382772,19/08/2026 10:47 AM,19/08/2026 11:00 AM,Reporting,Parked,0.0,True,UC-130,Shalimar Town,Zone-10,Foton-Mini Dumper,Shalimar Town,True,2026-08-19
61519,LR-1292,LR1292,Lahore,"Tehsil Office, Shalimar Town",LWMC-ShTo,Loader Rickshaw,Door To Door Collection,moving,on,19.092,309.1,31.598193,74.36383,19/08/2026 10:58 AM,19/08/2026 11:00 AM,Reporting,Parked,0.0,True,UC-161,Shalimar Town,Zone-9,Loader Rickshaw,Shalimar Town,True,2026-08-19
25284,LR-0564,LR0564,Lahore,"Tehsil Office, Shalimar Town",LWMC-ShTo,Loader Rickshaw,Door To Door Collection,still,off,,,31.610247,74.381387,19/08/2026 10:47 AM,19/08/2026 11:00 AM,Reporting,No Activity Since Yesterday,0.0,True,UC-108,Wagha Town,Zone-13,Loader Rickshaw,Shalimar Town,False,2026-08-19
61602,LR-1552,LR1552,Lahore,"Tehsil Office, Shalimar Town",LWMC-ShTo,Loader Rickshaw,Door To Door Collection,moving,on,9.701,94.5,31.608618,74.348918,19/08/2026 10:57 AM,19/08/2026 11:00 AM,Reporting,Parked,0.0,True,UC-24,Shalimar Town,Zone-6,Loader Rickshaw,Shalimar Town,True,2026-08-19
23333,LR-0968,LR0968,Lahore,"Tehsil Office, Shalimar Town",LWMC-ShTo,Loader Rickshaw,Door To Door Collection,moving,on,16.835,332.6,31.606483,74.358182,19/08/2026 10:57 AM,19/08/2026 11:00 AM,Reporting,Parked,0.0,True,UC-161,Shalimar Town,Zone-9,Loader Rickshaw,Shalimar Town,True,2026-08-19
60449,LR-2296,LR2296,Lahore,"Tehsil Office, Shalimar Town",LWMC-ShTo,Loader Rickshaw,Door To Door Collection,moving,on,22.144,348.44,31.604202,74.364217,19/08/2026 10:58 AM,19/08/2026 11:00 AM,Reporting,Parked,0.0,True,UC-161,Shalimar Town,Zone-9,Loader Rickshaw,Shalimar Town,True,2026-08-19
60987,LR-2188,LR2188,Lahore,"Tehsil Office, Shalimar Town",LWMC-ShTo,Loader Rickshaw,Door To Door Collection,moving,on,11.924,209.4,31.586013,74.340215,19/08/2026 10:51 AM,19/08/2026 11:00 AM,Reporting,Parked,0.0,True,UC-46,Shalimar Town,Zone-7,Loader Rickshaw,Shalimar Town,True,2026-08-19
60966,LR-2096,LR2096,Lahore,"Tehsil Office, Shalimar Town",LWMC-ShTo,Loader Rickshaw,Door To Door Collection,still,off,11.165,137.3,31.577055,74.370998,19/08/2026 10:47 AM,19/08/2026 11:00 AM,Reporting,Parked,0.0,True,UC-120,Gulberg Town,Zone-19,Loader Rickshaw,Shalimar Town,False,2026-08-19
61528,LR-2066,LR2066,Lahore,"Tehsil Office, Shalimar Town",LWMC-ShTo,Loader Rickshaw,Door To Door Collection,moving,on,14.526,101.68,31.584485,74.341507,19/08/2026 10:59 AM,19/08/2026 11:00 AM,Reporting,Parked,0.0,True,UC-46,Shalimar Town,Zone-7,Loader Rickshaw,Shalimar Town,True,2026-08-19
61791,LR-2290,LR2290,Lahore,"Tehsil Office, Shalimar Town",LWMC-ShTo,Loader Rickshaw,Door To Door Collection,still,off,12.979,183.43,31.568397,74.383995,19/08/2026 10:57 AM,19/08/2026 11:00 AM,Reporting,Parked,0.0,True,UC-157,Aziz Bhatti Town,Zone-18,Loader Rickshaw,Shalimar Town,False,2026-08-19
25244,LR-0125,LR0125,Lahore,"Tehsil Office, Shalimar Town",LWMC-ShTo,Loader Rickshaw,Door To Door Collection,still,off,8.59,43.54,31.596802,74.355049,19/08/2026 10:58 AM,19/08/2026 11:00 AM,Reporting,Moving,12.05,False,UC-161,Shalimar Town,Zone-9,Loader Rickshaw,Shalimar Town,True,2026-08-19
29211,C-1328,C1328,Lahore,"Tehsil Office, Shalimar Town",LWMC-ShTo,Compactor (25CM),Bulk Waste Collection,moving,on,46.82,238.61,31.573013,74.2872,19/08/2026 10:54 AM,19/08/2026 11:00 AM,Reporting,Idle,0.0,True,UC-56,DGBT,Zone-29,Compactor,Shalimar Town,False,2026-08-19
61606,LR-2102,LR2102,Lahore,"Tehsil Office, Shalimar Town",LWMC-ShTo,Loader Rickshaw,Door To Door Collection,still,off,10.049,194.18,31.60532,74.347102,19/08/2026 10:59 AM,19/08/2026 11:00 AM,Reporting,Parked,0.0,True,UC-26,Shalimar Town,Zone-6,Loader Rickshaw,Shalimar Town,True,2026-08-19
25319,WR-009,WR009,Lahore,"Tehsil Office, Shalimar Town",LWMC-ShTo,Rickshaw Washer,Door to Door Collection,still,off,,,31.610723,74.381515,19/08/2026 09:02 AM,19/08/2026 09:30 AM,Reporting,No Activity Since Yesterday,0.0,True,UC-108,Wagha Town,Zone-13,Washer Rickshaw,Shalimar Town,False,2026-08-19
61625,S-112,S112,Lahore,"Tehsil Office, Shalimar Town",LWMC-ShTo,Mini Dumper,Door To Door Collection,moving,on,25.865,132.09,31.604343,74.374038,19/08/2026 10:53 AM,19/08/2026 11:00 AM,Reporting,Parked,0.0,True,UC-163,Shalimar Town,Zone-9,Mini Dumper,Shalimar Town,True,2026-08-19
25258,LR-0131,LR0131,Lahore,"Tehsil Office, Shalimar Town",LWMC-ShTo,Loader Rickshaw,Door To Door Collection,still,off,23.386,275.23,31.609725,74.381435,19/08/2026 10:48 AM,19/08/2026 11:00 AM,Reporting,Parked,0.0,True,UC-108,Wagha Town,Zone-13,Loader Rickshaw,Shalimar Town,False,2026-08-19
61481,LR-0862,LR0862,Lahore,"Tehsil Office, Shalimar Town",LWMC-ShTo,Loader Rickshaw,Door To Door Collection,moving,on,19.681,352.01,31.596765,74.34985,19/08/2026 10:56 AM,19/08/2026 11:00 AM,Reporting,Parked,0.0,True,UC-24,Shalimar Town,Zone-6,Loader Rickshaw,Shalimar Town,True,2026-08-19
61696,MFL-74,MFL74,Lahore,"Tehsil Office, Shalimar Town",LWMC-ShTo,Tractor Front Blade,Bulk Waste Collection,still,off,8.976,367.43,31.603127,74.37329,19/08/2026 10:58 AM,19/08/2026 11:00 AM,Reporting,Moving,0.0,True,UC-163,Shalimar Town,Zone-9,Loader,Shalimar Town,True,2026-08-19
61802,LR-2203,LR2203,Lahore,"Tehsil Office, Shalimar Town",LWMC-ShTo,Loader Rickshaw,Door To Door Collection,still,off,14.886,185.43,31.589615,74.34553,19/08/2026 10:47 AM,19/08/2026 11:00 AM,Reporting,Parked,0.0,True,UC-41,Shalimar Town,Zone-7,Loader Rickshaw,Shalimar Town,True,2026-08-19
25288,LR-0568,LR0568,Lahore,"Tehsil Office, Shalimar Town",LWMC-ShTo,Loader Rickshaw,Door To Door Collection,moving,on,26.08,371.68,31.595022,74.338712,19/08/2026 10:55 AM,19/08/2026 11:00 AM,Reporting,Parked,0.0,True,UC-45,Shalimar Town,Zone-6,Loader Rickshaw,Shalimar Town,True,2026-08-19
61633,LR-2427,LR2427,Lahore,"Tehsil Office, Shalimar Town",LWMC-ShTo,Loader Rickshaw,Door To Door Collection,still,off,21.262,265.64,31.609723,74.38144,19/08/2026 10:51 AM,19/08/2026 11:00 AM,Reporting,Parked,0.0,True,UC-108,Wagha Town,Zone-13,Loader Rickshaw,Shalimar Town,False,2026-08-19
61565,LR-1548,LR1548,Lahore,"Tehsil Office, Shalimar Town",LWMC-ShTo,Loader Rickshaw,Door To Door Collection,moving,on,14.207,128.56,31.607217,74.349213,19/08/2026 10:53 AM,19/08/2026 11:00 AM,Reporting,Parked,0.0,True,UC-26,Shalimar Town,Zone-6,Loader Rickshaw,Shalimar Town,True,2026-08-19
61475,LR-2101,LR2101,Lahore,"Tehsil Office, Shalimar Town",LWMC-ShTo,Loader Rickshaw,Door To Door Collection,still,off,,,31.600832,74.345758,19/08/2026 10:46 AM,19/08/2026 11:00 AM,Reporting,No Activity Since Yesterday,0.0,True,UC-26,Shalimar Town,Zone-6,Loader Rickshaw,Shalimar Town,True,2026-08-19
61065,LR-2189,LR2189,Lahore,"Tehsil Office, Shalimar Town",LWMC-ShTo,Loader Rickshaw,Door To Door Collection,still,off,21.647,349.14,31.584237,74.341403,19/08/2026 10:58 AM,19/08/2026 11:00 AM,Reporting,Parked,0.0,True,UC-46,Shalimar Town,Zone-7,Loader Rickshaw,Shalimar Town,True,2026-08-19
18488,CA-117,CA117,Lahore,"Tehsil Office, Shalimar Town",LWMC-ShTo,Chain Arm Roll,Container-Based Collection,still,off,79.766,326.6,31.588123,74.335397,19/08/2026 10:57 AM,19/08/2026 11:00 AM,Reporting,Moving,0.0,True,UC-47,Shalimar Town,Zone-7,Chain Arm Roll,Shalimar Town,True,2026-08-19
23354,LR-1214,LR1214,Lahore,"Tehsil Office, Shalimar Town",LWMC-ShTo,Loader Rickshaw,Door To Door Collection,still,off,13.757,188.91,31.591418,74.358558,19/08/2026 10:50 AM,19/08/2026 11:00 AM,Reporting,Parked,0.0,True,UC-166,Shalimar Town,Zone-8,Loader Rickshaw,Shalimar Town,True,2026-08-19
61822,MFL-14,MFL14,Lahore,"Tehsil Office, Shalimar Town",LWMC-ShTo,Tractor Front Blade,Bulk Waste Collection,still,off,,,31.60884,74.379865,19/08/2026 10:44 AM,19/08/2026 11:00 AM,Reporting,No Activity Since Yesterday,0.0,True,UC-108,Wagha Town,Zone-13,Loader,Shalimar Town,False,2026-08-19
61008,LR-2210,LR2210,Lahore,"Tehsil Office, Shalimar Town",LWMC-ShTo,Loader Rickshaw,Door To Door Collection,still,off,10.343,334.61,31.588203,74.336812,19/08/2026 10:57 AM,19/08/2026 11:00 AM,Reporting,Parked,0.0,True,UC-47,Shalimar Town,Zone-7,Loader Rickshaw,Shalimar Town,True,2026-08-19
61187,S-180,S180,Lahore,"Tehsil Office, Shalimar Town",LWMC-ShTo,Mini Dumper,Door To Door Collection,still,off,20.254,104.78,31.58757,74.342875,19/08/2026 10:59 AM,19/08/2026 11:00 AM,Reporting,Moving,0.0,True,UC-42,Shalimar Town,Zone-7,Mini Dumper,Shalimar Town,True,2026-08-19
29196,C-730,C730,Lahore,"Tehsil Office, Shalimar Town",LWMC-ShTo,Compactor (25CM),Bulk Waste Collection,moving,on,63.619,289.08,31.6094,74.421313,19/08/2026 10:59 AM,19/08/2026 11:00 AM,Reporting,Parked,0.0,True,UC-174,Wagha Town,Zone-12,Compactor,Shalimar Town,False,2026-08-19
61540,LR-2498,LR2498,Lahore,"Tehsil Office, Shalimar Town",LWMC-ShTo,Loader Rickshaw,Door To Door Collection,still,off,10.857,50.53,31.593717,74.366503,19/08/2026 10:58 AM,19/08/2026 11:00 AM,Reporting,Excess Idling,11.69,False,UC-162,Shalimar Town,Zone-9,Loader Rickshaw,Shalimar Town,True,2026-08-19
62167,LR-2098,LR2098,Lahore,"Tehsil Office, Shalimar Town",LWMC-ShTo,Loader Rickshaw,Door To Door Collection,moving,on,15.043,131.15,31.582195,74.380475,19/08/2026 10:54 AM,19/08/2026 11:03 AM,Reporting,Parked,0.0,True,UC-121,Shalimar Town,Zone-10,Loader Rickshaw,Shalimar Town,True,2026-08-19
61716,LR-0571,LR0571,Lahore,"Tehsil Office, Shalimar Town",LWMC-ShTo,Loader Rickshaw,Door To Door Collection,moving,on,12.177,89.29,31.604692,74.368975,19/08/2026 10:58 AM,19/08/2026 11:00 AM,Reporting,Parked,0.0,True,,,,Loader Rickshaw,Shalimar Town,False,2026-08-19
61485,LR-1304,LR1304,Lahore,"Tehsil Office, Shalimar Town",LWMC-ShTo,Loader Rickshaw,Door To Door Collection,still,off,17.841,136.73,31.59708,74.350743,19/08/2026 10:46 AM,19/08/2026 11:00 AM,Reporting,Parked,0.0,True,UC-24,Shalimar Town,Zone-6,Loader Rickshaw,Shalimar Town,True,2026-08-19
18493,CA-78,CA78,Lahore,"Tehsil Office, Shalimar Town",LWMC-ShTo,Chain Arm Roll,Container-Based Collection,moving,on,97.77,316.36,31.6086,74.35112,19/08/2026 10:57 AM,19/08/2026 11:00 AM,Reporting,Parked,0.0,True,UC-24,Shalimar Town,Zone-6,Chain Arm Roll,Shalimar Town,True,2026-08-19
60945,LR-1801,LR1801,Lahore,"Tehsil Office, Shalimar Town",LWMC-ShTo,Loader Rickshaw,Door To Door Collection,moving,on,21.562,223.53,31.584145,74.341002,19/08/2026 10:59 AM,19/08/2026 11:00 AM,Reporting,Parked,0.0,True,UC-46,Shalimar Town,Zone-7,Loader Rickshaw,Shalimar Town,True,2026-08-19
18492,CA-124,CA124,Lahore,"Tehsil Office, Shalimar Town",LWMC-ShTo,Chain Arm Roll,Container-Based Collection,moving,on,86.038,316.19,31.608525,74.372622,19/08/2026 10:57 AM,19/08/2026 11:00 AM,Reporting,Moving,0.0,True,UC-108,Wagha Town,Zone-13,Chain Arm Roll,Shalimar Town,False,2026-08-19
61798,LR-2186,LR2186,Lahore,"Tehsil Office, Shalimar Town",LWMC-ShTo,Loader Rickshaw,Door To Door Collection,still,off,19.563,166.98,31.583212,74.33211,19/08/2026 10:29 AM,19/08/2026 11:00 AM,Reporting,Parked,0.0,True,UC-31,Shalimar Town,Zone-7,Loader Rickshaw,Shalimar Town,True,2026-08-19
60839,S-23,S23,Lahore,"Tehsil Office, Shalimar Town",LWMC-ShTo,Mini Dumper,Door To Door Collection,still,off,21.048,88.38,31.588547,74.336832,19/08/2026 10:46 AM,19/08/2026 11:00 AM,Reporting,Excess Idling,0.0,True,UC-47,Shalimar Town,Zone-7,Mini Dumper,Shalimar Town,True,2026-08-19
25287,LR-0567,LR0567,Lahore,"Tehsil Office, Shalimar Town",LWMC-ShTo,Loader Rickshaw,Door To Door Collection,still,off,18.327,153.69,31.599948,74.334995,19/08/2026 10:58 AM,19/08/2026 11:00 AM,Reporting,Parked,0.0,True,UC-45,Shalimar Town,Zone-6,Loader Rickshaw,Shalimar Town,True,2026-08-19
61076,LR-1795,LR1795,Lahore,"Tehsil Office, Shalimar Town",LWMC-ShTo,Loader Rickshaw,Door To Door Collection,still,off,16.829,234.46,31.587775,74.349137,19/08/2026 10:57 AM,19/08/2026 11:00 AM,Reporting,Parked,0.0,True,UC-42,Shalimar Town,Zone-7,Loader Rickshaw,Shalimar Town,True,2026-08-19
-,LR-2318,LR2318,Lahore,"Tehsil Office, Shalimar Town",LWMC-ShTo,-,-,moving,on,26.908,359.26,31.60482,74.372858,19/08/2026 10:58 AM,19/08/2026 11:00 AM,Reporting,Parked,0.0,True,UC-163,Shalimar Town,Zone-9,Loader Rickshaw,Shalimar Town,True,2026-08-19
60900,S-380,S380,Lahore,"Tehsil Office, Shalimar Town",LWMC-ShTo,Mini Dumper,Door To Door Collection,still,off,35.65,141.65,31.573453,74.287515,19/08/2026 10:49 AM,19/08/2026 11:00 AM,Reporting,Parked,0.0,True,UC-56,DGBT,Zone-29,Mini Dumper,Shalimar Town,False,2026-08-19
61622,LR-1802,LR1802,Lahore,"Tehsil Office, Shalimar Town",LWMC-ShTo,Loader Rickshaw,Door To Door Collection,still,off,,,31.610291,74.381346,19/08/2026 10:57 AM,19/08/2026 11:00 AM,Reporting,No Activity Since Yesterday,11.54,False,UC-108,Wagha Town,Zone-13,Loader Rickshaw,Shalimar Town,False,2026-08-19
61476,LR-1547,LR1547,Lahore,"Tehsil Office, Shalimar Town",LWMC-ShTo,Loader Rickshaw,Door To Door Collection,still,off,5.911,24.58,31.600152,74.343083,19/08/2026 10:47 AM,19/08/2026 11:00 AM,Reporting,Parked,0.0,True,UC-28,Shalimar Town,Zone-6,Loader Rickshaw,Shalimar Town,True,2026-08-19
60978,LR-2207,LR2207,Lahore,"Tehsil Office, Shalimar Town",LWMC-ShTo,Loader Rickshaw,Door To Door Collection,moving,on,15.342,168.69,31.5902,74.33734,19/08/2026 10:56 AM,19/08/2026 11:00 AM,Reporting,Parked,0.0,True,UC-47,Shalimar Town,Zone-7,Loader Rickshaw,Shalimar Town,True,2026-08-19
25293,LR-0595,LR0595,Lahore,"Tehsil Office, Shalimar Town",LWMC-ShTo,Loader Rickshaw,Door To Door Collection,moving,on,20.209,147.36,31.582358,74.373447,19/08/2026 10:59 AM,19/08/2026 11:00 AM,Reporting,Parked,0.0,True,UC-125,Shalimar Town,Zone-10,Loader Rickshaw,Shalimar Town,True,2026-08-19
61022,LR-1789,LR1789,Lahore,"Tehsil Office, Shalimar Town",LWMC-ShTo,Loader Rickshaw,Door To Door Collection,moving,on,15.61,153.26,31.586158,74.34909,19/08/2026 10:58 AM,19/08/2026 11:00 AM,Reporting,Parked,0.0,True,UC-42,Shalimar Town,Zone-7,Loader Rickshaw,Shalimar Town,True,2026-08-19
60599,M-50,M50,Lahore,"Tehsil Office, Shalimar Town",LWMC-ShTo,Mini Dumper,Bulk Waste Collection,moving,on,59.761,268.58,31.583573,74.329825,19/08/2026 10:57 AM,19/08/2026 11:00 AM,Reporting,Parked,0.0,True,UC-70,DGBT,Zone-24,Foton-Mini Dumper,Shalimar Town,False,2026-08-19
60646,M-42,M42,Lahore,"Tehsil Office, Shalimar Town",LWMC-ShTo,Mini Dumper,Bulk Waste Collection,moving,on,75.214,202.46,31.593655,74.36832,19/08/2026 10:58 AM,19/08/2026 11:00 AM,Reporting,Excess Idling,0.0,True,,,,Foton-Mini Dumper,Shalimar Town,False,2026-08-19
61066,LR-1298,LR1298,Lahore,"Tehsil Office, Shalimar Town",LWMC-ShTo,Loader Rickshaw,Door To Door Collection,still,off,21.376,370.44,31.594487,74.344023,19/08/2026 10:48 AM,19/08/2026 11:00 AM,Reporting,Parked,0.0,True,UC-40,Shalimar Town,Zone-7,Loader Rickshaw,Shalimar Town,True,2026-08-19
61491,LR-2426,LR2426,Lahore,"Tehsil Office, Shalimar Town",LWMC-ShTo,Loader Rickshaw,Door To Door Collection,moving,on,27.581,179.05,31.609392,74.380928,19/08/2026 10:55 AM,19/08/2026 11:00 AM,Reporting,Parked,0.0,True,UC-108,Wagha Town,Zone-13,Loader Rickshaw,Shalimar Town,False,2026-08-19
61355,LR-2338,LR2338,Lahore,"Tehsil Office, Shalimar Town",LWMC-ShTo,Loader Rickshaw,Door To Door Collection,still,off,27.464,345.05,31.58079,74.344072,19/08/2026 10:57 AM,19/08/2026 11:00 AM,Reporting,Parked,0.0,True,UC-44,Shalimar Town,Zone-8,Loader Rickshaw,Shalimar Town,True,2026-08-19
18634,C-1383,C1383,Lahore,"Tehsil Office, Shalimar Town",LWMC-ShTo,Compactor (13CM),Container-Based Collection,moving,on,63.075,322.5,31.609555,74.32764,19/08/2026 10:37 AM,19/08/2026 11:00 AM,Reporting,Parked,0.0,True,UC-23,Ravi Town,Zone-3,Compactor,Shalimar Town,False,2026-08-19
61016,LR-1293,LR1293,Lahore,"Tehsil Office, Shalimar Town",LWMC-ShTo,Loader Rickshaw,Door To Door Collection,still,off,16.133,346.48,31.582582,74.339847,19/08/2026 10:59 AM,19/08/2026 11:00 AM,Reporting,Parked,0.0,True,UC-46,Shalimar Town,Zone-7,Loader Rickshaw,Shalimar Town,True,2026-08-19
23340,LR-1200,LR1200,Lahore,"Tehsil Office, Shalimar Town",LWMC-ShTo,Loader Rickshaw,Door To Door Collection,still,off,,,31.610035,74.38154,19/08/2026 10:49 AM,19/08/2026 11:00 AM,Reporting,No Activity Since Yesterday,0.0,True,UC-108,Wagha Town,Zone-13,Loader Rickshaw,Shalimar Town,False,2026-08-19
60684,LR-1575,LR1575,Lahore,"Tehsil Office, Gulberg Town",LWMC-GuTo,Loader Rickshaw,Door To Door Collection,moving,on,13.978,107.78,31.522368,74.358915,19/08/2026 10:58 AM,19/08/2026 11:00 AM,Reporting,Idle,0.0,True,UC-201,Gulberg Town,Zone-21,Loader Rickshaw,Gulberg Town,True,2026-08-19
61569,LR-2578,LR2578,Lahore,"Tehsil Office, Gulberg Town",LWMC-GuTo,Loader Rickshaw,Door To Door Collection,still,off,19.556,573.83,31.550725,74.352778,19/08/2026 10:57 AM,19/08/2026 11:00 AM,Reporting,Excess Idling,11.59,False,UC-81,DGBT,Zone-26,Loader Rickshaw,Gulberg Town,False,2026-08-19
59434,LR-2575,LR2575,Lahore,"Tehsil Office, Gulberg Town",LWMC-GuTo,Loader Rickshaw,Door To Door Collection,moving,on,18.466,598.04,31.499678,74.35358,19/08/2026 11:00 AM,19/08/2026 11:00 AM,Reporting,Excess Idling,13.02,False,UC-204,Gulberg Town,Zone-21,Loader Rickshaw,Gulberg Town,True,2026-08-19
-,LR-3054,LR3054,Lahore,"Tehsil Office, Gulberg Town",LWMC-GuTo,-,-,still,off,,592.78,31.367864,74.365087,19/08/2026 10:57 AM,19/08/2026 11:00 AM,Reporting,No Activity Since Yesterday,11.79,False,UC-248,Nishter Town,Zone-49,,Gulberg Town,False,2026-08-19
61233,LR-1703,LR1703,Lahore,"Tehsil Office, Gulberg Town",LWMC-GuTo,Loader Rickshaw,Door To Door Collection,moving,on,25.038,512.68,31.456249,74.337437,19/08/2026 11:00 AM,19/08/2026 11:00 AM,Reporting,Moving,13.27,False,UC-228,Nishter Town,Zone-44,Loader Rickshaw,Gulberg Town,False,2026-08-19
22532,LR-0985,LR0985,Lahore,"Tehsil Office, Gulberg Town",LWMC-GuTo,Loader Rickshaw,Door To Door Collection,still,off,17.637,657.2,31.535497,74.345342,19/08/2026 10:58 AM,19/08/2026 11:00 AM,Reporting,Excess Idling,11.89,False,UC-200,Gulberg Town,Zone-20,Loader Rickshaw,Gulberg Town,True,2026-08-19
-,LR-3063,LR3063,Lahore,"Tehsil Office, Gulberg Town",LWMC-GuTo,-,-,moving,on,22.333,600.39,31.464657,74.338289,19/08/2026 10:58 AM,19/08/2026 11:00 AM,Reporting,Excess Idling,11.03,False,UC-226,Gulberg Town,Zone-22,,Gulberg Town,True,2026-08-19
61111,LR-1358,LR1358,Lahore,"Tehsil Office, Gulberg Town",LWMC-GuTo,Loader Rickshaw,Door To Door Collection,still,off,10.964,485.14,31.484553,74.301562,19/08/2026 10:57 AM,19/08/2026 11:00 AM,Reporting,Excess Idling,11.18,False,UC-211,Gulberg Town,Zone-23,Loader Rickshaw,Gulberg Town,True,2026-08-19
59934,LR-2237,LR2237,Lahore,"Tehsil Office, Gulberg Town",LWMC-GuTo,Loader Rickshaw,Door To Door Collection,moving,on,17.112,551.89,31.517822,74.346193,19/08/2026 10:58 AM,19/08/2026 11:00 AM,Reporting,Excess Idling,11.54,False,UC-201,Gulberg Town,Zone-21,Loader Rickshaw,Gulberg Town,True,2026-08-19
59690,LR-2570,LR2570,Lahore,"Tehsil Office, Gulberg Town",LWMC-GuTo,Loader Rickshaw,Door To Door Collection,moving,on,19.658,405.06,31.514535,74.348258,19/08/2026 10:59 AM,19/08/2026 11:00 AM,Reporting,Excess Idling,12.25,False,UC-201,Gulberg Town,Zone-21,Loader Rickshaw,Gulberg Town,True,2026-08-19
61309,LR-2000,LR2000,Lahore,"Tehsil Office, Gulberg Town",LWMC-GuTo,Loader Rickshaw,Door To Door Collection,still,off,25.944,396.03,31.608726,74.368475,19/08/2026 10:57 AM,19/08/2026 11:00 AM,Reporting,Excess Idling,11.54,False,UC-108,Wagha Town,Zone-13,Loader Rickshaw,Gulberg Town,False,2026-08-19
61283,LR-3065,LR3065,Lahore,"Tehsil Office, Gulberg Town",LWMC-GuTo,Loader Rickshaw,Door To Door Collection,moving,on,16.545,655.64,31.471656,74.337929,19/08/2026 10:57 AM,19/08/2026 11:00 AM,Reporting,Idle,12.45,False,UC-226,Gulberg Town,Zone-22,,Gulberg Town,True,2026-08-19
61314,LR-1555,LR1555,Lahore,"Tehsil Office, Gulberg Town",LWMC-GuTo,Loader Rickshaw,Door To Door Collection,still,off,13.343,624.88,31.571956,74.374904,19/08/2026 10:58 AM,19/08/2026 11:00 AM,Reporting,Excess Idling,10.26,False,UC-120,Gulberg Town,Zone-19,Loader Rickshaw,Gulberg Town,True,2026-08-19
60789,LR-2579,LR2579,Lahore,"Tehsil Office, Gulberg Town",LWMC-GuTo,Loader Rickshaw,Door To Door Collection,moving,on,29.575,648.64,31.559946,74.349718,19/08/2026 10:58 AM,19/08/2026 11:00 AM,Reporting,Excess Idling,12.51,False,UC-173,Gulberg Town,Zone-20,Loader Rickshaw,Gulberg Town,True,2026-08-19
22570,LR-1041,LR1041,Lahore,"Tehsil Office, Gulberg Town",LWMC-GuTo,Loader Rickshaw,Door To Door Collection,still,off,23.908,658.51,31.47376,74.307162,19/08/2026 10:59 AM,19/08/2026 11:00 AM,Reporting,Parked,0.0,True,UC-211,Gulberg Town,Zone-23,Loader Rickshaw,Gulberg Town,True,2026-08-19
60917,LR-3058,LR3058,Lahore,"Tehsil Office, Gulberg Town",LWMC-GuTo,Loader Rickshaw,Door To Door Collection,still,off,27.809,421.81,31.471466,74.32581,19/08/2026 10:57 AM,19/08/2026 11:00 AM,Reporting,Excess Idling,11.89,False,UC-223,Gulberg Town,Zone-22,,Gulberg Town,True,2026-08-19
59922,LR-1562,LR1562,Lahore,"Tehsil Office, Gulberg Town",LWMC-GuTo,Loader Rickshaw,Door To Door Collection,moving,on,18.798,523.03,31.572276,74.368261,19/08/2026 10:58 AM,19/08/2026 11:00 AM,Reporting,Excess Idling,11.59,False,UC-120,Gulberg Town,Zone-19,Loader Rickshaw,Gulberg Town,True,2026-08-19
60130,SD-15,SD15,Lahore,"Tehsil Office, Gulberg Town",LWMC-GuTo,Dumper (10CM),Bulk Waste Collection,moving,on,72.942,183.33,31.576168,74.347655,19/08/2026 10:58 AM,19/08/2026 11:00 AM,Reporting,Parked,28.11,False,UC-43,Shalimar Town,Zone-8,Dumper,Gulberg Town,False,2026-08-19
19815,S-262,S262,Lahore,"Tehsil Office, Gulberg Town",LWMC-GuTo,Mini Dumper,Bulk Waste Collection,moving,on,47.896,572.56,31.566982,74.34591,19/08/2026 10:58 AM,19/08/2026 11:00 AM,Reporting,Parked,0.0,True,UC-118,Gulberg Town,Zone-19,Mini Dumper,Gulberg Town,True,2026-08-19
-,C-1357,C1357,Lahore,"Tehsil Office, Gulberg Town",LWMC-GuTo,-,-,still,off,150.934,617.03,31.575558,74.370088,19/08/2026 10:58 AM,19/08/2026 11:00 AM,Reporting,Moving,28.47,False,UC-120,Gulberg Town,Zone-19,Compactor,Gulberg Town,True,2026-08-19
59921,D-49,D49,Lahore,"Tehsil Office, Gulberg Town",LWMC-GuTo,Dumper (7CM),Bulk Waste Collection,moving,on,79.457,238.38,31.512471,74.334801,19/08/2026 11:00 AM,19/08/2026 11:00 AM,Reporting,Moving,28.77,False,UC-203,Gulberg Town,Zone-21,Dumper,Gulberg Town,True,2026-08-19
61271,LR-1571,LR1571,Lahore,"Tehsil Office, Gulberg Town",LWMC-GuTo,Loader Rickshaw,Door To Door Collection,still,off,11.967,88.71,31.530438,74.359313,19/08/2026 10:57 AM,19/08/2026 11:00 AM,Reporting,Excess Idling,0.0,True,UC-200,Gulberg Town,Zone-20,Loader Rickshaw,Gulberg Town,True,2026-08-19
59885,SD-16,SD16,Lahore,"Tehsil Office, Gulberg Town",LWMC-GuTo,Dumper (10CM),Bulk Waste Collection,still,off,54.317,558.03,31.574286,74.348806,19/08/2026 10:57 AM,19/08/2026 11:00 AM,Reporting,Moving,27.09,False,UC-118,Gulberg Town,Zone-19,Dumper,Gulberg Town,True,2026-08-19
-,LR-S-253,LRS253,Lahore,"Tehsil Office, Gulberg Town",LWMC-GuTo,-,-,moving,on,110.571,303.8,31.563818,74.370622,19/08/2026 10:58 AM,19/08/2026 11:00 AM,Reporting,Idle,0.0,True,UC-119,Gulberg Town,Zone-19,Mini Dumper,Gulberg Town,True,2026-08-19
-,LR-3093,LR3093,Lahore,"Tehsil Office, Gulberg Town",LWMC-GuTo,-,-,moving,on,17.367,114.45,31.366291,74.369744,19/08/2026 10:58 AM,19/08/2026 11:00 AM,Reporting,Parked,12.51,False,UC-247,Nishter Town,Zone-48,,Gulberg Town,False,2026-08-19
22584,LR-0667,LR0667,Lahore,"Tehsil Office, Gulberg Town",LWMC-GuTo,Loader Rickshaw,Door To Door Collection,moving,on,25.684,580.08,31.468127,74.320662,19/08/2026 10:59 AM,19/08/2026 11:00 AM,Reporting,Excess Idling,0.0,True,UC-223,Gulberg Town,Zone-22,Loader Rickshaw,Gulberg Town,True,2026-08-19
19793,M-39,M39,Lahore,"Tehsil Office, Gulberg Town",LWMC-GuTo,Mini Dumper,Bulk Waste Collection,still,off,72.433,223.4,31.519378,74.356785,19/08/2026 10:50 AM,19/08/2026 11:00 AM,Reporting,Parked,0.0,True,UC-201,Gulberg Town,Zone-21,Foton-Mini Dumper,Gulberg Town,True,2026-08-19
60053,MFL-79,MFL79,Lahore,"Tehsil Office, Gulberg Town",LWMC-GuTo,Tractor Loader,Bulk Waste Collection,moving,on,41.692,395.63,31.572688,74.348749,19/08/2026 10:58 AM,19/08/2026 11:00 AM,Reporting,Idle,13.12,False,UC-118,Gulberg Town,Zone-19,Loader,Gulberg Town,True,2026-08-19
19817,S-287,S287,Lahore,"Tehsil Office, Gulberg Town",LWMC-GuTo,Mini Dumper,Bulk Waste Collection,moving,on,28.494,149.83,31.474914,74.306695,19/08/2026 10:42 AM,19/08/2026 11:00 AM,Reporting,Parked,12.35,False,UC-211,Gulberg Town,Zone-23,Mini Dumper,Gulberg Town,True,2026-08-19
22595,LR-0695,LR0695,Lahore,"Tehsil Office, Gulberg Town",LWMC-GuTo,Loader Rickshaw,Door To Door Collection,still,off,20.11,88.25,31.473855,74.336265,19/08/2026 10:57 AM,19/08/2026 11:00 AM,Reporting,Excess Idling,0.0,True,UC-226,Gulberg Town,Zone-22,Loader Rickshaw,Gulberg Town,True,2026-08-19
-,LR-3110,LR3110,Lahore,"Tehsil Office, Gulberg Town",LWMC-GuTo,-,-,moving,on,21.428,202.8,31.452129,74.366287,19/08/2026 10:59 AM,19/08/2026 11:00 AM,Reporting,Parked,11.59,False,UC-231,Nishter Town,Zone-45,,Gulberg Town,False,2026-08-19
19833,M-93,M93,Lahore,"Tehsil Office, Gulberg Town",LWMC-GuTo,Mini Dumper,Bulk Waste Collection,still,off,0.07,57.21,31.478567,74.34402,19/08/2026 08:22 AM,19/08/2026 09:00 AM,Reporting,No Activity Since Yesterday,0.0,True,UC-206,Gulberg Town,Zone-22,Foton-Mini Dumper,Gulberg Town,True,2026-08-19
22551,LR-0641,LR0641,Lahore,"Tehsil Office, Gulberg Town",LWMC-GuTo,Loader Rickshaw,Door To Door Collection,moving,on,19.502,657.31,31.500422,74.322733,19/08/2026 10:57 AM,19/08/2026 11:00 AM,Reporting,Excess Idling,0.0,True,UC-208,Gulberg Town,Zone-23,Loader Rickshaw,Gulberg Town,True,2026-08-19
-,C-1352,C1352,Lahore,"Tehsil Office, Gulberg Town",LWMC-GuTo,-,-,still,off,116.797,525.68,31.532631,74.357838,19/08/2026 10:58 AM,19/08/2026 11:00 AM,Reporting,Idle,28.32,False,UC-200,Gulberg Town,Zone-20,Compactor,Gulberg Town,True,2026-08-19
18461,CA-150,CA150,Lahore,"Tehsil Office, Gulberg Town",LWMC-GuTo,Chain Arm Roll,Container-Based Collection,moving,on,133.991,472.44,31.504798,74.331285,19/08/2026 10:58 AM,19/08/2026 11:00 AM,Reporting,Moving,29.13,False,,,,Chain Arm Roll,Gulberg Town,False,2026-08-19
22511,LR-0520,LR0520,Lahore,"Tehsil Office, Gulberg Town",LWMC-GuTo,Loader Rickshaw,Door To Door Collection,still,off,35.928,195.5,31.557617,74.349082,19/08/2026 10:58 AM,19/08/2026 11:00 AM,Reporting,Moving,0.0,True,UC-173,Gulberg Town,Zone-20,Loader Rickshaw,Gulberg Town,True,2026-08-19
59965,D-07,D07,Lahore,"Tehsil Office, Gulberg Town",LWMC-GuTo,Dumper (7CM),Bulk Waste Collection,moving,on,69.222,395.98,31.465005,74.339138,19/08/2026 10:59 AM,19/08/2026 11:00 AM,Reporting,Parked,26.12,False,UC-226,Gulberg Town,Zone-22,Dumper,Gulberg Town,True,2026-08-19
22565,LR-1131,LR1131,Lahore,"Tehsil Office, Gulberg Town",LWMC-GuTo,Loader Rickshaw,Door To Door Collection,still,off,35.129,196.3,31.477662,74.313325,19/08/2026 10:57 AM,19/08/2026 11:00 AM,Reporting,Parked,0.0,True,UC-209,Gulberg Town,Zone-23,Loader Rickshaw,Gulberg Town,True,2026-08-19
61181,LR-1717,LR1717,Lahore,"Tehsil Office, Gulberg Town",LWMC-GuTo,Loader Rickshaw,Door To Door Collection,moving,on,24.383,121.91,31.485325,74.35329,19/08/2026 10:58 AM,19/08/2026 11:00 AM,Reporting,Moving,15.92,False,,,,Loader Rickshaw,Gulberg Town,False,2026-08-19
60015,LR-1574,LR1574,Lahore,"Tehsil Office, Gulberg Town",LWMC-GuTo,Loader Rickshaw,Door To Door Collection,still,off,15.56,85.08,31.573263,74.380473,19/08/2026 10:59 AM,19/08/2026 11:00 AM,Reporting,Excess Idling,0.0,True,UC-122,Gulberg Town,Zone-19,Loader Rickshaw,Gulberg Town,True,2026-08-19
22527,LR-1148,LR1148,Lahore,"Tehsil Office, Gulberg Town",LWMC-GuTo,Loader Rickshaw,Door To Door Collection,moving,on,19.887,127.68,31.529185,74.342995,19/08/2026 10:55 AM,19/08/2026 11:00 AM,Reporting,Parked,0.0,True,UC-200,Gulberg Town,Zone-20,Loader Rickshaw,Gulberg Town,True,2026-08-19
60652,LR-1712,LR1712,Lahore,"Tehsil Office, Gulberg Town",LWMC-GuTo,Loader Rickshaw,Door To Door Collection,still,off,,,31.532838,74.360622,19/08/2026 10:35 AM,19/08/2026 11:00 AM,Reporting,No Activity Since Yesterday,0.0,True,UC-200,Gulberg Town,Zone-20,Loader Rickshaw,Gulberg Town,True,2026-08-19
60925,LR-1576,LR1576,Lahore,"Tehsil Office, Gulberg Town",LWMC-GuTo,Loader Rickshaw,Door To Door Collection,still,off,25.287,289.35,31.565275,74.353142,19/08/2026 10:58 AM,19/08/2026 11:00 AM,Reporting,Parked,0.0,True,UC-123,Gulberg Town,Zone-19,Loader Rickshaw,Gulberg Town,True,2026-08-19
22537,LR-1136,LR1136,Lahore,"Tehsil Office, Gulberg Town",LWMC-GuTo,Loader Rickshaw,Door To Door Collection,moving,on,19.375,103.16,31.514813,74.347007,19/08/2026 10:59 AM,19/08/2026 11:00 AM,Reporting,Excess Idling,12.81,False,UC-201,Gulberg Town,Zone-21,Loader Rickshaw,Gulberg Town,True,2026-08-19
60831,LR-1567,LR1567,Lahore,"Tehsil Office, Gulberg Town",LWMC-GuTo,Loader Rickshaw,Door To Door Collection,still,off,0.021,0.8,31.532348,74.360704,19/08/2026 07:23 AM,19/08/2026 08:00 AM,Reporting,No Activity Since Yesterday,0.0,True,UC-200,Gulberg Town,Zone-20,Loader Rickshaw,Gulberg Town,True,2026-08-19
19805,M-03,M03,Lahore,"Tehsil Office, Gulberg Town",LWMC-GuTo,Mini Dumper,Bulk Waste Collection,still,off,61.337,264.3,31.478472,74.34383,19/08/2026 10:49 AM,19/08/2026 11:00 AM,Reporting,Parked,0.0,True,UC-206,Gulberg Town,Zone-22,Foton-Mini Dumper,Gulberg Town,True,2026-08-19
19795,S-292,S292,Lahore,"Tehsil Office, Gulberg Town",LWMC-GuTo,Mini Dumper,Bulk Waste Collection,still,off,28.769,96.21,31.496582,74.334404,19/08/2026 10:58 AM,19/08/2026 11:00 AM,Reporting,Excess Idling,12.15,False,UC-207,Gulberg Town,Zone-23,Mini Dumper,Gulberg Town,True,2026-08-19
22546,LR-1037,LR1037,Lahore,"Tehsil Office, Gulberg Town",LWMC-GuTo,Loader Rickshaw,Door To Door Collection,moving,on,24.293,317.16,31.486703,74.343987,19/08/2026 10:59 AM,19/08/2026 11:00 AM,Reporting,Parked,0.0,True,UC-206,Gulberg Town,Zone-22,Loader Rickshaw,Gulberg Town,True,2026-08-19
-,LR-1997-,LR1997,Lahore,"Tehsil Office, Gulberg Town",LWMC-GuTo,-,-,still,off,25.566,151.69,31.45879,74.332645,19/08/2026 10:57 AM,19/08/2026 11:00 AM,Reporting,Parked,12.56,False,UC-225,Gulberg Town,Zone-22,Loader Rickshaw,Gulberg Town,True,2026-08-19
60774,LR-1708,LR1708,Lahore,"Tehsil Office, Gulberg Town",LWMC-GuTo,Loader Rickshaw,Door To Door Collection,still,off,16.523,70.93,31.499584,74.357068,19/08/2026 10:58 AM,19/08/2026 11:00 AM,Reporting,Moving,13.47,False,UC-204,Gulberg Town,Zone-21,Loader Rickshaw,Gulberg Town,True,2026-08-19
19804,M-75,M75,Lahore,"Tehsil Office, Gulberg Town",LWMC-GuTo,Mini Dumper,Bulk Waste Collection,still,off,58.679,185.21,31.478528,74.34386,19/08/2026 10:45 AM,19/08/2026 11:00 AM,Reporting,Parked,0.0,True,UC-206,Gulberg Town,Zone-22,Foton-Mini Dumper,Gulberg Town,True,2026-08-19
61153,LR-1709,LR1709,Lahore,"Tehsil Office, Gulberg Town",LWMC-GuTo,Loader Rickshaw,Door To Door Collection,still,off,43.58,123.68,31.516366,74.355139,19/08/2026 10:58 AM,19/08/2026 11:00 AM,Reporting,Excess Idling,12.56,False,UC-201,Gulberg Town,Zone-21,Loader Rickshaw,Gulberg Town,True,2026-08-19
61547,LR-2564,LR2564,Lahore,"Tehsil Office, Gulberg Town",LWMC-GuTo,Loader Rickshaw,Door To Door Collection,moving,on,18.175,54.66,31.530181,74.361369,19/08/2026 09:37 AM,19/08/2026 11:00 AM,Reporting,Parked,12.66,False,,,,Loader Rickshaw,Gulberg Town,False,2026-08-19
22586,LR-0987,LR0987,Lahore,"Tehsil Office, Gulberg Town",LWMC-GuTo,Loader Rickshaw,Door To Door Collection,still,off,28.122,259.01,31.465168,74.321178,19/08/2026 10:59 AM,19/08/2026 11:00 AM,Reporting,Parked,0.0,True,UC-224,Gulberg Town,Zone-22,Loader Rickshaw,Gulberg Town,True,2026-08-19
61268,LR-2571,LR2571,Lahore,"Tehsil Office, Gulberg Town",LWMC-GuTo,Loader Rickshaw,Door To Door Collection,still,off,34.744,132.86,31.457441,74.328752,19/08/2026 10:57 AM,19/08/2026 11:00 AM,Reporting,Excess Idling,12.1,False,UC-233,Allama Iqbal Town,Zone-39,Loader Rickshaw,Gulberg Town,False,2026-08-19
61403,LR-2565,LR2565,Lahore,"Tehsil Office, Gulberg Town",LWMC-GuTo,Loader Rickshaw,Door To Door Collection,still,off,31.423,97.08,31.538402,74.356254,19/08/2026 10:58 AM,19/08/2026 11:00 AM,Reporting,Parked,12.3,False,UC-185,Gulberg Town,Zone-20,Loader Rickshaw,Gulberg Town,True,2026-08-19
61545,LR-0993,LR0993,Lahore,"Tehsil Office, Gulberg Town",LWMC-GuTo,Loader Rickshaw,Door To Door Collection,still,off,29.026,341.11,31.463708,74.336067,19/08/2026 10:58 AM,19/08/2026 11:00 AM,Reporting,Parked,0.0,True,UC-226,Gulberg Town,Zone-22,Loader Rickshaw,Gulberg Town,True,2026-08-19
19825,M-30,M30,Lahore,"Tehsil Office, Gulberg Town",LWMC-GuTo,Mini Dumper,Bulk Waste Collection,moving,on,38.63,192.13,31.586125,74.396497,19/08/2026 10:58 AM,19/08/2026 11:00 AM,Reporting,Parked,0.0,True,UC-139,Aziz Bhatti Town,Zone-15,Foton-Mini Dumper,Gulberg Town,False,2026-08-19
61390,LR-1995,LR1995,Lahore,"Tehsil Office, Gulberg Town",LWMC-GuTo,Loader Rickshaw,Door To Door Collection,still,off,18.717,108.75,31.46749,74.337128,19/08/2026 10:54 AM,19/08/2026 11:00 AM,Reporting,Parked,0.0,True,UC-226,Gulberg Town,Zone-22,Loader Rickshaw,Gulberg Town,True,2026-08-19
19816,M-80,M80,Lahore,"Tehsil Office, Gulberg Town",LWMC-GuTo,Mini Dumper,Bulk Waste Collection,still,off,42.254,192.03,31.478563,74.344053,19/08/2026 10:56 AM,19/08/2026 11:00 AM,Reporting,Parked,0.0,True,UC-206,Gulberg Town,Zone-22,Foton-Mini Dumper,Gulberg Town,True,2026-08-19
22518,LR-1141,LR1141,Lahore,"Tehsil Office, Gulberg Town",LWMC-GuTo,Loader Rickshaw,Door To Door Collection,still,off,,,31.532165,74.360727,19/08/2026 10:45 AM,19/08/2026 11:00 AM,Reporting,No Activity Since Yesterday,0.0,True,UC-200,Gulberg Town,Zone-20,Loader Rickshaw,Gulberg Town,True,2026-08-19
19802,M-22,M22,Lahore,"Tehsil Office, Gulberg Town",LWMC-GuTo,Mini Dumper,Bulk Waste Collection,moving,on,33.103,130.51,31.572135,74.34896,19/08/2026 10:58 AM,19/08/2026 11:00 AM,Reporting,Parked,0.0,True,UC-118,Gulberg Town,Zone-19,Foton-Mini Dumper,Gulberg Town,True,2026-08-19
19796,M-51,M51,Lahore,"Tehsil Office, Gulberg Town",LWMC-GuTo,Mini Dumper,Bulk Waste Collection,still,off,43.629,169.75,31.513675,74.34164,19/08/2026 10:48 AM,19/08/2026 11:00 AM,Reporting,Parked,0.0,True,UC-203,Gulberg Town,Zone-21,Foton-Mini Dumper,Gulberg Town,True,2026-08-19
22577,LR-0646,LR0646,Lahore,"Tehsil Office, Gulberg Town",LWMC-GuTo,Loader Rickshaw,Door To Door Collection,still,off,20.817,102.09,31.456223,74.337278,19/08/2026 10:58 AM,19/08/2026 11:00 AM,Reporting,Parked,0.0,True,UC-228,Nishter Town,Zone-44,Loader Rickshaw,Gulberg Town,False,2026-08-19
61104,LR-1561,LR1561,Lahore,"Tehsil Office, Gulberg Town",LWMC-GuTo,Loader Rickshaw,Door To Door Collection,still,off,21.847,219.06,31.571878,74.367958,19/08/2026 10:58 AM,19/08/2026 11:00 AM,Reporting,Parked,0.0,True,UC-120,Gulberg Town,Zone-19,Loader Rickshaw,Gulberg Town,True,2026-08-19
-,LR-3106,LR3106,Lahore,"Tehsil Office, Gulberg Town",LWMC-GuTo,-,-,moving,on,24.707,121.88,31.355657,74.371476,19/08/2026 10:58 AM,19/08/2026 11:00 AM,Reporting,Excess Idling,13.02,False,UC-248,Nishter Town,Zone-49,,Gulberg Town,False,2026-08-19
22559,LR-0654,LR0654,Lahore,"Tehsil Office, Gulberg Town",LWMC-GuTo,Loader Rickshaw,Door To Door Collection,moving,on,17.861,119.31,31.495822,74.323722,19/08/2026 10:55 AM,19/08/2026 11:00 AM,Reporting,Parked,0.0,True,UC-208,Gulberg Town,Zone-23,Loader Rickshaw,Gulberg Town,True,2026-08-19
22552,LR-0643,LR0643,Lahore,"Tehsil Office, Gulberg Town",LWMC-GuTo,Loader Rickshaw,Door To Door Collection,still,off,8.319,45.14,31.504391,74.324099,19/08/2026 10:58 AM,19/08/2026 11:00 AM,Reporting,Excess Idling,12.35,False,UC-208,Gulberg Town,Zone-23,Loader Rickshaw,Gulberg Town,True,2026-08-19
22547,LR-1038,LR1038,Lahore,"Tehsil Office, Gulberg Town",LWMC-GuTo,Loader Rickshaw,Door To Door Collection,still,off,23.291,326.06,31.484243,74.3421,19/08/2026 10:58 AM,19/08/2026 11:00 AM,Reporting,Parked,0.0,True,UC-206,Gulberg Town,Zone-22,Loader Rickshaw,Gulberg Town,True,2026-08-19
19837,M-20,M20,Lahore,"Tehsil Office, Gulberg Town",LWMC-GuTo,Mini Dumper,Bulk Waste Collection,still,off,23.726,109.21,31.469678,74.334725,19/08/2026 10:49 AM,19/08/2026 11:00 AM,Reporting,Parked,0.0,True,UC-226,Gulberg Town,Zone-22,Foton-Mini Dumper,Gulberg Town,True,2026-08-19
61232,LR-1569,LR1569,Lahore,"Tehsil Office, Gulberg Town",LWMC-GuTo,Loader Rickshaw,Door To Door Collection,moving,on,32.007,111.86,31.456574,74.337444,19/08/2026 10:59 AM,19/08/2026 11:00 AM,Reporting,Idle,12.2,False,UC-228,Nishter Town,Zone-44,Loader Rickshaw,Gulberg Town,False,2026-08-19
22549,LR-1040,LR1040,Lahore,"Tehsil Office, Gulberg Town",LWMC-GuTo,Loader Rickshaw,Door To Door Collection,moving,on,17.889,305.48,31.474095,74.344465,19/08/2026 10:58 AM,19/08/2026 11:00 AM,Reporting,Parked,0.0,True,UC-206,Gulberg Town,Zone-22,Loader Rickshaw,Gulberg Town,True,2026-08-19
61107,LR-1558,LR1558,Lahore,"Tehsil Office, Gulberg Town",LWMC-GuTo,Loader Rickshaw,Door To Door Collection,still,off,15.419,75.11,31.564854,74.352027,19/08/2026 10:59 AM,19/08/2026 11:00 AM,Reporting,Excess Idling,11.59,False,UC-124,Gulberg Town,Zone-19,Loader Rickshaw,Gulberg Town,True,2026-08-19
22571,LR-1042,LR1042,Lahore,"Tehsil Office, Gulberg Town",LWMC-GuTo,Loader Rickshaw,Door To Door Collection,moving,on,23.041,181.41,31.477745,74.306712,19/08/2026 10:58 AM,19/08/2026 11:00 AM,Reporting,Parked,0.0,True,UC-211,Gulberg Town,Zone-23,Loader Rickshaw,Gulberg Town,True,2026-08-19
22540,LR-1033,LR1033,Lahore,"Tehsil Office, Gulberg Town",LWMC-GuTo,Loader Rickshaw,Door To Door Collection,moving,on,32.456,201.83,31.497868,74.336858,19/08/2026 10:59 AM,19/08/2026 11:00 AM,Reporting,Parked,0.0,True,UC-203,Gulberg Town,Zone-21,Loader Rickshaw,Gulberg Town,True,2026-08-19
22550,LR-0640,LR0640,Lahore,"Tehsil Office, Gulberg Town",LWMC-GuTo,Loader Rickshaw,Door To Door Collection,still,off,25.252,211.98,31.50311,74.321267,19/08/2026 10:58 AM,19/08/2026 11:00 AM,Reporting,Parked,0.0,True,UC-208,Gulberg Town,Zone-23,Loader Rickshaw,Gulberg Town,True,2026-08-19
19824,M-59,M59,Lahore,"Tehsil Office, Gulberg Town",LWMC-GuTo,Mini Dumper,Bulk Waste Collection,still,off,44.601,148.91,31.574968,74.365013,19/08/2026 10:57 AM,19/08/2026 11:00 AM,Reporting,Moving,0.0,True,UC-119,Gulberg Town,Zone-19,Foton-Mini Dumper,Gulberg Town,True,2026-08-19
-,LR-S-273,LRS273,Lahore,"Tehsil Office, Gulberg Town",LWMC-GuTo,-,-,moving,on,28.654,131.03,31.470668,74.344825,19/08/2026 10:57 AM,19/08/2026 11:00 AM,Reporting,Parked,0.0,True,UC-227,Nishter Town,Zone-44,Loader Rickshaw,Gulberg Town,False,2026-08-19
22507,LR-0503,LR0503,Lahore,"Tehsil Office, Gulberg Town",LWMC-GuTo,Loader Rickshaw,Door To Door Collection,moving,on,25.607,151.46,31.576833,74.342718,19/08/2026 11:00 AM,19/08/2026 11:00 AM,Reporting,Parked,0.0,True,UC-118,Gulberg Town,Zone-19,Loader Rickshaw,Gulberg Town,True,2026-08-19
19828,S-154,S154,Lahore,"Tehsil Office, Gulberg Town",LWMC-GuTo,Mini Dumper,Bulk Waste Collection,still,off,39.396,128.76,31.569792,74.34455,19/08/2026 10:56 AM,19/08/2026 11:00 AM,Reporting,Parked,0.0,True,UC-118,Gulberg Town,Zone-19,Mini Dumper,Gulberg Town,True,2026-08-19
60696,LR-1363,LR1363,Lahore,"Tehsil Office, Gulberg Town",LWMC-GuTo,Loader Rickshaw,Door To Door Collection,moving,on,24.105,105.21,31.479172,74.311733,19/08/2026 10:54 AM,19/08/2026 11:00 AM,Reporting,Parked,0.0,True,UC-210,Gulberg Town,Zone-23,Loader Rickshaw,Gulberg Town,True,2026-08-19
61538,LR-1993,LR1993,Lahore,"Tehsil Office, Gulberg Town",LWMC-GuTo,Loader Rickshaw,Door To Door Collection,moving,on,29.197,81.78,31.567342,74.365462,19/08/2026 10:58 AM,19/08/2026 11:00 AM,Reporting,Excess Idling,12.0,False,UC-119,Gulberg Town,Zone-19,Loader Rickshaw,Gulberg Town,True,2026-08-19
61409,LR-1579,LR1579,Lahore,"Tehsil Office, Gulberg Town",LWMC-GuTo,Loader Rickshaw,Door To Door Collection,still,off,13.93,54.21,31.562344,74.349362,19/08/2026 10:58 AM,19/08/2026 11:00 AM,Reporting,Excess Idling,12.0,False,UC-124,Gulberg Town,Zone-19,Loader Rickshaw,Gulberg Town,True,2026-08-19
22597,LR-0679,LR0679,Lahore,"Tehsil Office, Gulberg Town",LWMC-GuTo,Loader Rickshaw,Door To Door Collection,moving,on,19.715,142.91,31.454758,74.336108,19/08/2026 11:00 AM,19/08/2026 11:00 AM,Reporting,Parked,0.0,True,UC-228,Nishter Town,Zone-44,Loader Rickshaw,Gulberg Town,False,2026-08-19
-,LR-3100,LR3100,Lahore,"Tehsil Office, Gulberg Town",LWMC-GuTo,-,-,moving,on,20.337,122.5,31.357955,74.378361,19/08/2026 10:59 AM,19/08/2026 11:00 AM,Reporting,Excess Idling,12.76,False,UC-248,Nishter Town,Zone-49,,Gulberg Town,False,2026-08-19
-,M-04,M04,Lahore,"Tehsil Office, Gulberg Town",LWMC-GuTo,-,-,moving,on,30.005,133.18,31.460358,74.325445,19/08/2026 10:57 AM,19/08/2026 11:00 AM,Reporting,Parked,0.0,True,UC-233,Allama Iqbal Town,Zone-39,Mini Dumper,Gulberg Town,False,2026-08-19
22510,LR-0517,LR0517,Lahore,"Tehsil Office, Gulberg Town",LWMC-GuTo,Loader Rickshaw,Door To Door Collection,still,off,32.344,297.88,31.561947,74.34509,19/08/2026 10:58 AM,19/08/2026 11:00 AM,Reporting,Parked,0.0,True,UC-173,Gulberg Town,Zone-20,Loader Rickshaw,Gulberg Town,True,2026-08-19
-,WR-0018,WR0018,Lahore,"Tehsil Office, Gulberg Town",LWMC-GuTo,-,-,still,off,16.326,88.45,31.449147,74.354062,19/08/2026 10:48 AM,19/08/2026 11:00 AM,Reporting,Parked,0.0,True,,,,Washer Rickshaw,Nishter Town,False,2026-08-19
-,LR-0994,LR0994,Lahore,"Tehsil Office, Gulberg Town",LWMC-GuTo,-,-,still,off,23.598,339.11,31.467533,74.326292,19/08/2026 10:57 AM,19/08/2026 11:00 AM,Reporting,Parked,,False,UC-224,Gulberg Town,Zone-22,Loader Rickshaw,Gulberg Town,True,2026-08-19
19818,M-40,M40,Lahore,"Tehsil Office, Gulberg Town",LWMC-GuTo,Mini Dumper,Bulk Waste Collection,moving,on,23.306,121.73,31.56132,74.348247,19/08/2026 10:58 AM,19/08/2026 11:00 AM,Reporting,Parked,0.0,True,UC-173,Gulberg Town,Zone-20,Foton-Mini Dumper,Gulberg Town,True,2026-08-19
22558,LR-0652,LR0652,Lahore,"Tehsil Office, Gulberg Town",LWMC-GuTo,Loader Rickshaw,Door To Door Collection,still,off,15.829,153.69,31.511218,74.32204,19/08/2026 10:57 AM,19/08/2026 11:00 AM,Reporting,Parked,0.0,True,UC-208,Gulberg Town,Zone-23,Loader Rickshaw,Gulberg Town,True,2026-08-19
19801,M-35,M35,Lahore,"Tehsil Office, Gulberg Town",LWMC-GuTo,Mini Dumper,Bulk Waste Collection,moving,on,47.33,133.83,31.454338,74.33648,19/08/2026 10:59 AM,19/08/2026 11:00 AM,Reporting,Parked,0.0,True,UC-229,Nishter Town,Zone-44,Foton-Mini Dumper,Gulberg Town,False,2026-08-19
22578,LR-0655,LR0655,Lahore,"Tehsil Office, Gulberg Town",LWMC-GuTo,Loader Rickshaw,Door To Door Collection,moving,on,29.383,132.9,31.46478,74.327312,19/08/2026 10:54 AM,19/08/2026 11:00 AM,Reporting,Parked,0.0,True,UC-224,Gulberg Town,Zone-22,Loader Rickshaw,Gulberg Town,True,2026-08-19
25241,LR-0499,LR0499,Lahore,"Tehsil Office, Gulberg Town",LWMC-GuTo,Loader Rickshaw,Door to Door Collection,moving,on,39.921,313.66,31.572278,74.340812,19/08/2026 10:59 AM,19/08/2026 11:00 AM,Reporting,Parked,0.0,True,UC-118,Gulberg Town,Zone-19,Loader Rickshaw,Gulberg Town,True,2026-08-19
22568,LR-1134,LR1134,Lahore,"Tehsil Office, Gulberg Town",LWMC-GuTo,Loader Rickshaw,Door To Door Collection,still,off,38.1,264.39,31.471637,74.310318,19/08/2026 10:58 AM,19/08/2026 11:00 AM,Reporting,Parked,0.0,True,UC-210,Gulberg Town,Zone-23,Loader Rickshaw,Gulberg Town,True,2026-08-19
-,MS-20,MS20,Lahore,"Tehsil Office, Data Gunj Baksh Town",LWMC-DaGB,-,-,still,off,0.369,2.5,31.427848,74.47805,19/08/2026 10:57 AM,19/08/2026 11:00 AM,Reporting,No Activity Since Yesterday,0.0,True,UC-195,Nishter Town,Zone-49,Mechanical Sweeper,Night Operations,False,2026-08-19
61917,LR-2581,LR2581,Lahore,"Tehsil Office, Data Gunj Baksh Town",LWMC-DaGB,Loader Rickshaw,Door To Door Collection,moving,on,20.0,268.25,31.580477,74.2898,19/08/2026 10:57 AM,19/08/2026 11:00 AM,Reporting,Parked,11.84,False,UC-52,DGBT,Zone-28,Loader Rickshaw,DGBT,True,2026-08-19
62127,LR-1427,LR1427,Lahore,"Tehsil Office, Data Gunj Baksh Town",LWMC-DaGB,Loader Rickshaw,Door To Door Collection,still,off,20.3,658.21,31.592907,74.293499,19/08/2026 10:58 AM,19/08/2026 11:00 AM,Reporting,Excess Idling,11.03,False,UC-48,DGBT,Zone-28,Loader Rickshaw,DGBT,True,2026-08-19
62113,LR-1587,LR1587,Lahore,"Tehsil Office, Data Gunj Baksh Town",LWMC-DaGB,Loader Rickshaw,Door To Door Collection,moving,on,14.514,441.63,31.56627,74.295057,19/08/2026 11:00 AM,19/08/2026 11:00 AM,Reporting,Excess Idling,12.0,False,UC-58,DGBT,Zone-27,Loader Rickshaw,DGBT,True,2026-08-19
-,C10-187,C10187,Lahore,"Tehsil Office, Data Gunj Baksh Town",LWMC-DaGB,-,-,still,off,0.029,577.2,31.573025,74.292011,19/08/2026 10:14 AM,19/08/2026 11:00 AM,Reporting,No Activity Since Yesterday,0.0,True,UC-59,DGBT,Zone-29,Dumper,Rajgarh Circle-2,False,2026-08-19
61881,LR-3089,LR3089,Lahore,"Tehsil Office, Data Gunj Baksh Town",LWMC-DaGB,Loader Rickshaw,Door To Door Collection,still,off,7.466,404.71,31.560513,74.280359,19/08/2026 10:56 AM,19/08/2026 11:00 AM,Reporting,Excess Idling,12.96,False,UC-74,DGBT,Zone-30,,DGBT,True,2026-08-19
30809,LR-0753,LR0753,Lahore,"Tehsil Office, Data Gunj Baksh Town",LWMC-DaGB,Loader Rickshaw,Door To Door Collection,moving,on,1.999,417.93,31.590929,74.264662,19/08/2026 10:55 AM,19/08/2026 11:00 AM,Reporting,Excess Idling,12.15,False,UC-5,Ravi Town,Zone-1,Loader Rickshaw,DGBT,False,2026-08-19
-,LR-3088,LR3088,Lahore,"Tehsil Office, Data Gunj Baksh Town",LWMC-DaGB,-,-,moving,on,15.448,570.96,31.55489,74.280349,19/08/2026 10:58 AM,19/08/2026 11:00 AM,Reporting,Moving,11.94,False,UC-74,DGBT,Zone-30,,DGBT,True,2026-08-19
62126,LR-2582,LR2582,Lahore,"Tehsil Office, Data Gunj Baksh Town",LWMC-DaGB,Loader Rickshaw,Door To Door Collection,still,off,25.369,657.95,31.594611,74.258382,19/08/2026 10:58 AM,19/08/2026 11:00 AM,Reporting,Excess Idling,11.18,False,UC-5,Ravi Town,Zone-1,Loader Rickshaw,DGBT,False,2026-08-19
-,LR-3078,LR3078,Lahore,"Tehsil Office, Data Gunj Baksh Town",LWMC-DaGB,-,-,still,off,1.338,657.29,31.592762,74.259005,19/08/2026 10:57 AM,19/08/2026 11:00 AM,Reporting,Moving,10.82,False,UC-5,Ravi Town,Zone-1,,DGBT,False,2026-08-19
60669,P-33,P33,Lahore,"Tehsil Office, Data Gunj Baksh Town",LWMC-DaGB,Pickup,Bulk Waste Collection,moving,on,32.762,177.5,31.57333,74.292346,19/08/2026 10:56 AM,19/08/2026 11:00 AM,Reporting,Parked,12.1,False,UC-59,DGBT,Zone-29,Pickup,DGBT,True,2026-08-19
62110,LR-2505,LR2505,Lahore,"Tehsil Office, Data Gunj Baksh Town",LWMC-DaGB,Loader Rickshaw,Door To Door Collection,moving,on,28.249,343.06,31.566296,74.31072,19/08/2026 10:58 AM,19/08/2026 11:00 AM,Reporting,Parked,11.64,False,UC-61,DGBT,Zone-25,Loader Rickshaw,DGBT,True,2026-08-19
-,LR-1977,LR1977,Lahore,"Tehsil Office, Data Gunj Baksh Town",LWMC-DaGB,-,-,moving,on,44.115,199.93,31.555278,74.324823,19/08/2026 10:57 AM,19/08/2026 11:00 AM,Reporting,Parked,0.0,True,UC-81,DGBT,Zone-26,Loader Rickshaw,DGBT,True,2026-08-19
62150,LR-2558,LR2558,Lahore,"Tehsil Office, Data Gunj Baksh Town",LWMC-DaGB,Loader Rickshaw,Door To Door Collection,still,off,22.935,110.96,31.55407,74.319057,19/08/2026 10:57 AM,19/08/2026 11:00 AM,Reporting,Idle,12.2,False,UC-69,DGBT,Zone-26,Loader Rickshaw,DGBT,True,2026-08-19
60617,SD-20,SD20,Lahore,"Tehsil Office, Data Gunj Baksh Town",LWMC-DaGB,Dumper (10CM),Bulk Waste Collection,moving,on,108.915,416.66,31.571178,74.307295,19/08/2026 10:59 AM,19/08/2026 11:00 AM,Reporting,Parked,26.94,False,UC-58,DGBT,Zone-27,,DGBT,True,2026-08-19
60475,MFT-13,MFT13,Lahore,"Tehsil Office, Data Gunj Baksh Town",LWMC-DaGB,Tractor Trolley,Bulk Waste Collection,still,off,25.911,652.93,31.555802,74.296164,19/08/2026 10:57 AM,19/08/2026 11:00 AM,Reporting,Idle,12.15,False,UC-73,DGBT,Zone-30,Tractor Trolley,DGBT,True,2026-08-19
19783,S-02,S02,Lahore,"Tehsil Office, Data Gunj Baksh Town",LWMC-DaGB,Mini Dumper,Bulk Waste Collection,moving,on,31.168,118.26,31.546883,74.296848,19/08/2026 10:57 AM,19/08/2026 11:00 AM,Reporting,Parked,13.27,False,UC-82,Samnabad Town,Zone-33,Mini Dumper,DGBT,False,2026-08-19
19058,LR-0014,LR0014,Lahore,"Tehsil Office, Data Gunj Baksh Town",LWMC-DaGB,Loader Rickshaw,Bulk Waste Collection,moving,on,20.394,199.06,31.55704,74.295755,19/08/2026 10:58 AM,19/08/2026 11:00 AM,Reporting,Parked,0.0,True,UC-73,DGBT,Zone-30,Loader Rickshaw,DGBT,True,2026-08-19
62135,LR-1310,LR1310,Lahore,"Tehsil Office, Data Gunj Baksh Town",LWMC-DaGB,Loader Rickshaw,Door To Door Collection,still,off,21.328,389.43,31.53106,74.33367,19/08/2026 10:56 AM,19/08/2026 11:00 AM,Reporting,Moving,12.76,False,UC-199,DGBT,Zone-26,Loader Rickshaw,DGBT,True,2026-08-19
-,LR-0706,LR0706,Lahore,"Tehsil Office, Data Gunj Baksh Town",LWMC-DaGB,-,-,still,off,42.564,619.28,31.558737,74.302343,19/08/2026 10:58 AM,19/08/2026 11:00 AM,Reporting,Parked,0.0,True,UC-64,DGBT,Zone-30,Loader Rickshaw,DGBT,True,2026-08-19
61893,LR-1474,LR1474,Lahore,"Tehsil Office, Data Gunj Baksh Town",LWMC-DaGB,Loader Rickshaw,Door To Door Collection,moving,on,21.496,125.01,31.572538,74.287329,19/08/2026 10:57 AM,19/08/2026 11:00 AM,Reporting,Excess Idling,12.35,False,UC-59,DGBT,Zone-29,Loader Rickshaw,DGBT,True,2026-08-19
61809,LR-1420,LR1420,Lahore,"Tehsil Office, Data Gunj Baksh Town",LWMC-DaGB,Loader Rickshaw,Door To Door Collection,moving,on,27.04,243.55,31.592472,74.256793,19/08/2026 10:57 AM,19/08/2026 11:00 AM,Reporting,Idle,0.0,True,UC-5,Ravi Town,Zone-1,Loader Rickshaw,DGBT,False,2026-08-19
-,LR-2560,LR2560,Lahore,"Tehsil Office, Data Gunj Baksh Town",LWMC-DaGB,-,-,moving,on,18.727,92.4,31.539049,74.321112,19/08/2026 10:59 AM,19/08/2026 11:00 AM,Reporting,Moving,11.64,False,UC-198,DGBT,Zone-26,Loader Rickshaw,DGBT,True,2026-08-19
-,LR-1418,LR1418,Lahore,"Tehsil Office, Data Gunj Baksh Town",LWMC-DaGB,-,-,moving,on,14.626,145.55,31.573625,74.293088,19/08/2026 10:59 AM,19/08/2026 11:00 AM,Reporting,Moving,0.0,True,UC-59,DGBT,Zone-29,Loader Rickshaw,DGBT,True,2026-08-19
-,MW-10,MW10,Lahore,"Tehsil Office, Data Gunj Baksh Town",LWMC-DaGB,-,-,moving,on,64.693,408.08,31.535612,74.424992,19/08/2026 10:57 AM,19/08/2026 11:00 AM,Reporting,Parked,0.0,True,,,,Mechanical Washer,Night Operations,False,2026-08-19
-,CA-159,CA159,Lahore,"Tehsil Office, Data Gunj Baksh Town",LWMC-DaGB,-,-,still,off,168.961,554.26,31.546913,74.316025,19/08/2026 10:57 AM,19/08/2026 11:00 AM,Reporting,Excess Idling,25.1,False,UC-198,DGBT,Zone-26,Chain Arm Roll,DGBT,True,2026-08-19
18385,HA-32,HA32,Lahore,"Tehsil Office, Data Gunj Baksh Town",LWMC-DaGB,Arm Roll Truck,Container-Based Collection,still,off,126.846,293.38,31.565595,74.332975,19/08/2026 10:58 AM,19/08/2026 11:00 AM,Reporting,Moving,0.0,True,UC-171,DGBT,Zone-25,Arm Roll,DGBT,True,2026-08-19
-,LR-1342,LR1342,Lahore,"Tehsil Office, Data Gunj Baksh Town",LWMC-DaGB,-,-,still,off,37.334,224.21,31.563938,74.319668,19/08/2026 10:56 AM,19/08/2026 11:00 AM,Reporting,Parked,0.0,True,UC-62,DGBT,Zone-25,Loader Rickshaw,DGBT,True,2026-08-19
-,MS-11,MS11,Lahore,"Tehsil Office, Data Gunj Baksh Town",LWMC-DaGB,-,-,still,off,0.207,62.14,31.573112,74.286485,19/08/2026 10:57 AM,19/08/2026 11:00 AM,Reporting,No Activity Since Yesterday,0.0,True,UC-56,DGBT,Zone-29,Mechanical Sweeper,Night Operations,False,2026-08-19
-,LR-1346,LR1346,Lahore,"Tehsil Office, Data Gunj Baksh Town",LWMC-DaGB,-,-,still,off,36.827,255.73,31.563132,74.329093,19/08/2026 10:58 AM,19/08/2026 11:00 AM,Reporting,Idle,0.0,True,UC-171,DGBT,Zone-25,Loader Rickshaw,DGBT,True,2026-08-19
-,MW-12,MW12,Lahore,"Tehsil Office, Data Gunj Baksh Town",LWMC-DaGB,-,-,still,off,61.067,404.94,31.53907,74.325222,19/08/2026 10:56 AM,19/08/2026 11:00 AM,Reporting,Parked,0.0,True,UC-198,DGBT,Zone-26,Mechanical Washer,Night Operations,False,2026-08-19
62115,LR-2504,LR2504,Lahore,"Tehsil Office, Data Gunj Baksh Town",LWMC-DaGB,Loader Rickshaw,Door To Door Collection,still,off,34.016,296.41,31.592511,74.259563,19/08/2026 10:58 AM,19/08/2026 11:00 AM,Reporting,Idle,10.72,False,UC-5,Ravi Town,Zone-1,Loader Rickshaw,DGBT,False,2026-08-19
-,LR-0345,LR0345,Lahore,"Tehsil Office, Data Gunj Baksh Town",LWMC-DaGB,-,-,moving,on,21.735,232.05,31.58052,74.26492,19/08/2026 10:57 AM,19/08/2026 11:00 AM,Reporting,Parked,0.0,True,UC-1,Ravi Town,Zone-1,Loader Rickshaw,DGBT,False,2026-08-19
19730,S-239,S239,Lahore,"Tehsil Office, Data Gunj Baksh Town",LWMC-DaGB,Mini Dumper,Bulk Waste Collection,moving,on,70.686,335.3,31.5734,74.277148,19/08/2026 10:57 AM,19/08/2026 11:00 AM,Reporting,Moving,13.53,False,,,,Mini Dumper,DGBT,False,2026-08-19
-,MW-11,MW11,Lahore,"Tehsil Office, Data Gunj Baksh Town",LWMC-DaGB,-,-,moving,on,50.763,297.63,31.59665,74.254188,19/08/2026 10:57 AM,19/08/2026 11:00 AM,Reporting,Parked,0.0,True,UC-1,Ravi Town,Zone-1,Mechanical Washer,Night Operations,False,2026-08-19
62141,LR-3081,LR3081,Lahore,"Tehsil Office, Data Gunj Baksh Town",LWMC-DaGB,Loader Rickshaw,Door To Door Collection,moving,on,17.438,659.76,31.588091,74.296965,19/08/2026 10:59 AM,19/08/2026 11:00 AM,Reporting,Moving,12.1,False,UC-51,DGBT,Zone-28,,DGBT,True,2026-08-19
61852,LR-3086,LR3086,Lahore,"Tehsil Office, Data Gunj Baksh Town",LWMC-DaGB,Loader Rickshaw,Door To Door Collection,still,off,13.782,455.85,31.573077,74.29964,19/08/2026 10:58 AM,19/08/2026 11:00 AM,Reporting,Moving,12.15,False,UC-57,DGBT,Zone-27,,DGBT,True,2026-08-19
19756,M-43,M43,Lahore,"Tehsil Office, Data Gunj Baksh Town",LWMC-DaGB,Mini Dumper,Bulk Waste Collection,moving,on,62.233,238.05,31.573256,74.292412,19/08/2026 10:46 AM,19/08/2026 11:00 AM,Reporting,Moving,13.78,False,UC-59,DGBT,Zone-29,Foton-Mini Dumper,DGBT,True,2026-08-19
62163,LR-2511,LR2511,Lahore,"Tehsil Office, Data Gunj Baksh Town",LWMC-DaGB,Loader Rickshaw,Door To Door Collection,moving,on,29.191,320.25,31.564297,74.319642,19/08/2026 10:58 AM,19/08/2026 11:03 AM,Reporting,Parked,12.71,False,UC-62,DGBT,Zone-25,Loader Rickshaw,DGBT,True,2026-08-19
19776,M-48,M48,Lahore,"Tehsil Office, Data Gunj Baksh Town",LWMC-DaGB,Mini Dumper,Bulk Waste Collection,still,off,37.558,203.88,31.581493,74.306317,19/08/2026 10:54 AM,19/08/2026 11:00 AM,Reporting,Parked,12.3,False,UC-54,DGBT,Zone-27,Foton-Mini Dumper,DGBT,True,2026-08-19
19050,LR-0245,LR0245,Lahore,"Tehsil Office, Data Gunj Baksh Town",LWMC-DaGB,Loader Rickshaw,Bulk Waste Collection,still,off,23.037,180.11,31.592535,74.259157,19/08/2026 10:57 AM,19/08/2026 11:00 AM,Reporting,Excess Idling,0.0,True,UC-5,Ravi Town,Zone-1,Loader Rickshaw,DGBT,False,2026-08-19
-,VS-15,VS15,Lahore,"Tehsil Office, Data Gunj Baksh Town",LWMC-DaGB,-,-,still,off,45.17,241.15,31.573153,74.286568,19/08/2026 10:46 AM,19/08/2026 11:00 AM,Reporting,Parked,0.0,True,UC-56,DGBT,Zone-29,Vaccume Sweeper,Night Operations,False,2026-08-19
61884,LR-0143,LR0143,Lahore,"Tehsil Office, Data Gunj Baksh Town",LWMC-DaGB,Loader Rickshaw,Door To Door Collection,still,off,33.614,266.39,31.578733,74.26359,19/08/2026 10:58 AM,19/08/2026 11:00 AM,Reporting,Moving,0.0,True,UC-1,Ravi Town,Zone-1,Loader Rickshaw,DGBT,False,2026-08-19
-,CH-8S403128,CH8S403128,Lahore,"Tehsil Office, Data Gunj Baksh Town",LWMC-DaGB,-,-,moving,on,24.622,147.68,31.530946,74.334017,19/08/2026 10:55 AM,19/08/2026 11:00 AM,Reporting,Moving,13.37,False,UC-199,DGBT,Zone-26,,DGBT,True,2026-08-19
-,LR-2798,LR2798,Lahore,"Tehsil Office, Data Gunj Baksh Town",LWMC-DaGB,-,-,moving,on,17.557,84.7,31.588532,74.296557,19/08/2026 10:59 AM,19/08/2026 11:00 AM,Reporting,Parked,11.69,False,UC-51,DGBT,Zone-28,Loader Rickshaw,DGBT,True,2026-08-19
-,VS-30,VS30,Lahore,"Tehsil Office, Data Gunj Baksh Town",LWMC-DaGB,-,-,still,off,32.775,263.58,31.573225,74.286703,19/08/2026 10:48 AM,19/08/2026 11:00 AM,Reporting,Parked,0.0,True,UC-56,DGBT,Zone-29,Vaccume Sweeper,Night Operations,False,2026-08-19
18542,C13-72,C1372,Lahore,"Tehsil Office, Data Gunj Baksh Town",LWMC-DaGB,Compactor (13CM),Container-Based Collection,moving,on,77.298,376.78,31.5535,74.304356,19/08/2026 11:00 AM,19/08/2026 11:00 AM,Reporting,Parked,27.65,False,UC-76,Samnabad Town,Zone-31,Compactor,DGBT,False,2026-08-19
-,MW-08,MW08,Lahore,"Tehsil Office, Data Gunj Baksh Town",LWMC-DaGB,-,-,still,off,76.912,367.38,31.573118,74.28658,19/08/2026 10:48 AM,19/08/2026 11:00 AM,Reporting,Parked,0.0,True,UC-56,DGBT,Zone-29,Mechanical Washer,Night Operations,False,2026-08-19
-,VS-34,VS34,Lahore,"Tehsil Office, Data Gunj Baksh Town",LWMC-DaGB,-,-,still,off,46.734,290.38,31.464325,74.225587,19/08/2026 10:50 AM,19/08/2026 11:00 AM,Reporting,Parked,0.0,True,UC-117,Allama Iqbal Town,Zone-41,Vaccume Sweeper,Night Operations,False,2026-08-19
60872,MFL-77,MFL77,Lahore,"Tehsil Office, Data Gunj Baksh Town",LWMC-DaGB,Tractor Loader,Bulk Waste Collection,moving,on,11.686,289.05,31.555891,74.29614,19/08/2026 10:50 AM,19/08/2026 11:00 AM,Reporting,Moving,12.86,False,UC-73,DGBT,Zone-30,Loader,DGBT,True,2026-08-19
60898,MFL-104,MFL104,Lahore,"Tehsil Office, Data Gunj Baksh Town",LWMC-DaGB,Tractor Loader,Bulk Waste Collection,moving,on,7.537,358.23,31.573217,74.291676,19/08/2026 10:48 AM,19/08/2026 11:00 AM,Reporting,Moving,11.13,False,UC-59,DGBT,Zone-29,Loader,DGBT,True,2026-08-19
61977,LR-3087,LR3087,Lahore,"Tehsil Office, Data Gunj Baksh Town",LWMC-DaGB,Loader Rickshaw,Door To Door Collection,moving,on,16.882,107.15,31.563934,74.284189,19/08/2026 10:58 AM,19/08/2026 11:00 AM,Reporting,Moving,11.54,False,UC-66,DGBT,Zone-29,,DGBT,True,2026-08-19
-,LR-1422,LR1422,Lahore,"Tehsil Office, Data Gunj Baksh Town",LWMC-DaGB,-,-,still,off,32.511,402.03,31.57387,74.286,19/08/2026 10:57 AM,19/08/2026 11:00 AM,Reporting,Parked,0.0,True,UC-56,DGBT,Zone-29,Loader Rickshaw,DGBT,True,2026-08-19
61838,LR-2515,LR2515,Lahore,"Tehsil Office, Data Gunj Baksh Town",LWMC-DaGB,Loader Rickshaw,Door To Door Collection,still,off,13.869,84.46,31.577161,74.296791,19/08/2026 10:59 AM,19/08/2026 11:00 AM,Reporting,Excess Idling,11.18,False,UC-56,DGBT,Zone-29,Loader Rickshaw,DGBT,True,2026-08-19
-,VS-32,VS32,Lahore,"Tehsil Office, Data Gunj Baksh Town",LWMC-DaGB,-,-,still,off,40.175,283.28,31.573183,74.28668,19/08/2026 10:46 AM,19/08/2026 11:00 AM,Reporting,Parked,0.0,True,UC-56,DGBT,Zone-29,Vaccume Sweeper,Night Operations,False,2026-08-19
-,VS-39,VS39,Lahore,"Tehsil Office, Data Gunj Baksh Town",LWMC-DaGB,-,-,still,off,34.47,203.11,31.573227,74.286693,19/08/2026 10:49 AM,19/08/2026 11:00 AM,Reporting,Parked,0.0,True,UC-56,DGBT,Zone-29,Vaccume Sweeper,Night Operations,False,2026-08-19
18536,C13-36,C1336,Lahore,"Tehsil Office, Data Gunj Baksh Town",LWMC-DaGB,Compactor (13CM),Container-Based Collection,moving,on,72.65,396.66,31.554972,74.333681,19/08/2026 10:59 AM,19/08/2026 11:00 AM,Reporting,Moving,27.35,False,UC-81,DGBT,Zone-26,Compactor,DGBT,True,2026-08-19
-,VS-40,VS40,Lahore,"Tehsil Office, Data Gunj Baksh Town",LWMC-DaGB,-,-,still,off,0.024,2.73,31.573242,74.286567,19/08/2026 09:40 AM,19/08/2026 11:00 AM,Reporting,No Activity Since Yesterday,25.05,False,UC-56,DGBT,Zone-29,Vaccume Sweeper,Night Operations,False,2026-08-19
-,VS-31,VS31,Lahore,"Tehsil Office, Data Gunj Baksh Town",LWMC-DaGB,-,-,still,off,54.542,262.53,31.573167,74.286688,19/08/2026 10:47 AM,19/08/2026 11:00 AM,Reporting,Parked,0.0,True,UC-56,DGBT,Zone-29,Vaccume Sweeper,Night Operations,False,2026-08-19
-,LR-0705,LR0705,Lahore,"Tehsil Office, Data Gunj Baksh Town",LWMC-DaGB,-,-,still,off,25.079,179.03,31.573332,74.292272,19/08/2026 10:58 AM,19/08/2026 11:00 AM,Reporting,Moving,0.0,True,UC-59,DGBT,Zone-29,Loader Rickshaw,DGBT,True,2026-08-19
18455,CA-87,CA87,Lahore,"Tehsil Office, Data Gunj Baksh Town",LWMC-DaGB,Chain Arm Roll,Container-Based Collection,moving,on,132.76,440.61,31.564232,74.305472,19/08/2026 10:59 AM,19/08/2026 11:00 AM,Reporting,Parked,29.03,False,UC-61,DGBT,Zone-25,Chain Arm Roll,DGBT,True,2026-08-19
62130,LR-1972,LR1972,Lahore,"Tehsil Office, Data Gunj Baksh Town",LWMC-DaGB,Loader Rickshaw,Door To Door Collection,moving,on,54.288,574.66,31.57201,74.329347,19/08/2026 10:57 AM,19/08/2026 11:00 AM,Reporting,Moving,0.0,True,UC-170,DGBT,Zone-24,Loader Rickshaw,DGBT,True,2026-08-19
-,MW-02,MW02,Lahore,"Tehsil Office, Data Gunj Baksh Town",LWMC-DaGB,-,-,still,off,39.977,256.19,31.617667,74.286022,19/08/2026 10:57 AM,19/08/2026 11:00 AM,Reporting,Parked,0.0,True,UC-4,Ravi Town,Zone-1,Mechanical Washer,Night Operations,False,2026-08-19
-,LR-252,LR252,Lahore,"Tehsil Office, Data Gunj Baksh Town",LWMC-DaGB,-,-,moving,on,10.271,342.36,31.570562,74.290228,19/08/2026 10:57 AM,19/08/2026 11:00 AM,Reporting,Moving,11.43,False,UC-59,DGBT,Zone-29,Loader Rickshaw,Ravi Town,False,2026-08-19
61589,LR-1351,LR1351,Lahore,"Tehsil Office, Data Gunj Baksh Town",LWMC-DaGB,Loader Rickshaw,Door To Door Collection,still,off,27.215,110.25,31.563443,74.319797,19/08/2026 10:46 AM,19/08/2026 11:00 AM,Reporting,Parked,0.0,True,UC-62,DGBT,Zone-25,Loader Rickshaw,DGBT,True,2026-08-19
-,MW-07,MW07,Lahore,"Tehsil Office, Data Gunj Baksh Town",LWMC-DaGB,-,-,still,off,,,31.573197,74.286538,19/08/2026 10:49 AM,19/08/2026 11:00 AM,Reporting,No Activity Since Yesterday,0.0,True,UC-56,DGBT,Zone-29,Mechanical Washer,Night Operations,False,2026-08-19
61501,LR-0022,LR0022,Lahore,"Tehsil Office, Data Gunj Baksh Town",LWMC-DaGB,Loader Rickshaw,Door To Door Collection,moving,on,26.316,275.64,31.55261,74.337015,19/08/2026 10:58 AM,19/08/2026 11:00 AM,Reporting,Parked,0.0,True,UC-81,DGBT,Zone-26,Loader Rickshaw,DGBT,True,2026-08-19
61784,LR-1320,LR1320,Lahore,"Tehsil Office, Data Gunj Baksh Town",LWMC-DaGB,Loader Rickshaw,Door To Door Collection,still,off,16.151,76.95,31.579196,74.264642,19/08/2026 10:57 AM,19/08/2026 11:00 AM,Reporting,Excess Idling,12.4,False,UC-1,Ravi Town,Zone-1,Loader Rickshaw,DGBT,False,2026-08-19
30811,LR-0703,LR0703,Lahore,"Tehsil Office, Data Gunj Baksh Town",LWMC-DaGB,Loader Rickshaw,Door To Door Collection,moving,on,23.127,340.89,31.583898,74.298158,19/08/2026 10:57 AM,19/08/2026 11:00 AM,Reporting,Parked,0.0,True,UC-53,DGBT,Zone-28,Loader Rickshaw,DGBT,True,2026-08-19
61112,LR-1417,LR1417,Lahore,"Tehsil Office, Data Gunj Baksh Town",LWMC-DaGB,Loader Rickshaw,Door To Door Collection,still,off,,,31.592588,74.25896,19/08/2026 10:45 AM,19/08/2026 11:00 AM,Reporting,No Activity Since Yesterday,0.0,True,UC-5,Ravi Town,Zone-1,Loader Rickshaw,DGBT,False,2026-08-19
61812,LR-1494,LR1494,Lahore,"Tehsil Office, Data Gunj Baksh Town",LWMC-DaGB,Loader Rickshaw,Door To Door Collection,moving,on,13.638,67.56,31.573187,74.291773,19/08/2026 11:00 AM,19/08/2026 11:00 AM,Reporting,Parked,11.43,False,UC-59,DGBT,Zone-29,Loader Rickshaw,DGBT,True,2026-08-19
61963,LR-0239,LR0239,Lahore,"Tehsil Office, Data Gunj Baksh Town",LWMC-DaGB,Loader Rickshaw,Door To Door Collection,moving,on,24.452,291.41,31.580845,74.264632,19/08/2026 10:57 AM,19/08/2026 11:00 AM,Reporting,Parked,0.0,True,UC-1,Ravi Town,Zone-1,Loader Rickshaw,DGBT,False,2026-08-19
61829,LR-1470,LR1470,Lahore,"Tehsil Office, Data Gunj Baksh Town",LWMC-DaGB,Loader Rickshaw,Door To Door Collection,still,off,15.6,75.01,31.582511,74.291934,19/08/2026 10:58 AM,19/08/2026 11:00 AM,Reporting,Idle,12.56,False,UC-52,DGBT,Zone-28,Loader Rickshaw,DGBT,True,2026-08-19
19035,LR-0237,LR0237,Lahore,"Tehsil Office, Data Gunj Baksh Town",LWMC-DaGB,Loader Rickshaw,Bulk Waste Collection,still,off,20.346,98.95,31.594313,74.258416,19/08/2026 10:58 AM,19/08/2026 11:00 AM,Reporting,Excess Idling,11.59,False,UC-5,Ravi Town,Zone-1,Loader Rickshaw,DGBT,False,2026-08-19
61502,LR-0023,LR0023,Lahore,"Tehsil Office, Data Gunj Baksh Town",LWMC-DaGB,Loader Rickshaw,Door To Door Collection,still,off,20.857,96.01,31.546321,74.3293,19/08/2026 10:58 AM,19/08/2026 11:00 AM,Reporting,Excess Idling,12.15,False,UC-81,DGBT,Zone-26,Loader Rickshaw,DGBT,True,2026-08-19
-,LR-1482,LR1482,Lahore,"Tehsil Office, Data Gunj Baksh Town",LWMC-DaGB,-,-,still,off,13.475,77.96,31.573356,74.292318,19/08/2026 10:57 AM,19/08/2026 11:00 AM,Reporting,Excess Idling,11.89,False,UC-59,DGBT,Zone-29,Loader Rickshaw,DGBT,True,2026-08-19
-,UC-10-2049,UC102049,Lahore,"Tehsil Office, Data Gunj Baksh Town",LWMC-DaGB,-,-,moving,on,8.657,33.61,31.626934,74.295251,19/08/2026 09:57 AM,19/08/2026 11:00 AM,Reporting,Parked,11.54,False,UC-11,Ravi Town,Zone-2,,DGBT,False,2026-08-19
-,WR-0024,WR0024,Lahore,"Tehsil Office, Data Gunj Baksh Town",LWMC-DaGB,-,-,still,off,14.214,82.54,31.538244,74.324337,19/08/2026 10:57 AM,19/08/2026 11:00 AM,Reporting,Moving,13.32,False,UC-198,DGBT,Zone-26,Washer Rickshaw,DGBT,True,2026-08-19
19034,LR-0238,LR0238,Lahore,"Tehsil Office, Data Gunj Baksh Town",LWMC-DaGB,Loader Rickshaw,Bulk Waste Collection,moving,on,22.978,130.88,31.581907,74.262898,19/08/2026 10:58 AM,19/08/2026 11:00 AM,Reporting,Parked,0.0,True,UC-1,Ravi Town,Zone-1,Loader Rickshaw,DGBT,False,2026-08-19
60767,LR-1497,LR1497,Lahore,"Tehsil Office, Data Gunj Baksh Town",LWMC-DaGB,Loader Rickshaw,Door To Door Collection,still,off,12.215,69.61,31.573319,74.292329,19/08/2026 10:58 AM,19/08/2026 11:00 AM,Reporting,Excess Idling,12.05,False,UC-59,DGBT,Zone-29,Loader Rickshaw,DGBT,True,2026-08-19
61758,LR-2545,LR2545,Lahore,"Tehsil Office, Data Gunj Baksh Town",LWMC-DaGB,Loader Rickshaw,Door To Door Collection,still,off,21.075,84.63,31.573221,74.329503,19/08/2026 10:59 AM,19/08/2026 11:00 AM,Reporting,Parked,11.69,False,UC-70,DGBT,Zone-24,Loader Rickshaw,DGBT,True,2026-08-19
22729,LR-347,LR347,Lahore,"Tehsil Office, Data Gunj Baksh Town",LWMC-DaGB,Loader Rickshaw,Door To Door Collection,still,off,,,31.592578,74.256548,19/08/2026 10:48 AM,19/08/2026 11:00 AM,Reporting,No Activity Since Yesterday,0.0,True,UC-5,Ravi Town,Zone-1,Loader Rickshaw,DGBT,False,2026-08-19
19066,LR-0013,LR0013,Lahore,"Tehsil Office, Data Gunj Baksh Town",LWMC-DaGB,Loader Rickshaw,Bulk Waste Collection,still,off,,,31.572198,74.28515,19/08/2026 10:54 AM,19/08/2026 11:00 AM,Reporting,No Activity Since Yesterday,0.0,True,,,,Loader Rickshaw,DGBT,False,2026-08-19
62165,LR-1974,LR1974,Lahore,"Tehsil Office, Data Gunj Baksh Town",LWMC-DaGB,Loader Rickshaw,Door To Door Collection,moving,on,42.835,360.43,31.556035,74.323998,19/08/2026 10:58 AM,19/08/2026 11:03 AM,Reporting,Parked,0.0,True,UC-81,DGBT,Zone-26,Loader Rickshaw,DGBT,True,2026-08-19
-,WR-2990,WR2990,Lahore,"Tehsil Office, Data Gunj Baksh Town",LWMC-DaGB,-,-,still,off,13.621,64.04,31.538296,74.324248,19/08/2026 10:58 AM,19/08/2026 11:00 AM,Reporting,Moving,12.76,False,UC-198,DGBT,Zone-26,Washer Rickshaw,DGBT,True,2026-08-19
-,LR-1467,LR1467,Lahore,"Tehsil Office, Data Gunj Baksh Town",LWMC-DaGB,-,-,still,off,19.162,70.09,31.592495,74.259209,19/08/2026 10:57 AM,19/08/2026 11:00 AM,Reporting,Excess Idling,11.79,False,UC-5,Ravi Town,Zone-1,Loader Rickshaw,DGBT,False,2026-08-19
-,VS-19,VS19,Lahore,"Tehsil Office, Data Gunj Baksh Town",LWMC-DaGB,-,-,still,off,,,31.573275,74.28652,19/08/2026 10:49 AM,19/08/2026 11:00 AM,Reporting,No Activity Since Yesterday,0.0,True,UC-56,DGBT,Zone-29,Vaccume Sweeper,Night Operations,False,2026-08-19
19052,LR-0027,LR0027,Lahore,"Tehsil Office, Data Gunj Baksh Town",LWMC-DaGB,Loader Rickshaw,Bulk Waste Collection,still,off,29.941,347.96,31.548242,74.315918,19/08/2026 10:58 AM,19/08/2026 11:00 AM,Reporting,Parked,0.0,True,UC-81,DGBT,Zone-26,Loader Rickshaw,DGBT,True,2026-08-19
61787,LR-1473,LR1473,Lahore,"Tehsil Office, Data Gunj Baksh Town",LWMC-DaGB,Loader Rickshaw,Door To Door Collection,still,off,23.566,123.76,31.592923,74.257332,19/08/2026 10:57 AM,19/08/2026 11:00 AM,Reporting,Excess Idling,11.69,False,UC-5,Ravi Town,Zone-1,Loader Rickshaw,DGBT,False,2026-08-19
61650,LR-1347,LR1347,Lahore,"Tehsil Office, Data Gunj Baksh Town",LWMC-DaGB,Loader Rickshaw,Door To Door Collection,still,off,2.85,22.44,31.592857,74.258952,19/08/2026 10:16 AM,19/08/2026 10:30 AM,Reporting,Parked,0.0,True,UC-5,Ravi Town,Zone-1,Loader Rickshaw,DGBT,False,2026-08-19
61965,LR-0338,LR0338,Lahore,"Tehsil Office, Data Gunj Baksh Town",LWMC-DaGB,Loader Rickshaw,Door To Door Collection,still,off,19.255,157.25,31.564682,74.293535,19/08/2026 10:56 AM,19/08/2026 11:00 AM,Reporting,Parked,0.0,True,UC-65,DGBT,Zone-29,Loader Rickshaw,DGBT,True,2026-08-19
61788,LR-1419,LR1419,Lahore,"Tehsil Office, Data Gunj Baksh Town",LWMC-DaGB,Loader Rickshaw,Door To Door Collection,still,off,,,31.587827,74.257355,19/08/2026 09:41 AM,19/08/2026 10:00 AM,Reporting,No Activity Since Yesterday,0.0,True,UC-1,Ravi Town,Zone-1,Loader Rickshaw,DGBT,False,2026-08-19
61135,LR-1976,LR1976,Lahore,"Tehsil Office, Data Gunj Baksh Town",LWMC-DaGB,Loader Rickshaw,Door To Door Collection,moving,on,45.5,235.03,31.592755,74.257217,19/08/2026 10:50 AM,19/08/2026 11:00 AM,Reporting,Parked,0.0,True,UC-5,Ravi Town,Zone-1,Loader Rickshaw,DGBT,False,2026-08-19
-,LR-1328,LR1328,Lahore,"Tehsil Office, Data Gunj Baksh Town",LWMC-DaGB,-,-,still,off,19.276,75.76,31.5354,74.339905,19/08/2026 10:57 AM,19/08/2026 11:00 AM,Reporting,Excess Idling,12.0,False,UC-198,DGBT,Zone-26,Loader Rickshaw,DGBT,True,2026-08-19
-,VS-18,VS18,Lahore,"Tehsil Office, Data Gunj Baksh Town",LWMC-DaGB,-,-,still,off,,,31.573182,74.286573,19/08/2026 10:46 AM,19/08/2026 11:00 AM,Reporting,No Activity Since Yesterday,0.0,True,UC-56,DGBT,Zone-29,Vaccume Sweeper,Night Operations,False,2026-08-19
62125,LR-1978,LR1978,Lahore,"Tehsil Office, Data Gunj Baksh Town",LWMC-DaGB,Loader Rickshaw,Door To Door Collection,still,off,33.949,323.91,31.567985,74.323335,19/08/2026 10:58 AM,19/08/2026 11:00 AM,Reporting,Parked,0.0,True,UC-169,DGBT,Zone-24,Loader Rickshaw,DGBT,True,2026-08-19
61656,LR-2509,LR2509,Lahore,"Tehsil Office, Data Gunj Baksh Town",LWMC-DaGB,Loader Rickshaw,Door To Door Collection,moving,on,29.489,85.08,31.550829,74.327436,19/08/2026 10:57 AM,19/08/2026 11:00 AM,Reporting,Excess Idling,12.45,False,UC-81,DGBT,Zone-26,Loader Rickshaw,DGBT,True,2026-08-19
22717,LR-243,LR243,Lahore,"Tehsil Office, Data Gunj Baksh Town",LWMC-DaGB,Loader Rickshaw,Door To Door Collection,still,off,23.523,142.05,31.594322,74.258433,19/08/2026 10:57 AM,19/08/2026 11:00 AM,Reporting,Excess Idling,11.49,False,UC-5,Ravi Town,Zone-1,Loader Rickshaw,DGBT,False,2026-08-19
61842,LR-2529,LR2529,Lahore,"Tehsil Office, Data Gunj Baksh Town",LWMC-DaGB,Loader Rickshaw,Door To Door Collection,moving,on,16.867,94.73,31.575916,74.272965,19/08/2026 10:57 AM,19/08/2026 11:00 AM,Reporting,Moving,11.33,False,,,,Loader Rickshaw,DGBT,False,2026-08-19
61846,LR-2532,LR2532,Lahore,"Tehsil Office, Data Gunj Baksh Town",LWMC-DaGB,Loader Rickshaw,Door To Door Collection,moving,on,19.383,139.4,31.592548,74.256501,19/08/2026 10:33 AM,19/08/2026 11:00 AM,Reporting,Parked,12.05,False,UC-5,Ravi Town,Zone-1,Loader Rickshaw,DGBT,False,2026-08-19
22741,LR-704,LR704,Lahore,"Tehsil Office, Data Gunj Baksh Town",LWMC-DaGB,Loader Rickshaw,Door To Door Collection,still,off,16.273,73.18,31.576667,74.280565,19/08/2026 10:58 AM,19/08/2026 11:00 AM,Reporting,Excess Idling,12.45,False,UC-50,DGBT,Zone-28,Loader Rickshaw,DGBT,True,2026-08-19
61149,LR-0025,LR0025,Lahore,"Tehsil Office, Data Gunj Baksh Town",LWMC-DaGB,Loader Rickshaw,Door To Door Collection,still,off,40.902,325.0,31.592522,74.259108,19/08/2026 10:47 AM,19/08/2026 11:00 AM,Reporting,Parked,0.0,True,UC-5,Ravi Town,Zone-1,Loader Rickshaw,DGBT,False,2026-08-19
61905,LR-0236,LR0236,Lahore,"Tehsil Office, Data Gunj Baksh Town",LWMC-DaGB,Loader Rickshaw,Door To Door Collection,still,off,24.564,339.68,31.594155,74.258453,19/08/2026 10:57 AM,19/08/2026 11:00 AM,Reporting,Parked,0.0,True,UC-5,Ravi Town,Zone-1,Loader Rickshaw,DGBT,False,2026-08-19
62097,LR-2516,LR2516,Lahore,"Tehsil Office, Data Gunj Baksh Town",LWMC-DaGB,Loader Rickshaw,Door To Door Collection,still,off,20.203,99.71,31.594551,74.258415,19/08/2026 10:58 AM,19/08/2026 11:00 AM,Reporting,Idle,13.02,False,UC-5,Ravi Town,Zone-1,Loader Rickshaw,DGBT,False,2026-08-19
62174,LR-2556,LR2556,Lahore,"Tehsil Office, Data Gunj Baksh Town",LWMC-DaGB,Loader Rickshaw,Door To Door Collection,still,off,18.761,77.61,31.551035,74.312402,19/08/2026 10:59 AM,19/08/2026 11:03 AM,Reporting,Excess Idling,11.43,False,UC-82,Samnabad Town,Zone-33,Loader Rickshaw,DGBT,False,2026-08-19
62068,LR-1484,LR1484,Lahore,"Tehsil Office, Data Gunj Baksh Town",LWMC-DaGB,Loader Rickshaw,Door To Door Collection,still,off,14.783,67.21,31.594612,74.258688,19/08/2026 10:58 AM,19/08/2026 11:00 AM,Reporting,Parked,11.79,False,UC-5,Ravi Town,Zone-1,Loader Rickshaw,DGBT,False,2026-08-19
61564,LR-2537,LR2537,Lahore,"Tehsil Office, Data Gunj Baksh Town",LWMC-DaGB,Loader Rickshaw,Door To Door Collection,moving,on,36.189,138.46,31.567175,74.312078,19/08/2026 10:59 AM,19/08/2026 11:00 AM,Reporting,Excess Idling,13.07,False,UC-62,DGBT,Zone-25,Loader Rickshaw,DGBT,True,2026-08-19
-,LR-1491,LR1491,Lahore,"Tehsil Office, Data Gunj Baksh Town",LWMC-DaGB,-,-,still,off,11.59,65.36,31.567213,74.286088,19/08/2026 10:57 AM,19/08/2026 11:00 AM,Reporting,Idle,11.84,False,UC-60,DGBT,Zone-29,Loader Rickshaw,DGBT,True,2026-08-19
30810,LR-0752,LR0752,Lahore,"Tehsil Office, Data Gunj Baksh Town",LWMC-DaGB,Loader Rickshaw,Door To Door Collection,moving,on,29.502,333.88,31.565778,74.310905,19/08/2026 10:58 AM,19/08/2026 11:00 AM,Reporting,Parked,0.0,True,UC-61,DGBT,Zone-25,Loader Rickshaw,DGBT,True,2026-08-19
-,LR-142,LR142,Lahore,"Tehsil Office, Data Gunj Baksh Town",LWMC-DaGB,-,-,still,off,39.37,367.38,31.594197,74.258402,19/08/2026 10:57 AM,19/08/2026 11:00 AM,Reporting,Parked,0.0,True,UC-5,Ravi Town,Zone-1,Loader Rickshaw,DGBT,False,2026-08-19
61958,LR-1586,LR1586,Lahore,"Tehsil Office, Data Gunj Baksh Town",LWMC-DaGB,Loader Rickshaw,Door To Door Collection,moving,on,10.553,56.35,31.573145,74.291762,19/08/2026 10:59 AM,19/08/2026 11:00 AM,Reporting,Excess Idling,11.74,False,UC-59,DGBT,Zone-29,Loader Rickshaw,DGBT,True,2026-08-19
61834,LR-0344,LR0344,Lahore,"Tehsil Office, Data Gunj Baksh Town",LWMC-DaGB,Loader Rickshaw,Door To Door Collection,still,off,8.772,40.36,31.563292,74.298233,19/08/2026 10:48 AM,19/08/2026 11:00 AM,Reporting,Parked,0.0,True,UC-65,DGBT,Zone-29,Loader Rickshaw,DGBT,True,2026-08-19
59672,D-61,D61,Lahore,"Tehsil Office, Samnabad Town",LWMC-SaTo,Dumper (7CM),Bulk Waste Collection,moving,on,94.11,657.33,31.463878,74.225357,19/08/2026 10:58 AM,19/08/2026 11:00 AM,Reporting,Idle,0.0,True,UC-117,Allama Iqbal Town,Zone-41,Dumper,Samnabad Town,False,2026-08-19
40341,LR-0927,LR0927,Lahore,"Tehsil Office, Samnabad Town",LWMC-SaTo,Loader Rickshaw,Door To Door Collection,moving,on,24.018,432.58,31.500408,74.272863,19/08/2026 10:57 AM,19/08/2026 11:00 AM,Reporting,Parked,0.0,True,UC-215,Samnabad Town,Zone-36,Loader Rickshaw,Samnabad Town,True,2026-08-19
60415,S-264,S264,Lahore,"Tehsil Office, Samnabad Town",LWMC-SaTo,Mini Dumper,Bulk Waste Collection,still,off,98.173,283.38,31.463938,74.225495,19/08/2026 10:52 AM,19/08/2026 11:00 AM,Reporting,Parked,0.0,True,UC-117,Allama Iqbal Town,Zone-41,Mini Dumper,Samnabad Town,False,2026-08-19
60658,MFL-111,MFL111,Lahore,"Tehsil Office, Samnabad Town",LWMC-SaTo,Loader,Bulk Waste Collection,moving,on,15.587,135.05,31.498298,74.266703,19/08/2026 10:58 AM,19/08/2026 11:00 AM,Reporting,Moving,0.0,True,UC-215,Samnabad Town,Zone-36,Loader,Samnabad Town,True,2026-08-19
39151,D-24,D24,Lahore,"Tehsil Office, Samnabad Town",LWMC-SaTo,Dumper (10CM),Bulk Waste Collection,moving,on,47.883,165.63,31.575419,74.271247,19/08/2026 10:58 AM,19/08/2026 11:00 AM,Reporting,Moving,26.28,False,UC-71,Samnabad Town,Zone-31,Dumper,Samnabad Town,True,2026-08-19
-,C-737,C737,Lahore,"Tehsil Office, Samnabad Town",LWMC-SaTo,-,-,moving,on,45.586,147.63,31.45194,74.385995,19/08/2026 10:58 AM,19/08/2026 11:00 AM,Reporting,Moving,0.0,True,UC-249,Nishter Town,Zone-45,Compactor,Samnabad Town,False,2026-08-19
39207,S-363,S363,Lahore,"Tehsil Office, Samnabad Town",LWMC-SaTo,Mini Dumper,Bulk Waste Collection,moving,on,52.421,165.83,31.487953,74.29511,19/08/2026 10:57 AM,19/08/2026 11:00 AM,Reporting,Parked,0.0,True,UC-211,Gulberg Town,Zone-23,Mini Dumper,Samnabad Town,False,2026-08-19
59424,LR-2670,LR2670,Lahore,"Tehsil Office, Samnabad Town",LWMC-SaTo,Loader Rickshaw,Door To Door Collection,still,off,32.431,659.29,31.524136,74.290775,19/08/2026 10:59 AM,19/08/2026 11:00 AM,Reporting,Idle,12.05,False,UC-218,Samnabad Town,Zone-35,Loader Rickshaw,Samnabad Town,True,2026-08-19
59990,M-96,M96,Lahore,"Tehsil Office, Samnabad Town",LWMC-SaTo,Mini Dumper,Bulk Waste Collection,moving,on,67.9,285.71,31.572443,74.286942,19/08/2026 10:58 AM,19/08/2026 11:00 AM,Reporting,Parked,0.0,True,UC-60,DGBT,Zone-29,Foton-Mini Dumper,Samnabad Town,False,2026-08-19
39289,LR-0040,LR0040,Lahore,"Tehsil Office, Samnabad Town",LWMC-SaTo,Loader Rickshaw,Door To Door Collection,still,off,24.875,474.98,31.539252,74.296248,19/08/2026 10:59 AM,19/08/2026 11:00 AM,Reporting,Moving,0.0,True,UC-89,Samnabad Town,Zone-33,Loader Rickshaw,Samnabad Town,True,2026-08-19
40322,LR-1049,LR1049,Lahore,"Tehsil Office, Samnabad Town",LWMC-SaTo,Loader Rickshaw,Door To Door Collection,still,off,39.566,553.04,31.522445,74.287928,19/08/2026 10:57 AM,19/08/2026 11:00 AM,Reporting,Idle,0.0,True,UC-212,Samnabad Town,Zone-36,Loader Rickshaw,Samnabad Town,True,2026-08-19
39132,C-1349,C1349,Lahore,"Tehsil Office, Samnabad Town",LWMC-SaTo,Compactor (13CM),Container-Based Collection,moving,on,34.145,262.19,31.532842,74.301278,19/08/2026 10:57 AM,19/08/2026 11:00 AM,Reporting,Moving,0.0,True,UC-91,Samnabad Town,Zone-33,Compactor,Samnabad Town,True,2026-08-19
39140,CA-46,CA46,Lahore,"Tehsil Office, Samnabad Town",LWMC-SaTo,Chain Arm Roll,Container-Based Collection,still,off,119.547,354.94,31.57224,74.286185,19/08/2026 10:58 AM,19/08/2026 11:00 AM,Reporting,Moving,0.0,True,UC-60,DGBT,Zone-29,Chain Arm Roll,Samnabad Town,False,2026-08-19
39162,M-106,M106,Lahore,"Tehsil Office, Samnabad Town",LWMC-SaTo,Mini Dumper,Bulk Waste Collection,moving,on,62.486,238.36,31.580515,74.265493,19/08/2026 10:56 AM,19/08/2026 11:00 AM,Reporting,Parked,0.0,True,UC-1,Ravi Town,Zone-1,Foton-Mini Dumper,Samnabad Town,False,2026-08-19
39154,HA-47,HA47,Lahore,"Tehsil Office, Samnabad Town",LWMC-SaTo,Arm Roll Truck,Bulk Waste Collection,moving,on,83.229,234.51,31.492328,74.262453,19/08/2026 10:58 AM,19/08/2026 11:00 AM,Reporting,Excess Idling,0.0,True,UC-112,Allama Iqbal Town,Zone-38,Arm Roll,Samnabad Town,False,2026-08-19
40334,LR-0382,LR0382,Lahore,"Tehsil Office, Samnabad Town",LWMC-SaTo,Loader Rickshaw,Door To Door Collection,still,off,17.265,122.53,31.50624,74.292772,19/08/2026 10:57 AM,19/08/2026 11:00 AM,Reporting,Idle,0.0,True,UC-214,Samnabad Town,Zone-36,Loader Rickshaw,Samnabad Town,True,2026-08-19
41357,LR-2258,LR2258,Lahore,"Tehsil Office, Samnabad Town",LWMC-SaTo,Loader Rickshaw,Door To Door Collection,moving,on,50.507,659.54,31.574694,74.27326,19/08/2026 10:59 AM,19/08/2026 11:00 AM,Reporting,Excess Idling,11.59,False,UC-71,Samnabad Town,Zone-31,Loader Rickshaw,Samnabad Town,True,2026-08-19
41294,LR-1896,LR1896,Lahore,"Tehsil Office, Samnabad Town",LWMC-SaTo,Loader Rickshaw,Door To Door Collection,moving,on,37.76,657.5,31.535784,74.287577,19/08/2026 10:57 AM,19/08/2026 11:00 AM,Reporting,Excess Idling,11.79,False,UC-94,Samnabad Town,Zone-32,Loader Rickshaw,Samnabad Town,True,2026-08-19
40352,LR-0960,LR0960,Lahore,"Tehsil Office, Samnabad Town",LWMC-SaTo,Loader Rickshaw,Door To Door Collection,moving,on,20.405,657.71,31.50933,74.317134,19/08/2026 10:57 AM,19/08/2026 11:00 AM,Reporting,Excess Idling,12.15,False,UC-208,Gulberg Town,Zone-23,Loader Rickshaw,Samnabad Town,False,2026-08-19
60287,LR-2829,LR2829,Lahore,"Tehsil Office, Samnabad Town",LWMC-SaTo,Loader Rickshaw,Door To Door Collection,moving,on,26.338,422.36,31.566731,74.274278,19/08/2026 10:59 AM,19/08/2026 11:00 AM,Reporting,Excess Idling,12.66,False,UC-71,Samnabad Town,Zone-31,Loader Rickshaw,Samnabad Town,True,2026-08-19
60836,LR-2814,LR2814,Lahore,"Tehsil Office, Samnabad Town",LWMC-SaTo,Loader Rickshaw,Door To Door Collection,moving,on,28.128,627.45,31.56469,74.275821,19/08/2026 10:59 AM,19/08/2026 11:00 AM,Reporting,Excess Idling,11.59,False,UC-71,Samnabad Town,Zone-31,Loader Rickshaw,Samnabad Town,True,2026-08-19
41314,LR-1866,LR1866,Lahore,"Tehsil Office, Samnabad Town",LWMC-SaTo,Loader Rickshaw,Door To Door Collection,still,off,22.108,657.23,31.553603,74.270112,19/08/2026 10:57 AM,19/08/2026 11:00 AM,Reporting,Excess Idling,12.1,False,UC-93,Samnabad Town,Zone-31,Loader Rickshaw,Samnabad Town,True,2026-08-19
60212,LR-0812,LR0812,Lahore,"Tehsil Office, Samnabad Town",LWMC-SaTo,Loader Rickshaw,Door To Door Collection,moving,on,18.096,656.35,31.533391,74.313871,19/08/2026 10:58 AM,19/08/2026 11:00 AM,Reporting,Parked,11.94,False,UC-84,Samnabad Town,Zone-34,Loader Rickshaw,Samnabad Town,True,2026-08-19
60963,LR-2827,LR2827,Lahore,"Tehsil Office, Samnabad Town",LWMC-SaTo,Loader Rickshaw,Door To Door Collection,still,off,18.697,656.48,31.575128,74.271343,19/08/2026 10:56 AM,19/08/2026 11:00 AM,Reporting,Moving,11.49,False,UC-71,Samnabad Town,Zone-31,Loader Rickshaw,Samnabad Town,True,2026-08-19
41277,LR-1462,LR1462,Lahore,"Tehsil Office, Samnabad Town",LWMC-SaTo,Loader Rickshaw,Door To Door Collection,still,off,25.825,656.66,31.514002,74.298771,19/08/2026 10:57 AM,19/08/2026 11:00 AM,Reporting,Idle,12.2,False,UC-219,Samnabad Town,Zone-36,Loader Rickshaw,Samnabad Town,True,2026-08-19
60998,LR-2176,LR2176,Lahore,"Tehsil Office, Samnabad Town",LWMC-SaTo,Loader Rickshaw,Door To Door Collection,still,off,36.673,657.23,31.546074,74.276136,19/08/2026 10:58 AM,19/08/2026 11:00 AM,Reporting,Excess Idling,12.51,False,UC-77,Samnabad Town,Zone-31,Loader Rickshaw,Samnabad Town,True,2026-08-19
41259,LR-1268,LR1268,Lahore,"Tehsil Office, Samnabad Town",LWMC-SaTo,Loader Rickshaw,Door To Door Collection,still,off,,,31.463793,74.224877,19/08/2026 10:45 AM,19/08/2026 11:00 AM,Reporting,No Activity Since Yesterday,0.0,True,UC-117,Allama Iqbal Town,Zone-41,Loader Rickshaw,Samnabad Town,False,2026-08-19
60676,S-208,S208,Lahore,"Tehsil Office, Samnabad Town",LWMC-SaTo,Mini Dumper,Bulk Waste Collection,moving,on,37.945,148.28,31.549825,74.265027,19/08/2026 10:53 AM,19/08/2026 11:00 AM,Reporting,Parked,0.0,True,UC-93,Samnabad Town,Zone-31,Mini Dumper,Samnabad Town,True,2026-08-19
39128,C-1346,C1346,Lahore,"Tehsil Office, Samnabad Town",LWMC-SaTo,Compactor (13CM),Container-Based Collection,moving,on,45.467,332.5,31.573683,74.290948,19/08/2026 10:59 AM,19/08/2026 11:00 AM,Reporting,Moving,0.0,True,UC-56,DGBT,Zone-29,Compactor,Samnabad Town,False,2026-08-19
59512,C-1325,C1325,Lahore,"Tehsil Office, Samnabad Town",LWMC-SaTo,Compactor (13CM),Container-Based Collection,moving,on,55.69,322.16,31.53446,74.280775,19/08/2026 10:58 AM,19/08/2026 11:00 AM,Reporting,Moving,0.0,True,UC-94,Samnabad Town,Zone-32,Compactor,Samnabad Town,True,2026-08-19
60429,LD-12,LD12,Lahore,"Tehsil Office, Samnabad Town",LWMC-SaTo,Loader,Bulk Waste Collection,still,off,21.035,355.81,31.51116,74.307582,19/08/2026 10:57 AM,19/08/2026 11:00 AM,Reporting,Excess Idling,0.0,True,UC-216,Samnabad Town,Zone-35,Loader,Samnabad Town,True,2026-08-19
40337,LR-0386,LR0386,Lahore,"Tehsil Office, Samnabad Town",LWMC-SaTo,Loader Rickshaw,Door To Door Collection,still,off,17.442,135.31,31.504322,74.286625,19/08/2026 10:49 AM,19/08/2026 11:00 AM,Reporting,Parked,0.0,True,UC-214,Samnabad Town,Zone-36,Loader Rickshaw,Samnabad Town,True,2026-08-19
60760,LR-2654,LR2654,Lahore,"Tehsil Office, Samnabad Town",LWMC-SaTo,Loader Rickshaw,Door To Door Collection,moving,on,37.475,95.01,31.548403,74.307857,19/08/2026 10:57 AM,19/08/2026 11:00 AM,Reporting,Moving,13.27,False,UC-82,Samnabad Town,Zone-33,Loader Rickshaw,Samnabad Town,True,2026-08-19
39131,C-1348,C1348,Lahore,"Tehsil Office, Samnabad Town",LWMC-SaTo,Compactor (13CM),Container-Based Collection,still,off,46.977,286.5,31.572208,74.286102,19/08/2026 10:58 AM,19/08/2026 11:00 AM,Reporting,Moving,0.0,True,UC-60,DGBT,Zone-29,Compactor,Samnabad Town,False,2026-08-19
39156,M-62,M62,Lahore,"Tehsil Office, Samnabad Town",LWMC-SaTo,Mini Dumper,Bulk Waste Collection,moving,on,35.208,181.28,31.57591,74.273288,19/08/2026 10:57 AM,19/08/2026 11:00 AM,Reporting,Parked,0.0,True,,,,Foton-Mini Dumper,Samnabad Town,False,2026-08-19
39285,LR-0036,LR0036,Lahore,"Tehsil Office, Samnabad Town",LWMC-SaTo,Loader Rickshaw,Door To Door Collection,still,off,40.754,411.31,31.567622,74.282425,19/08/2026 10:57 AM,19/08/2026 11:00 AM,Reporting,Parked,0.0,True,UC-66,DGBT,Zone-29,Loader Rickshaw,Nishter Town,False,2026-08-19
39203,S-318,S318,Lahore,"Tehsil Office, Samnabad Town",LWMC-SaTo,Mini Dumper,Bulk Waste Collection,still,off,65.606,221.19,31.525425,74.298747,19/08/2026 10:49 AM,19/08/2026 11:00 AM,Reporting,Moving,0.0,True,UC-218,Samnabad Town,Zone-35,Mini Dumper,Samnabad Town,True,2026-08-19
60005,S-215,S215,Lahore,"Tehsil Office, Samnabad Town",LWMC-SaTo,Mini Dumper,Door To Door Collection,still,off,34.178,87.81,31.526193,74.287695,19/08/2026 10:48 AM,19/08/2026 11:00 AM,Reporting,Parked,0.0,True,UC-107,Samnabad Town,Zone-35,Mini Dumper,Samnabad Town,True,2026-08-19
59519,C-1301,C1301,Lahore,"Tehsil Office, Samnabad Town",LWMC-SaTo,Compactor (13CM),Container-Based Collection,still,off,50.748,375.61,31.539968,74.316915,19/08/2026 10:57 AM,19/08/2026 11:00 AM,Reporting,Parked,0.0,True,UC-86,Samnabad Town,Zone-34,Compactor,Samnabad Town,True,2026-08-19
39134,C-1364,C1364,Lahore,"Tehsil Office, Samnabad Town",LWMC-SaTo,Compactor (13CM),Container-Based Collection,moving,on,65.706,333.05,31.502318,74.267377,19/08/2026 10:57 AM,19/08/2026 11:00 AM,Reporting,Moving,0.0,True,UC-105,Allama Iqbal Town,Zone-38,Compactor,Samnabad Town,False,2026-08-19
41260,LR-1269,LR1269,Lahore,"Tehsil Office, Samnabad Town",LWMC-SaTo,Loader Rickshaw,Door To Door Collection,still,off,21.789,127.08,31.496798,74.305307,19/08/2026 10:58 AM,19/08/2026 11:00 AM,Reporting,Parked,0.0,True,UC-211,Gulberg Town,Zone-23,Loader Rickshaw,Samnabad Town,False,2026-08-19
40318,LR-0980,LR0980,Lahore,"Tehsil Office, Samnabad Town",LWMC-SaTo,Loader Rickshaw,Door To Door Collection,still,off,36.018,161.15,31.506103,74.292807,19/08/2026 10:49 AM,19/08/2026 11:00 AM,Reporting,Parked,0.0,True,UC-214,Samnabad Town,Zone-36,Loader Rickshaw,Samnabad Town,True,2026-08-19
59875,S-231,S231,Lahore,"Tehsil Office, Samnabad Town",LWMC-SaTo,Mini Dumper,Door To Door Collection,moving,on,31.039,136.4,31.574618,74.273123,19/08/2026 10:58 AM,19/08/2026 11:00 AM,Reporting,Parked,0.0,True,UC-71,Samnabad Town,Zone-31,Mini Dumper,Samnabad Town,True,2026-08-19
-,S-0385,S0385,Lahore,"Tehsil Office, Samnabad Town",LWMC-SaTo,-,-,moving,on,48.143,135.93,31.253695,74.182015,19/08/2026 10:52 AM,19/08/2026 11:00 AM,Reporting,Parked,0.0,True,UC-273,Allama Iqbal Town,Zone-43,,Samnabad Town,False,2026-08-19
39208,S-382,S382,Lahore,"Tehsil Office, Samnabad Town",LWMC-SaTo,Mini Dumper,Bulk Waste Collection,moving,on,29.436,79.28,31.514018,74.297543,19/08/2026 10:59 AM,19/08/2026 11:00 AM,Reporting,Moving,0.0,True,UC-219,Samnabad Town,Zone-36,Mini Dumper,Samnabad Town,True,2026-08-19
60459,LR-0816,LR0816,Lahore,"Tehsil Office, Samnabad Town",LWMC-SaTo,Loader Rickshaw,Door To Door Collection,still,off,15.593,57.18,31.535573,74.317634,19/08/2026 10:57 AM,19/08/2026 11:00 AM,Reporting,Excess Idling,11.59,False,UC-84,Samnabad Town,Zone-34,Loader Rickshaw,Samnabad Town,True,2026-08-19
41252,LR-1261,LR1261,Lahore,"Tehsil Office, Samnabad Town",LWMC-SaTo,Loader Rickshaw,Door To Door Collection,still,off,,,31.464423,74.225112,19/08/2026 10:48 AM,19/08/2026 11:00 AM,Reporting,No Activity Since Yesterday,0.0,True,UC-117,Allama Iqbal Town,Zone-41,Loader Rickshaw,Samnabad Town,False,2026-08-19
39143,CA-158,CA158,Lahore,"Tehsil Office, Samnabad Town",LWMC-SaTo,Chain Arm Roll,Container-Based Collection,moving,on,92.182,298.0,31.545213,74.267143,19/08/2026 10:58 AM,19/08/2026 11:00 AM,Reporting,Moving,0.0,True,UC-77,Samnabad Town,Zone-31,Chain Arm Roll,Samnabad Town,True,2026-08-19
39178,S-224,S224,Lahore,"Tehsil Office, Samnabad Town",LWMC-SaTo,Mini Dumper,Bulk Waste Collection,still,off,37.722,133.15,31.533167,74.302447,19/08/2026 10:50 AM,19/08/2026 11:00 AM,Reporting,Parked,0.0,True,UC-91,Samnabad Town,Zone-33,Mini Dumper,Samnabad Town,True,2026-08-19
41287,LR-1679,LR1679,Lahore,"Tehsil Office, Samnabad Town",LWMC-SaTo,Loader Rickshaw,Door To Door Collection,moving,on,20.461,152.4,31.530727,74.296453,19/08/2026 10:58 AM,19/08/2026 11:00 AM,Reporting,Parked,0.0,True,UC-107,Samnabad Town,Zone-35,Loader Rickshaw,Samnabad Town,True,2026-08-19
59997,D-57,D57,Lahore,"Tehsil Office, Samnabad Town",LWMC-SaTo,Dumper (7CM),Bulk Waste Collection,still,off,63.068,228.03,31.546287,74.269218,19/08/2026 10:50 AM,19/08/2026 11:00 AM,Reporting,Moving,0.0,True,UC-77,Samnabad Town,Zone-31,Dumper,Samnabad Town,True,2026-08-19
39125,C-1315L,C1315L,Lahore,"Tehsil Office, Samnabad Town",LWMC-SaTo,Compactor (13CM),Container-Based Collection,moving,on,64.605,362.21,31.540842,74.265692,19/08/2026 10:58 AM,19/08/2026 11:00 AM,Reporting,Moving,0.0,True,UC-100,Samnabad Town,Zone-32,Compactor,Samnabad Town,True,2026-08-19
39150,D-23,D23,Lahore,"Tehsil Office, Samnabad Town",LWMC-SaTo,Dumper (10CM),Bulk Waste Collection,still,off,45.887,228.65,31.573877,74.276948,19/08/2026 10:59 AM,19/08/2026 11:00 AM,Reporting,Moving,0.0,True,UC-50,DGBT,Zone-28,Dumper,Samnabad Town,False,2026-08-19
-,LR-776,LR776,Lahore,"Tehsil Office, Samnabad Town",LWMC-SaTo,-,-,still,off,31.671,119.21,31.572573,74.278365,19/08/2026 10:57 AM,19/08/2026 11:00 AM,Reporting,Excess Idling,12.2,False,UC-71,Samnabad Town,Zone-31,Loader Rickshaw,Samnabad Town,True,2026-08-19
39200,S-308,S308,Lahore,"Tehsil Office, Samnabad Town",LWMC-SaTo,Mini Dumper,Bulk Waste Collection,moving,on,29.433,104.16,31.457975,74.217775,19/08/2026 10:58 AM,19/08/2026 11:00 AM,Reporting,Parked,0.0,True,UC-117,Allama Iqbal Town,Zone-41,Mini Dumper,Samnabad Town,False,2026-08-19
60400,S-189,S189,Lahore,"Tehsil Office, Samnabad Town",LWMC-SaTo,Mini Dumper,Bulk Waste Collection,still,off,34.384,107.18,31.548715,74.303658,19/08/2026 10:55 AM,19/08/2026 11:00 AM,Reporting,Parked,0.0,True,UC-82,Samnabad Town,Zone-33,Mini Dumper,Samnabad Town,True,2026-08-19
39284,LR-0035,LR0035,Lahore,"Tehsil Office, Samnabad Town",LWMC-SaTo,Loader Rickshaw,Door To Door Collection,still,off,35.89,231.09,31.53333,74.302615,19/08/2026 10:46 AM,19/08/2026 11:00 AM,Reporting,Parked,0.0,True,UC-91,Samnabad Town,Zone-33,Loader Rickshaw,Samnabad Town,True,2026-08-19
39183,S-237,S237,Lahore,"Tehsil Office, Samnabad Town",LWMC-SaTo,Mini Dumper,Bulk Waste Collection,still,off,33.833,160.44,31.541225,74.29422,19/08/2026 10:51 AM,19/08/2026 11:00 AM,Reporting,Moving,0.0,True,UC-89,Samnabad Town,Zone-33,Mini Dumper,Samnabad Town,True,2026-08-19
40364,LR-0653,LR0653,Lahore,"Tehsil Office, Samnabad Town",LWMC-SaTo,Loader Rickshaw,Door To Door Collection,moving,on,39.372,136.75,31.57512,74.271255,19/08/2026 10:52 AM,19/08/2026 11:00 AM,Reporting,Parked,0.0,True,UC-71,Samnabad Town,Zone-31,Loader Rickshaw,Samnabad Town,True,2026-08-19
59890,M-77,M77,Lahore,"Tehsil Office, Samnabad Town",LWMC-SaTo,Mini Dumper,Bulk Waste Collection,moving,on,31.544,190.38,31.565525,74.28117,19/08/2026 10:58 AM,19/08/2026 11:00 AM,Reporting,Parked,0.0,True,UC-66,DGBT,Zone-29,Foton-Mini Dumper,Samnabad Town,False,2026-08-19
41274,LR-1459,LR1459,Lahore,"Tehsil Office, Samnabad Town",LWMC-SaTo,Loader Rickshaw,Door To Door Collection,still,off,,,31.486722,74.25977,19/08/2026 10:45 AM,19/08/2026 11:00 AM,Reporting,No Activity Since Yesterday,0.0,True,,,,Loader Rickshaw,Samnabad Town,False,2026-08-19
39188,S-261,S261,Lahore,"Tehsil Office, Samnabad Town",LWMC-SaTo,Mini Dumper,Bulk Waste Collection,still,off,25.73,131.91,31.546977,74.28431,19/08/2026 10:58 AM,19/08/2026 11:00 AM,Reporting,Parked,0.0,True,UC-78,Samnabad Town,Zone-31,Mini Dumper,Samnabad Town,True,2026-08-19
41375,LR-2276,LR2276,Lahore,"Tehsil Office, Samnabad Town",LWMC-SaTo,Loader Rickshaw,Door To Door Collection,still,off,38.735,125.34,31.529176,74.298865,19/08/2026 10:58 AM,19/08/2026 11:00 AM,Reporting,Excess Idling,11.64,False,UC-92,Samnabad Town,Zone-35,Loader Rickshaw,Samnabad Town,True,2026-08-19
59666,M-105,M105,Lahore,"Tehsil Office, Samnabad Town",LWMC-SaTo,Pickup,Container-Based Collection,still,off,,,31.464153,74.225485,19/08/2026 10:46 AM,19/08/2026 11:00 AM,Reporting,No Activity Since Yesterday,0.0,True,UC-117,Allama Iqbal Town,Zone-41,Foton-Mini Dumper,Samnabad Town,False,2026-08-19
39196,S-297,S297,Lahore,"Tehsil Office, Samnabad Town",LWMC-SaTo,Mini Dumper,Bulk Waste Collection,moving,on,37.222,117.48,31.553412,74.280873,19/08/2026 10:55 AM,19/08/2026 11:00 AM,Reporting,Moving,0.0,True,UC-75,Samnabad Town,Zone-31,Mini Dumper,Samnabad Town,True,2026-08-19
40330,LR-0361,LR0361,Lahore,"Tehsil Office, Samnabad Town",LWMC-SaTo,Loader Rickshaw,Door To Door Collection,still,off,24.949,129.53,31.509233,74.281323,19/08/2026 10:58 AM,19/08/2026 11:00 AM,Reporting,Parked,0.0,True,UC-214,Samnabad Town,Zone-36,Loader Rickshaw,Samnabad Town,True,2026-08-19
40323,LR-1050,LR1050,Lahore,"Tehsil Office, Samnabad Town",LWMC-SaTo,Loader Rickshaw,Door To Door Collection,moving,on,9.396,28.63,31.518118,74.281103,19/08/2026 10:59 AM,19/08/2026 11:00 AM,Reporting,Idle,12.71,False,UC-212,Samnabad Town,Zone-36,Loader Rickshaw,Samnabad Town,True,2026-08-19
60635,LR-2664,LR2664,Lahore,"Tehsil Office, Samnabad Town",LWMC-SaTo,Loader Rickshaw,Door To Door Collection,still,off,35.99,101.54,31.519458,74.288507,19/08/2026 10:58 AM,19/08/2026 11:00 AM,Reporting,Excess Idling,12.1,False,UC-213,Samnabad Town,Zone-36,Loader Rickshaw,Samnabad Town,True,2026-08-19
41253,LR-1262,LR1262,Lahore,"Tehsil Office, Samnabad Town",LWMC-SaTo,Loader Rickshaw,Door To Door Collection,still,off,39.052,178.11,31.533198,74.302508,19/08/2026 10:45 AM,19/08/2026 11:00 AM,Reporting,Moving,0.0,True,UC-91,Samnabad Town,Zone-33,Loader Rickshaw,Samnabad Town,True,2026-08-19
60827,LR-1272,LR1272,Lahore,"Tehsil Office, Samnabad Town",LWMC-SaTo,Loader Rickshaw,Door To Door Collection,still,off,31.18,111.29,31.571862,74.280816,19/08/2026 10:57 AM,19/08/2026 11:00 AM,Reporting,Excess Idling,11.59,False,UC-71,Samnabad Town,Zone-31,Loader Rickshaw,Samnabad Town,True,2026-08-19
39198,S-300,S300,Lahore,"Tehsil Office, Samnabad Town",LWMC-SaTo,Mini Dumper,Bulk Waste Collection,still,off,37.798,165.9,31.540005,74.316798,19/08/2026 10:53 AM,19/08/2026 11:00 AM,Reporting,Parked,0.0,True,UC-86,Samnabad Town,Zone-34,Mini Dumper,Samnabad Town,True,2026-08-19
39167,S-59,S59,Lahore,"Tehsil Office, Samnabad Town",LWMC-SaTo,Mini Dumper,Bulk Waste Collection,still,off,0.16,10.94,31.463962,74.225417,19/08/2026 10:49 AM,19/08/2026 11:00 AM,Reporting,No Activity Since Yesterday,0.0,True,UC-117,Allama Iqbal Town,Zone-41,Mini Dumper,Samnabad Town,False,2026-08-19
41330,LR-2180,LR2180,Lahore,"Tehsil Office, Samnabad Town",LWMC-SaTo,Loader Rickshaw,Door To Door Collection,still,off,26.015,92.59,31.543507,74.286445,19/08/2026 10:52 AM,19/08/2026 11:00 AM,Reporting,Parked,14.6,False,UC-80,Samnabad Town,Zone-32,Loader Rickshaw,Samnabad Town,True,2026-08-19
39138,C-1387,C1387,Lahore,"Tehsil Office, Samnabad Town",LWMC-SaTo,Compactor (13CM),Container-Based Collection,moving,on,52.05,348.8,31.540445,74.293212,19/08/2026 10:57 AM,19/08/2026 11:00 AM,Reporting,Parked,0.0,True,UC-89,Samnabad Town,Zone-33,Compactor,Samnabad Town,True,2026-08-19
39182,S-235,S235,Lahore,"Tehsil Office, Samnabad Town",LWMC-SaTo,Mini Dumper,Bulk Waste Collection,still,off,48.238,188.65,31.53547,74.282862,19/08/2026 10:53 AM,19/08/2026 11:00 AM,Reporting,Parked,0.0,True,UC-94,Samnabad Town,Zone-32,Mini Dumper,Samnabad Town,True,2026-08-19
-,LEG-7161,LEG7161,Lahore,"Tehsil Office, Samnabad Town",LWMC-SaTo,-,-,moving,on,11.834,61.83,31.444348,74.273146,19/08/2026 10:58 AM,19/08/2026 11:00 AM,Reporting,Excess Idling,12.76,False,UC-115,Allama Iqbal Town,Zone-40,Loader,Samnabad Town,False,2026-08-19
59903,LR-2821,LR2821,Lahore,"Tehsil Office, Samnabad Town",LWMC-SaTo,Loader Rickshaw,Door To Door Collection,still,off,15.682,334.25,31.506108,74.292904,19/08/2026 10:55 AM,19/08/2026 11:00 AM,Reporting,Parked,0.0,True,UC-214,Samnabad Town,Zone-36,Loader Rickshaw,Samnabad Town,True,2026-08-19
39135,C-1365,C1365,Lahore,"Tehsil Office, Samnabad Town",LWMC-SaTo,Compactor (13CM),Container-Based Collection,moving,on,61.829,362.69,31.536882,74.273207,19/08/2026 10:58 AM,19/08/2026 11:00 AM,Reporting,Parked,0.0,True,UC-104,Samnabad Town,Zone-32,Compactor,Samnabad Town,True,2026-08-19
41362,LR-2263,LR2263,Lahore,"Tehsil Office, Samnabad Town",LWMC-SaTo,Loader Rickshaw,Door To Door Collection,still,off,43.066,120.34,31.480244,74.24886,19/08/2026 10:57 AM,19/08/2026 11:00 AM,Reporting,Idle,12.2,False,UC-113,Allama Iqbal Town,Zone-40,Loader Rickshaw,Samnabad Town,False,2026-08-19
60421,S-283,S283,Lahore,"Tehsil Office, Samnabad Town",LWMC-SaTo,Mini Dumper,Bulk Waste Collection,moving,on,34.566,153.58,31.546027,74.291522,19/08/2026 10:59 AM,19/08/2026 11:00 AM,Reporting,Parked,0.0,True,UC-80,Samnabad Town,Zone-32,Mini Dumper,Samnabad Town,True,2026-08-19
59981,S-214,S214,Lahore,"Tehsil Office, Samnabad Town",LWMC-SaTo,Mini Dumper,Door To Door Collection,still,off,49.298,143.56,31.525442,74.29871,19/08/2026 10:47 AM,19/08/2026 11:00 AM,Reporting,Moving,0.0,True,UC-92,Samnabad Town,Zone-35,Mini Dumper,Samnabad Town,True,2026-08-19
39130,C-1347,C1347,Lahore,"Tehsil Office, Samnabad Town",LWMC-SaTo,Compactor (13CM),Container-Based Collection,moving,on,54.106,280.68,31.526722,74.257398,19/08/2026 10:58 AM,19/08/2026 11:00 AM,Reporting,Moving,0.0,True,UC-103,Allama Iqbal Town,Zone-38,Compactor,Samnabad Town,False,2026-08-19
60666,TLD-06,TLD06,Lahore,"Tehsil Office, Samnabad Town",LWMC-SaTo,Loader,Bulk Waste Collection,still,off,4.626,47.16,31.535975,74.31784,19/08/2026 10:39 AM,19/08/2026 11:00 AM,Reporting,Parked,0.0,True,UC-84,Samnabad Town,Zone-34,Loader,Samnabad Town,True,2026-08-19
59506,C-1310,C1310,Lahore,"Tehsil Office, Samnabad Town",LWMC-SaTo,Compactor (13CM),Container-Based Collection,moving,on,49.426,303.86,31.557068,74.275538,19/08/2026 10:58 AM,19/08/2026 11:00 AM,Reporting,Parked,0.0,True,UC-71,Samnabad Town,Zone-31,Compactor,Samnabad Town,True,2026-08-19
41271,LR-1456,LR1456,Lahore,"Tehsil Office, Samnabad Town",LWMC-SaTo,Loader Rickshaw,Door To Door Collection,still,off,,,31.463493,74.224855,19/08/2026 10:48 AM,19/08/2026 11:00 AM,Reporting,No Activity Since Yesterday,0.0,True,UC-117,Allama Iqbal Town,Zone-41,Loader Rickshaw,Samnabad Town,False,2026-08-19
41312,LR-1864,LR1864,Lahore,"Tehsil Office, Samnabad Town",LWMC-SaTo,Loader Rickshaw,Door To Door Collection,moving,on,27.221,155.16,31.575139,74.271349,19/08/2026 10:59 AM,19/08/2026 11:00 AM,Reporting,Parked,11.49,False,UC-71,Samnabad Town,Zone-31,Loader Rickshaw,Samnabad Town,True,2026-08-19
41243,LR-1252,LR1252,Lahore,"Tehsil Office, Samnabad Town",LWMC-SaTo,Loader Rickshaw,Door To Door Collection,still,off,26.246,301.94,31.551373,74.305028,19/08/2026 10:58 AM,19/08/2026 11:00 AM,Reporting,Parked,0.0,True,UC-82,Samnabad Town,Zone-33,Loader Rickshaw,Samnabad Town,True,2026-08-19
39133,C-1350,C1350,Lahore,"Tehsil Office, Samnabad Town",LWMC-SaTo,Compactor (13CM),Container-Based Collection,moving,on,55.028,311.61,31.554715,74.31081,19/08/2026 10:57 AM,19/08/2026 11:00 AM,Reporting,Parked,0.0,True,UC-69,DGBT,Zone-26,Compactor,Samnabad Town,False,2026-08-19
39159,M-98,M98,Lahore,"Tehsil Office, Samnabad Town",LWMC-SaTo,Mini Dumper,Bulk Waste Collection,moving,on,27.211,122.13,31.575898,74.273295,19/08/2026 10:57 AM,19/08/2026 11:00 AM,Reporting,Parked,0.0,True,,,,Foton-Mini Dumper,Samnabad Town,False,2026-08-19
60458,LR-1059,LR1059,Lahore,"Tehsil Office, Samnabad Town",LWMC-SaTo,Loader Rickshaw,Door To Door Collection,still,off,25.898,322.35,31.552748,74.283888,19/08/2026 10:58 AM,19/08/2026 11:00 AM,Reporting,Parked,0.0,True,UC-75,Samnabad Town,Zone-31,Loader Rickshaw,Samnabad Town,True,2026-08-19
39214,LR-0033,LR0033,Lahore,"Tehsil Office, Samnabad Town",LWMC-SaTo,Loader Rickshaw,Door To Door Collection,still,off,40.587,260.73,31.463923,74.224937,19/08/2026 10:50 AM,19/08/2026 11:00 AM,Reporting,Parked,0.0,True,UC-117,Allama Iqbal Town,Zone-41,Loader Rickshaw,Samnabad Town,False,2026-08-19
60781,LR-2655,LR2655,Lahore,"Tehsil Office, Samnabad Town",LWMC-SaTo,Loader Rickshaw,Door To Door Collection,still,off,14.787,57.86,31.532368,74.294401,19/08/2026 10:58 AM,19/08/2026 11:00 AM,Reporting,Moving,13.32,False,UC-90,Samnabad Town,Zone-33,Loader Rickshaw,Samnabad Town,True,2026-08-19
-,S-211,S211,Lahore,"Tehsil Office, Samnabad Town",LWMC-SaTo,-,-,still,off,54.88,132.03,31.390817,74.197862,19/08/2026 10:46 AM,19/08/2026 11:00 AM,Reporting,Parked,0.0,True,UC-260,Allama Iqbal Town,Zone-41,Mini Dumper,Samnabad Town,False,2026-08-19
39212,LR-0031,LR0031,Lahore,"Tehsil Office, Samnabad Town",LWMC-SaTo,Loader Rickshaw,Door To Door Collection,still,off,,,31.554178,74.272673,19/08/2026 10:46 AM,19/08/2026 11:00 AM,Reporting,No Activity Since Yesterday,0.0,True,UC-71,Samnabad Town,Zone-31,Loader Rickshaw,Samnabad Town,True,2026-08-19
59696,M-134,M134,Lahore,"Tehsil Office, Samnabad Town",LWMC-SaTo,Pickup,Bulk Waste Collection,still,off,53.881,342.33,31.463942,74.22547,19/08/2026 10:51 AM,19/08/2026 11:00 AM,Reporting,Parked,0.0,True,UC-117,Allama Iqbal Town,Zone-41,Foton-Mini Dumper,Samnabad Town,False,2026-08-19
39120,C-725,C725,Lahore,"Tehsil Office, Samnabad Town",LWMC-SaTo,Compactor (7CM),Container-Based Collection,moving,on,49.213,177.83,31.574883,74.271817,19/08/2026 10:33 AM,19/08/2026 11:00 AM,Reporting,Parked,0.0,True,UC-71,Samnabad Town,Zone-31,Compactor,Samnabad Town,True,2026-08-19
59839,S-226,S226,Lahore,"Tehsil Office, Samnabad Town",LWMC-SaTo,Mini Dumper,Door To Door Collection,moving,on,48.388,178.28,31.550278,74.277245,19/08/2026 10:58 AM,19/08/2026 11:00 AM,Reporting,Parked,0.0,True,UC-75,Samnabad Town,Zone-31,Mini Dumper,Samnabad Town,True,2026-08-19
39127,C-1327,C1327,Lahore,"Tehsil Office, Samnabad Town",LWMC-SaTo,Compactor (13CM),Container-Based Collection,moving,on,42.912,298.43,31.515813,74.307048,19/08/2026 10:58 AM,19/08/2026 11:00 AM,Reporting,Parked,0.0,True,UC-216,Samnabad Town,Zone-35,Compactor,Samnabad Town,True,2026-08-19
-,LR-2668,LR2668,Lahore,"Tehsil Office, Samnabad Town",LWMC-SaTo,-,-,still,off,27.474,134.5,31.479033,74.215787,19/08/2026 10:57 AM,19/08/2026 11:00 AM,Reporting,Excess Idling,11.49,False,UC-117,Allama Iqbal Town,Zone-41,Loader Rickshaw,Allama Iqbal Town,True,2026-08-19
39139,C-1386,C1386,Lahore,"Tehsil Office, Samnabad Town",LWMC-SaTo,Compactor (13CM),Container-Based Collection,still,off,27.085,197.66,31.538,74.30068,19/08/2026 10:51 AM,19/08/2026 11:00 AM,Reporting,Excess Idling,0.0,True,UC-91,Samnabad Town,Zone-33,Compactor,Samnabad Town,True,2026-08-19
41293,LR-1895,LR1895,Lahore,"Tehsil Office, Samnabad Town",LWMC-SaTo,Loader Rickshaw,Door To Door Collection,moving,on,41.939,152.56,31.538064,74.283361,19/08/2026 10:59 AM,19/08/2026 11:00 AM,Reporting,Excess Idling,12.71,False,UC-94,Samnabad Town,Zone-32,Loader Rickshaw,Samnabad Town,True,2026-08-19
39201,S-315,S315,Lahore,"Tehsil Office, Samnabad Town",LWMC-SaTo,Mini Dumper,Bulk Waste Collection,moving,on,24.516,83.29,31.57468,74.274438,19/08/2026 10:58 AM,19/08/2026 11:00 AM,Reporting,Parked,0.0,True,UC-71,Samnabad Town,Zone-31,Mini Dumper,Samnabad Town,True,2026-08-19
41257,LR-1266,LR1266,Lahore,"Tehsil Office, Samnabad Town",LWMC-SaTo,Loader Rickshaw,Door To Door Collection,moving,on,25.156,106.5,31.525198,74.32364,19/08/2026 10:58 AM,19/08/2026 11:00 AM,Reporting,Parked,0.0,True,UC-199,DGBT,Zone-26,Loader Rickshaw,Samnabad Town,False,2026-08-19
59826,S-240,S240,Lahore,"Tehsil Office, Samnabad Town",LWMC-SaTo,Mini Dumper,Door To Door Collection,still,off,,,31.463928,74.22531,19/08/2026 10:45 AM,19/08/2026 11:00 AM,Reporting,No Activity Since Yesterday,0.0,True,UC-117,Allama Iqbal Town,Zone-41,Mini Dumper,Samnabad Town,False,2026-08-19
40340,LR-0926,LR0926,Lahore,"Tehsil Office, Samnabad Town",LWMC-SaTo,Loader Rickshaw,Door To Door Collection,still,off,21.297,202.16,31.501387,74.278647,19/08/2026 10:58 AM,19/08/2026 11:00 AM,Reporting,Parked,0.0,True,UC-215,Samnabad Town,Zone-36,Loader Rickshaw,Samnabad Town,True,2026-08-19
39287,LR-0038,LR0038,Lahore,"Tehsil Office, Samnabad Town",LWMC-SaTo,Loader Rickshaw,Door To Door Collection,still,off,35.788,175.15,31.538118,74.294567,19/08/2026 10:57 AM,19/08/2026 11:00 AM,Reporting,Moving,0.0,True,UC-89,Samnabad Town,Zone-33,Loader Rickshaw,Samnabad Town,True,2026-08-19
40315,LR-0977,LR0977,Lahore,"Tehsil Office, Samnabad Town",LWMC-SaTo,Loader Rickshaw,Door To Door Collection,still,off,29.037,102.63,31.506206,74.292745,19/08/2026 10:58 AM,19/08/2026 11:00 AM,Reporting,Parked,11.43,False,UC-214,Samnabad Town,Zone-36,Loader Rickshaw,Samnabad Town,True,2026-08-19
39118,C-715,C715,Lahore,"Tehsil Office, Samnabad Town",LWMC-SaTo,Compactor (7CM),Container-Based Collection,moving,on,78.105,268.5,31.526665,74.30238,19/08/2026 10:58 AM,19/08/2026 11:00 AM,Reporting,Parked,0.0,True,UC-92,Samnabad Town,Zone-35,Compactor,Samnabad Town,True,2026-08-19
41328,LR-2178,LR2178,Lahore,"Tehsil Office, Samnabad Town",LWMC-SaTo,Loader Rickshaw,Door To Door Collection,still,off,23.41,74.04,31.539568,74.283921,19/08/2026 10:58 AM,19/08/2026 11:00 AM,Reporting,Parked,12.66,False,UC-104,Samnabad Town,Zone-32,Loader Rickshaw,Samnabad Town,True,2026-08-19
40336,LR-0385,LR0385,Lahore,"Tehsil Office, Samnabad Town",LWMC-SaTo,Loader Rickshaw,Door To Door Collection,still,off,29.273,285.55,31.51175,74.311153,19/08/2026 10:57 AM,19/08/2026 11:00 AM,Reporting,Parked,0.0,True,UC-216,Samnabad Town,Zone-35,Loader Rickshaw,Samnabad Town,True,2026-08-19
60011,CA-49,CA49,Lahore,"Tehsil Office, Samnabad Town",LWMC-SaTo,Chain Arm Roll,Container-Based Collection,still,off,84.205,288.0,31.560893,74.278188,19/08/2026 10:49 AM,19/08/2026 11:00 AM,Reporting,Moving,0.0,True,,,,Chain Arm Roll,Samnabad Town,False,2026-08-19
40338,LR-0388,LR0388,Lahore,"Tehsil Office, Samnabad Town",LWMC-SaTo,Loader Rickshaw,Door To Door Collection,moving,on,31.103,162.33,31.505692,74.283563,19/08/2026 10:57 AM,19/08/2026 11:00 AM,Reporting,Parked,0.0,True,UC-214,Samnabad Town,Zone-36,Loader Rickshaw,Samnabad Town,True,2026-08-19
60435,S-223,S223,Lahore,"Tehsil Office, Samnabad Town",LWMC-SaTo,Mini Dumper,Bulk Waste Collection,moving,on,31.338,123.98,31.494733,74.263505,19/08/2026 10:58 AM,19/08/2026 11:00 AM,Reporting,Parked,0.0,True,UC-112,Allama Iqbal Town,Zone-38,Mini Dumper,Samnabad Town,False,2026-08-19
